nice: cannot set niceness: Permission denied
[0KInternal error: during type inference of
[0K_pullback(Zygote.Context{false}, typeof(Zygote.pow), Int64, Int64)
[0KEncountered unexpected error in runtime:
[0KTypeError(func=:typeassert, context="", expected=Union{Nothing, Array{Any, 1}, Core.SimpleVector}, got=Array{Core.MethodInstance, 1}(dims=(1,), mem=Memory{Core.MethodInstance}(1, 0x7b2d3daafec0)[MethodInstance pow(Int64, Int64) from pow(Any, Any)]))
[0Kijl_type_error_rt at /cache/build/builder-amdci4-3/julialang/julia-master/src/rtutils.c:121
[0Kijl_type_error at /cache/build/builder-amdci4-3/julialang/julia-master/src/rtutils.c:140
[0Kcompute_edges! at ./../usr/share/julia/Compiler/src/typeinfer.jl:822
[0Kfinishinfer! at ./../usr/share/julia/Compiler/src/typeinfer.jl:668
[0Kfinish_nocycle at ./../usr/share/julia/Compiler/src/typeinfer.jl:275
[0Kjfptr_finish_nocycle_1.1 at /root/.julia/juliaup/julia-nightly/lib/julia/sys.so (unknown line)
[0Ktypeinf at ./../usr/share/julia/Compiler/src/abstractinterpretation.jl:4804
[0Ktypeinf_ext at ./../usr/share/julia/Compiler/src/typeinfer.jl:1535
[0Ktypeinf_ext_toplevel at ./../usr/share/julia/Compiler/src/typeinfer.jl:1718 [inlined]
[0Ktypeinf_ext_toplevel at ./../usr/share/julia/Compiler/src/typeinfer.jl:1727
[0Kjfptr_typeinf_ext_toplevel_2.1 at /root/.julia/juliaup/julia-nightly/lib/julia/sys.so (unknown line)
[0Kjl_apply at /cache/build/builder-amdci4-3/julialang/julia-master/src/julia.h:2300 [inlined]
[0Kjl_type_infer at /cache/build/builder-amdci4-3/julialang/julia-master/src/gf.c:467
[0Kjl_compile_method_internal at /cache/build/builder-amdci4-3/julialang/julia-master/src/gf.c:3640
[0K_jl_invoke at /cache/build/builder-amdci4-3/julialang/julia-master/src/gf.c:4105 [inlined]
[0Kijl_apply_generic at /cache/build/builder-amdci4-3/julialang/julia-master/src/gf.c:4339
[0Kjl_apply at /cache/build/builder-amdci4-3/julialang/julia-master/src/julia.h:2300 [inlined]
[0Kjl_f__apply_iterate at /cache/build/builder-amdci4-3/julialang/julia-master/src/builtins.c:897
[0Kpullback at /workdir/depot/packages/Zygote/55SqB/src/compiler/interface.jl:96
[0Kpullback at /workdir/depot/packages/Zygote/55SqB/src/compiler/interface.jl:94
[0Kunknown function (ip: 0x7b2d3c949dc0) at (unknown file)
[0Kjl_apply at /cache/build/builder-amdci4-3/julialang/julia-master/src/julia.h:2300 [inlined]
[0Kjl_f__apply_iterate at /cache/build/builder-amdci4-3/julialang/julia-master/src/builtins.c:897
[0Kgradient at /workdir/depot/packages/Zygote/55SqB/src/compiler/interface.jl:153
[0Kjl_apply at /cache/build/builder-amdci4-3/julialang/julia-master/src/julia.h:2300 [inlined]
[0Kdo_call at /cache/build/builder-amdci4-3/julialang/julia-master/src/interpreter.c:123
[0Keval_value at /cache/build/builder-amdci4-3/julialang/julia-master/src/interpreter.c:243
[0Keval_stmt_value at /cache/build/builder-amdci4-3/julialang/julia-master/src/interpreter.c:194 [inlined]
[0Keval_body at /cache/build/builder-amdci4-3/julialang/julia-master/src/interpreter.c:679
[0Kjl_interpret_toplevel_thunk at /cache/build/builder-amdci4-3/julialang/julia-master/src/interpreter.c:884
[0Ktop-level scope at /workdir/depot/packages/Zygote/55SqB/src/precompile.jl:17
[0Kijl_eval_thunk at /cache/build/builder-amdci4-3/julialang/julia-master/src/toplevel.c:768
[0Kjl_toplevel_eval_flex at /cache/build/builder-amdci4-3/julialang/julia-master/src/toplevel.c:712
[0Kjl_eval_toplevel_stmts at /cache/build/builder-amdci4-3/julialang/julia-master/src/toplevel.c:602
[0Kjl_toplevel_eval_flex at /cache/build/builder-amdci4-3/julialang/julia-master/src/toplevel.c:684
[0Kijl_toplevel_eval at /cache/build/builder-amdci4-3/julialang/julia-master/src/toplevel.c:782
[0Kijl_toplevel_eval_in at /cache/build/builder-amdci4-3/julialang/julia-master/src/toplevel.c:827
[0Keval at ./boot.jl:517
[0Kinclude_string at ./loading.jl:3131
[0K_include at ./loading.jl:3191
[0Kinclude at ./Base.jl:324
[0KIncludeInto at ./Base.jl:325
[0Kjfptr_IncludeInto_1.1 at /root/.julia/juliaup/julia-nightly/lib/julia/sys.so (unknown line)
[0Kjl_apply at /cache/build/builder-amdci4-3/julialang/julia-master/src/julia.h:2300 [inlined]
[0Kdo_call at /cache/build/builder-amdci4-3/julialang/julia-master/src/interpreter.c:123
[0Keval_value at /cache/build/builder-amdci4-3/julialang/julia-master/src/interpreter.c:243
[0Keval_stmt_value at /cache/build/builder-amdci4-3/julialang/julia-master/src/interpreter.c:194 [inlined]
[0Keval_body at /cache/build/builder-amdci4-3/julialang/julia-master/src/interpreter.c:679
[0Keval_body at /cache/build/builder-amdci4-3/julialang/julia-master/src/interpreter.c:558
[0Kjl_interpret_toplevel_thunk at /cache/build/builder-amdci4-3/julialang/julia-master/src/interpreter.c:884
[0Kmacro expansion at /workdir/depot/packages/Zygote/55SqB/src/Zygote.jl:68 [inlined]
[0Kmacro expansion at /workdir/depot/packages/PrecompileTools/gn08A/src/workloads.jl:73 [inlined]
[0Ktop-level scope at /workdir/depot/packages/Zygote/55SqB/src/Zygote.jl:85
[0Kijl_eval_thunk at /cache/build/builder-amdci4-3/julialang/julia-master/src/toplevel.c:768
[0Kjl_toplevel_eval_flex at /cache/build/builder-amdci4-3/julialang/julia-master/src/toplevel.c:712
[0Kjl_eval_toplevel_stmts at /cache/build/builder-amdci4-3/julialang/julia-master/src/toplevel.c:602
[0Kjl_eval_module_expr at /cache/build/builder-amdci4-3/julialang/julia-master/src/toplevel.c:263 [inlined]
[0Kjl_toplevel_eval_flex at /cache/build/builder-amdci4-3/julialang/julia-master/src/toplevel.c:665
[0Kjl_eval_toplevel_stmts at /cache/build/builder-amdci4-3/julialang/julia-master/src/toplevel.c:602
[0Kjl_toplevel_eval_flex at /cache/build/builder-amdci4-3/julialang/julia-master/src/toplevel.c:684
[0Kijl_toplevel_eval at /cache/build/builder-amdci4-3/julialang/julia-master/src/toplevel.c:782
[0Kijl_toplevel_eval_in at /cache/build/builder-amdci4-3/julialang/julia-master/src/toplevel.c:827
[0Keval at ./boot.jl:517
[0Kinclude_string at ./loading.jl:3131
[0K_include at ./loading.jl:3191
[0Kinclude at ./Base.jl:323
[0Kinclude_package_for_output at ./loading.jl:3289
[0Kjfptr_include_package_for_output_1.1 at /root/.julia/juliaup/julia-nightly/lib/julia/sys.so (unknown line)
[0Kjl_apply at /cache/build/builder-amdci4-3/julialang/julia-master/src/julia.h:2300 [inlined]
[0Kdo_call at /cache/build/builder-amdci4-3/julialang/julia-master/src/interpreter.c:123
[0Keval_value at /cache/build/builder-amdci4-3/julialang/julia-master/src/interpreter.c:243
[0Keval_stmt_value at /cache/build/builder-amdci4-3/julialang/julia-master/src/interpreter.c:194 [inlined]
[0Keval_body at /cache/build/builder-amdci4-3/julialang/julia-master/src/interpreter.c:679
[0Kjl_interpret_toplevel_thunk at /cache/build/builder-amdci4-3/julialang/julia-master/src/interpreter.c:884
[0Ktop-level scope at stdin:5
[0Kijl_eval_thunk at /cache/build/builder-amdci4-3/julialang/julia-master/src/toplevel.c:768
[0Kjl_toplevel_eval_flex at /cache/build/builder-amdci4-3/julialang/julia-master/src/toplevel.c:712
[0Kjl_eval_toplevel_stmts at /cache/build/builder-amdci4-3/julialang/julia-master/src/toplevel.c:602
[0Kjl_toplevel_eval_flex at /cache/build/builder-amdci4-3/julialang/julia-master/src/toplevel.c:684
[0Kijl_toplevel_eval at /cache/build/builder-amdci4-3/julialang/julia-master/src/toplevel.c:782
[0Kijl_toplevel_eval_in at /cache/build/builder-amdci4-3/julialang/julia-master/src/toplevel.c:827
[0Keval at ./boot.jl:517
[0Kinclude_string at ./loading.jl:3131
[0Kinclude_string at ./loading.jl:3141 [inlined]
[0Kexec_options at ./client.jl:342
[0K_start at ./client.jl:585
[0Kjfptr__start_0.1 at /root/.julia/juliaup/julia-nightly/lib/julia/sys.so (unknown line)
[0Kjl_apply at /cache/build/builder-amdci4-3/julialang/julia-master/src/julia.h:2300 [inlined]
[0Ktrue_main at /cache/build/builder-amdci4-3/julialang/julia-master/src/jlapi.c:971
[0Kjl_repl_entrypoint at /cache/build/builder-amdci4-3/julialang/julia-master/src/jlapi.c:1138
[0Kmain at /cache/build/builder-amdci4-3/julialang/julia-master/cli/loader_exe.c:58
[0Kunknown function (ip: 0x7b2d6c7d5249) at /lib/x86_64-linux-gnu/libc.so.6
[0K__libc_start_main at /lib/x86_64-linux-gnu/libc.so.6 (unknown line)
[0Kunknown function (ip: 0x4010b8) at /workspace/srcdir/glibc-2.17/csu/../sysdeps/x86_64/start.S
[0KInternal error: during type inference of
[0K(::Zygote.var"#pullback##0#pullback##1"{Zygote.Pullback{Tuple{typeof(Zygote.pow), Int64, Int64}, Any}})(Int64)
[0KEncountered unexpected error in runtime:
[0KTypeError(func=:typeassert, context="", expected=Union{Nothing, Array{Any, 1}, Core.SimpleVector}, got=Array{Core.MethodInstance, 1}(dims=(1,), mem=Memory{Core.MethodInstance}(1, 0x7b2d537073a0)[MethodInstance pow(Int64, Int64) from pow(Any, Any)]))
[0Kijl_type_error_rt at /cache/build/builder-amdci4-3/julialang/julia-master/src/rtutils.c:121
[0Kijl_type_error at /cache/build/builder-amdci4-3/julialang/julia-master/src/rtutils.c:140
[0Kcompute_edges! at ./../usr/share/julia/Compiler/src/typeinfer.jl:822
[0Kfinishinfer! at ./../usr/share/julia/Compiler/src/typeinfer.jl:668
[0Kfinish_nocycle at ./../usr/share/julia/Compiler/src/typeinfer.jl:275
[0Kjfptr_finish_nocycle_1.1 at /root/.julia/juliaup/julia-nightly/lib/julia/sys.so (unknown line)
[0Ktypeinf at ./../usr/share/julia/Compiler/src/abstractinterpretation.jl:4804
[0Ktypeinf_ext at ./../usr/share/julia/Compiler/src/typeinfer.jl:1535
[0Ktypeinf_ext_toplevel at ./../usr/share/julia/Compiler/src/typeinfer.jl:1718 [inlined]
[0Ktypeinf_ext_toplevel at ./../usr/share/julia/Compiler/src/typeinfer.jl:1727
[0Kjfptr_typeinf_ext_toplevel_2.1 at /root/.julia/juliaup/julia-nightly/lib/julia/sys.so (unknown line)
[0Kjl_apply at /cache/build/builder-amdci4-3/julialang/julia-master/src/julia.h:2300 [inlined]
[0Kjl_type_infer at /cache/build/builder-amdci4-3/julialang/julia-master/src/gf.c:467
[0Kjl_compile_method_internal at /cache/build/builder-amdci4-3/julialang/julia-master/src/gf.c:3640
[0K_jl_invoke at /cache/build/builder-amdci4-3/julialang/julia-master/src/gf.c:4105 [inlined]
[0Kijl_apply_generic at /cache/build/builder-amdci4-3/julialang/julia-master/src/gf.c:4339
[0Kgradient at /workdir/depot/packages/Zygote/55SqB/src/compiler/interface.jl:154
[0Kjl_apply at /cache/build/builder-amdci4-3/julialang/julia-master/src/julia.h:2300 [inlined]
[0Kdo_call at /cache/build/builder-amdci4-3/julialang/julia-master/src/interpreter.c:123
[0Keval_value at /cache/build/builder-amdci4-3/julialang/julia-master/src/interpreter.c:243
[0Keval_stmt_value at /cache/build/builder-amdci4-3/julialang/julia-master/src/interpreter.c:194 [inlined]
[0Keval_body at /cache/build/builder-amdci4-3/julialang/julia-master/src/interpreter.c:679
[0Kjl_interpret_toplevel_thunk at /cache/build/builder-amdci4-3/julialang/julia-master/src/interpreter.c:884
[0Ktop-level scope at /workdir/depot/packages/Zygote/55SqB/src/precompile.jl:17
[0Kijl_eval_thunk at /cache/build/builder-amdci4-3/julialang/julia-master/src/toplevel.c:768
[0Kjl_toplevel_eval_flex at /cache/build/builder-amdci4-3/julialang/julia-master/src/toplevel.c:712
[0Kjl_eval_toplevel_stmts at /cache/build/builder-amdci4-3/julialang/julia-master/src/toplevel.c:602
[0Kjl_toplevel_eval_flex at /cache/build/builder-amdci4-3/julialang/julia-master/src/toplevel.c:684
[0Kijl_toplevel_eval at /cache/build/builder-amdci4-3/julialang/julia-master/src/toplevel.c:782
[0Kijl_toplevel_eval_in at /cache/build/builder-amdci4-3/julialang/julia-master/src/toplevel.c:827
[0Keval at ./boot.jl:517
[0Kinclude_string at ./loading.jl:3131
[0K_include at ./loading.jl:3191
[0Kinclude at ./Base.jl:324
[0KIncludeInto at ./Base.jl:325
[0Kjfptr_IncludeInto_1.1 at /root/.julia/juliaup/julia-nightly/lib/julia/sys.so (unknown line)
[0Kjl_apply at /cache/build/builder-amdci4-3/julialang/julia-master/src/julia.h:2300 [inlined]
[0Kdo_call at /cache/build/builder-amdci4-3/julialang/julia-master/src/interpreter.c:123
[0Keval_value at /cache/build/builder-amdci4-3/julialang/julia-master/src/interpreter.c:243
[0Keval_stmt_value at /cache/build/builder-amdci4-3/julialang/julia-master/src/interpreter.c:194 [inlined]
[0Keval_body at /cache/build/builder-amdci4-3/julialang/julia-master/src/interpreter.c:679
[0Keval_body at /cache/build/builder-amdci4-3/julialang/julia-master/src/interpreter.c:558
[0Kjl_interpret_toplevel_thunk at /cache/build/builder-amdci4-3/julialang/julia-master/src/interpreter.c:884
[0Kmacro expansion at /workdir/depot/packages/Zygote/55SqB/src/Zygote.jl:68 [inlined]
[0Kmacro expansion at /workdir/depot/packages/PrecompileTools/gn08A/src/workloads.jl:73 [inlined]
[0Ktop-level scope at /workdir/depot/packages/Zygote/55SqB/src/Zygote.jl:85
[0Kijl_eval_thunk at /cache/build/builder-amdci4-3/julialang/julia-master/src/toplevel.c:768
[0Kjl_toplevel_eval_flex at /cache/build/builder-amdci4-3/julialang/julia-master/src/toplevel.c:712
[0Kjl_eval_toplevel_stmts at /cache/build/builder-amdci4-3/julialang/julia-master/src/toplevel.c:602
[0Kjl_eval_module_expr at /cache/build/builder-amdci4-3/julialang/julia-master/src/toplevel.c:263 [inlined]
[0Kjl_toplevel_eval_flex at /cache/build/builder-amdci4-3/julialang/julia-master/src/toplevel.c:665
[0Kjl_eval_toplevel_stmts at /cache/build/builder-amdci4-3/julialang/julia-master/src/toplevel.c:602
[0Kjl_toplevel_eval_flex at /cache/build/builder-amdci4-3/julialang/julia-master/src/toplevel.c:684
[0Kijl_toplevel_eval at /cache/build/builder-amdci4-3/julialang/julia-master/src/toplevel.c:782
[0Kijl_toplevel_eval_in at /cache/build/builder-amdci4-3/julialang/julia-master/src/toplevel.c:827
[0Keval at ./boot.jl:517
[0Kinclude_string at ./loading.jl:3131
[0K_include at ./loading.jl:3191
[0Kinclude at ./Base.jl:323
[0Kinclude_package_for_output at ./loading.jl:3289
[0Kjfptr_include_package_for_output_1.1 at /root/.julia/juliaup/julia-nightly/lib/julia/sys.so (unknown line)
[0Kjl_apply at /cache/build/builder-amdci4-3/julialang/julia-master/src/julia.h:2300 [inlined]
[0Kdo_call at /cache/build/builder-amdci4-3/julialang/julia-master/src/interpreter.c:123
[0Keval_value at /cache/build/builder-amdci4-3/julialang/julia-master/src/interpreter.c:243
[0Keval_stmt_value at /cache/build/builder-amdci4-3/julialang/julia-master/src/interpreter.c:194 [inlined]
[0Keval_body at /cache/build/builder-amdci4-3/julialang/julia-master/src/interpreter.c:679
[0Kjl_interpret_toplevel_thunk at /cache/build/builder-amdci4-3/julialang/julia-master/src/interpreter.c:884
[0Ktop-level scope at stdin:5
[0Kijl_eval_thunk at /cache/build/builder-amdci4-3/julialang/julia-master/src/toplevel.c:768
[0Kjl_toplevel_eval_flex at /cache/build/builder-amdci4-3/julialang/julia-master/src/toplevel.c:712
[0Kjl_eval_toplevel_stmts at /cache/build/builder-amdci4-3/julialang/julia-master/src/toplevel.c:602
[0Kjl_toplevel_eval_flex at /cache/build/builder-amdci4-3/julialang/julia-master/src/toplevel.c:684
[0Kijl_toplevel_eval at /cache/build/builder-amdci4-3/julialang/julia-master/src/toplevel.c:782
[0Kijl_toplevel_eval_in at /cache/build/builder-amdci4-3/julialang/julia-master/src/toplevel.c:827
[0Keval at ./boot.jl:517
[0Kinclude_string at ./loading.jl:3131
[0Kinclude_string at ./loading.jl:3141 [inlined]
[0Kexec_options at ./client.jl:342
[0K_start at ./client.jl:585
[0Kjfptr__start_0.1 at /root/.julia/juliaup/julia-nightly/lib/julia/sys.so (unknown line)
[0Kjl_apply at /cache/build/builder-amdci4-3/julialang/julia-master/src/julia.h:2300 [inlined]
[0Ktrue_main at /cache/build/builder-amdci4-3/julialang/julia-master/src/jlapi.c:971
[0Kjl_repl_entrypoint at /cache/build/builder-amdci4-3/julialang/julia-master/src/jlapi.c:1138
[0Kmain at /cache/build/builder-amdci4-3/julialang/julia-master/cli/loader_exe.c:58
[0Kunknown function (ip: 0x7b2d6c7d5249) at /lib/x86_64-linux-gnu/libc.so.6
[0K__libc_start_main at /lib/x86_64-linux-gnu/libc.so.6 (unknown line)
[0Kunknown function (ip: 0x4010b8) at /workspace/srcdir/glibc-2.17/csu/../sysdeps/x86_64/start.S
[0KInternal error: during type inference of
[0K_pullback(Zygote.Context{false}, Zygote.var"#2206#2207", Array{Int64, 1}, Array{Int64, 1})
[0KEncountered unexpected error in runtime:
[0KTypeError(func=:typeassert, context="", expected=Union{Nothing, Array{Any, 1}, Core.SimpleVector}, got=Array{Core.MethodInstance, 1}(dims=(1,), mem=Memory{Core.MethodInstance}(1, 0x7b2d55396b80)[MethodInstance materialize(Array{Int64, 1}) from materialize(Any)]))
[0Kijl_type_error_rt at /cache/build/builder-amdci4-3/julialang/julia-master/src/rtutils.c:121
[0Kijl_type_error at /cache/build/builder-amdci4-3/julialang/julia-master/src/rtutils.c:140
[0Kcompute_edges! at ./../usr/share/julia/Compiler/src/typeinfer.jl:822
[0Kfinishinfer! at ./../usr/share/julia/Compiler/src/typeinfer.jl:668
[0Kfinish_nocycle at ./../usr/share/julia/Compiler/src/typeinfer.jl:275
[0Kjfptr_finish_nocycle_1.1 at /root/.julia/juliaup/julia-nightly/lib/julia/sys.so (unknown line)
[0Ktypeinf at ./../usr/share/julia/Compiler/src/abstractinterpretation.jl:4804
[0Ktypeinf_ext at ./../usr/share/julia/Compiler/src/typeinfer.jl:1535
[0Ktypeinf_ext_toplevel at ./../usr/share/julia/Compiler/src/typeinfer.jl:1718 [inlined]
[0Ktypeinf_ext_toplevel at ./../usr/share/julia/Compiler/src/typeinfer.jl:1727
[0Kjfptr_typeinf_ext_toplevel_2.1 at /root/.julia/juliaup/julia-nightly/lib/julia/sys.so (unknown line)
[0Kjl_apply at /cache/build/builder-amdci4-3/julialang/julia-master/src/julia.h:2300 [inlined]
[0Kjl_type_infer at /cache/build/builder-amdci4-3/julialang/julia-master/src/gf.c:467
[0Kjl_compile_method_internal at /cache/build/builder-amdci4-3/julialang/julia-master/src/gf.c:3640
[0K_jl_invoke at /cache/build/builder-amdci4-3/julialang/julia-master/src/gf.c:4105 [inlined]
[0Kijl_apply_generic at /cache/build/builder-amdci4-3/julialang/julia-master/src/gf.c:4339
[0Kjl_apply at /cache/build/builder-amdci4-3/julialang/julia-master/src/julia.h:2300 [inlined]
[0Kjl_f__apply_iterate at /cache/build/builder-amdci4-3/julialang/julia-master/src/builtins.c:897
[0Kpullback at /workdir/depot/packages/Zygote/55SqB/src/compiler/interface.jl:96
[0Kpullback at /workdir/depot/packages/Zygote/55SqB/src/compiler/interface.jl:94
[0Kjl_apply at /cache/build/builder-amdci4-3/julialang/julia-master/src/julia.h:2300 [inlined]
[0Kjl_f__apply_iterate at /cache/build/builder-amdci4-3/julialang/julia-master/src/builtins.c:897
[0Kgradient at /workdir/depot/packages/Zygote/55SqB/src/compiler/interface.jl:153
[0Kjl_apply at /cache/build/builder-amdci4-3/julialang/julia-master/src/julia.h:2300 [inlined]
[0Kdo_call at /cache/build/builder-amdci4-3/julialang/julia-master/src/interpreter.c:123
[0Keval_value at /cache/build/builder-amdci4-3/julialang/julia-master/src/interpreter.c:243
[0Keval_stmt_value at /cache/build/builder-amdci4-3/julialang/julia-master/src/interpreter.c:194 [inlined]
[0Keval_body at /cache/build/builder-amdci4-3/julialang/julia-master/src/interpreter.c:679
[0Kjl_interpret_toplevel_thunk at /cache/build/builder-amdci4-3/julialang/julia-master/src/interpreter.c:884
[0Ktop-level scope at /workdir/depot/packages/Zygote/55SqB/src/precompile.jl:18
[0Kijl_eval_thunk at /cache/build/builder-amdci4-3/julialang/julia-master/src/toplevel.c:768
[0Kjl_toplevel_eval_flex at /cache/build/builder-amdci4-3/julialang/julia-master/src/toplevel.c:712
[0Kjl_eval_toplevel_stmts at /cache/build/builder-amdci4-3/julialang/julia-master/src/toplevel.c:602
[0Kjl_toplevel_eval_flex at /cache/build/builder-amdci4-3/julialang/julia-master/src/toplevel.c:684
[0Kijl_toplevel_eval at /cache/build/builder-amdci4-3/julialang/julia-master/src/toplevel.c:782
[0Kijl_toplevel_eval_in at /cache/build/builder-amdci4-3/julialang/julia-master/src/toplevel.c:827
[0Keval at ./boot.jl:517
[0Kinclude_string at ./loading.jl:3131
[0K_include at ./loading.jl:3191
[0Kinclude at ./Base.jl:324
[0KIncludeInto at ./Base.jl:325
[0Kjfptr_IncludeInto_1.1 at /root/.julia/juliaup/julia-nightly/lib/julia/sys.so (unknown line)
[0Kjl_apply at /cache/build/builder-amdci4-3/julialang/julia-master/src/julia.h:2300 [inlined]
[0Kdo_call at /cache/build/builder-amdci4-3/julialang/julia-master/src/interpreter.c:123
[0Keval_value at /cache/build/builder-amdci4-3/julialang/julia-master/src/interpreter.c:243
[0Keval_stmt_value at /cache/build/builder-amdci4-3/julialang/julia-master/src/interpreter.c:194 [inlined]
[0Keval_body at /cache/build/builder-amdci4-3/julialang/julia-master/src/interpreter.c:679
[0Keval_body at /cache/build/builder-amdci4-3/julialang/julia-master/src/interpreter.c:558
[0Kjl_interpret_toplevel_thunk at /cache/build/builder-amdci4-3/julialang/julia-master/src/interpreter.c:884
[0Kmacro expansion at /workdir/depot/packages/Zygote/55SqB/src/Zygote.jl:68 [inlined]
[0Kmacro expansion at /workdir/depot/packages/PrecompileTools/gn08A/src/workloads.jl:73 [inlined]
[0Ktop-level scope at /workdir/depot/packages/Zygote/55SqB/src/Zygote.jl:85
[0Kijl_eval_thunk at /cache/build/builder-amdci4-3/julialang/julia-master/src/toplevel.c:768
[0Kjl_toplevel_eval_flex at /cache/build/builder-amdci4-3/julialang/julia-master/src/toplevel.c:712
[0Kjl_eval_toplevel_stmts at /cache/build/builder-amdci4-3/julialang/julia-master/src/toplevel.c:602
[0Kjl_eval_module_expr at /cache/build/builder-amdci4-3/julialang/julia-master/src/toplevel.c:263 [inlined]
[0Kjl_toplevel_eval_flex at /cache/build/builder-amdci4-3/julialang/julia-master/src/toplevel.c:665
[0Kjl_eval_toplevel_stmts at /cache/build/builder-amdci4-3/julialang/julia-master/src/toplevel.c:602
[0Kjl_toplevel_eval_flex at /cache/build/builder-amdci4-3/julialang/julia-master/src/toplevel.c:684
[0Kijl_toplevel_eval at /cache/build/builder-amdci4-3/julialang/julia-master/src/toplevel.c:782
[0Kijl_toplevel_eval_in at /cache/build/builder-amdci4-3/julialang/julia-master/src/toplevel.c:827
[0Keval at ./boot.jl:517
[0Kinclude_string at ./loading.jl:3131
[0K_include at ./loading.jl:3191
[0Kinclude at ./Base.jl:323
[0Kinclude_package_for_output at ./loading.jl:3289
[0Kjfptr_include_package_for_output_1.1 at /root/.julia/juliaup/julia-nightly/lib/julia/sys.so (unknown line)
[0Kjl_apply at /cache/build/builder-amdci4-3/julialang/julia-master/src/julia.h:2300 [inlined]
[0Kdo_call at /cache/build/builder-amdci4-3/julialang/julia-master/src/interpreter.c:123
[0Keval_value at /cache/build/builder-amdci4-3/julialang/julia-master/src/interpreter.c:243
[0Keval_stmt_value at /cache/build/builder-amdci4-3/julialang/julia-master/src/interpreter.c:194 [inlined]
[0Keval_body at /cache/build/builder-amdci4-3/julialang/julia-master/src/interpreter.c:679
[0Kjl_interpret_toplevel_thunk at /cache/build/builder-amdci4-3/julialang/julia-master/src/interpreter.c:884
[0Ktop-level scope at stdin:5
[0Kijl_eval_thunk at /cache/build/builder-amdci4-3/julialang/julia-master/src/toplevel.c:768
[0Kjl_toplevel_eval_flex at /cache/build/builder-amdci4-3/julialang/julia-master/src/toplevel.c:712
[0Kjl_eval_toplevel_stmts at /cache/build/builder-amdci4-3/julialang/julia-master/src/toplevel.c:602
[0Kjl_toplevel_eval_flex at /cache/build/builder-amdci4-3/julialang/julia-master/src/toplevel.c:684
[0Kijl_toplevel_eval at /cache/build/builder-amdci4-3/julialang/julia-master/src/toplevel.c:782
[0Kijl_toplevel_eval_in at /cache/build/builder-amdci4-3/julialang/julia-master/src/toplevel.c:827
[0Keval at ./boot.jl:517
[0Kinclude_string at ./loading.jl:3131
[0Kinclude_string at ./loading.jl:3141 [inlined]
[0Kexec_options at ./client.jl:342
[0K_start at ./client.jl:585
[0Kjfptr__start_0.1 at /root/.julia/juliaup/julia-nightly/lib/julia/sys.so (unknown line)
[0Kjl_apply at /cache/build/builder-amdci4-3/julialang/julia-master/src/julia.h:2300 [inlined]
[0Ktrue_main at /cache/build/builder-amdci4-3/julialang/julia-master/src/jlapi.c:971
[0Kjl_repl_entrypoint at /cache/build/builder-amdci4-3/julialang/julia-master/src/jlapi.c:1138
[0Kmain at /cache/build/builder-amdci4-3/julialang/julia-master/cli/loader_exe.c:58
[0Kunknown function (ip: 0x7b2d6c7d5249) at /lib/x86_64-linux-gnu/libc.so.6
[0K__libc_start_main at /lib/x86_64-linux-gnu/libc.so.6 (unknown line)
[0Kunknown function (ip: 0x4010b8) at /workspace/srcdir/glibc-2.17/csu/../sysdeps/x86_64/start.S
[0KInternal error: during type inference of
[0K(::Zygote.var"#pullback##0#pullback##1"{Zygote.Pullback{Tuple{Zygote.var"#2206#2207", Array{Int64, 1}, Array{Int64, 1}}, Tuple{Zygote.var"#1681#1682"{Zygote.var"#1679#1680"{Array{Int64, 1}, Array{Int64, 1}}}, Zygote.ZBack{ChainRules.var"#sum_pullback#551"{Base.Colon, Array{Int64, 1}, ChainRulesCore.ProjectTo{AbstractArray{T, N} where N where T, NamedTuple{(:element, :axes), Tuple{ChainRulesCore.ProjectTo{Float64, NamedTuple{(), Tuple{}}}, Tuple{Base.OneTo{Int64}}}}}}}, Zygote.Pullback{Tuple{typeof(Base.Broadcast.materialize), Array{Int64, 1}}, Tuple{}}}}})(Int64)
[0KEncountered unexpected error in runtime:
[0KTypeError(func=:typeassert, context="", expected=Union{Nothing, Array{Any, 1}, Core.SimpleVector}, got=Array{Core.MethodInstance, 1}(dims=(1,), mem=Memory{Core.MethodInstance}(1, 0x7b2d53c4c580)[MethodInstance materialize(Array{Int64, 1}) from materialize(Any)]))
[0Kijl_type_error_rt at /cache/build/builder-amdci4-3/julialang/julia-master/src/rtutils.c:121
[0Kijl_type_error at /cache/build/builder-amdci4-3/julialang/julia-master/src/rtutils.c:140
[0Kcompute_edges! at ./../usr/share/julia/Compiler/src/typeinfer.jl:822
[0Kfinishinfer! at ./../usr/share/julia/Compiler/src/typeinfer.jl:668
[0Kfinish_nocycle at ./../usr/share/julia/Compiler/src/typeinfer.jl:275
[0Kjfptr_finish_nocycle_1.1 at /root/.julia/juliaup/julia-nightly/lib/julia/sys.so (unknown line)
[0Ktypeinf at ./../usr/share/julia/Compiler/src/abstractinterpretation.jl:4804
[0Ktypeinf_ext at ./../usr/share/julia/Compiler/src/typeinfer.jl:1535
[0Ktypeinf_ext_toplevel at ./../usr/share/julia/Compiler/src/typeinfer.jl:1718 [inlined]
[0Ktypeinf_ext_toplevel at ./../usr/share/julia/Compiler/src/typeinfer.jl:1727
[0Kjfptr_typeinf_ext_toplevel_2.1 at /root/.julia/juliaup/julia-nightly/lib/julia/sys.so (unknown line)
[0Kjl_apply at /cache/build/builder-amdci4-3/julialang/julia-master/src/julia.h:2300 [inlined]
[0Kjl_type_infer at /cache/build/builder-amdci4-3/julialang/julia-master/src/gf.c:467
[0Kjl_compile_method_internal at /cache/build/builder-amdci4-3/julialang/julia-master/src/gf.c:3640
[0K_jl_invoke at /cache/build/builder-amdci4-3/julialang/julia-master/src/gf.c:4105 [inlined]
[0Kijl_apply_generic at /cache/build/builder-amdci4-3/julialang/julia-master/src/gf.c:4339
[0Kgradient at /workdir/depot/packages/Zygote/55SqB/src/compiler/interface.jl:154
[0Kjl_apply at /cache/build/builder-amdci4-3/julialang/julia-master/src/julia.h:2300 [inlined]
[0Kdo_call at /cache/build/builder-amdci4-3/julialang/julia-master/src/interpreter.c:123
[0Keval_value at /cache/build/builder-amdci4-3/julialang/julia-master/src/interpreter.c:243
[0Keval_stmt_value at /cache/build/builder-amdci4-3/julialang/julia-master/src/interpreter.c:194 [inlined]
[0Keval_body at /cache/build/builder-amdci4-3/julialang/julia-master/src/interpreter.c:679
[0Kjl_interpret_toplevel_thunk at /cache/build/builder-amdci4-3/julialang/julia-master/src/interpreter.c:884
[0Ktop-level scope at /workdir/depot/packages/Zygote/55SqB/src/precompile.jl:18
[0Kijl_eval_thunk at /cache/build/builder-amdci4-3/julialang/julia-master/src/toplevel.c:768
[0Kjl_toplevel_eval_flex at /cache/build/builder-amdci4-3/julialang/julia-master/src/toplevel.c:712
[0Kjl_eval_toplevel_stmts at /cache/build/builder-amdci4-3/julialang/julia-master/src/toplevel.c:602
[0Kjl_toplevel_eval_flex at /cache/build/builder-amdci4-3/julialang/julia-master/src/toplevel.c:684
[0Kijl_toplevel_eval at /cache/build/builder-amdci4-3/julialang/julia-master/src/toplevel.c:782
[0Kijl_toplevel_eval_in at /cache/build/builder-amdci4-3/julialang/julia-master/src/toplevel.c:827
[0Keval at ./boot.jl:517
[0Kinclude_string at ./loading.jl:3131
[0K_include at ./loading.jl:3191
[0Kinclude at ./Base.jl:324
[0KIncludeInto at ./Base.jl:325
[0Kjfptr_IncludeInto_1.1 at /root/.julia/juliaup/julia-nightly/lib/julia/sys.so (unknown line)
[0Kjl_apply at /cache/build/builder-amdci4-3/julialang/julia-master/src/julia.h:2300 [inlined]
[0Kdo_call at /cache/build/builder-amdci4-3/julialang/julia-master/src/interpreter.c:123
[0Keval_value at /cache/build/builder-amdci4-3/julialang/julia-master/src/interpreter.c:243
[0Keval_stmt_value at /cache/build/builder-amdci4-3/julialang/julia-master/src/interpreter.c:194 [inlined]
[0Keval_body at /cache/build/builder-amdci4-3/julialang/julia-master/src/interpreter.c:679
[0Keval_body at /cache/build/builder-amdci4-3/julialang/julia-master/src/interpreter.c:558
[0Kjl_interpret_toplevel_thunk at /cache/build/builder-amdci4-3/julialang/julia-master/src/interpreter.c:884
[0Kmacro expansion at /workdir/depot/packages/Zygote/55SqB/src/Zygote.jl:68 [inlined]
[0Kmacro expansion at /workdir/depot/packages/PrecompileTools/gn08A/src/workloads.jl:73 [inlined]
[0Ktop-level scope at /workdir/depot/packages/Zygote/55SqB/src/Zygote.jl:85
[0Kijl_eval_thunk at /cache/build/builder-amdci4-3/julialang/julia-master/src/toplevel.c:768
[0Kjl_toplevel_eval_flex at /cache/build/builder-amdci4-3/julialang/julia-master/src/toplevel.c:712
[0Kjl_eval_toplevel_stmts at /cache/build/builder-amdci4-3/julialang/julia-master/src/toplevel.c:602
[0Kjl_eval_module_expr at /cache/build/builder-amdci4-3/julialang/julia-master/src/toplevel.c:263 [inlined]
[0Kjl_toplevel_eval_flex at /cache/build/builder-amdci4-3/julialang/julia-master/src/toplevel.c:665
[0Kjl_eval_toplevel_stmts at /cache/build/builder-amdci4-3/julialang/julia-master/src/toplevel.c:602
[0Kjl_toplevel_eval_flex at /cache/build/builder-amdci4-3/julialang/julia-master/src/toplevel.c:684
[0Kijl_toplevel_eval at /cache/build/builder-amdci4-3/julialang/julia-master/src/toplevel.c:782
[0Kijl_toplevel_eval_in at /cache/build/builder-amdci4-3/julialang/julia-master/src/toplevel.c:827
[0Keval at ./boot.jl:517
[0Kinclude_string at ./loading.jl:3131
[0K_include at ./loading.jl:3191
[0Kinclude at ./Base.jl:323
[0Kinclude_package_for_output at ./loading.jl:3289
[0Kjfptr_include_package_for_output_1.1 at /root/.julia/juliaup/julia-nightly/lib/julia/sys.so (unknown line)
[0Kjl_apply at /cache/build/builder-amdci4-3/julialang/julia-master/src/julia.h:2300 [inlined]
[0Kdo_call at /cache/build/builder-amdci4-3/julialang/julia-master/src/interpreter.c:123
[0Keval_value at /cache/build/builder-amdci4-3/julialang/julia-master/src/interpreter.c:243
[0Keval_stmt_value at /cache/build/builder-amdci4-3/julialang/julia-master/src/interpreter.c:194 [inlined]
[0Keval_body at /cache/build/builder-amdci4-3/julialang/julia-master/src/interpreter.c:679
[0Kjl_interpret_toplevel_thunk at /cache/build/builder-amdci4-3/julialang/julia-master/src/interpreter.c:884
[0Ktop-level scope at stdin:5
[0Kijl_eval_thunk at /cache/build/builder-amdci4-3/julialang/julia-master/src/toplevel.c:768
[0Kjl_toplevel_eval_flex at /cache/build/builder-amdci4-3/julialang/julia-master/src/toplevel.c:712
[0Kjl_eval_toplevel_stmts at /cache/build/builder-amdci4-3/julialang/julia-master/src/toplevel.c:602
[0Kjl_toplevel_eval_flex at /cache/build/builder-amdci4-3/julialang/julia-master/src/toplevel.c:684
[0Kijl_toplevel_eval at /cache/build/builder-amdci4-3/julialang/julia-master/src/toplevel.c:782
[0Kijl_toplevel_eval_in at /cache/build/builder-amdci4-3/julialang/julia-master/src/toplevel.c:827
[0Keval at ./boot.jl:517
[0Kinclude_string at ./loading.jl:3131
[0Kinclude_string at ./loading.jl:3141 [inlined]
[0Kexec_options at ./client.jl:342
[0K_start at ./client.jl:585
[0Kjfptr__start_0.1 at /root/.julia/juliaup/julia-nightly/lib/julia/sys.so (unknown line)
[0Kjl_apply at /cache/build/builder-amdci4-3/julialang/julia-master/src/julia.h:2300 [inlined]
[0Ktrue_main at /cache/build/builder-amdci4-3/julialang/julia-master/src/jlapi.c:971
[0Kjl_repl_entrypoint at /cache/build/builder-amdci4-3/julialang/julia-master/src/jlapi.c:1138
[0Kmain at /cache/build/builder-amdci4-3/julialang/julia-master/cli/loader_exe.c:58
[0Kunknown function (ip: 0x7b2d6c7d5249) at /lib/x86_64-linux-gnu/libc.so.6
[0K__libc_start_main at /lib/x86_64-linux-gnu/libc.so.6 (unknown line)
[0Kunknown function (ip: 0x4010b8) at /workspace/srcdir/glibc-2.17/csu/../sysdeps/x86_64/start.S
[0KInternal error: during type inference of
[0K_pullback(Zygote.Context{false}, Zygote.var"#2209#2210", Array{Float64, 1})
[0KEncountered unexpected error in runtime:
[0KTypeError(func=:typeassert, context="", expected=Union{Nothing, Array{Any, 1}, Core.SimpleVector}, got=Array{Core.MethodInstance, 1}(dims=(1,), mem=Memory{Core.MethodInstance}(1, 0x7b2d447c7500)[MethodInstance materialize(Array{Float32, 1}) from materialize(Any)]))
[0Kijl_type_error_rt at /cache/build/builder-amdci4-3/julialang/julia-master/src/rtutils.c:121
[0Kijl_type_error at /cache/build/builder-amdci4-3/julialang/julia-master/src/rtutils.c:140
[0Kcompute_edges! at ./../usr/share/julia/Compiler/src/typeinfer.jl:822
[0Kfinishinfer! at ./../usr/share/julia/Compiler/src/typeinfer.jl:668
[0Kfinish_nocycle at ./../usr/share/julia/Compiler/src/typeinfer.jl:275
[0Kjfptr_finish_nocycle_1.1 at /root/.julia/juliaup/julia-nightly/lib/julia/sys.so (unknown line)
[0Ktypeinf at ./../usr/share/julia/Compiler/src/abstractinterpretation.jl:4804
[0Ktypeinf_ext at ./../usr/share/julia/Compiler/src/typeinfer.jl:1535
[0Ktypeinf_ext_toplevel at ./../usr/share/julia/Compiler/src/typeinfer.jl:1718 [inlined]
[0Ktypeinf_ext_toplevel at ./../usr/share/julia/Compiler/src/typeinfer.jl:1727
[0Kjfptr_typeinf_ext_toplevel_2.1 at /root/.julia/juliaup/julia-nightly/lib/julia/sys.so (unknown line)
[0Kjl_apply at /cache/build/builder-amdci4-3/julialang/julia-master/src/julia.h:2300 [inlined]
[0Kjl_type_infer at /cache/build/builder-amdci4-3/julialang/julia-master/src/gf.c:467
[0Kjl_compile_method_internal at /cache/build/builder-amdci4-3/julialang/julia-master/src/gf.c:3640
[0K_jl_invoke at /cache/build/builder-amdci4-3/julialang/julia-master/src/gf.c:4105 [inlined]
[0Kijl_apply_generic at /cache/build/builder-amdci4-3/julialang/julia-master/src/gf.c:4339
[0Kpullback at /workdir/depot/packages/Zygote/55SqB/src/compiler/interface.jl:96
[0Kpullback at /workdir/depot/packages/Zygote/55SqB/src/compiler/interface.jl:94 [inlined]
[0Kgradient at /workdir/depot/packages/Zygote/55SqB/src/compiler/interface.jl:153
[0Kunknown function (ip: 0x7b2d3c9c92e8) at (unknown file)
[0Kjl_apply at /cache/build/builder-amdci4-3/julialang/julia-master/src/julia.h:2300 [inlined]
[0Kdo_call at /cache/build/builder-amdci4-3/julialang/julia-master/src/interpreter.c:123
[0Keval_value at /cache/build/builder-amdci4-3/julialang/julia-master/src/interpreter.c:243
[0Keval_stmt_value at /cache/build/builder-amdci4-3/julialang/julia-master/src/interpreter.c:194 [inlined]
[0Keval_body at /cache/build/builder-amdci4-3/julialang/julia-master/src/interpreter.c:679
[0Kjl_interpret_toplevel_thunk at /cache/build/builder-amdci4-3/julialang/julia-master/src/interpreter.c:884
[0Ktop-level scope at /workdir/depot/packages/Zygote/55SqB/src/precompile.jl:20
[0Kijl_eval_thunk at /cache/build/builder-amdci4-3/julialang/julia-master/src/toplevel.c:768
[0Kjl_toplevel_eval_flex at /cache/build/builder-amdci4-3/julialang/julia-master/src/toplevel.c:712
[0Kjl_eval_toplevel_stmts at /cache/build/builder-amdci4-3/julialang/julia-master/src/toplevel.c:602
[0Kjl_toplevel_eval_flex at /cache/build/builder-amdci4-3/julialang/julia-master/src/toplevel.c:684
[0Kijl_toplevel_eval at /cache/build/builder-amdci4-3/julialang/julia-master/src/toplevel.c:782
[0Kijl_toplevel_eval_in at /cache/build/builder-amdci4-3/julialang/julia-master/src/toplevel.c:827
[0Keval at ./boot.jl:517
[0Kinclude_string at ./loading.jl:3131
[0K_include at ./loading.jl:3191
[0Kinclude at ./Base.jl:324
[0KIncludeInto at ./Base.jl:325
[0Kjfptr_IncludeInto_1.1 at /root/.julia/juliaup/julia-nightly/lib/julia/sys.so (unknown line)
[0Kjl_apply at /cache/build/builder-amdci4-3/julialang/julia-master/src/julia.h:2300 [inlined]
[0Kdo_call at /cache/build/builder-amdci4-3/julialang/julia-master/src/interpreter.c:123
[0Keval_value at /cache/build/builder-amdci4-3/julialang/julia-master/src/interpreter.c:243
[0Keval_stmt_value at /cache/build/builder-amdci4-3/julialang/julia-master/src/interpreter.c:194 [inlined]
[0Keval_body at /cache/build/builder-amdci4-3/julialang/julia-master/src/interpreter.c:679
[0Keval_body at /cache/build/builder-amdci4-3/julialang/julia-master/src/interpreter.c:558
[0Kjl_interpret_toplevel_thunk at /cache/build/builder-amdci4-3/julialang/julia-master/src/interpreter.c:884
[0Kmacro expansion at /workdir/depot/packages/Zygote/55SqB/src/Zygote.jl:68 [inlined]
[0Kmacro expansion at /workdir/depot/packages/PrecompileTools/gn08A/src/workloads.jl:73 [inlined]
[0Ktop-level scope at /workdir/depot/packages/Zygote/55SqB/src/Zygote.jl:85
[0Kijl_eval_thunk at /cache/build/builder-amdci4-3/julialang/julia-master/src/toplevel.c:768
[0Kjl_toplevel_eval_flex at /cache/build/builder-amdci4-3/julialang/julia-master/src/toplevel.c:712
[0Kjl_eval_toplevel_stmts at /cache/build/builder-amdci4-3/julialang/julia-master/src/toplevel.c:602
[0Kjl_eval_module_expr at /cache/build/builder-amdci4-3/julialang/julia-master/src/toplevel.c:263 [inlined]
[0Kjl_toplevel_eval_flex at /cache/build/builder-amdci4-3/julialang/julia-master/src/toplevel.c:665
[0Kjl_eval_toplevel_stmts at /cache/build/builder-amdci4-3/julialang/julia-master/src/toplevel.c:602
[0Kjl_toplevel_eval_flex at /cache/build/builder-amdci4-3/julialang/julia-master/src/toplevel.c:684
[0Kijl_toplevel_eval at /cache/build/builder-amdci4-3/julialang/julia-master/src/toplevel.c:782
[0Kijl_toplevel_eval_in at /cache/build/builder-amdci4-3/julialang/julia-master/src/toplevel.c:827
[0Keval at ./boot.jl:517
[0Kinclude_string at ./loading.jl:3131
[0K_include at ./loading.jl:3191
[0Kinclude at ./Base.jl:323
[0Kinclude_package_for_output at ./loading.jl:3289
[0Kjfptr_include_package_for_output_1.1 at /root/.julia/juliaup/julia-nightly/lib/julia/sys.so (unknown line)
[0Kjl_apply at /cache/build/builder-amdci4-3/julialang/julia-master/src/julia.h:2300 [inlined]
[0Kdo_call at /cache/build/builder-amdci4-3/julialang/julia-master/src/interpreter.c:123
[0Keval_value at /cache/build/builder-amdci4-3/julialang/julia-master/src/interpreter.c:243
[0Keval_stmt_value at /cache/build/builder-amdci4-3/julialang/julia-master/src/interpreter.c:194 [inlined]
[0Keval_body at /cache/build/builder-amdci4-3/julialang/julia-master/src/interpreter.c:679
[0Kjl_interpret_toplevel_thunk at /cache/build/builder-amdci4-3/julialang/julia-master/src/interpreter.c:884
[0Ktop-level scope at stdin:5
[0Kijl_eval_thunk at /cache/build/builder-amdci4-3/julialang/julia-master/src/toplevel.c:768
[0Kjl_toplevel_eval_flex at /cache/build/builder-amdci4-3/julialang/julia-master/src/toplevel.c:712
[0Kjl_eval_toplevel_stmts at /cache/build/builder-amdci4-3/julialang/julia-master/src/toplevel.c:602
[0Kjl_toplevel_eval_flex at /cache/build/builder-amdci4-3/julialang/julia-master/src/toplevel.c:684
[0Kijl_toplevel_eval at /cache/build/builder-amdci4-3/julialang/julia-master/src/toplevel.c:782
[0Kijl_toplevel_eval_in at /cache/build/builder-amdci4-3/julialang/julia-master/src/toplevel.c:827
[0Keval at ./boot.jl:517
[0Kinclude_string at ./loading.jl:3131
[0Kinclude_string at ./loading.jl:3141 [inlined]
[0Kexec_options at ./client.jl:342
[0K_start at ./client.jl:585
[0Kjfptr__start_0.1 at /root/.julia/juliaup/julia-nightly/lib/julia/sys.so (unknown line)
[0Kjl_apply at /cache/build/builder-amdci4-3/julialang/julia-master/src/julia.h:2300 [inlined]
[0Ktrue_main at /cache/build/builder-amdci4-3/julialang/julia-master/src/jlapi.c:971
[0Kjl_repl_entrypoint at /cache/build/builder-amdci4-3/julialang/julia-master/src/jlapi.c:1138
[0Kmain at /cache/build/builder-amdci4-3/julialang/julia-master/cli/loader_exe.c:58
[0Kunknown function (ip: 0x7b2d6c7d5249) at /lib/x86_64-linux-gnu/libc.so.6
[0K__libc_start_main at /lib/x86_64-linux-gnu/libc.so.6 (unknown line)
[0Kunknown function (ip: 0x4010b8) at /workspace/srcdir/glibc-2.17/csu/../sysdeps/x86_64/start.S
[0KInternal error: during type inference of
[0K(::Zygote.var"#pullback##0#pullback##1"{Zygote.Pullback{Tuple{Zygote.var"#2209#2210", Array{Float64, 1}}, Tuple{Zygote.ZBack{ChainRules.var"#sum_pullback#551"{Base.Colon, Array{Float32, 1}, ChainRulesCore.ProjectTo{AbstractArray{T, N} where N where T, NamedTuple{(:element, :axes), Tuple{ChainRulesCore.ProjectTo{Float32, NamedTuple{(), Tuple{}}}, Tuple{Base.OneTo{Int64}}}}}}}, Zygote.Pullback{Tuple{typeof(Base.Broadcast.materialize), Array{Float32, 1}}, Tuple{}}, Zygote.var"#1912#1913"{Zygote.var"#1910#1911"{Array{Float64, 1}}}}}})(Float32)
[0KEncountered unexpected error in runtime:
[0KTypeError(func=:typeassert, context="", expected=Union{Nothing, Array{Any, 1}, Core.SimpleVector}, got=Array{Core.MethodInstance, 1}(dims=(1,), mem=Memory{Core.MethodInstance}(1, 0x7b2d43976560)[MethodInstance materialize(Array{Float32, 1}) from materialize(Any)]))
[0Kijl_type_error_rt at /cache/build/builder-amdci4-3/julialang/julia-master/src/rtutils.c:121
[0Kijl_type_error at /cache/build/builder-amdci4-3/julialang/julia-master/src/rtutils.c:140
[0Kcompute_edges! at ./../usr/share/julia/Compiler/src/typeinfer.jl:822
[0Kfinishinfer! at ./../usr/share/julia/Compiler/src/typeinfer.jl:668
[0Kfinish_nocycle at ./../usr/share/julia/Compiler/src/typeinfer.jl:275
[0Kjfptr_finish_nocycle_1.1 at /root/.julia/juliaup/julia-nightly/lib/julia/sys.so (unknown line)
[0Ktypeinf at ./../usr/share/julia/Compiler/src/abstractinterpretation.jl:4804
[0Ktypeinf_ext at ./../usr/share/julia/Compiler/src/typeinfer.jl:1535
[0Ktypeinf_ext_toplevel at ./../usr/share/julia/Compiler/src/typeinfer.jl:1718 [inlined]
[0Ktypeinf_ext_toplevel at ./../usr/share/julia/Compiler/src/typeinfer.jl:1727
[0Kjfptr_typeinf_ext_toplevel_2.1 at /root/.julia/juliaup/julia-nightly/lib/julia/sys.so (unknown line)
[0Kjl_apply at /cache/build/builder-amdci4-3/julialang/julia-master/src/julia.h:2300 [inlined]
[0Kjl_type_infer at /cache/build/builder-amdci4-3/julialang/julia-master/src/gf.c:467
[0Kjl_compile_method_internal at /cache/build/builder-amdci4-3/julialang/julia-master/src/gf.c:3640
[0K_jl_invoke at /cache/build/builder-amdci4-3/julialang/julia-master/src/gf.c:4105 [inlined]
[0Kijl_apply_generic at /cache/build/builder-amdci4-3/julialang/julia-master/src/gf.c:4339
[0Kgradient at /workdir/depot/packages/Zygote/55SqB/src/compiler/interface.jl:154
[0Kunknown function (ip: 0x7b2d3c9c92e8) at (unknown file)
[0Kjl_apply at /cache/build/builder-amdci4-3/julialang/julia-master/src/julia.h:2300 [inlined]
[0Kdo_call at /cache/build/builder-amdci4-3/julialang/julia-master/src/interpreter.c:123
[0Keval_value at /cache/build/builder-amdci4-3/julialang/julia-master/src/interpreter.c:243
[0Keval_stmt_value at /cache/build/builder-amdci4-3/julialang/julia-master/src/interpreter.c:194 [inlined]
[0Keval_body at /cache/build/builder-amdci4-3/julialang/julia-master/src/interpreter.c:679
[0Kjl_interpret_toplevel_thunk at /cache/build/builder-amdci4-3/julialang/julia-master/src/interpreter.c:884
[0Ktop-level scope at /workdir/depot/packages/Zygote/55SqB/src/precompile.jl:20
[0Kijl_eval_thunk at /cache/build/builder-amdci4-3/julialang/julia-master/src/toplevel.c:768
[0Kjl_toplevel_eval_flex at /cache/build/builder-amdci4-3/julialang/julia-master/src/toplevel.c:712
[0Kjl_eval_toplevel_stmts at /cache/build/builder-amdci4-3/julialang/julia-master/src/toplevel.c:602
[0Kjl_toplevel_eval_flex at /cache/build/builder-amdci4-3/julialang/julia-master/src/toplevel.c:684
[0Kijl_toplevel_eval at /cache/build/builder-amdci4-3/julialang/julia-master/src/toplevel.c:782
[0Kijl_toplevel_eval_in at /cache/build/builder-amdci4-3/julialang/julia-master/src/toplevel.c:827
[0Keval at ./boot.jl:517
[0Kinclude_string at ./loading.jl:3131
[0K_include at ./loading.jl:3191
[0Kinclude at ./Base.jl:324
[0KIncludeInto at ./Base.jl:325
[0Kjfptr_IncludeInto_1.1 at /root/.julia/juliaup/julia-nightly/lib/julia/sys.so (unknown line)
[0Kjl_apply at /cache/build/builder-amdci4-3/julialang/julia-master/src/julia.h:2300 [inlined]
[0Kdo_call at /cache/build/builder-amdci4-3/julialang/julia-master/src/interpreter.c:123
[0Keval_value at /cache/build/builder-amdci4-3/julialang/julia-master/src/interpreter.c:243
[0Keval_stmt_value at /cache/build/builder-amdci4-3/julialang/julia-master/src/interpreter.c:194 [inlined]
[0Keval_body at /cache/build/builder-amdci4-3/julialang/julia-master/src/interpreter.c:679
[0Keval_body at /cache/build/builder-amdci4-3/julialang/julia-master/src/interpreter.c:558
[0Kjl_interpret_toplevel_thunk at /cache/build/builder-amdci4-3/julialang/julia-master/src/interpreter.c:884
[0Kmacro expansion at /workdir/depot/packages/Zygote/55SqB/src/Zygote.jl:68 [inlined]
[0Kmacro expansion at /workdir/depot/packages/PrecompileTools/gn08A/src/workloads.jl:73 [inlined]
[0Ktop-level scope at /workdir/depot/packages/Zygote/55SqB/src/Zygote.jl:85
[0Kijl_eval_thunk at /cache/build/builder-amdci4-3/julialang/julia-master/src/toplevel.c:768
[0Kjl_toplevel_eval_flex at /cache/build/builder-amdci4-3/julialang/julia-master/src/toplevel.c:712
[0Kjl_eval_toplevel_stmts at /cache/build/builder-amdci4-3/julialang/julia-master/src/toplevel.c:602
[0Kjl_eval_module_expr at /cache/build/builder-amdci4-3/julialang/julia-master/src/toplevel.c:263 [inlined]
[0Kjl_toplevel_eval_flex at /cache/build/builder-amdci4-3/julialang/julia-master/src/toplevel.c:665
[0Kjl_eval_toplevel_stmts at /cache/build/builder-amdci4-3/julialang/julia-master/src/toplevel.c:602
[0Kjl_toplevel_eval_flex at /cache/build/builder-amdci4-3/julialang/julia-master/src/toplevel.c:684
[0Kijl_toplevel_eval at /cache/build/builder-amdci4-3/julialang/julia-master/src/toplevel.c:782
[0Kijl_toplevel_eval_in at /cache/build/builder-amdci4-3/julialang/julia-master/src/toplevel.c:827
[0Keval at ./boot.jl:517
[0Kinclude_string at ./loading.jl:3131
[0K_include at ./loading.jl:3191
[0Kinclude at ./Base.jl:323
[0Kinclude_package_for_output at ./loading.jl:3289
[0Kjfptr_include_package_for_output_1.1 at /root/.julia/juliaup/julia-nightly/lib/julia/sys.so (unknown line)
[0Kjl_apply at /cache/build/builder-amdci4-3/julialang/julia-master/src/julia.h:2300 [inlined]
[0Kdo_call at /cache/build/builder-amdci4-3/julialang/julia-master/src/interpreter.c:123
[0Keval_value at /cache/build/builder-amdci4-3/julialang/julia-master/src/interpreter.c:243
[0Keval_stmt_value at /cache/build/builder-amdci4-3/julialang/julia-master/src/interpreter.c:194 [inlined]
[0Keval_body at /cache/build/builder-amdci4-3/julialang/julia-master/src/interpreter.c:679
[0Kjl_interpret_toplevel_thunk at /cache/build/builder-amdci4-3/julialang/julia-master/src/interpreter.c:884
[0Ktop-level scope at stdin:5
[0Kijl_eval_thunk at /cache/build/builder-amdci4-3/julialang/julia-master/src/toplevel.c:768
[0Kjl_toplevel_eval_flex at /cache/build/builder-amdci4-3/julialang/julia-master/src/toplevel.c:712
[0Kjl_eval_toplevel_stmts at /cache/build/builder-amdci4-3/julialang/julia-master/src/toplevel.c:602
[0Kjl_toplevel_eval_flex at /cache/build/builder-amdci4-3/julialang/julia-master/src/toplevel.c:684
[0Kijl_toplevel_eval at /cache/build/builder-amdci4-3/julialang/julia-master/src/toplevel.c:782
[0Kijl_toplevel_eval_in at /cache/build/builder-amdci4-3/julialang/julia-master/src/toplevel.c:827
[0Keval at ./boot.jl:517
[0Kinclude_string at ./loading.jl:3131
[0Kinclude_string at ./loading.jl:3141 [inlined]
[0Kexec_options at ./client.jl:342
[0K_start at ./client.jl:585
[0Kjfptr__start_0.1 at /root/.julia/juliaup/julia-nightly/lib/julia/sys.so (unknown line)
[0Kjl_apply at /cache/build/builder-amdci4-3/julialang/julia-master/src/julia.h:2300 [inlined]
[0Ktrue_main at /cache/build/builder-amdci4-3/julialang/julia-master/src/jlapi.c:971
[0Kjl_repl_entrypoint at /cache/build/builder-amdci4-3/julialang/julia-master/src/jlapi.c:1138
[0Kmain at /cache/build/builder-amdci4-3/julialang/julia-master/cli/loader_exe.c:58
[0Kunknown function (ip: 0x7b2d6c7d5249) at /lib/x86_64-linux-gnu/libc.so.6
[0K__libc_start_main at /lib/x86_64-linux-gnu/libc.so.6 (unknown line)
[0Kunknown function (ip: 0x4010b8) at /workspace/srcdir/glibc-2.17/csu/../sysdeps/x86_64/start.S
[0Kfatal: error thrown and no exception handler available.
[0KTypeError(func=:typeassert, context="", expected=Union{Nothing, Array{Any, 1}, Core.SimpleVector}, got=Array{Core.MethodInstance, 1}(dims=(1,), mem=Memory{Core.MethodInstance}(1, 0x7b2d4392c800)[MethodInstance materialize(Array{Float32, 1}) from materialize(Any)]))
[0Kijl_type_error_rt at /cache/build/builder-amdci4-3/julialang/julia-master/src/rtutils.c:121
[0Kijl_type_error at /cache/build/builder-amdci4-3/julialang/julia-master/src/rtutils.c:140
[0Kcompute_edges! at ./../usr/share/julia/Compiler/src/typeinfer.jl:822
[0Kfinishinfer! at ./../usr/share/julia/Compiler/src/typeinfer.jl:668
[0Kfinish_nocycle at ./../usr/share/julia/Compiler/src/typeinfer.jl:275
[0Kjfptr_finish_nocycle_1.1 at /root/.julia/juliaup/julia-nightly/lib/julia/sys.so (unknown line)
[0Ktypeinf at ./../usr/share/julia/Compiler/src/abstractinterpretation.jl:4804
[0Ktypeinf_ext at ./../usr/share/julia/Compiler/src/typeinfer.jl:1535
[0Kjfptr_typeinf_ext_1.1 at /root/.julia/juliaup/julia-nightly/lib/julia/sys.so (unknown line)
[0K#compile!#175 at ./../usr/share/julia/Compiler/src/typeinfer.jl:1745
[0Kcompile! at ./../usr/share/julia/Compiler/src/typeinfer.jl:1730 [inlined]
[0Ktypeinf_ext_toplevel at ./../usr/share/julia/Compiler/src/typeinfer.jl:1830
[0Kcompile_and_emit_native at ./../usr/share/julia/Compiler/src/precompile.jl:421
[0Kjfptr_compile_and_emit_native_3.1 at /root/.julia/juliaup/julia-nightly/lib/julia/sys.so (unknown line)
[0Kjl_apply at /cache/build/builder-amdci4-3/julialang/julia-master/src/julia.h:2300 [inlined]
[0Kjl_create_native_impl at /cache/build/builder-amdci4-3/julialang/julia-master/src/aotcompile.cpp:576
[0Kijl_create_system_image at /cache/build/builder-amdci4-3/julialang/julia-master/src/staticdata.c:3285
[0Kijl_write_compiler_output at /cache/build/builder-amdci4-3/julialang/julia-master/src/precompile.c:140
[0Kijl_atexit_hook at /cache/build/builder-amdci4-3/julialang/julia-master/src/init.c:280
[0Kjl_repl_entrypoint at /cache/build/builder-amdci4-3/julialang/julia-master/src/jlapi.c:1139
[0Kmain at /cache/build/builder-amdci4-3/julialang/julia-master/cli/loader_exe.c:58
[0Kunknown function (ip: 0x7b2d6c7d5249) at /lib/x86_64-linux-gnu/libc.so.6
[0K__libc_start_main at /lib/x86_64-linux-gnu/libc.so.6 (unknown line)
[0Kunknown function (ip: 0x4010b8) at /workspace/srcdir/glibc-2.17/csu/../sysdeps/x86_64/start.S
[0KERROR: LoadError: Precompiled image Base.PkgId(Base.UUID("e88e6eb3-aa80-5325-afca-941959d7151f"), "Zygote") not available with flags CacheFlags(; use_pkgimages=true, debug_level=1, check_bounds=0, inline=true, opt_level=2)
[0KStacktrace:
[0K  [1] error(s::String)
[0K    @ Base ./error.jl:56
[0K  [2] __require_prelocked(pkg::Base.PkgId, env::String)
[0K    @ Base ./loading.jl:2841
[0K  [3] _require_prelocked(uuidkey::Base.PkgId, env::String)
[0K    @ Base ./loading.jl:2695
[0K  [4] macro expansion
[0K    @ ./loading.jl:2622 [inlined]
[0K  [5] macro expansion
[0K    @ ./lock.jl:376 [inlined]
[0K  [6] __require(into::Module, mod::Symbol)
[0K    @ Base ./loading.jl:2586
[0K  [7] require
[0K    @ ./loading.jl:2562 [inlined]
[0K  [8] eval_import_path
[0K    @ ./module.jl:36 [inlined]
[0K  [9] eval_import_path_all(at::Module, path::Expr, keyword::String)
[0K    @ Base ./module.jl:60
[0K [10] _eval_import(::Bool, ::Module, ::Expr, ::Expr, ::Vararg{Expr})
[0K    @ Base ./module.jl:101
[0K [11] top-level scope
[0K    @ /workdir/depot/packages/MLDataDevices/F1pnI/ext/ZygoteExt.jl:5
[0K [12] include(mod::Module, _path::String)
[0K    @ Base ./Base.jl:323
[0K [13] include_package_for_output(pkg::Base.PkgId, input::String, syntax_version::VersionNumber, depot_path::Vector{String}, dl_load_path::Vector{String}, load_path::Vector{String}, concrete_deps::Vector{Pair{Base.PkgId, UInt128}}, source::Nothing)
[0K    @ Base ./loading.jl:3289
[0K [14] top-level scope
[0K    @ stdin:5
[0K [15] eval(m::Module, e::Any)
[0K    @ Core ./boot.jl:517
[0K [16] include_string(mapexpr::typeof(identity), mod::Module, code::String, filename::String)
[0K    @ Base ./loading.jl:3131
[0K [17] include_string
[0K    @ ./loading.jl:3141 [inlined]
[0K [18] exec_options(opts::Base.JLOptions)
[0K    @ Base ./client.jl:342
[0K [19] _start()
[0K    @ Base ./client.jl:585
[0Kin expression starting at /workdir/depot/packages/MLDataDevices/F1pnI/ext/ZygoteExt.jl:1
[0Kin expression starting at stdin:5
[0KERROR: LoadError: Precompiled image Base.PkgId(Base.UUID("e88e6eb3-aa80-5325-afca-941959d7151f"), "Zygote") not available with flags CacheFlags(; use_pkgimages=true, debug_level=1, check_bounds=0, inline=true, opt_level=2)
[0KStacktrace:
[0K  [1] error(s::String)
[0K    @ Base ./error.jl:56
[0K  [2] __require_prelocked(pkg::Base.PkgId, env::String)
[0K    @ Base ./loading.jl:2841
[0K  [3] _require_prelocked(uuidkey::Base.PkgId, env::String)
[0K    @ Base ./loading.jl:2695
[0K  [4] macro expansion
[0K    @ ./loading.jl:2622 [inlined]
[0K  [5] macro expansion
[0K    @ ./lock.jl:376 [inlined]
[0K  [6] __require(into::Module, mod::Symbol)
[0K    @ Base ./loading.jl:2586
[0K  [7] require
[0K    @ ./loading.jl:2562 [inlined]
[0K  [8] eval_import_path
[0K    @ ./module.jl:36 [inlined]
[0K  [9] eval_import_path_all(at::Module, path::Expr, keyword::String)
[0K    @ Base ./module.jl:60
[0K [10] _eval_using
[0K    @ ./module.jl:137 [inlined]
[0K [11] _eval_using(to::Module, path::Expr)
[0K    @ Base ./module.jl:137
[0K [12] top-level scope
[0K    @ /workdir/depot/packages/Flux/DZYiO/src/Flux.jl:23
[0K [13] include(mod::Module, _path::String)
[0K    @ Base ./Base.jl:323
[0K [14] include_package_for_output(pkg::Base.PkgId, input::String, syntax_version::VersionNumber, depot_path::Vector{String}, dl_load_path::Vector{String}, load_path::Vector{String}, concrete_deps::Vector{Pair{Base.PkgId, UInt128}}, source::Nothing)
[0K    @ Base ./loading.jl:3289
[0K [15] top-level scope
[0K    @ stdin:5
[0K [16] eval(m::Module, e::Any)
[0K    @ Core ./boot.jl:517
[0K [17] include_string(mapexpr::typeof(identity), mod::Module, code::String, filename::String)
[0K    @ Base ./loading.jl:3131
[0K [18] include_string
[0K    @ ./loading.jl:3141 [inlined]
[0K [19] exec_options(opts::Base.JLOptions)
[0K    @ Base ./client.jl:342
[0K [20] _start()
[0K    @ Base ./client.jl:585
[0Kin expression starting at /workdir/depot/packages/Flux/DZYiO/src/Flux.jl:1
[0Kin expression starting at stdin:5

  3 dependencies had output during precompilation:
┌ Flux
│  [Output was shown above]
└  
┌ MLDataDevices → ZygoteExt
│  ERROR: LoadError: Precompiled image Base.PkgId(Base.UUID("e88e6eb3-aa80-5325-afca-941959d7151f"), "Zygote") not available with flags CacheFlags(; use_pkgimages=true, debug_level=1, check_bounds=0, inline=true, opt_level=2)
│  Stacktrace:
│    [1] error(s::String)
│      @ Base ./error.jl:56
│    [2] __require_prelocked(pkg::Base.PkgId, env::String)
│      @ Base ./loading.jl:2841
│    [3] _require_prelocked(uuidkey::Base.PkgId, env::String)
│      @ Base ./loading.jl:2695
│    [4] macro expansion
│      @ ./loading.jl:2622 [inlined]
│    [5] macro expansion
│      @ ./lock.jl:376 [inlined]
│    [6] __require(into::Module, mod::Symbol)
│      @ Base ./loading.jl:2586
│    [7] require
│      @ ./loading.jl:2562 [inlined]
│    [8] eval_import_path
│      @ ./module.jl:36 [inlined]
│    [9] eval_import_path_all(at::Module, path::Expr, keyword::String)
│      @ Base ./module.jl:60
│   [10] _eval_import(::Bool, ::Module, ::Expr, ::Expr, ::Vararg{Expr})
│      @ Base ./module.jl:101
│   [11] top-level scope
│      @ /workdir/depot/packages/MLDataDevices/F1pnI/ext/ZygoteExt.jl:5
│   [12] include(mod::Module, _path::String)
│      @ Base ./Base.jl:323
│   [13] include_package_for_output(pkg::Base.PkgId, input::String, syntax_version::VersionNumber, depot_path::Vector{String}, dl_load_path::Vector{String}, load_path::Vector{String}, concrete_deps::Vector{Pair{Base.PkgId, UInt128}}, source::Nothing)
│      @ Base ./loading.jl:3289
│   [14] top-level scope
│      @ stdin:5
│   [15] eval(m::Module, e::Any)
│      @ Core ./boot.jl:517
│   [16] include_string(mapexpr::typeof(identity), mod::Module, code::String, filename::String)
│      @ Base ./loading.jl:3131
│   [17] include_string
│      @ ./loading.jl:3141 [inlined]
│   [18] exec_options(opts::Base.JLOptions)
│      @ Base ./client.jl:342
│   [19] _start()
│      @ Base ./client.jl:585
│  in expression starting at /workdir/depot/packages/MLDataDevices/F1pnI/ext/ZygoteExt.jl:1
│  in expression starting at stdin:5
└  
┌ Zygote
│  Internal error: during type inference of
│  _pullback(Zygote.Context{false}, typeof(Zygote.pow), Int64, Int64)
│  Encountered unexpected error in runtime:
│  TypeError(func=:typeassert, context="", expected=Union{Nothing, Array{Any, 1}, Core.SimpleVector}, got=Array{Core.MethodInstance, 1}(dims=(1,), mem=Memory{Core.MethodInstance}(1, 0x7b2d3daafec0)[MethodInstance pow(Int64, Int64) from pow(Any, Any)]))
│  ijl_type_error_rt at /cache/build/builder-amdci4-3/julialang/julia-master/src/rtutils.c:121
│  ijl_type_error at /cache/build/builder-amdci4-3/julialang/julia-master/src/rtutils.c:140
│  compute_edges! at ./../usr/share/julia/Compiler/src/typeinfer.jl:822
│  finishinfer! at ./../usr/share/julia/Compiler/src/typeinfer.jl:668
│  finish_nocycle at ./../usr/share/julia/Compiler/src/typeinfer.jl:275
│  jfptr_finish_nocycle_1.1 at /root/.julia/juliaup/julia-nightly/lib/julia/sys.so (unknown line)
│  typeinf at ./../usr/share/julia/Compiler/src/abstractinterpretation.jl:4804
│  typeinf_ext at ./../usr/share/julia/Compiler/src/typeinfer.jl:1535
│  typeinf_ext_toplevel at ./../usr/share/julia/Compiler/src/typeinfer.jl:1718 [inlined]
│  typeinf_ext_toplevel at ./../usr/share/julia/Compiler/src/typeinfer.jl:1727
│  jfptr_typeinf_ext_toplevel_2.1 at /root/.julia/juliaup/julia-nightly/lib/julia/sys.so (unknown line)
│  jl_apply at /cache/build/builder-amdci4-3/julialang/julia-master/src/julia.h:2300 [inlined]
│  jl_type_infer at /cache/build/builder-amdci4-3/julialang/julia-master/src/gf.c:467
│  jl_compile_method_internal at /cache/build/builder-amdci4-3/julialang/julia-master/src/gf.c:3640
│  _jl_invoke at /cache/build/builder-amdci4-3/julialang/julia-master/src/gf.c:4105 [inlined]
│  ijl_apply_generic at /cache/build/builder-amdci4-3/julialang/julia-master/src/gf.c:4339
│  jl_apply at /cache/build/builder-amdci4-3/julialang/julia-master/src/julia.h:2300 [inlined]
│  jl_f__apply_iterate at /cache/build/builder-amdci4-3/julialang/julia-master/src/builtins.c:897
│  pullback at /workdir/depot/packages/Zygote/55SqB/src/compiler/interface.jl:96
│  pullback at /workdir/depot/packages/Zygote/55SqB/src/compiler/interface.jl:94
│  unknown function (ip: 0x7b2d3c949dc0) at (unknown file)
│  jl_apply at /cache/build/builder-amdci4-3/julialang/julia-master/src/julia.h:2300 [inlined]
│  jl_f__apply_iterate at /cache/build/builder-amdci4-3/julialang/julia-master/src/builtins.c:897
│  gradient at /workdir/depot/packages/Zygote/55SqB/src/compiler/interface.jl:153
│  jl_apply at /cache/build/builder-amdci4-3/julialang/julia-master/src/julia.h:2300 [inlined]
│  do_call at /cache/build/builder-amdci4-3/julialang/julia-master/src/interpreter.c:123
│  eval_value at /cache/build/builder-amdci4-3/julialang/julia-master/src/interpreter.c:243
│  eval_stmt_value at /cache/build/builder-amdci4-3/julialang/julia-master/src/interpreter.c:194 [inlined]
│  eval_body at /cache/build/builder-amdci4-3/julialang/julia-master/src/interpreter.c:679
│  jl_interpret_toplevel_thunk at /cache/build/builder-amdci4-3/julialang/julia-master/src/interpreter.c:884
│  top-level scope at /workdir/depot/packages/Zygote/55SqB/src/precompile.jl:17
│  ijl_eval_thunk at /cache/build/builder-amdci4-3/julialang/julia-master/src/toplevel.c:768
│  jl_toplevel_eval_flex at /cache/build/builder-amdci4-3/julialang/julia-master/src/toplevel.c:712
│  jl_eval_toplevel_stmts at /cache/build/builder-amdci4-3/julialang/julia-master/src/toplevel.c:602
│  jl_toplevel_eval_flex at /cache/build/builder-amdci4-3/julialang/julia-master/src/toplevel.c:684
│  ijl_toplevel_eval at /cache/build/builder-amdci4-3/julialang/julia-master/src/toplevel.c:782
│  ijl_toplevel_eval_in at /cache/build/builder-amdci4-3/julialang/julia-master/src/toplevel.c:827
│  eval at ./boot.jl:517
│  include_string at ./loading.jl:3131
│  _include at ./loading.jl:3191
│  include at ./Base.jl:324
│  IncludeInto at ./Base.jl:325
│  jfptr_IncludeInto_1.1 at /root/.julia/juliaup/julia-nightly/lib/julia/sys.so (unknown line)
│  jl_apply at /cache/build/builder-amdci4-3/julialang/julia-master/src/julia.h:2300 [inlined]
│  do_call at /cache/build/builder-amdci4-3/julialang/julia-master/src/interpreter.c:123
│  eval_value at /cache/build/builder-amdci4-3/julialang/julia-master/src/interpreter.c:243
│  eval_stmt_value at /cache/build/builder-amdci4-3/julialang/julia-master/src/interpreter.c:194 [inlined]
│  eval_body at /cache/build/builder-amdci4-3/julialang/julia-master/src/interpreter.c:679
│  eval_body at /cache/build/builder-amdci4-3/julialang/julia-master/src/interpreter.c:558
│  jl_interpret_toplevel_thunk at /cache/build/builder-amdci4-3/julialang/julia-master/src/interpreter.c:884
│  macro expansion at /workdir/depot/packages/Zygote/55SqB/src/Zygote.jl:68 [inlined]
│  macro expansion at /workdir/depot/packages/PrecompileTools/gn08A/src/workloads.jl:73 [inlined]
│  top-level scope at /workdir/depot/packages/Zygote/55SqB/src/Zygote.jl:85
│  ijl_eval_thunk at /cache/build/builder-amdci4-3/julialang/julia-master/src/toplevel.c:768
│  jl_toplevel_eval_flex at /cache/build/builder-amdci4-3/julialang/julia-master/src/toplevel.c:712
│  jl_eval_toplevel_stmts at /cache/build/builder-amdci4-3/julialang/julia-master/src/toplevel.c:602
│  jl_eval_module_expr at /cache/build/builder-amdci4-3/julialang/julia-master/src/toplevel.c:263 [inlined]
│  jl_toplevel_eval_flex at /cache/build/builder-amdci4-3/julialang/julia-master/src/toplevel.c:665
│  jl_eval_toplevel_stmts at /cache/build/builder-amdci4-3/julialang/julia-master/src/toplevel.c:602
│  jl_toplevel_eval_flex at /cache/build/builder-amdci4-3/julialang/julia-master/src/toplevel.c:684
│  ijl_toplevel_eval at /cache/build/builder-amdci4-3/julialang/julia-master/src/toplevel.c:782
│  ijl_toplevel_eval_in at /cache/build/builder-amdci4-3/julialang/julia-master/src/toplevel.c:827
│  eval at ./boot.jl:517
│  include_string at ./loading.jl:3131
│  _include at ./loading.jl:3191
│  include at ./Base.jl:323
│  include_package_for_output at ./loading.jl:3289
│  jfptr_include_package_for_output_1.1 at /root/.julia/juliaup/julia-nightly/lib/julia/sys.so (unknown line)
│  jl_apply at /cache/build/builder-amdci4-3/julialang/julia-master/src/julia.h:2300 [inlined]
│  do_call at /cache/build/builder-amdci4-3/julialang/julia-master/src/interpreter.c:123
│  eval_value at /cache/build/builder-amdci4-3/julialang/julia-master/src/interpreter.c:243
│  eval_stmt_value at /cache/build/builder-amdci4-3/julialang/julia-master/src/interpreter.c:194 [inlined]
│  eval_body at /cache/build/builder-amdci4-3/julialang/julia-master/src/interpreter.c:679
│  jl_interpret_toplevel_thunk at /cache/build/builder-amdci4-3/julialang/julia-master/src/interpreter.c:884
│  top-level scope at stdin:5
│  ijl_eval_thunk at /cache/build/builder-amdci4-3/julialang/julia-master/src/toplevel.c:768
│  jl_toplevel_eval_flex at /cache/build/builder-amdci4-3/julialang/julia-master/src/toplevel.c:712
│  jl_eval_toplevel_stmts at /cache/build/builder-amdci4-3/julialang/julia-master/src/toplevel.c:602
│  jl_toplevel_eval_flex at /cache/build/builder-amdci4-3/julialang/julia-master/src/toplevel.c:684
│  ijl_toplevel_eval at /cache/build/builder-amdci4-3/julialang/julia-master/src/toplevel.c:782
│  ijl_toplevel_eval_in at /cache/build/builder-amdci4-3/julialang/julia-master/src/toplevel.c:827
│  eval at ./boot.jl:517
│  include_string at ./loading.jl:3131
│  include_string at ./loading.jl:3141 [inlined]
│  exec_options at ./client.jl:342
│  _start at ./client.jl:585
│  jfptr__start_0.1 at /root/.julia/juliaup/julia-nightly/lib/julia/sys.so (unknown line)
│  jl_apply at /cache/build/builder-amdci4-3/julialang/julia-master/src/julia.h:2300 [inlined]
│  true_main at /cache/build/builder-amdci4-3/julialang/julia-master/src/jlapi.c:971
│  jl_repl_entrypoint at /cache/build/builder-amdci4-3/julialang/julia-master/src/jlapi.c:1138
│  main at /cache/build/builder-amdci4-3/julialang/julia-master/cli/loader_exe.c:58
│  unknown function (ip: 0x7b2d6c7d5249) at /lib/x86_64-linux-gnu/libc.so.6
│  __libc_start_main at /lib/x86_64-linux-gnu/libc.so.6 (unknown line)
│  unknown function (ip: 0x4010b8) at /workspace/srcdir/glibc-2.17/csu/../sysdeps/x86_64/start.S
│  Internal error: during type inference of
│  (::Zygote.var"#pullback##0#pullback##1"{Zygote.Pullback{Tuple{typeof(Zygote.pow), Int64, Int64}, Any}})(Int64)
│  Encountered unexpected error in runtime:
│  TypeError(func=:typeassert, context="", expected=Union{Nothing, Array{Any, 1}, Core.SimpleVector}, got=Array{Core.MethodInstance, 1}(dims=(1,), mem=Memory{Core.MethodInstance}(1, 0x7b2d537073a0)[MethodInstance pow(Int64, Int64) from pow(Any, Any)]))
│  ijl_type_error_rt at /cache/build/builder-amdci4-3/julialang/julia-master/src/rtutils.c:121
│  ijl_type_error at /cache/build/builder-amdci4-3/julialang/julia-master/src/rtutils.c:140
│  compute_edges! at ./../usr/share/julia/Compiler/src/typeinfer.jl:822
│  finishinfer! at ./../usr/share/julia/Compiler/src/typeinfer.jl:668
│  finish_nocycle at ./../usr/share/julia/Compiler/src/typeinfer.jl:275
│  jfptr_finish_nocycle_1.1 at /root/.julia/juliaup/julia-nightly/lib/julia/sys.so (unknown line)
│  typeinf at ./../usr/share/julia/Compiler/src/abstractinterpretation.jl:4804
│  typeinf_ext at ./../usr/share/julia/Compiler/src/typeinfer.jl:1535
│  typeinf_ext_toplevel at ./../usr/share/julia/Compiler/src/typeinfer.jl:1718 [inlined]
│  typeinf_ext_toplevel at ./../usr/share/julia/Compiler/src/typeinfer.jl:1727
│  jfptr_typeinf_ext_toplevel_2.1 at /root/.julia/juliaup/julia-nightly/lib/julia/sys.so (unknown line)
│  jl_apply at /cache/build/builder-amdci4-3/julialang/julia-master/src/julia.h:2300 [inlined]
│  jl_type_infer at /cache/build/builder-amdci4-3/julialang/julia-master/src/gf.c:467
│  jl_compile_method_internal at /cache/build/builder-amdci4-3/julialang/julia-master/src/gf.c:3640
│  _jl_invoke at /cache/build/builder-amdci4-3/julialang/julia-master/src/gf.c:4105 [inlined]
│  ijl_apply_generic at /cache/build/builder-amdci4-3/julialang/julia-master/src/gf.c:4339
│  gradient at /workdir/depot/packages/Zygote/55SqB/src/compiler/interface.jl:154
│  jl_apply at /cache/build/builder-amdci4-3/julialang/julia-master/src/julia.h:2300 [inlined]
│  do_call at /cache/build/builder-amdci4-3/julialang/julia-master/src/interpreter.c:123
│  eval_value at /cache/build/builder-amdci4-3/julialang/julia-master/src/interpreter.c:243
│  eval_stmt_value at /cache/build/builder-amdci4-3/julialang/julia-master/src/interpreter.c:194 [inlined]
│  eval_body at /cache/build/builder-amdci4-3/julialang/julia-master/src/interpreter.c:679
│  jl_interpret_toplevel_thunk at /cache/build/builder-amdci4-3/julialang/julia-master/src/interpreter.c:884
│  top-level scope at /workdir/depot/packages/Zygote/55SqB/src/precompile.jl:17
│  ijl_eval_thunk at /cache/build/builder-amdci4-3/julialang/julia-master/src/toplevel.c:768
│  jl_toplevel_eval_flex at /cache/build/builder-amdci4-3/julialang/julia-master/src/toplevel.c:712
│  jl_eval_toplevel_stmts at /cache/build/builder-amdci4-3/julialang/julia-master/src/toplevel.c:602
│  jl_toplevel_eval_flex at /cache/build/builder-amdci4-3/julialang/julia-master/src/toplevel.c:684
│  ijl_toplevel_eval at /cache/build/builder-amdci4-3/julialang/julia-master/src/toplevel.c:782
│  ijl_toplevel_eval_in at /cache/build/builder-amdci4-3/julialang/julia-master/src/toplevel.c:827
│  eval at ./boot.jl:517
│  include_string at ./loading.jl:3131
│  _include at ./loading.jl:3191
│  include at ./Base.jl:324
│  IncludeInto at ./Base.jl:325
│  jfptr_IncludeInto_1.1 at /root/.julia/juliaup/julia-nightly/lib/julia/sys.so (unknown line)
│  jl_apply at /cache/build/builder-amdci4-3/julialang/julia-master/src/julia.h:2300 [inlined]
│  do_call at /cache/build/builder-amdci4-3/julialang/julia-master/src/interpreter.c:123
│  eval_value at /cache/build/builder-amdci4-3/julialang/julia-master/src/interpreter.c:243
│  eval_stmt_value at /cache/build/builder-amdci4-3/julialang/julia-master/src/interpreter.c:194 [inlined]
│  eval_body at /cache/build/builder-amdci4-3/julialang/julia-master/src/interpreter.c:679
│  eval_body at /cache/build/builder-amdci4-3/julialang/julia-master/src/interpreter.c:558
│  jl_interpret_toplevel_thunk at /cache/build/builder-amdci4-3/julialang/julia-master/src/interpreter.c:884
│  macro expansion at /workdir/depot/packages/Zygote/55SqB/src/Zygote.jl:68 [inlined]
│  macro expansion at /workdir/depot/packages/PrecompileTools/gn08A/src/workloads.jl:73 [inlined]
│  top-level scope at /workdir/depot/packages/Zygote/55SqB/src/Zygote.jl:85
│  ijl_eval_thunk at /cache/build/builder-amdci4-3/julialang/julia-master/src/toplevel.c:768
│  jl_toplevel_eval_flex at /cache/build/builder-amdci4-3/julialang/julia-master/src/toplevel.c:712
│  jl_eval_toplevel_stmts at /cache/build/builder-amdci4-3/julialang/julia-master/src/toplevel.c:602
│  jl_eval_module_expr at /cache/build/builder-amdci4-3/julialang/julia-master/src/toplevel.c:263 [inlined]
│  jl_toplevel_eval_flex at /cache/build/builder-amdci4-3/julialang/julia-master/src/toplevel.c:665
│  jl_eval_toplevel_stmts at /cache/build/builder-amdci4-3/julialang/julia-master/src/toplevel.c:602
│  jl_toplevel_eval_flex at /cache/build/builder-amdci4-3/julialang/julia-master/src/toplevel.c:684
│  ijl_toplevel_eval at /cache/build/builder-amdci4-3/julialang/julia-master/src/toplevel.c:782
│  ijl_toplevel_eval_in at /cache/build/builder-amdci4-3/julialang/julia-master/src/toplevel.c:827
│  eval at ./boot.jl:517
│  include_string at ./loading.jl:3131
│  _include at ./loading.jl:3191
│  include at ./Base.jl:323
│  include_package_for_output at ./loading.jl:3289
│  jfptr_include_package_for_output_1.1 at /root/.julia/juliaup/julia-nightly/lib/julia/sys.so (unknown line)
│  jl_apply at /cache/build/builder-amdci4-3/julialang/julia-master/src/julia.h:2300 [inlined]
│  do_call at /cache/build/builder-amdci4-3/julialang/julia-master/src/interpreter.c:123
│  eval_value at /cache/build/builder-amdci4-3/julialang/julia-master/src/interpreter.c:243
│  eval_stmt_value at /cache/build/builder-amdci4-3/julialang/julia-master/src/interpreter.c:194 [inlined]
│  eval_body at /cache/build/builder-amdci4-3/julialang/julia-master/src/interpreter.c:679
│  jl_interpret_toplevel_thunk at /cache/build/builder-amdci4-3/julialang/julia-master/src/interpreter.c:884
│  top-level scope at stdin:5
│  ijl_eval_thunk at /cache/build/builder-amdci4-3/julialang/julia-master/src/toplevel.c:768
│  jl_toplevel_eval_flex at /cache/build/builder-amdci4-3/julialang/julia-master/src/toplevel.c:712
│  jl_eval_toplevel_stmts at /cache/build/builder-amdci4-3/julialang/julia-master/src/toplevel.c:602
│  jl_toplevel_eval_flex at /cache/build/builder-amdci4-3/julialang/julia-master/src/toplevel.c:684
│  ijl_toplevel_eval at /cache/build/builder-amdci4-3/julialang/julia-master/src/toplevel.c:782
│  ijl_toplevel_eval_in at /cache/build/builder-amdci4-3/julialang/julia-master/src/toplevel.c:827
│  eval at ./boot.jl:517
│  include_string at ./loading.jl:3131
│  include_string at ./loading.jl:3141 [inlined]
│  exec_options at ./client.jl:342
│  _start at ./client.jl:585
│  jfptr__start_0.1 at /root/.julia/juliaup/julia-nightly/lib/julia/sys.so (unknown line)
│  jl_apply at /cache/build/builder-amdci4-3/julialang/julia-master/src/julia.h:2300 [inlined]
│  true_main at /cache/build/builder-amdci4-3/julialang/julia-master/src/jlapi.c:971
│  jl_repl_entrypoint at /cache/build/builder-amdci4-3/julialang/julia-master/src/jlapi.c:1138
│  main at /cache/build/builder-amdci4-3/julialang/julia-master/cli/loader_exe.c:58
│  unknown function (ip: 0x7b2d6c7d5249) at /lib/x86_64-linux-gnu/libc.so.6
│  __libc_start_main at /lib/x86_64-linux-gnu/libc.so.6 (unknown line)
│  unknown function (ip: 0x4010b8) at /workspace/srcdir/glibc-2.17/csu/../sysdeps/x86_64/start.S
│  Internal error: during type inference of
│  _pullback(Zygote.Context{false}, Zygote.var"#2206#2207", Array{Int64, 1}, Array{Int64, 1})
│  Encountered unexpected error in runtime:
│  TypeError(func=:typeassert, context="", expected=Union{Nothing, Array{Any, 1}, Core.SimpleVector}, got=Array{Core.MethodInstance, 1}(dims=(1,), mem=Memory{Core.MethodInstance}(1, 0x7b2d55396b80)[MethodInstance materialize(Array{Int64, 1}) from materialize(Any)]))
│  ijl_type_error_rt at /cache/build/builder-amdci4-3/julialang/julia-master/src/rtutils.c:121
│  ijl_type_error at /cache/build/builder-amdci4-3/julialang/julia-master/src/rtutils.c:140
│  compute_edges! at ./../usr/share/julia/Compiler/src/typeinfer.jl:822
│  finishinfer! at ./../usr/share/julia/Compiler/src/typeinfer.jl:668
│  finish_nocycle at ./../usr/share/julia/Compiler/src/typeinfer.jl:275
│  jfptr_finish_nocycle_1.1 at /root/.julia/juliaup/julia-nightly/lib/julia/sys.so (unknown line)
│  typeinf at ./../usr/share/julia/Compiler/src/abstractinterpretation.jl:4804
│  typeinf_ext at ./../usr/share/julia/Compiler/src/typeinfer.jl:1535
│  typeinf_ext_toplevel at ./../usr/share/julia/Compiler/src/typeinfer.jl:1718 [inlined]
│  typeinf_ext_toplevel at ./../usr/share/julia/Compiler/src/typeinfer.jl:1727
│  jfptr_typeinf_ext_toplevel_2.1 at /root/.julia/juliaup/julia-nightly/lib/julia/sys.so (unknown line)
│  jl_apply at /cache/build/builder-amdci4-3/julialang/julia-master/src/julia.h:2300 [inlined]
│  jl_type_infer at /cache/build/builder-amdci4-3/julialang/julia-master/src/gf.c:467
│  jl_compile_method_internal at /cache/build/builder-amdci4-3/julialang/julia-master/src/gf.c:3640
│  _jl_invoke at /cache/build/builder-amdci4-3/julialang/julia-master/src/gf.c:4105 [inlined]
│  ijl_apply_generic at /cache/build/builder-amdci4-3/julialang/julia-master/src/gf.c:4339
│  jl_apply at /cache/build/builder-amdci4-3/julialang/julia-master/src/julia.h:2300 [inlined]
│  jl_f__apply_iterate at /cache/build/builder-amdci4-3/julialang/julia-master/src/builtins.c:897
│  pullback at /workdir/depot/packages/Zygote/55SqB/src/compiler/interface.jl:96
│  pullback at /workdir/depot/packages/Zygote/55SqB/src/compiler/interface.jl:94
│  jl_apply at /cache/build/builder-amdci4-3/julialang/julia-master/src/julia.h:2300 [inlined]
│  jl_f__apply_iterate at /cache/build/builder-amdci4-3/julialang/julia-master/src/builtins.c:897
│  gradient at /workdir/depot/packages/Zygote/55SqB/src/compiler/interface.jl:153
│  jl_apply at /cache/build/builder-amdci4-3/julialang/julia-master/src/julia.h:2300 [inlined]
│  do_call at /cache/build/builder-amdci4-3/julialang/julia-master/src/interpreter.c:123
│  eval_value at /cache/build/builder-amdci4-3/julialang/julia-master/src/interpreter.c:243
│  eval_stmt_value at /cache/build/builder-amdci4-3/julialang/julia-master/src/interpreter.c:194 [inlined]
│  eval_body at /cache/build/builder-amdci4-3/julialang/julia-master/src/interpreter.c:679
│  jl_interpret_toplevel_thunk at /cache/build/builder-amdci4-3/julialang/julia-master/src/interpreter.c:884
│  top-level scope at /workdir/depot/packages/Zygote/55SqB/src/precompile.jl:18
│  ijl_eval_thunk at /cache/build/builder-amdci4-3/julialang/julia-master/src/toplevel.c:768
│  jl_toplevel_eval_flex at /cache/build/builder-amdci4-3/julialang/julia-master/src/toplevel.c:712
│  jl_eval_toplevel_stmts at /cache/build/builder-amdci4-3/julialang/julia-master/src/toplevel.c:602
│  jl_toplevel_eval_flex at /cache/build/builder-amdci4-3/julialang/julia-master/src/toplevel.c:684
│  ijl_toplevel_eval at /cache/build/builder-amdci4-3/julialang/julia-master/src/toplevel.c:782
│  ijl_toplevel_eval_in at /cache/build/builder-amdci4-3/julialang/julia-master/src/toplevel.c:827
│  eval at ./boot.jl:517
│  include_string at ./loading.jl:3131
│  _include at ./loading.jl:3191
│  include at ./Base.jl:324
│  IncludeInto at ./Base.jl:325
│  jfptr_IncludeInto_1.1 at /root/.julia/juliaup/julia-nightly/lib/julia/sys.so (unknown line)
│  jl_apply at /cache/build/builder-amdci4-3/julialang/julia-master/src/julia.h:2300 [inlined]
│  do_call at /cache/build/builder-amdci4-3/julialang/julia-master/src/interpreter.c:123
│  eval_value at /cache/build/builder-amdci4-3/julialang/julia-master/src/interpreter.c:243
│  eval_stmt_value at /cache/build/builder-amdci4-3/julialang/julia-master/src/interpreter.c:194 [inlined]
│  eval_body at /cache/build/builder-amdci4-3/julialang/julia-master/src/interpreter.c:679
│  eval_body at /cache/build/builder-amdci4-3/julialang/julia-master/src/interpreter.c:558
│  jl_interpret_toplevel_thunk at /cache/build/builder-amdci4-3/julialang/julia-master/src/interpreter.c:884
│  macro expansion at /workdir/depot/packages/Zygote/55SqB/src/Zygote.jl:68 [inlined]
│  macro expansion at /workdir/depot/packages/PrecompileTools/gn08A/src/workloads.jl:73 [inlined]
│  top-level scope at /workdir/depot/packages/Zygote/55SqB/src/Zygote.jl:85
│  ijl_eval_thunk at /cache/build/builder-amdci4-3/julialang/julia-master/src/toplevel.c:768
│  jl_toplevel_eval_flex at /cache/build/builder-amdci4-3/julialang/julia-master/src/toplevel.c:712
│  jl_eval_toplevel_stmts at /cache/build/builder-amdci4-3/julialang/julia-master/src/toplevel.c:602
│  jl_eval_module_expr at /cache/build/builder-amdci4-3/julialang/julia-master/src/toplevel.c:263 [inlined]
│  jl_toplevel_eval_flex at /cache/build/builder-amdci4-3/julialang/julia-master/src/toplevel.c:665
│  jl_eval_toplevel_stmts at /cache/build/builder-amdci4-3/julialang/julia-master/src/toplevel.c:602
│  jl_toplevel_eval_flex at /cache/build/builder-amdci4-3/julialang/julia-master/src/toplevel.c:684
│  ijl_toplevel_eval at /cache/build/builder-amdci4-3/julialang/julia-master/src/toplevel.c:782
│  ijl_toplevel_eval_in at /cache/build/builder-amdci4-3/julialang/julia-master/src/toplevel.c:827
│  eval at ./boot.jl:517
│  include_string at ./loading.jl:3131
│  _include at ./loading.jl:3191
│  include at ./Base.jl:323
│  include_package_for_output at ./loading.jl:3289
│  jfptr_include_package_for_output_1.1 at /root/.julia/juliaup/julia-nightly/lib/julia/sys.so (unknown line)
│  jl_apply at /cache/build/builder-amdci4-3/julialang/julia-master/src/julia.h:2300 [inlined]
│  do_call at /cache/build/builder-amdci4-3/julialang/julia-master/src/interpreter.c:123
│  eval_value at /cache/build/builder-amdci4-3/julialang/julia-master/src/interpreter.c:243
│  eval_stmt_value at /cache/build/builder-amdci4-3/julialang/julia-master/src/interpreter.c:194 [inlined]
│  eval_body at /cache/build/builder-amdci4-3/julialang/julia-master/src/interpreter.c:679
│  jl_interpret_toplevel_thunk at /cache/build/builder-amdci4-3/julialang/julia-master/src/interpreter.c:884
│  top-level scope at stdin:5
│  ijl_eval_thunk at /cache/build/builder-amdci4-3/julialang/julia-master/src/toplevel.c:768
│  jl_toplevel_eval_flex at /cache/build/builder-amdci4-3/julialang/julia-master/src/toplevel.c:712
│  jl_eval_toplevel_stmts at /cache/build/builder-amdci4-3/julialang/julia-master/src/toplevel.c:602
│  jl_toplevel_eval_flex at /cache/build/builder-amdci4-3/julialang/julia-master/src/toplevel.c:684
│  ijl_toplevel_eval at /cache/build/builder-amdci4-3/julialang/julia-master/src/toplevel.c:782
│  ijl_toplevel_eval_in at /cache/build/builder-amdci4-3/julialang/julia-master/src/toplevel.c:827
│  eval at ./boot.jl:517
│  include_string at ./loading.jl:3131
│  include_string at ./loading.jl:3141 [inlined]
│  exec_options at ./client.jl:342
│  _start at ./client.jl:585
│  jfptr__start_0.1 at /root/.julia/juliaup/julia-nightly/lib/julia/sys.so (unknown line)
│  jl_apply at /cache/build/builder-amdci4-3/julialang/julia-master/src/julia.h:2300 [inlined]
│  true_main at /cache/build/builder-amdci4-3/julialang/julia-master/src/jlapi.c:971
│  jl_repl_entrypoint at /cache/build/builder-amdci4-3/julialang/julia-master/src/jlapi.c:1138
│  main at /cache/build/builder-amdci4-3/julialang/julia-master/cli/loader_exe.c:58
│  unknown function (ip: 0x7b2d6c7d5249) at /lib/x86_64-linux-gnu/libc.so.6
│  __libc_start_main at /lib/x86_64-linux-gnu/libc.so.6 (unknown line)
│  unknown function (ip: 0x4010b8) at /workspace/srcdir/glibc-2.17/csu/../sysdeps/x86_64/start.S
│  Internal error: during type inference of
│  (::Zygote.var"#pullback##0#pullback##1"{Zygote.Pullback{Tuple{Zygote.var"#2206#2207", Array{Int64, 1}, Array{Int64, 1}}, Tuple{Zygote.var"#1681#1682"{Zygote.var"#1679#1680"{Array{Int64, 1}, Array{Int64, 1}}}, Zygote.ZBack{ChainRules.var"#sum_pullback#551"{Base.Colon, Array{Int64, 1}, ChainRulesCore.ProjectTo{AbstractArray{T, N} where N where T, NamedTuple{(:element, :axes), Tuple{ChainRulesCore.ProjectTo{Float64, NamedTuple{(), Tuple{}}}, Tuple{Base.OneTo{Int64}}}}}}}, Zygote.Pullback{Tuple{typeof(Base.Broadcast.materialize), Array{Int64, 1}}, Tuple{}}}}})(Int64)
│  Encountered unexpected error in runtime:
│  TypeError(func=:typeassert, context="", expected=Union{Nothing, Array{Any, 1}, Core.SimpleVector}, got=Array{Core.MethodInstance, 1}(dims=(1,), mem=Memory{Core.MethodInstance}(1, 0x7b2d53c4c580)[MethodInstance materialize(Array{Int64, 1}) from materialize(Any)]))
│  ijl_type_error_rt at /cache/build/builder-amdci4-3/julialang/julia-master/src/rtutils.c:121
│  ijl_type_error at /cache/build/builder-amdci4-3/julialang/julia-master/src/rtutils.c:140
│  compute_edges! at ./../usr/share/julia/Compiler/src/typeinfer.jl:822
│  finishinfer! at ./../usr/share/julia/Compiler/src/typeinfer.jl:668
│  finish_nocycle at ./../usr/share/julia/Compiler/src/typeinfer.jl:275
│  jfptr_finish_nocycle_1.1 at /root/.julia/juliaup/julia-nightly/lib/julia/sys.so (unknown line)
│  typeinf at ./../usr/share/julia/Compiler/src/abstractinterpretation.jl:4804
│  typeinf_ext at ./../usr/share/julia/Compiler/src/typeinfer.jl:1535
│  typeinf_ext_toplevel at ./../usr/share/julia/Compiler/src/typeinfer.jl:1718 [inlined]
│  typeinf_ext_toplevel at ./../usr/share/julia/Compiler/src/typeinfer.jl:1727
│  jfptr_typeinf_ext_toplevel_2.1 at /root/.julia/juliaup/julia-nightly/lib/julia/sys.so (unknown line)
│  jl_apply at /cache/build/builder-amdci4-3/julialang/julia-master/src/julia.h:2300 [inlined]
│  jl_type_infer at /cache/build/builder-amdci4-3/julialang/julia-master/src/gf.c:467
│  jl_compile_method_internal at /cache/build/builder-amdci4-3/julialang/julia-master/src/gf.c:3640
│  _jl_invoke at /cache/build/builder-amdci4-3/julialang/julia-master/src/gf.c:4105 [inlined]
│  ijl_apply_generic at /cache/build/builder-amdci4-3/julialang/julia-master/src/gf.c:4339
│  gradient at /workdir/depot/packages/Zygote/55SqB/src/compiler/interface.jl:154
│  jl_apply at /cache/build/builder-amdci4-3/julialang/julia-master/src/julia.h:2300 [inlined]
│  do_call at /cache/build/builder-amdci4-3/julialang/julia-master/src/interpreter.c:123
│  eval_value at /cache/build/builder-amdci4-3/julialang/julia-master/src/interpreter.c:243
│  eval_stmt_value at /cache/build/builder-amdci4-3/julialang/julia-master/src/interpreter.c:194 [inlined]
│  eval_body at /cache/build/builder-amdci4-3/julialang/julia-master/src/interpreter.c:679
│  jl_interpret_toplevel_thunk at /cache/build/builder-amdci4-3/julialang/julia-master/src/interpreter.c:884
│  top-level scope at /workdir/depot/packages/Zygote/55SqB/src/precompile.jl:18
│  ijl_eval_thunk at /cache/build/builder-amdci4-3/julialang/julia-master/src/toplevel.c:768
│  jl_toplevel_eval_flex at /cache/build/builder-amdci4-3/julialang/julia-master/src/toplevel.c:712
│  jl_eval_toplevel_stmts at /cache/build/builder-amdci4-3/julialang/julia-master/src/toplevel.c:602
│  jl_toplevel_eval_flex at /cache/build/builder-amdci4-3/julialang/julia-master/src/toplevel.c:684
│  ijl_toplevel_eval at /cache/build/builder-amdci4-3/julialang/julia-master/src/toplevel.c:782
│  ijl_toplevel_eval_in at /cache/build/builder-amdci4-3/julialang/julia-master/src/toplevel.c:827
│  eval at ./boot.jl:517
│  include_string at ./loading.jl:3131
│  _include at ./loading.jl:3191
│  include at ./Base.jl:324
│  IncludeInto at ./Base.jl:325
│  jfptr_IncludeInto_1.1 at /root/.julia/juliaup/julia-nightly/lib/julia/sys.so (unknown line)
│  jl_apply at /cache/build/builder-amdci4-3/julialang/julia-master/src/julia.h:2300 [inlined]
│  do_call at /cache/build/builder-amdci4-3/julialang/julia-master/src/interpreter.c:123
│  eval_value at /cache/build/builder-amdci4-3/julialang/julia-master/src/interpreter.c:243
│  eval_stmt_value at /cache/build/builder-amdci4-3/julialang/julia-master/src/interpreter.c:194 [inlined]
│  eval_body at /cache/build/builder-amdci4-3/julialang/julia-master/src/interpreter.c:679
│  eval_body at /cache/build/builder-amdci4-3/julialang/julia-master/src/interpreter.c:558
│  jl_interpret_toplevel_thunk at /cache/build/builder-amdci4-3/julialang/julia-master/src/interpreter.c:884
│  macro expansion at /workdir/depot/packages/Zygote/55SqB/src/Zygote.jl:68 [inlined]
│  macro expansion at /workdir/depot/packages/PrecompileTools/gn08A/src/workloads.jl:73 [inlined]
│  top-level scope at /workdir/depot/packages/Zygote/55SqB/src/Zygote.jl:85
│  ijl_eval_thunk at /cache/build/builder-amdci4-3/julialang/julia-master/src/toplevel.c:768
│  jl_toplevel_eval_flex at /cache/build/builder-amdci4-3/julialang/julia-master/src/toplevel.c:712
│  jl_eval_toplevel_stmts at /cache/build/builder-amdci4-3/julialang/julia-master/src/toplevel.c:602
│  jl_eval_module_expr at /cache/build/builder-amdci4-3/julialang/julia-master/src/toplevel.c:263 [inlined]
│  jl_toplevel_eval_flex at /cache/build/builder-amdci4-3/julialang/julia-master/src/toplevel.c:665
│  jl_eval_toplevel_stmts at /cache/build/builder-amdci4-3/julialang/julia-master/src/toplevel.c:602
│  jl_toplevel_eval_flex at /cache/build/builder-amdci4-3/julialang/julia-master/src/toplevel.c:684
│  ijl_toplevel_eval at /cache/build/builder-amdci4-3/julialang/julia-master/src/toplevel.c:782
│  ijl_toplevel_eval_in at /cache/build/builder-amdci4-3/julialang/julia-master/src/toplevel.c:827
│  eval at ./boot.jl:517
│  include_string at ./loading.jl:3131
│  _include at ./loading.jl:3191
│  include at ./Base.jl:323
│  include_package_for_output at ./loading.jl:3289
│  jfptr_include_package_for_output_1.1 at /root/.julia/juliaup/julia-nightly/lib/julia/sys.so (unknown line)
│  jl_apply at /cache/build/builder-amdci4-3/julialang/julia-master/src/julia.h:2300 [inlined]
│  do_call at /cache/build/builder-amdci4-3/julialang/julia-master/src/interpreter.c:123
│  eval_value at /cache/build/builder-amdci4-3/julialang/julia-master/src/interpreter.c:243
│  eval_stmt_value at /cache/build/builder-amdci4-3/julialang/julia-master/src/interpreter.c:194 [inlined]
│  eval_body at /cache/build/builder-amdci4-3/julialang/julia-master/src/interpreter.c:679
│  jl_interpret_toplevel_thunk at /cache/build/builder-amdci4-3/julialang/julia-master/src/interpreter.c:884
│  top-level scope at stdin:5
│  ijl_eval_thunk at /cache/build/builder-amdci4-3/julialang/julia-master/src/toplevel.c:768
│  jl_toplevel_eval_flex at /cache/build/builder-amdci4-3/julialang/julia-master/src/toplevel.c:712
│  jl_eval_toplevel_stmts at /cache/build/builder-amdci4-3/julialang/julia-master/src/toplevel.c:602
│  jl_toplevel_eval_flex at /cache/build/builder-amdci4-3/julialang/julia-master/src/toplevel.c:684
│  ijl_toplevel_eval at /cache/build/builder-amdci4-3/julialang/julia-master/src/toplevel.c:782
│  ijl_toplevel_eval_in at /cache/build/builder-amdci4-3/julialang/julia-master/src/toplevel.c:827
│  eval at ./boot.jl:517
│  include_string at ./loading.jl:3131
│  include_string at ./loading.jl:3141 [inlined]
│  exec_options at ./client.jl:342
│  _start at ./client.jl:585
│  jfptr__start_0.1 at /root/.julia/juliaup/julia-nightly/lib/julia/sys.so (unknown line)
│  jl_apply at /cache/build/builder-amdci4-3/julialang/julia-master/src/julia.h:2300 [inlined]
│  true_main at /cache/build/builder-amdci4-3/julialang/julia-master/src/jlapi.c:971
│  jl_repl_entrypoint at /cache/build/builder-amdci4-3/julialang/julia-master/src/jlapi.c:1138
│  main at /cache/build/builder-amdci4-3/julialang/julia-master/cli/loader_exe.c:58
│  unknown function (ip: 0x7b2d6c7d5249) at /lib/x86_64-linux-gnu/libc.so.6
│  __libc_start_main at /lib/x86_64-linux-gnu/libc.so.6 (unknown line)
│  unknown function (ip: 0x4010b8) at /workspace/srcdir/glibc-2.17/csu/../sysdeps/x86_64/start.S
│  Internal error: during type inference of
│  _pullback(Zygote.Context{false}, Zygote.var"#2209#2210", Array{Float64, 1})
│  Encountered unexpected error in runtime:
│  TypeError(func=:typeassert, context="", expected=Union{Nothing, Array{Any, 1}, Core.SimpleVector}, got=Array{Core.MethodInstance, 1}(dims=(1,), mem=Memory{Core.MethodInstance}(1, 0x7b2d447c7500)[MethodInstance materialize(Array{Float32, 1}) from materialize(Any)]))
│  ijl_type_error_rt at /cache/build/builder-amdci4-3/julialang/julia-master/src/rtutils.c:121
│  ijl_type_error at /cache/build/builder-amdci4-3/julialang/julia-master/src/rtutils.c:140
│  compute_edges! at ./../usr/share/julia/Compiler/src/typeinfer.jl:822
│  finishinfer! at ./../usr/share/julia/Compiler/src/typeinfer.jl:668
│  finish_nocycle at ./../usr/share/julia/Compiler/src/typeinfer.jl:275
│  jfptr_finish_nocycle_1.1 at /root/.julia/juliaup/julia-nightly/lib/julia/sys.so (unknown line)
│  typeinf at ./../usr/share/julia/Compiler/src/abstractinterpretation.jl:4804
│  typeinf_ext at ./../usr/share/julia/Compiler/src/typeinfer.jl:1535
│  typeinf_ext_toplevel at ./../usr/share/julia/Compiler/src/typeinfer.jl:1718 [inlined]
│  typeinf_ext_toplevel at ./../usr/share/julia/Compiler/src/typeinfer.jl:1727
│  jfptr_typeinf_ext_toplevel_2.1 at /root/.julia/juliaup/julia-nightly/lib/julia/sys.so (unknown line)
│  jl_apply at /cache/build/builder-amdci4-3/julialang/julia-master/src/julia.h:2300 [inlined]
│  jl_type_infer at /cache/build/builder-amdci4-3/julialang/julia-master/src/gf.c:467
│  jl_compile_method_internal at /cache/build/builder-amdci4-3/julialang/julia-master/src/gf.c:3640
│  _jl_invoke at /cache/build/builder-amdci4-3/julialang/julia-master/src/gf.c:4105 [inlined]
│  ijl_apply_generic at /cache/build/builder-amdci4-3/julialang/julia-master/src/gf.c:4339
│  pullback at /workdir/depot/packages/Zygote/55SqB/src/compiler/interface.jl:96
│  pullback at /workdir/depot/packages/Zygote/55SqB/src/compiler/interface.jl:94 [inlined]
│  gradient at /workdir/depot/packages/Zygote/55SqB/src/compiler/interface.jl:153
│  unknown function (ip: 0x7b2d3c9c92e8) at (unknown file)
│  jl_apply at /cache/build/builder-amdci4-3/julialang/julia-master/src/julia.h:2300 [inlined]
│  do_call at /cache/build/builder-amdci4-3/julialang/julia-master/src/interpreter.c:123
│  eval_value at /cache/build/builder-amdci4-3/julialang/julia-master/src/interpreter.c:243
│  eval_stmt_value at /cache/build/builder-amdci4-3/julialang/julia-master/src/interpreter.c:194 [inlined]
│  eval_body at /cache/build/builder-amdci4-3/julialang/julia-master/src/interpreter.c:679
│  jl_interpret_toplevel_thunk at /cache/build/builder-amdci4-3/julialang/julia-master/src/interpreter.c:884
│  top-level scope at /workdir/depot/packages/Zygote/55SqB/src/precompile.jl:20
│  ijl_eval_thunk at /cache/build/builder-amdci4-3/julialang/julia-master/src/toplevel.c:768
│  jl_toplevel_eval_flex at /cache/build/builder-amdci4-3/julialang/julia-master/src/toplevel.c:712
│  jl_eval_toplevel_stmts at /cache/build/builder-amdci4-3/julialang/julia-master/src/toplevel.c:602
│  jl_toplevel_eval_flex at /cache/build/builder-amdci4-3/julialang/julia-master/src/toplevel.c:684
│  ijl_toplevel_eval at /cache/build/builder-amdci4-3/julialang/julia-master/src/toplevel.c:782
│  ijl_toplevel_eval_in at /cache/build/builder-amdci4-3/julialang/julia-master/src/toplevel.c:827
│  eval at ./boot.jl:517
│  include_string at ./loading.jl:3131
│  _include at ./loading.jl:3191
│  include at ./Base.jl:324
│  IncludeInto at ./Base.jl:325
│  jfptr_IncludeInto_1.1 at /root/.julia/juliaup/julia-nightly/lib/julia/sys.so (unknown line)
│  jl_apply at /cache/build/builder-amdci4-3/julialang/julia-master/src/julia.h:2300 [inlined]
│  do_call at /cache/build/builder-amdci4-3/julialang/julia-master/src/interpreter.c:123
│  eval_value at /cache/build/builder-amdci4-3/julialang/julia-master/src/interpreter.c:243
│  eval_stmt_value at /cache/build/builder-amdci4-3/julialang/julia-master/src/interpreter.c:194 [inlined]
│  eval_body at /cache/build/builder-amdci4-3/julialang/julia-master/src/interpreter.c:679
│  eval_body at /cache/build/builder-amdci4-3/julialang/julia-master/src/interpreter.c:558
│  jl_interpret_toplevel_thunk at /cache/build/builder-amdci4-3/julialang/julia-master/src/interpreter.c:884
│  macro expansion at /workdir/depot/packages/Zygote/55SqB/src/Zygote.jl:68 [inlined]
│  macro expansion at /workdir/depot/packages/PrecompileTools/gn08A/src/workloads.jl:73 [inlined]
│  top-level scope at /workdir/depot/packages/Zygote/55SqB/src/Zygote.jl:85
│  ijl_eval_thunk at /cache/build/builder-amdci4-3/julialang/julia-master/src/toplevel.c:768
│  jl_toplevel_eval_flex at /cache/build/builder-amdci4-3/julialang/julia-master/src/toplevel.c:712
│  jl_eval_toplevel_stmts at /cache/build/builder-amdci4-3/julialang/julia-master/src/toplevel.c:602
│  jl_eval_module_expr at /cache/build/builder-amdci4-3/julialang/julia-master/src/toplevel.c:263 [inlined]
│  jl_toplevel_eval_flex at /cache/build/builder-amdci4-3/julialang/julia-master/src/toplevel.c:665
│  jl_eval_toplevel_stmts at /cache/build/builder-amdci4-3/julialang/julia-master/src/toplevel.c:602
│  jl_toplevel_eval_flex at /cache/build/builder-amdci4-3/julialang/julia-master/src/toplevel.c:684
│  ijl_toplevel_eval at /cache/build/builder-amdci4-3/julialang/julia-master/src/toplevel.c:782
│  ijl_toplevel_eval_in at /cache/build/builder-amdci4-3/julialang/julia-master/src/toplevel.c:827
│  eval at ./boot.jl:517
│  include_string at ./loading.jl:3131
│  _include at ./loading.jl:3191
│  include at ./Base.jl:323
│  include_package_for_output at ./loading.jl:3289
│  jfptr_include_package_for_output_1.1 at /root/.julia/juliaup/julia-nightly/lib/julia/sys.so (unknown line)
│  jl_apply at /cache/build/builder-amdci4-3/julialang/julia-master/src/julia.h:2300 [inlined]
│  do_call at /cache/build/builder-amdci4-3/julialang/julia-master/src/interpreter.c:123
│  eval_value at /cache/build/builder-amdci4-3/julialang/julia-master/src/interpreter.c:243
│  eval_stmt_value at /cache/build/builder-amdci4-3/julialang/julia-master/src/interpreter.c:194 [inlined]
│  eval_body at /cache/build/builder-amdci4-3/julialang/julia-master/src/interpreter.c:679
│  jl_interpret_toplevel_thunk at /cache/build/builder-amdci4-3/julialang/julia-master/src/interpreter.c:884
│  top-level scope at stdin:5
│  ijl_eval_thunk at /cache/build/builder-amdci4-3/julialang/julia-master/src/toplevel.c:768
│  jl_toplevel_eval_flex at /cache/build/builder-amdci4-3/julialang/julia-master/src/toplevel.c:712
│  jl_eval_toplevel_stmts at /cache/build/builder-amdci4-3/julialang/julia-master/src/toplevel.c:602
│  jl_toplevel_eval_flex at /cache/build/builder-amdci4-3/julialang/julia-master/src/toplevel.c:684
│  ijl_toplevel_eval at /cache/build/builder-amdci4-3/julialang/julia-master/src/toplevel.c:782
│  ijl_toplevel_eval_in at /cache/build/builder-amdci4-3/julialang/julia-master/src/toplevel.c:827
│  eval at ./boot.jl:517
│  include_string at ./loading.jl:3131
│  include_string at ./loading.jl:3141 [inlined]
│  exec_options at ./client.jl:342
│  _start at ./client.jl:585
│  jfptr__start_0.1 at /root/.julia/juliaup/julia-nightly/lib/julia/sys.so (unknown line)
│  jl_apply at /cache/build/builder-amdci4-3/julialang/julia-master/src/julia.h:2300 [inlined]
│  true_main at /cache/build/builder-amdci4-3/julialang/julia-master/src/jlapi.c:971
│  jl_repl_entrypoint at /cache/build/builder-amdci4-3/julialang/julia-master/src/jlapi.c:1138
│  main at /cache/build/builder-amdci4-3/julialang/julia-master/cli/loader_exe.c:58
│  unknown function (ip: 0x7b2d6c7d5249) at /lib/x86_64-linux-gnu/libc.so.6
│  __libc_start_main at /lib/x86_64-linux-gnu/libc.so.6 (unknown line)
│  unknown function (ip: 0x4010b8) at /workspace/srcdir/glibc-2.17/csu/../sysdeps/x86_64/start.S
│  Internal error: during type inference of
│  (::Zygote.var"#pullback##0#pullback##1"{Zygote.Pullback{Tuple{Zygote.var"#2209#2210", Array{Float64, 1}}, Tuple{Zygote.ZBack{ChainRules.var"#sum_pullback#551"{Base.Colon, Array{Float32, 1}, ChainRulesCore.ProjectTo{AbstractArray{T, N} where N where T, NamedTuple{(:element, :axes), Tuple{ChainRulesCore.ProjectTo{Float32, NamedTuple{(), Tuple{}}}, Tuple{Base.OneTo{Int64}}}}}}}, Zygote.Pullback{Tuple{typeof(Base.Broadcast.materialize), Array{Float32, 1}}, Tuple{}}, Zygote.var"#1912#1913"{Zygote.var"#1910#1911"{Array{Float64, 1}}}}}})(Float32)
│  Encountered unexpected error in runtime:
│  TypeError(func=:typeassert, context="", expected=Union{Nothing, Array{Any, 1}, Core.SimpleVector}, got=Array{Core.MethodInstance, 1}(dims=(1,), mem=Memory{Core.MethodInstance}(1, 0x7b2d43976560)[MethodInstance materialize(Array{Float32, 1}) from materialize(Any)]))
│  ijl_type_error_rt at /cache/build/builder-amdci4-3/julialang/julia-master/src/rtutils.c:121
│  ijl_type_error at /cache/build/builder-amdci4-3/julialang/julia-master/src/rtutils.c:140
│  compute_edges! at ./../usr/share/julia/Compiler/src/typeinfer.jl:822
│  finishinfer! at ./../usr/share/julia/Compiler/src/typeinfer.jl:668
│  finish_nocycle at ./../usr/share/julia/Compiler/src/typeinfer.jl:275
│  jfptr_finish_nocycle_1.1 at /root/.julia/juliaup/julia-nightly/lib/julia/sys.so (unknown line)
│  typeinf at ./../usr/share/julia/Compiler/src/abstractinterpretation.jl:4804
│  typeinf_ext at ./../usr/share/julia/Compiler/src/typeinfer.jl:1535
│  typeinf_ext_toplevel at ./../usr/share/julia/Compiler/src/typeinfer.jl:1718 [inlined]
│  typeinf_ext_toplevel at ./../usr/share/julia/Compiler/src/typeinfer.jl:1727
│  jfptr_typeinf_ext_toplevel_2.1 at /root/.julia/juliaup/julia-nightly/lib/julia/sys.so (unknown line)
│  jl_apply at /cache/build/builder-amdci4-3/julialang/julia-master/src/julia.h:2300 [inlined]
│  jl_type_infer at /cache/build/builder-amdci4-3/julialang/julia-master/src/gf.c:467
│  jl_compile_method_internal at /cache/build/builder-amdci4-3/julialang/julia-master/src/gf.c:3640
│  _jl_invoke at /cache/build/builder-amdci4-3/julialang/julia-master/src/gf.c:4105 [inlined]
│  ijl_apply_generic at /cache/build/builder-amdci4-3/julialang/julia-master/src/gf.c:4339
│  gradient at /workdir/depot/packages/Zygote/55SqB/src/compiler/interface.jl:154
│  unknown function (ip: 0x7b2d3c9c92e8) at (unknown file)
│  jl_apply at /cache/build/builder-amdci4-3/julialang/julia-master/src/julia.h:2300 [inlined]
│  do_call at /cache/build/builder-amdci4-3/julialang/julia-master/src/interpreter.c:123
│  eval_value at /cache/build/builder-amdci4-3/julialang/julia-master/src/interpreter.c:243
│  eval_stmt_value at /cache/build/builder-amdci4-3/julialang/julia-master/src/interpreter.c:194 [inlined]
│  eval_body at /cache/build/builder-amdci4-3/julialang/julia-master/src/interpreter.c:679
│  jl_interpret_toplevel_thunk at /cache/build/builder-amdci4-3/julialang/julia-master/src/interpreter.c:884
│  top-level scope at /workdir/depot/packages/Zygote/55SqB/src/precompile.jl:20
│  ijl_eval_thunk at /cache/build/builder-amdci4-3/julialang/julia-master/src/toplevel.c:768
│  jl_toplevel_eval_flex at /cache/build/builder-amdci4-3/julialang/julia-master/src/toplevel.c:712
│  jl_eval_toplevel_stmts at /cache/build/builder-amdci4-3/julialang/julia-master/src/toplevel.c:602
│  jl_toplevel_eval_flex at /cache/build/builder-amdci4-3/julialang/julia-master/src/toplevel.c:684
│  ijl_toplevel_eval at /cache/build/builder-amdci4-3/julialang/julia-master/src/toplevel.c:782
│  ijl_toplevel_eval_in at /cache/build/builder-amdci4-3/julialang/julia-master/src/toplevel.c:827
│  eval at ./boot.jl:517
│  include_string at ./loading.jl:3131
│  _include at ./loading.jl:3191
│  include at ./Base.jl:324
│  IncludeInto at ./Base.jl:325
│  jfptr_IncludeInto_1.1 at /root/.julia/juliaup/julia-nightly/lib/julia/sys.so (unknown line)
│  jl_apply at /cache/build/builder-amdci4-3/julialang/julia-master/src/julia.h:2300 [inlined]
│  do_call at /cache/build/builder-amdci4-3/julialang/julia-master/src/interpreter.c:123
│  eval_value at /cache/build/builder-amdci4-3/julialang/julia-master/src/interpreter.c:243
│  eval_stmt_value at /cache/build/builder-amdci4-3/julialang/julia-master/src/interpreter.c:194 [inlined]
│  eval_body at /cache/build/builder-amdci4-3/julialang/julia-master/src/interpreter.c:679
│  eval_body at /cache/build/builder-amdci4-3/julialang/julia-master/src/interpreter.c:558
│  jl_interpret_toplevel_thunk at /cache/build/builder-amdci4-3/julialang/julia-master/src/interpreter.c:884
│  macro expansion at /workdir/depot/packages/Zygote/55SqB/src/Zygote.jl:68 [inlined]
│  macro expansion at /workdir/depot/packages/PrecompileTools/gn08A/src/workloads.jl:73 [inlined]
│  top-level scope at /workdir/depot/packages/Zygote/55SqB/src/Zygote.jl:85
│  ijl_eval_thunk at /cache/build/builder-amdci4-3/julialang/julia-master/src/toplevel.c:768
│  jl_toplevel_eval_flex at /cache/build/builder-amdci4-3/julialang/julia-master/src/toplevel.c:712
│  jl_eval_toplevel_stmts at /cache/build/builder-amdci4-3/julialang/julia-master/src/toplevel.c:602
│  jl_eval_module_expr at /cache/build/builder-amdci4-3/julialang/julia-master/src/toplevel.c:263 [inlined]
│  jl_toplevel_eval_flex at /cache/build/builder-amdci4-3/julialang/julia-master/src/toplevel.c:665
│  jl_eval_toplevel_stmts at /cache/build/builder-amdci4-3/julialang/julia-master/src/toplevel.c:602
│  jl_toplevel_eval_flex at /cache/build/builder-amdci4-3/julialang/julia-master/src/toplevel.c:684
│  ijl_toplevel_eval at /cache/build/builder-amdci4-3/julialang/julia-master/src/toplevel.c:782
│  ijl_toplevel_eval_in at /cache/build/builder-amdci4-3/julialang/julia-master/src/toplevel.c:827
│  eval at ./boot.jl:517
│  include_string at ./loading.jl:3131
│  _include at ./loading.jl:3191
│  include at ./Base.jl:323
│  include_package_for_output at ./loading.jl:3289
│  jfptr_include_package_for_output_1.1 at /root/.julia/juliaup/julia-nightly/lib/julia/sys.so (unknown line)
│  jl_apply at /cache/build/builder-amdci4-3/julialang/julia-master/src/julia.h:2300 [inlined]
│  do_call at /cache/build/builder-amdci4-3/julialang/julia-master/src/interpreter.c:123
│  eval_value at /cache/build/builder-amdci4-3/julialang/julia-master/src/interpreter.c:243
│  eval_stmt_value at /cache/build/builder-amdci4-3/julialang/julia-master/src/interpreter.c:194 [inlined]
│  eval_body at /cache/build/builder-amdci4-3/julialang/julia-master/src/interpreter.c:679
│  jl_interpret_toplevel_thunk at /cache/build/builder-amdci4-3/julialang/julia-master/src/interpreter.c:884
│  top-level scope at stdin:5
│  ijl_eval_thunk at /cache/build/builder-amdci4-3/julialang/julia-master/src/toplevel.c:768
│  jl_toplevel_eval_flex at /cache/build/builder-amdci4-3/julialang/julia-master/src/toplevel.c:712
│  jl_eval_toplevel_stmts at /cache/build/builder-amdci4-3/julialang/julia-master/src/toplevel.c:602
│  jl_toplevel_eval_flex at /cache/build/builder-amdci4-3/julialang/julia-master/src/toplevel.c:684
│  ijl_toplevel_eval at /cache/build/builder-amdci4-3/julialang/julia-master/src/toplevel.c:782
│  ijl_toplevel_eval_in at /cache/build/builder-amdci4-3/julialang/julia-master/src/toplevel.c:827
│  eval at ./boot.jl:517
│  include_string at ./loading.jl:3131
│  include_string at ./loading.jl:3141 [inlined]
│  exec_options at ./client.jl:342
│  _start at ./client.jl:585
│  jfptr__start_0.1 at /root/.julia/juliaup/julia-nightly/lib/julia/sys.so (unknown line)
│  jl_apply at /cache/build/builder-amdci4-3/julialang/julia-master/src/julia.h:2300 [inlined]
│  true_main at /cache/build/builder-amdci4-3/julialang/julia-master/src/jlapi.c:971
│  jl_repl_entrypoint at /cache/build/builder-amdci4-3/julialang/julia-master/src/jlapi.c:1138
│  main at /cache/build/builder-amdci4-3/julialang/julia-master/cli/loader_exe.c:58
│  unknown function (ip: 0x7b2d6c7d5249) at /lib/x86_64-linux-gnu/libc.so.6
│  __libc_start_main at /lib/x86_64-linux-gnu/libc.so.6 (unknown line)
│  unknown function (ip: 0x4010b8) at /workspace/srcdir/glibc-2.17/csu/../sysdeps/x86_64/start.S
│  fatal: error thrown and no exception handler available.
│  TypeError(func=:typeassert, context="", expected=Union{Nothing, Array{Any, 1}, Core.SimpleVector}, got=Array{Core.MethodInstance, 1}(dims=(1,), mem=Memory{Core.MethodInstance}(1, 0x7b2d4392c800)[MethodInstance materialize(Array{Float32, 1}) from materialize(Any)]))
│  ijl_type_error_rt at /cache/build/builder-amdci4-3/julialang/julia-master/src/rtutils.c:121
│  ijl_type_error at /cache/build/builder-amdci4-3/julialang/julia-master/src/rtutils.c:140
│  compute_edges! at ./../usr/share/julia/Compiler/src/typeinfer.jl:822
│  finishinfer! at ./../usr/share/julia/Compiler/src/typeinfer.jl:668
│  finish_nocycle at ./../usr/share/julia/Compiler/src/typeinfer.jl:275
│  jfptr_finish_nocycle_1.1 at /root/.julia/juliaup/julia-nightly/lib/julia/sys.so (unknown line)
│  typeinf at ./../usr/share/julia/Compiler/src/abstractinterpretation.jl:4804
│  typeinf_ext at ./../usr/share/julia/Compiler/src/typeinfer.jl:1535
│  jfptr_typeinf_ext_1.1 at /root/.julia/juliaup/julia-nightly/lib/julia/sys.so (unknown line)
│  #compile!#175 at ./../usr/share/julia/Compiler/src/typeinfer.jl:1745
│  compile! at ./../usr/share/julia/Compiler/src/typeinfer.jl:1730 [inlined]
│  typeinf_ext_toplevel at ./../usr/share/julia/Compiler/src/typeinfer.jl:1830
│  compile_and_emit_native at ./../usr/share/julia/Compiler/src/precompile.jl:421
│  jfptr_compile_and_emit_native_3.1 at /root/.julia/juliaup/julia-nightly/lib/julia/sys.so (unknown line)
│  jl_apply at /cache/build/builder-amdci4-3/julialang/julia-master/src/julia.h:2300 [inlined]
│  jl_create_native_impl at /cache/build/builder-amdci4-3/julialang/julia-master/src/aotcompile.cpp:576
│  ijl_create_system_image at /cache/build/builder-amdci4-3/julialang/julia-master/src/staticdata.c:3285
│  ijl_write_compiler_output at /cache/build/builder-amdci4-3/julialang/julia-master/src/precompile.c:140
│  ijl_atexit_hook at /cache/build/builder-amdci4-3/julialang/julia-master/src/init.c:280
│  jl_repl_entrypoint at /cache/build/builder-amdci4-3/julialang/julia-master/src/jlapi.c:1139
│  main at /cache/build/builder-amdci4-3/julialang/julia-master/cli/loader_exe.c:58
│  unknown function (ip: 0x7b2d6c7d5249) at /lib/x86_64-linux-gnu/libc.so.6
│  __libc_start_main at /lib/x86_64-linux-gnu/libc.so.6 (unknown line)
│  unknown function (ip: 0x4010b8) at /workspace/srcdir/glibc-2.17/csu/../sysdeps/x86_64/start.S
└  
ERROR: LoadError: The following 3 packages failed to precompile:

Flux 
Failed to precompile Flux [587475ba-b771-5e3f-ad9e-33799f191a9c] to "/workdir/depot/compiled/v1.14/Flux/jl_ZGfj66" (ProcessExited(1)).

MLDataDevices → ZygoteExt 
Failed to precompile ZygoteExt [9fe36af7-8e80-51e7-9405-1b34352d8990] to "/workdir/depot/compiled/v1.14/ZygoteExt/jl_bRyHEi" (ProcessExited(1)).

Zygote 
Failed to precompile Zygote [e88e6eb3-aa80-5325-afca-941959d7151f] to "/workdir/depot/compiled/v1.14/Zygote/jl_pF5REl" (ProcessExited(1)).

in expression starting at /tmp/tmp.ontMGvcsyP/Julia-TTFX-Snippets/tasks/F/Flux/Basic-Model-Gradient/task.jl:10
Command exited with non-zero status 1
	Command being timed: "nice -n -10 timeout -k120 -v 3600 julia +nightly --project=F/Flux/Basic-Model-Gradient F/Flux/Basic-Model-Gradient/task.jl"
	User time (seconds): 18.08
	System time (seconds): 1.01
	Percent of CPU this job got: 100%
	Elapsed (wall clock) time (h:mm:ss or m:ss): 0:19.01
	Average shared text size (kbytes): 0
	Average unshared data size (kbytes): 0
	Average stack size (kbytes): 0
	Average total size (kbytes): 0
	Maximum resident set size (kbytes): 794008
	Average resident set size (kbytes): 0
	Major (requiring I/O) page faults: 0
	Minor (reclaiming a frame) page faults: 370351
	Voluntary context switches: 447
	Involuntary context switches: 140
	Swaps: 0
	File system inputs: 0
	File system outputs: 248
	Socket messages sent: 0
	Socket messages received: 0
	Signals delivered: 0
	Page size (bytes): 4096
	Exit status: 1
