package_name,task_name,date,julia_version,hostname,hash,package_version,precompile_time,loading_time,task_time,precompile_cpu,task_cpu,precompile_resident,task_resident
Attractors,Multistability-Of-Discrete-Time-Systems,2025-07-24,1.11.6,jeb-kr-amherst,3004b15,1.26.4,92.631807,1.415132999420166,2.1694321632385254,331.0,114.0,2047428,520992
Attractors,Multistability-Of-Discrete-Time-Systems,2025-07-28,1.11.6,jeb-kr-amherst,3004b15,1.26.4,91.725026,1.4602150917053223,2.199460983276367,329.0,113.0,2058144,520656
Attractors,Multistability-Of-Discrete-Time-Systems,2025-08-01,1.11.6,jeb-kr-amherst,3004b15,1.26.4,92.640271,1.4359519481658936,2.2325520515441895,330.0,113.0,2033644,521412
Attractors,Multistability-Of-Discrete-Time-Systems,2025-08-05,1.11.6,jeb-kr-amherst,3004b15,1.26.4,91.036893,1.4383690357208252,2.207679033279419,330.0,116.0,2060744,521448
Attractors,Multistability-Of-Discrete-Time-Systems,2025-08-06,1.11.6,jeb-kr-amherst,3004b15,1.26.4,92.677527,1.4216370582580566,2.2149159908294678,330.0,116.0,2042944,521724
Attractors,Multistability-Of-Discrete-Time-Systems,2025-08-10,1.11.6,jeb-kr-amherst,3004b15,1.26.4,91.899119,1.4450209140777588,2.239917039871216,331.0,115.0,2044056,519972
Attractors,Multistability-Of-Discrete-Time-Systems,2025-08-14,1.11.6,jeb-kr-amherst,3004b15,1.26.4,79.659636,1.338313102722168,2.2432258129119873,339.0,116.0,2057888,496484
Attractors,Multistability-Of-Discrete-Time-Systems,2025-08-18,1.11.6,jeb-kr-amherst,3004b15,1.26.4,80.116078,1.3520641326904297,2.209773063659668,340.0,114.0,2032520,498108
Attractors,Multistability-Of-Discrete-Time-Systems,2025-08-22,1.11.6,jeb-kr-amherst,3004b15,1.26.4,79.477702,1.360124111175537,2.2462499141693115,339.0,114.0,2032728,498508
Attractors,Multistability-Of-Discrete-Time-Systems,2025-08-26,1.11.6,jeb-kr-amherst,3004b15,1.26.4,79.122439,1.3524770736694336,2.2054240703582764,339.0,115.0,2038204,499316
Attractors,Multistability-Of-Discrete-Time-Systems,2025-08-30,1.11.6,jeb-kr-amherst,3004b15,1.26.4,80.350491,1.3426430225372314,2.2019360065460205,338.0,114.0,2032820,496188
Attractors,Multistability-Of-Discrete-Time-Systems,2025-09-03,1.11.6,jeb-kr-amherst,3004b15,1.26.4,80.289144,1.3323171138763428,2.2289888858795166,339.0,118.0,2052712,496576
Attractors,Multistability-Of-Discrete-Time-Systems,2025-09-07,1.11.6,jeb-kr-amherst,3004b15,1.26.4,78.966365,1.3703370094299316,2.2390239238739014,337.0,114.0,2057248,497088
Attractors,Multistability-Of-Discrete-Time-Systems,2025-09-11,1.11.6,jeb-kr-amherst,3004b15,1.26.4,80.132353,1.347470998764038,2.269334077835083,338.0,114.0,2037864,496008
Attractors,Multistability-Of-Discrete-Time-Systems,2025-09-15,1.11.6,jeb-kr-amherst,3004b15,1.26.4,79.109758,1.3475561141967773,2.2764809131622314,338.0,116.0,2040200,499880
Attractors,Multistability-Of-Discrete-Time-Systems,2025-09-19,1.11.6,jeb-kr-amherst,3004b15,1.26.4,79.802717,1.3649699687957764,2.2277748584747314,339.0,115.0,2047080,497376
Attractors,Multistability-Of-Discrete-Time-Systems,2025-09-20,1.11.7,jeb-kr-amherst,3004b15,1.26.4,80.217431,1.3430240154266357,2.268906831741333,338.0,117.0,2066568,504336
Attractors,Multistability-Of-Discrete-Time-Systems,2025-09-24,1.11.7,jeb-kr-amherst,3004b15,1.26.4,81.17989,1.387834072113037,2.260053873062134,340.0,114.0,2028572,505548
Attractors,Multistability-Of-Discrete-Time-Systems,2025-09-28,1.11.7,jeb-kr-amherst,3004b15,1.26.4,79.875133,1.3306069374084473,2.200221061706543,338.0,117.0,2050136,504404
Attractors,Multistability-Of-Discrete-Time-Systems,2025-10-02,1.11.7,jeb-kr-amherst,3004b15,1.26.4,79.434368,1.3657269477844238,2.2229909896850586,338.0,115.0,2049096,503360
Attractors,Multistability-Of-Discrete-Time-Systems,2025-10-03,1.11.7,jeb-kr-amherst,3004b15,1.26.4,78.633909,1.3882780075073242,2.230573892593384,337.0,114.0,2063792,502440
Attractors,Multistability-Of-Discrete-Time-Systems,2025-10-06,1.11.7,jeb-kr-amherst,3004b15,1.26.4,79.764962,1.3681039810180664,2.234715223312378,338.0,116.0,2052384,503552
Attractors,Multistability-Of-Discrete-Time-Systems,2025-10-07,1.11.7,jeb-kr-amherst,3004b15,1.30.2,85.65199,1.3495371341705322,2.134838819503784,345.0,113.0,2047404,509220
Attractors,Multistability-Of-Discrete-Time-Systems,2025-10-10,1.11.7,jeb-kr-amherst,3004b15,1.26.4,79.41839,1.3734841346740723,2.225497007369995,338.0,114.0,2049568,506192
Attractors,Multistability-Of-Discrete-Time-Systems,2025-10-14,1.11.7,jeb-kr-amherst,3004b15,1.26.4,78.538181,1.3287091255187988,2.2146499156951904,336.0,118.0,2063500,504156
Attractors,Multistability-Of-Discrete-Time-Systems,2025-10-15,1.12.0,jeb-kr-amherst,3004b15,1.26.4,100.871154,1.1786141395568848,1.7604048252105713,330.0,113.0,2122396,541076
Attractors,Multistability-Of-Discrete-Time-Systems,2025-10-19,1.12.0,jeb-kr-amherst,3004b15,1.26.4,99.873956,1.216825008392334,1.7696399688720703,328.0,113.0,2116984,541812
Attractors,Multistability-Of-Discrete-Time-Systems,2025-10-23,1.12.0,jeb-kr-amherst,3004b15,1.26.4,100.451077,1.1799118518829346,1.7440102100372314,330.0,113.0,2121776,540692
Attractors,Multistability-Of-Discrete-Time-Systems,2025-10-24,1.12.0,jeb-kr-amherst,3004b15,1.26.4,101.733588,1.1807000637054443,1.7223539352416992,332.0,113.0,2122108,539984
Attractors,Multistability-Of-Discrete-Time-Systems,2025-10-25,1.12.1,jeb-kr-amherst,3004b15,1.26.4,101.603869,1.1757779121398926,1.727877140045166,331.0,113.0,2128360,543536
Attractors,Multistability-Of-Discrete-Time-Systems,2025-10-29,1.12.1,jeb-kr-amherst,3004b15,1.26.4,101.462794,1.2029750347137451,1.7371430397033691,330.0,113.0,2129784,544636
Attractors,Multistability-Of-Discrete-Time-Systems,2025-11-02,1.12.1,jeb-kr-amherst,3004b15,1.26.4,101.318889,1.1895320415496826,1.7222039699554443,329.0,112.0,2129488,542456
Attractors,Multistability-Of-Discrete-Time-Systems,2025-11-06,1.12.1,jeb-kr-amherst,3004b15,1.26.4,101.385319,1.2241358757019043,1.7240710258483887,329.0,112.0,2130820,542276
Attractors,Multistability-Of-Discrete-Time-Systems,2025-11-10,1.12.1,jeb-kr-amherst,3004b15,1.26.4,101.603105,1.1917979717254639,1.7172369956970215,329.0,113.0,2136656,543488
Attractors,Multistability-Of-Discrete-Time-Systems,2025-11-14,1.12.1,jeb-kr-amherst,3004b15,1.26.4,100.256212,1.1956779956817627,1.7376339435577393,331.0,113.0,2136340,545032
Attractors,Multistability-Of-Discrete-Time-Systems,2025-11-18,1.12.1,jeb-kr-amherst,3004b15,1.26.4,101.282211,1.188279151916504,1.7227299213409424,328.0,113.0,2130204,542464
Attractors,Multistability-Of-Discrete-Time-Systems,2025-11-23,1.12.2,jeb-kr-amherst,3004b15,1.26.4,118.264648,1.1965501308441162,1.742130994796753,338.0,113.0,2162728,547312
BaseDirs,Project-Path,2025-07-20,1.11.6,jeb-kr-amherst,3004b15,1.3.1,2.209962,0.016258955001831055,0.0003712177276611328,183.0,264.0,2041912,217216
BaseDirs,Project-Path,2025-07-24,1.11.6,jeb-kr-amherst,3004b15,1.3.2,2.230198,0.015726804733276367,0.00034618377685546875,183.0,258.0,2022576,217340
BaseDirs,Project-Path,2025-07-28,1.11.6,jeb-kr-amherst,3004b15,1.3.2,2.227785,0.0179440975189209,0.0003509521484375,180.0,268.0,2049220,217344
BaseDirs,Project-Path,2025-08-01,1.11.6,jeb-kr-amherst,3004b15,1.3.2,2.218539,0.015563011169433594,0.00034999847412109375,181.0,257.0,2042068,217572
BaseDirs,Project-Path,2025-08-05,1.11.6,jeb-kr-amherst,3004b15,1.3.2,2.204953,0.015840768814086914,0.0003521442413330078,184.0,263.0,2042596,217448
BaseDirs,Project-Path,2025-08-06,1.11.6,jeb-kr-amherst,3004b15,1.3.2,2.232685,0.01577901840209961,0.00034689903259277344,180.0,261.0,2049044,217600
BaseDirs,Project-Path,2025-08-10,1.11.6,jeb-kr-amherst,3004b15,1.3.2,2.204412,0.015777111053466797,0.0003578662872314453,182.0,263.0,2036272,217472
BaseDirs,Project-Path,2025-08-14,1.11.6,jeb-kr-amherst,3004b15,1.3.2,2.187771,0.017405033111572266,0.00035500526428222656,180.0,267.0,2036496,217344
BaseDirs,Project-Path,2025-08-18,1.11.6,jeb-kr-amherst,3004b15,1.3.2,2.216017,0.016569137573242188,0.0003750324249267578,181.0,262.0,2040276,217344
BaseDirs,Project-Path,2025-08-22,1.11.6,jeb-kr-amherst,3004b15,1.3.2,2.276708,0.016254186630249023,0.0003597736358642578,181.0,261.0,2036388,217216
BaseDirs,Project-Path,2025-08-26,1.11.6,jeb-kr-amherst,3004b15,1.3.2,2.222011,0.0163729190826416,0.0003609657287597656,182.0,262.0,2051208,217600
BaseDirs,Project-Path,2025-08-30,1.11.6,jeb-kr-amherst,3004b15,1.3.2,2.15192,0.015825986862182617,0.0003509521484375,179.0,262.0,2049940,217216
BaseDirs,Project-Path,2025-09-03,1.11.6,jeb-kr-amherst,3004b15,1.3.2,2.162256,0.015769004821777344,0.0003540515899658203,181.0,263.0,2028780,217472
BaseDirs,Project-Path,2025-09-07,1.11.6,jeb-kr-amherst,3004b15,1.3.2,2.201266,0.016691207885742188,0.0003609657287597656,181.0,265.0,2051172,217316
BaseDirs,Project-Path,2025-09-11,1.11.6,jeb-kr-amherst,3004b15,1.3.2,2.17415,0.013365983963012695,0.00028514862060546875,183.0,245.0,2048316,217472
BaseDirs,Project-Path,2025-09-15,1.11.6,jeb-kr-amherst,3004b15,1.3.2,2.1625,0.015745878219604492,0.00034689903259277344,180.0,263.0,2050244,217472
BaseDirs,Project-Path,2025-09-19,1.11.6,jeb-kr-amherst,3004b15,1.3.2,2.229558,0.015792131423950195,0.0003509521484375,181.0,260.0,2051156,217600
BaseDirs,Project-Path,2025-09-20,1.11.7,jeb-kr-amherst,3004b15,1.3.2,2.178057,0.014728069305419922,0.0002720355987548828,181.0,280.0,2060172,225920
BaseDirs,Project-Path,2025-09-24,1.11.7,jeb-kr-amherst,3004b15,1.3.2,2.169803,0.016206979751586914,0.00032401084899902344,183.0,299.0,2040004,226048
BaseDirs,Project-Path,2025-09-28,1.11.7,jeb-kr-amherst,3004b15,1.3.2,2.163909,0.01633477210998535,0.00032711029052734375,182.0,298.0,2041076,225792
BaseDirs,Project-Path,2025-10-02,1.11.7,jeb-kr-amherst,3004b15,1.3.2,2.219909,0.018599987030029297,0.0003459453582763672,181.0,306.0,2040868,225908
BaseDirs,Project-Path,2025-10-03,1.11.7,jeb-kr-amherst,3004b15,1.3.2,2.183879,0.016021013259887695,0.0003237724304199219,182.0,298.0,2042888,225536
BaseDirs,Project-Path,2025-10-06,1.11.7,jeb-kr-amherst,3004b15,1.3.2,2.183722,0.01674795150756836,0.00033211708068847656,182.0,302.0,2024984,225920
BaseDirs,Project-Path,2025-10-07,1.11.7,jeb-kr-amherst,3004b15,1.3.2,2.484278,0.012914896011352539,0.0002789497375488281,182.0,270.0,2041128,225660
BaseDirs,Project-Path,2025-10-10,1.11.7,jeb-kr-amherst,3004b15,1.3.2,2.203175,0.01766180992126465,0.0004010200500488281,182.0,309.0,2059352,226012
BaseDirs,Project-Path,2025-10-14,1.11.7,jeb-kr-amherst,3004b15,1.3.2,2.220945,0.016537904739379883,0.00033020973205566406,181.0,302.0,2025360,226048
BaseDirs,Project-Path,2025-10-15,1.12.0,jeb-kr-amherst,3004b15,1.3.2,2.237036,0.00548100471496582,0.00031304359436035156,171.0,124.0,2132972,278580
BaseDirs,Project-Path,2025-10-19,1.12.0,jeb-kr-amherst,3004b15,1.3.2,2.232185,0.005410909652709961,0.0003070831298828125,170.0,124.0,2126144,278208
BaseDirs,Project-Path,2025-10-23,1.12.0,jeb-kr-amherst,3004b15,1.3.2,2.271229,0.005407094955444336,0.00031185150146484375,170.0,124.0,2131720,278460
BaseDirs,Project-Path,2025-10-24,1.12.0,jeb-kr-amherst,3004b15,1.3.2,2.278603,0.0054509639739990234,0.0002989768981933594,171.0,124.0,2125744,278376
BaseDirs,Project-Path,2025-10-25,1.12.1,jeb-kr-amherst,3004b15,1.3.2,2.222932,0.005438089370727539,0.0003180503845214844,170.0,124.0,2087064,274380
BaseDirs,Project-Path,2025-10-29,1.12.1,jeb-kr-amherst,3004b15,1.3.2,2.23752,0.005887031555175781,0.0003139972686767578,172.0,125.0,2089452,274628
BaseDirs,Project-Path,2025-11-02,1.12.1,jeb-kr-amherst,3004b15,1.3.2,2.258391,0.006312847137451172,0.0003371238708496094,172.0,125.0,2087356,274592
BaseDirs,Project-Path,2025-11-06,1.12.1,jeb-kr-amherst,3004b15,1.3.2,2.291877,0.00541996955871582,0.00032210350036621094,171.0,125.0,2087840,274460
BaseDirs,Project-Path,2025-11-10,1.12.1,jeb-kr-amherst,3004b15,1.3.2,2.257645,0.005504131317138672,0.0003230571746826172,172.0,124.0,2087184,274160
BaseDirs,Project-Path,2025-11-14,1.12.1,jeb-kr-amherst,3004b15,1.3.2,2.249251,0.0055370330810546875,0.0003159046173095703,171.0,124.0,2085340,274632
BaseDirs,Project-Path,2025-11-18,1.12.1,jeb-kr-amherst,3004b15,1.3.2,2.25057,0.005822181701660156,0.00031685829162597656,171.0,125.0,2084832,274016
BaseDirs,Project-Path,2025-11-23,1.12.2,jeb-kr-amherst,3004b15,1.3.2,2.964688,0.005754947662353516,0.0003170967102050781,169.0,123.0,2106324,280776
BaseDirs,Project-Path,2024-05-26,1.10.3,jeb-kr-amherst,8399c9b,1.2.4,2.534864,0.023005962371826172,0.004840850830078125,147.0,294.0,358416,247344
BaseDirs,Project-Path,2024-05-27,1.10.3,jeb-kr-amherst,8399c9b,1.2.4,2.486408,0.01497197151184082,0.0037360191345214844,145.0,257.0,358780,247220
BaseDirs,Project-Path,2024-05-28,1.10.3,jeb-kr-amherst,8399c9b,1.2.4,2.639432,0.014880895614624023,0.0037300586700439453,152.0,258.0,358172,247476
BaseDirs,Project-Path,2024-05-29,1.10.3,jeb-kr-amherst,8399c9b,1.2.4,2.551279,0.014980077743530273,0.003719806671142578,142.0,254.0,358464,247124
BaseDirs,Project-Path,2024-05-30,1.10.3,jeb-kr-amherst,8399c9b,1.2.4,2.519,0.01501011848449707,0.0037288665771484375,142.0,256.0,358892,247216
BaseDirs,Project-Path,2024-05-31,1.10.3,jeb-kr-amherst,8399c9b,1.2.4,2.574519,0.014948844909667969,0.0037670135498046875,142.0,256.0,358332,247476
BaseDirs,Project-Path,2024-06-01,1.10.3,jeb-kr-amherst,8399c9b,1.2.4,2.548266,0.014998197555541992,0.0037708282470703125,143.0,256.0,358696,247476
BaseDirs,Project-Path,2024-06-02,1.10.3,jeb-kr-amherst,8399c9b,1.2.4,2.514172,0.014941930770874023,0.0037260055541992188,144.0,257.0,358636,247004
BaseDirs,Project-Path,2024-06-03,1.10.3,jeb-kr-amherst,8399c9b,1.2.4,2.544201,0.014866113662719727,0.003720998764038086,147.0,256.0,390208,247232
BaseDirs,Project-Path,2024-06-04,1.10.3,jeb-kr-amherst,8399c9b,1.2.4,2.534858,0.015110015869140625,0.003737926483154297,142.0,257.0,358448,247468
BaseDirs,Project-Path,2024-06-05,1.10.3,jeb-kr-amherst,8399c9b,1.2.4,2.509259,0.014950990676879883,0.003728151321411133,147.0,256.0,359120,247472
BaseDirs,Project-Path,2024-06-06,1.10.3,jeb-kr-amherst,8399c9b,1.2.4,2.465619,0.015504121780395508,0.003756999969482422,148.0,258.0,358996,247476
BaseDirs,Project-Path,2024-06-07,1.10.3,jeb-kr-amherst,8399c9b,1.2.4,2.531882,0.014864921569824219,0.003782987594604492,147.0,254.0,381048,247352
BaseDirs,Project-Path,2024-06-08,1.10.3,jeb-kr-amherst,8399c9b,1.2.4,2.516802,0.01512002944946289,0.0037391185760498047,147.0,254.0,358844,247348
BaseDirs,Project-Path,2024-06-09,1.10.3,jeb-kr-amherst,8399c9b,1.2.4,2.543521,0.015519142150878906,0.0037348270416259766,142.0,259.0,359064,247352
BaseDirs,Project-Path,2024-06-10,1.10.4,jeb-kr-amherst,8399c9b,1.2.4,2.584906,0.01497507095336914,0.0037539005279541016,142.0,256.0,360256,247100
BaseDirs,Project-Path,2024-06-11,1.10.4,jeb-kr-amherst,8399c9b,1.2.4,2.599018,0.015102863311767578,0.003651142120361328,144.0,257.0,357544,246980
BaseDirs,Project-Path,2024-06-12,1.10.4,jeb-kr-amherst,8399c9b,1.2.4,2.593859,0.015147924423217773,0.003731966018676758,141.0,256.0,357892,247236
BaseDirs,Project-Path,2024-06-13,1.10.4,jeb-kr-amherst,8399c9b,1.2.4,2.549685,0.01514291763305664,0.0037279129028320312,148.0,256.0,357484,246972
BaseDirs,Project-Path,2024-06-14,1.10.4,jeb-kr-amherst,8399c9b,1.2.4,2.587305,0.01499795913696289,0.003729104995727539,147.0,255.0,357352,246852
BaseDirs,Project-Path,2024-06-15,1.10.4,jeb-kr-amherst,8399c9b,1.2.4,2.622331,0.016325950622558594,0.003911018371582031,144.0,260.0,357488,247104
BaseDirs,Project-Path,2024-06-16,1.10.4,jeb-kr-amherst,8399c9b,1.2.4,2.57925,0.01576089859008789,0.003679990768432617,142.0,259.0,357840,247228
BaseDirs,Project-Path,2024-06-17,1.10.4,jeb-kr-amherst,8399c9b,1.2.4,2.555902,0.015067100524902344,0.0037720203399658203,147.0,259.0,357684,247228
BaseDirs,Project-Path,2024-06-18,1.10.4,jeb-kr-amherst,8399c9b,1.2.4,2.613428,0.01498103141784668,0.0037429332733154297,141.0,254.0,357592,247228
BaseDirs,Project-Path,2024-06-19,1.10.4,jeb-kr-amherst,8399c9b,1.2.4,2.55311,0.015002965927124023,0.0038509368896484375,148.0,255.0,357424,247352
BaseDirs,Project-Path,2024-06-20,1.10.4,jeb-kr-amherst,8399c9b,1.2.4,2.578976,0.014967918395996094,0.0037729740142822266,142.0,255.0,357732,247100
BaseDirs,Project-Path,2024-06-21,1.10.4,jeb-kr-amherst,8399c9b,1.2.4,2.540216,0.016157865524291992,0.0037469863891601562,148.0,260.0,357508,247132
BaseDirs,Project-Path,2024-06-22,1.10.4,jeb-kr-amherst,8399c9b,1.2.4,2.571821,0.015942096710205078,0.003735065460205078,146.0,258.0,357836,247356
BaseDirs,Project-Path,2024-06-23,1.10.4,jeb-kr-amherst,8399c9b,1.2.4,2.559621,0.01565408706665039,0.0037779808044433594,147.0,257.0,357700,247292
BaseDirs,Project-Path,2024-06-24,1.10.4,jeb-kr-amherst,8399c9b,1.2.4,2.55177,0.014989137649536133,0.0037648677825927734,147.0,257.0,357576,247240
BaseDirs,Project-Path,2024-06-25,1.10.4,jeb-kr-amherst,8399c9b,1.2.4,2.669092,0.015506982803344727,0.0037958621978759766,147.0,259.0,357272,247024
BaseDirs,Project-Path,2024-06-26,1.10.4,jeb-kr-amherst,8399c9b,1.2.4,2.610422,0.015081167221069336,0.0037560462951660156,142.0,253.0,357516,247236
BaseDirs,Project-Path,2024-06-27,1.10.4,jeb-kr-amherst,8399c9b,1.2.4,2.572842,0.01506805419921875,0.003721952438354492,144.0,255.0,357592,247040
BaseDirs,Project-Path,2024-06-28,1.10.4,jeb-kr-amherst,8399c9b,1.2.4,2.569936,0.015118837356567383,0.003759145736694336,147.0,256.0,357728,247252
BaseDirs,Project-Path,2024-06-29,1.10.4,jeb-kr-amherst,8399c9b,1.2.4,2.583558,0.015017032623291016,0.0037310123443603516,141.0,256.0,357784,247112
BaseDirs,Project-Path,2024-06-30,1.10.4,jeb-kr-amherst,8399c9b,1.2.4,2.58345,0.015015840530395508,0.0037469863891601562,146.0,256.0,357768,247108
BaseDirs,Project-Path,2024-07-01,1.10.4,jeb-kr-amherst,8399c9b,1.2.4,2.576482,0.015053033828735352,0.0037140846252441406,144.0,256.0,357568,247356
BaseDirs,Project-Path,2024-07-02,1.10.4,jeb-kr-amherst,8399c9b,1.2.4,2.566288,0.015616893768310547,0.0037560462951660156,147.0,258.0,357952,247228
BaseDirs,Project-Path,2024-07-03,1.10.4,jeb-kr-amherst,8399c9b,1.2.4,2.549398,0.01524806022644043,0.003854990005493164,148.0,256.0,357892,246972
BaseDirs,Project-Path,2024-07-04,1.10.4,jeb-kr-amherst,8399c9b,1.2.4,2.574504,0.015174150466918945,0.003719806671142578,144.0,256.0,357604,247352
BaseDirs,Project-Path,2024-07-05,1.10.4,jeb-kr-amherst,8399c9b,1.2.4,2.614186,0.01572704315185547,0.003715991973876953,141.0,257.0,357548,247292
BaseDirs,Project-Path,2024-07-06,1.10.4,jeb-kr-amherst,8399c9b,1.2.4,2.667282,0.015592098236083984,0.0036988258361816406,149.0,256.0,357428,247100
BaseDirs,Project-Path,2024-07-07,1.10.4,jeb-kr-amherst,8399c9b,1.2.4,2.648379,0.015661001205444336,0.003715991973876953,149.0,256.0,357420,247296
BaseDirs,Project-Path,2024-07-08,1.10.4,jeb-kr-amherst,8399c9b,1.2.4,2.565317,0.015086889266967773,0.0037560462951660156,146.0,259.0,357708,247228
BaseDirs,Project-Path,2024-07-09,1.10.4,jeb-kr-amherst,8399c9b,1.2.4,2.603435,0.01564192771911621,0.0038330554962158203,141.0,258.0,357412,246876
BaseDirs,Project-Path,2024-07-10,1.10.4,jeb-kr-amherst,8399c9b,1.2.4,2.561866,0.015089988708496094,0.0037322044372558594,147.0,255.0,357788,247236
BaseDirs,Project-Path,2024-07-11,1.10.4,jeb-kr-amherst,8399c9b,1.2.4,2.578724,0.014915943145751953,0.0038230419158935547,142.0,257.0,357232,247360
BaseDirs,Project-Path,2024-07-12,1.10.4,jeb-kr-amherst,8399c9b,1.2.4,2.58894,0.014925956726074219,0.0037000179290771484,141.0,257.0,357804,247344
BaseDirs,Project-Path,2024-07-13,1.10.4,jeb-kr-amherst,8399c9b,1.2.4,2.548678,0.02026820182800293,0.00482487678527832,148.0,280.0,356968,246972
BaseDirs,Project-Path,2024-07-14,1.10.4,jeb-kr-amherst,8399c9b,1.2.4,2.603279,0.015583038330078125,0.003762960433959961,142.0,257.0,357644,247100
BaseDirs,Project-Path,2024-07-15,1.10.4,jeb-kr-amherst,8399c9b,1.2.4,2.603045,0.014986991882324219,0.003793001174926758,142.0,256.0,357904,247124
BaseDirs,Project-Path,2024-07-16,1.10.4,jeb-kr-amherst,8399c9b,1.2.4,2.576829,0.015141010284423828,0.003724813461303711,144.0,257.0,357528,247352
BaseDirs,Project-Path,2024-07-17,1.10.4,jeb-kr-amherst,8399c9b,1.2.4,2.574591,0.01584482192993164,0.0037810802459716797,145.0,259.0,357568,247356
BaseDirs,Project-Path,2024-07-18,1.10.4,jeb-kr-amherst,8399c9b,1.2.4,2.587334,0.015622138977050781,0.00374603271484375,141.0,256.0,357388,247356
BaseDirs,Project-Path,2024-07-19,1.10.4,jeb-kr-amherst,8399c9b,1.2.4,2.575339,0.015078067779541016,0.003802061080932617,145.0,256.0,357876,246984
BaseDirs,Project-Path,2024-07-20,1.10.4,jeb-kr-amherst,8399c9b,1.2.4,2.565663,0.015079975128173828,0.0037119388580322266,147.0,255.0,357532,247084
BaseDirs,Project-Path,2024-07-21,1.10.4,jeb-kr-amherst,8399c9b,1.2.4,2.560842,0.015158891677856445,0.003798961639404297,148.0,255.0,357232,247228
BaseDirs,Project-Path,2024-07-22,1.10.4,jeb-kr-amherst,8399c9b,1.2.4,2.563423,0.015252113342285156,0.0037348270416259766,146.0,254.0,357440,247096
BaseDirs,Project-Path,2024-07-23,1.10.4,jeb-kr-amherst,8399c9b,1.2.4,2.566997,0.015330076217651367,0.0038030147552490234,146.0,258.0,357544,247352
BaseDirs,Project-Path,2024-07-24,1.10.4,jeb-kr-amherst,8399c9b,1.2.4,2.58578,0.015099048614501953,0.0037088394165039062,142.0,255.0,357824,247280
BaseDirs,Project-Path,2024-07-25,1.10.4,jeb-kr-amherst,8399c9b,1.2.4,2.601223,0.01509714126586914,0.0037539005279541016,145.0,256.0,357716,247100
BaseDirs,Project-Path,2024-07-26,1.10.4,jeb-kr-amherst,8399c9b,1.2.4,2.542451,0.01497793197631836,0.003693103790283203,148.0,255.0,357700,247164
BaseDirs,Project-Path,2024-07-27,1.10.4,jeb-kr-amherst,8399c9b,1.2.4,2.594331,0.015521049499511719,0.0037419795989990234,142.0,259.0,357372,247356
BaseDirs,Project-Path,2024-07-28,1.10.4,jeb-kr-amherst,8399c9b,1.2.4,2.538268,0.015086889266967773,0.0037851333618164062,148.0,256.0,357704,247228
BaseDirs,Project-Path,2024-07-29,1.10.4,jeb-kr-amherst,8399c9b,1.2.4,2.673443,0.014976024627685547,0.003813028335571289,147.0,235.0,357280,247100
BaseDirs,Project-Path,2024-07-30,1.10.4,jeb-kr-amherst,8399c9b,1.2.4,2.611906,0.014983177185058594,0.0037119388580322266,141.0,256.0,357448,247104
BaseDirs,Project-Path,2024-07-31,1.10.4,jeb-kr-amherst,8399c9b,1.2.4,2.541298,0.015738964080810547,0.0037200450897216797,148.0,257.0,357620,247548
BaseDirs,Project-Path,2024-08-01,1.10.4,jeb-kr-amherst,8399c9b,1.2.4,2.604318,0.01558685302734375,0.0037751197814941406,142.0,258.0,357472,247104
BaseDirs,Project-Path,2024-08-02,1.10.4,jeb-kr-amherst,8399c9b,1.2.4,2.570467,0.015046119689941406,0.003834962844848633,146.0,255.0,357372,246964
BaseDirs,Project-Path,2024-08-03,1.10.4,jeb-kr-amherst,8399c9b,1.2.4,2.561161,0.01607990264892578,0.00360107421875,147.0,257.0,358112,247040
BaseDirs,Project-Path,2024-08-04,1.10.4,jeb-kr-amherst,8399c9b,1.2.4,2.604451,0.016408920288085938,0.003742218017578125,141.0,260.0,357484,247100
BaseDirs,Project-Path,2024-08-05,1.10.4,jeb-kr-amherst,8399c9b,1.2.4,2.59901,0.015053987503051758,0.0037109851837158203,141.0,257.0,357472,247224
BaseDirs,Project-Path,2024-08-06,1.10.4,jeb-kr-amherst,8399c9b,1.2.4,2.536001,0.016243934631347656,0.003718137741088867,148.0,259.0,357764,247488
BaseDirs,Project-Path,2024-08-07,1.10.4,jeb-kr-amherst,8399c9b,1.2.4,2.590673,0.015051841735839844,0.003748178482055664,141.0,256.0,357992,247228
BaseDirs,Project-Path,2024-08-08,1.10.4,jeb-kr-amherst,8399c9b,1.2.4,2.541751,0.015047073364257812,0.003840923309326172,147.0,256.0,357572,247276
BaseDirs,Project-Path,2024-08-09,1.10.4,jeb-kr-amherst,8399c9b,1.2.4,2.59076,0.014961004257202148,0.003756999969482422,142.0,258.0,357672,246840
BaseDirs,Project-Path,2024-08-10,1.10.4,jeb-kr-amherst,8399c9b,1.2.4,2.614147,0.015151023864746094,0.003702878952026367,144.0,257.0,357756,247224
BaseDirs,Project-Path,2024-08-11,1.10.4,jeb-kr-amherst,8399c9b,1.2.4,2.627109,0.015017986297607422,0.0037679672241210938,145.0,254.0,357824,247228
BaseDirs,Project-Path,2024-08-12,1.10.4,jeb-kr-amherst,8399c9b,1.2.4,2.567768,0.015097856521606445,0.0037469863891601562,146.0,256.0,357732,247228
BaseDirs,Project-Path,2024-08-13,1.10.4,jeb-kr-amherst,8399c9b,1.2.4,2.697283,0.015148162841796875,0.0036499500274658203,140.0,257.0,357624,247100
BaseDirs,Project-Path,2024-08-14,1.10.4,jeb-kr-amherst,8399c9b,1.2.4,2.538889,0.01661515235900879,0.003551006317138672,148.0,260.0,361468,247204
BaseDirs,Project-Path,2024-08-15,1.10.4,jeb-kr-amherst,8399c9b,1.2.4,2.584737,0.015132904052734375,0.0037610530853271484,142.0,258.0,357604,247356
BaseDirs,Project-Path,2024-08-16,1.10.4,jeb-kr-amherst,8399c9b,1.2.4,2.595347,0.015124082565307617,0.0037648677825927734,141.0,260.0,357172,247356
BaseDirs,Project-Path,2024-08-17,1.10.4,jeb-kr-amherst,8399c9b,1.2.4,2.566676,0.01600480079650879,0.004701137542724609,146.0,275.0,357292,246816
BaseDirs,Project-Path,2024-08-18,1.10.4,jeb-kr-amherst,8399c9b,1.2.4,2.577122,0.015209197998046875,0.0038299560546875,143.0,259.0,357548,247228
BaseDirs,Project-Path,2024-08-19,1.10.4,jeb-kr-amherst,8399c9b,1.2.4,2.616882,0.014971017837524414,0.0037560462951660156,144.0,256.0,357516,247072
BaseDirs,Project-Path,2024-08-20,1.10.4,jeb-kr-amherst,8399c9b,1.2.4,2.567622,0.015613794326782227,0.0037071704864501953,147.0,258.0,357368,247236
BaseDirs,Project-Path,2024-08-21,1.10.4,jeb-kr-amherst,8399c9b,1.2.4,2.607937,0.015059947967529297,0.0037419795989990234,142.0,256.0,357460,247224
BaseDirs,Project-Path,2024-08-22,1.10.4,jeb-kr-amherst,8399c9b,1.2.4,2.585362,0.014980077743530273,0.003798961639404297,142.0,255.0,357584,246912
BaseDirs,Project-Path,2024-08-23,1.10.4,jeb-kr-amherst,8399c9b,1.2.4,2.57037,0.0150909423828125,0.0037169456481933594,145.0,255.0,357344,247228
BaseDirs,Project-Path,2024-08-24,1.10.4,jeb-kr-amherst,8399c9b,1.2.4,2.602524,0.015594005584716797,0.0036859512329101562,141.0,256.0,357536,247420
BaseDirs,Project-Path,2024-08-25,1.10.4,jeb-kr-amherst,8399c9b,1.2.4,2.557425,0.015483856201171875,0.003729104995727539,147.0,258.0,357564,247228
BaseDirs,Project-Path,2024-08-26,1.10.4,jeb-kr-amherst,8399c9b,1.2.4,2.603423,0.015780925750732422,0.003824949264526367,141.0,256.0,357684,247104
BaseDirs,Project-Path,2024-08-27,1.10.4,jeb-kr-amherst,8399c9b,1.2.4,2.540688,0.015014171600341797,0.0037279129028320312,148.0,253.0,357500,247228
BaseDirs,Project-Path,2024-08-28,1.10.4,jeb-kr-amherst,8399c9b,1.2.4,2.570865,0.015135049819946289,0.00374603271484375,145.0,256.0,357596,247128
BaseDirs,Project-Path,2024-08-29,1.10.4,jeb-kr-amherst,8399c9b,1.2.4,2.607448,0.014960050582885742,0.00374603271484375,141.0,254.0,361256,247232
BaseDirs,Project-Path,2024-08-30,1.10.5,jeb-kr-amherst,8399c9b,1.2.4,2.631813,0.015633821487426758,0.0037801265716552734,145.0,257.0,362612,248260
BaseDirs,Project-Path,2024-08-31,1.10.5,jeb-kr-amherst,8399c9b,1.2.4,2.647883,0.015025138854980469,0.0037059783935546875,140.0,255.0,362504,248220
BaseDirs,Project-Path,2024-09-01,1.10.5,jeb-kr-amherst,8399c9b,1.2.4,2.635559,0.014940023422241211,0.0037529468536376953,145.0,257.0,362088,248008
BaseDirs,Project-Path,2024-09-02,1.10.5,jeb-kr-amherst,8399c9b,1.2.4,2.632493,0.015146017074584961,0.003757953643798828,146.0,255.0,362660,247756
BaseDirs,Project-Path,2024-09-03,1.10.5,jeb-kr-amherst,8399c9b,1.2.4,2.682069,0.01493382453918457,0.0037419795989990234,142.0,251.0,362964,248132
BaseDirs,Project-Path,2024-09-04,1.10.5,jeb-kr-amherst,8399c9b,1.2.4,2.656588,0.015997886657714844,0.003779172897338867,146.0,259.0,362776,248128
BaseDirs,Project-Path,2024-09-05,1.10.5,jeb-kr-amherst,8399c9b,1.2.4,2.669867,0.022143840789794922,0.005015134811401367,141.0,294.0,390900,247864
BaseDirs,Project-Path,2024-09-06,1.10.5,jeb-kr-amherst,8399c9b,1.2.4,2.628713,0.015035867691040039,0.0037081241607666016,145.0,255.0,362348,247864
BaseDirs,Project-Path,2024-09-07,1.10.5,jeb-kr-amherst,8399c9b,1.2.4,2.633167,0.014929056167602539,0.0037360191345214844,142.0,256.0,362652,248128
BaseDirs,Project-Path,2024-09-08,1.10.5,jeb-kr-amherst,8399c9b,1.2.4,2.649112,0.015064001083374023,0.003757953643798828,140.0,256.0,362260,248128
BaseDirs,Project-Path,2024-09-09,1.10.5,jeb-kr-amherst,8399c9b,1.2.4,2.652423,0.015799999237060547,0.0037679672241210938,141.0,260.0,362540,248136
BaseDirs,Project-Path,2024-09-10,1.10.5,jeb-kr-amherst,8399c9b,1.2.4,2.627311,0.015006065368652344,0.003715038299560547,146.0,257.0,362136,248068
BaseDirs,Project-Path,2024-09-11,1.10.5,jeb-kr-amherst,8399c9b,1.2.4,2.643735,0.015002965927124023,0.0037260055541992188,145.0,257.0,362176,248128
BaseDirs,Project-Path,2024-09-12,1.10.5,jeb-kr-amherst,8399c9b,1.2.4,2.631178,0.014954090118408203,0.003732919692993164,146.0,253.0,362620,247900
BaseDirs,Project-Path,2024-09-13,1.10.5,jeb-kr-amherst,8399c9b,1.2.4,2.723591,0.020164012908935547,0.004790067672729492,141.0,294.0,390692,248132
BaseDirs,Project-Path,2024-09-14,1.10.5,jeb-kr-amherst,8399c9b,1.2.4,2.645605,0.015681982040405273,0.003805875778198242,145.0,259.0,362464,248008
BaseDirs,Project-Path,2024-09-15,1.10.5,jeb-kr-amherst,8399c9b,1.2.4,2.730564,0.015676021575927734,0.0037717819213867188,144.0,258.0,362140,247988
BaseDirs,Project-Path,2024-09-16,1.10.5,jeb-kr-amherst,8399c9b,1.2.4,2.651697,0.014971017837524414,0.003710031509399414,141.0,256.0,391028,248004
BaseDirs,Project-Path,2024-09-17,1.10.5,jeb-kr-amherst,8399c9b,1.2.4,2.670708,0.01503300666809082,0.00374603271484375,140.0,256.0,362464,248260
BaseDirs,Project-Path,2024-09-18,1.10.5,jeb-kr-amherst,8399c9b,1.2.4,2.631552,0.015136957168579102,0.003824949264526367,146.0,256.0,362428,248132
BaseDirs,Project-Path,2024-09-19,1.10.5,jeb-kr-amherst,8399c9b,1.2.4,2.653625,0.015713930130004883,0.0037300586700439453,140.0,258.0,361996,247884
BaseDirs,Project-Path,2024-09-20,1.10.5,jeb-kr-amherst,8399c9b,1.2.4,2.663268,0.015067815780639648,0.0037071704864501953,140.0,256.0,362908,248120
BaseDirs,Project-Path,2024-09-21,1.10.5,jeb-kr-amherst,8399c9b,1.2.4,2.656454,0.015048027038574219,0.0037589073181152344,146.0,254.0,362940,248016
BaseDirs,Project-Path,2024-09-22,1.10.5,jeb-kr-amherst,8399c9b,1.2.4,2.655437,0.016097068786621094,0.0036559104919433594,141.0,258.0,362496,248132
BaseDirs,Project-Path,2024-09-23,1.10.5,jeb-kr-amherst,8399c9b,1.2.4,2.661905,0.015184164047241211,0.0037457942962646484,140.0,256.0,362632,248132
BaseDirs,Project-Path,2024-09-24,1.10.5,jeb-kr-amherst,8399c9b,1.2.4,2.66202,0.015340089797973633,0.003732919692993164,140.0,256.0,362156,247976
BaseDirs,Project-Path,2024-09-25,1.10.5,jeb-kr-amherst,8399c9b,1.2.4,2.65788,0.015099048614501953,0.0037059783935546875,144.0,256.0,391312,248040
BaseDirs,Project-Path,2024-09-26,1.10.5,jeb-kr-amherst,8399c9b,1.2.4,2.726289,0.014981985092163086,0.0037109851837158203,143.0,255.0,362384,247912
BaseDirs,Project-Path,2024-09-27,1.10.5,jeb-kr-amherst,8399c9b,1.2.4,2.720199,0.015609979629516602,0.0037560462951660156,143.0,257.0,399540,248136
BaseDirs,Project-Path,2024-09-28,1.10.5,jeb-kr-amherst,8399c9b,1.2.4,2.635011,0.015085935592651367,0.0037550926208496094,146.0,256.0,391140,248004
BaseDirs,Project-Path,2024-09-29,1.10.5,jeb-kr-amherst,8399c9b,1.2.4,2.637265,0.015340089797973633,0.0037338733673095703,145.0,255.0,362144,248144
BaseDirs,Project-Path,2024-09-30,1.10.5,jeb-kr-amherst,8399c9b,1.2.4,2.659914,0.022492170333862305,0.005180835723876953,145.0,298.0,361780,248120
BaseDirs,Project-Path,2024-10-01,1.10.5,jeb-kr-amherst,8399c9b,1.2.4,2.672969,0.014926910400390625,0.003709077835083008,140.0,254.0,362524,248256
BaseDirs,Project-Path,2024-10-02,1.10.5,jeb-kr-amherst,8399c9b,1.2.4,2.681206,0.015101194381713867,0.003713846206665039,141.0,256.0,362076,247876
BaseDirs,Project-Path,2024-10-03,1.10.5,jeb-kr-amherst,8399c9b,1.2.4,2.679717,0.015019893646240234,0.0037050247192382812,142.0,257.0,362096,248132
BaseDirs,Project-Path,2024-10-04,1.10.5,jeb-kr-amherst,8399c9b,1.2.4,2.664586,0.014985084533691406,0.0037889480590820312,140.0,256.0,363348,247768
BaseDirs,Project-Path,2024-10-05,1.10.5,jeb-kr-amherst,8399c9b,1.2.4,2.639639,0.015187978744506836,0.0038268566131591797,145.0,257.0,363636,248136
BaseDirs,Project-Path,2024-10-06,1.10.5,jeb-kr-amherst,8399c9b,1.2.4,2.642925,0.015020132064819336,0.003763914108276367,147.0,255.0,365476,248104
BaseDirs,Project-Path,2024-10-07,1.10.5,jeb-kr-amherst,8399c9b,1.2.4,2.672749,0.015506982803344727,0.0037250518798828125,140.0,257.0,363092,248388
BaseDirs,Project-Path,2024-10-08,1.10.5,jeb-kr-amherst,8399c9b,1.2.4,2.708949,0.015192031860351562,0.0036690235137939453,143.0,257.0,363912,248056
BaseDirs,Project-Path,2024-10-09,1.10.5,jeb-kr-amherst,8399c9b,1.2.4,2.722715,0.01512002944946289,0.0037279129028320312,144.0,255.0,391500,247984
BaseDirs,Project-Path,2024-10-10,1.11.0,jeb-kr-amherst,8399c9b,1.2.4,1.913252,0.02133798599243164,0.0038039684295654297,170.0,321.0,2038100,248448
BaseDirs,Project-Path,2024-10-11,1.11.0,jeb-kr-amherst,8399c9b,1.2.4,1.807826,0.01622915267944336,0.003164052963256836,169.0,265.0,2004440,248192
BaseDirs,Project-Path,2024-10-12,1.11.0,jeb-kr-amherst,8399c9b,1.2.4,1.814283,0.017100095748901367,0.003072977066040039,169.0,279.0,2023728,248192
BaseDirs,Project-Path,2024-10-13,1.11.0,jeb-kr-amherst,8399c9b,1.2.4,1.847779,0.01611781120300293,0.0031020641326904297,169.0,285.0,2027520,248064
BaseDirs,Project-Path,2024-10-14,1.11.0,jeb-kr-amherst,8399c9b,1.2.4,1.842938,0.01837897300720215,0.002886056900024414,170.0,282.0,2037500,248184
BaseDirs,Project-Path,2024-10-15,1.11.0,jeb-kr-amherst,8399c9b,1.2.4,1.810596,0.017173051834106445,0.003084897994995117,169.0,279.0,2035100,248064
BaseDirs,Project-Path,2024-10-16,1.11.0,jeb-kr-amherst,8399c9b,1.2.4,1.854268,0.016589879989624023,0.0030701160430908203,169.0,286.0,2024196,247936
BaseDirs,Project-Path,2024-10-17,1.11.0,jeb-kr-amherst,8399c9b,1.2.4,1.820087,0.016185998916625977,0.0031290054321289062,170.0,288.0,2016232,248064
BaseDirs,Project-Path,2024-10-18,1.11.0,jeb-kr-amherst,8399c9b,1.2.4,1.791556,0.017049074172973633,0.0031280517578125,170.0,277.0,2017556,248064
BaseDirs,Project-Path,2024-10-19,1.11.0,jeb-kr-amherst,8399c9b,1.2.4,1.842301,0.018519878387451172,0.0030050277709960938,169.0,285.0,2029472,247936
BaseDirs,Project-Path,2024-10-20,1.11.1,jeb-kr-amherst,8399c9b,1.2.4,1.726074,0.01617288589477539,0.0030961036682128906,172.0,259.0,2039256,222976
BaseDirs,Project-Path,2024-10-21,1.11.1,jeb-kr-amherst,8399c9b,1.2.4,1.71565,0.01630687713623047,0.0030841827392578125,171.0,252.0,2026264,222720
BaseDirs,Project-Path,2024-10-22,1.11.1,jeb-kr-amherst,8399c9b,1.2.4,1.729901,0.01624584197998047,0.0032520294189453125,171.0,257.0,2030496,222720
BaseDirs,Project-Path,2024-10-23,1.11.1,jeb-kr-amherst,8399c9b,1.2.4,1.75239,0.01617598533630371,0.003141164779663086,171.0,255.0,2027088,222848
BaseDirs,Project-Path,2024-10-24,1.11.1,jeb-kr-amherst,8399c9b,1.2.4,1.789252,0.016122102737426758,0.0030999183654785156,171.0,258.0,2042092,222720
BaseDirs,Project-Path,2024-10-25,1.11.1,jeb-kr-amherst,8399c9b,1.2.4,1.782314,0.016501903533935547,0.003072023391723633,171.0,261.0,2044216,222976
BaseDirs,Project-Path,2024-10-26,1.11.1,jeb-kr-amherst,8399c9b,1.2.4,1.763445,0.01616811752319336,0.003095865249633789,171.0,257.0,2031388,222592
BaseDirs,Project-Path,2024-10-27,1.11.1,jeb-kr-amherst,8399c9b,1.2.4,1.780605,0.01612997055053711,0.003049135208129883,171.0,256.0,2044100,222720
BaseDirs,Project-Path,2024-10-28,1.11.1,jeb-kr-amherst,8399c9b,1.2.4,1.778401,0.0168149471282959,0.003122091293334961,171.0,258.0,2041572,222848
BaseDirs,Project-Path,2024-10-29,1.11.1,jeb-kr-amherst,8399c9b,1.2.4,1.727799,0.017602920532226562,0.003116130828857422,171.0,258.0,2029800,222568
BaseDirs,Project-Path,2024-10-30,1.11.1,jeb-kr-amherst,8399c9b,1.2.4,1.795377,0.017208099365234375,0.0030798912048339844,171.0,263.0,2027288,222976
BaseDirs,Project-Path,2024-10-31,1.11.1,jeb-kr-amherst,8399c9b,1.2.4,1.745971,0.016141891479492188,0.003100156784057617,171.0,253.0,2029864,222540
BaseDirs,Project-Path,2024-11-01,1.11.1,jeb-kr-amherst,8399c9b,1.2.4,1.762762,0.017503023147583008,0.002907991409301758,171.0,263.0,2039808,223084
BaseDirs,Project-Path,2024-11-02,1.11.1,jeb-kr-amherst,8399c9b,1.2.4,1.774334,0.016187191009521484,0.0030858516693115234,171.0,256.0,2020692,222976
BaseDirs,Project-Path,2024-11-03,1.11.1,jeb-kr-amherst,8399c9b,1.2.4,1.77562,0.017269134521484375,0.0030128955841064453,171.0,261.0,2026076,222720
BaseDirs,Project-Path,2024-11-04,1.11.1,jeb-kr-amherst,8399c9b,1.2.4,1.763725,0.016541004180908203,0.0031540393829345703,171.0,255.0,2030684,222592
BaseDirs,Project-Path,2024-11-05,1.11.1,jeb-kr-amherst,8399c9b,1.2.4,1.766787,0.016145944595336914,0.003130197525024414,171.0,252.0,2020492,222592
BaseDirs,Project-Path,2024-11-06,1.11.1,jeb-kr-amherst,8399c9b,1.2.4,1.755748,0.01727604866027832,0.003053903579711914,171.0,259.0,2027208,222848
BaseDirs,Project-Path,2024-11-07,1.11.1,jeb-kr-amherst,8399c9b,1.2.4,1.725733,0.016037940979003906,0.003055095672607422,171.0,253.0,2027108,222700
BaseDirs,Project-Path,2024-11-08,1.11.1,jeb-kr-amherst,8399c9b,1.2.4,1.787948,0.017100095748901367,0.0030968189239501953,171.0,263.0,2026236,222976
BaseDirs,Project-Path,2024-11-09,1.11.1,jeb-kr-amherst,8399c9b,1.2.4,1.828678,0.01621389389038086,0.0030629634857177734,172.0,256.0,2032852,222848
BaseDirs,Project-Path,2024-11-10,1.11.1,jeb-kr-amherst,8399c9b,1.2.4,1.734779,0.016034841537475586,0.00310516357421875,171.0,258.0,2028936,222848
BaseDirs,Project-Path,2024-11-11,1.11.1,jeb-kr-amherst,8399c9b,1.2.4,1.800693,0.01815199851989746,0.0028960704803466797,171.0,265.0,2042068,222848
BaseDirs,Project-Path,2024-11-12,1.11.1,jeb-kr-amherst,8399c9b,1.2.4,1.800575,0.02061319351196289,0.003763914108276367,172.0,284.0,2031340,222700
BaseDirs,Project-Path,2024-11-13,1.11.1,jeb-kr-amherst,8399c9b,1.2.4,1.742121,0.016236066818237305,0.003119945526123047,171.0,257.0,2032932,222976
BaseDirs,Project-Path,2024-11-14,1.11.1,jeb-kr-amherst,8399c9b,1.2.4,1.790867,0.01738595962524414,0.0030870437622070312,171.0,266.0,2028328,223104
BaseDirs,Project-Path,2024-11-15,1.11.1,jeb-kr-amherst,8399c9b,1.2.4,1.716191,0.01822209358215332,0.002817869186401367,171.0,262.0,2042788,222848
BaseDirs,Project-Path,2024-11-16,1.11.1,jeb-kr-amherst,8399c9b,1.2.4,1.806066,0.01702713966369629,0.003101825714111328,171.0,258.0,2028612,222848
BaseDirs,Project-Path,2024-11-17,1.11.1,jeb-kr-amherst,8399c9b,1.2.4,1.750968,0.01607799530029297,0.0030629634857177734,171.0,259.0,2012652,222848
BaseDirs,Project-Path,2024-11-18,1.11.1,jeb-kr-amherst,8399c9b,1.2.4,1.747864,0.016102075576782227,0.003036022186279297,171.0,255.0,2045840,222564
BaseDirs,Project-Path,2024-11-19,1.11.1,jeb-kr-amherst,8399c9b,1.2.4,1.791013,0.01807689666748047,0.0030879974365234375,171.0,263.0,2045136,222848
BaseDirs,Project-Path,2024-11-20,1.11.1,jeb-kr-amherst,8399c9b,1.2.4,1.756853,0.016294002532958984,0.0031290054321289062,171.0,254.0,2027840,222976
BaseDirs,Project-Path,2024-11-21,1.11.1,jeb-kr-amherst,8399c9b,1.2.4,1.781478,0.01618194580078125,0.003077983856201172,171.0,256.0,2025456,222976
BaseDirs,Project-Path,2024-11-22,1.11.1,jeb-kr-amherst,8399c9b,1.2.4,2.478333,0.024756908416748047,0.004293918609619141,140.0,271.0,2041624,223060
BaseDirs,Project-Path,2024-11-23,1.11.1,jeb-kr-amherst,8399c9b,1.2.4,1.927416,0.02110886573791504,0.0038759708404541016,173.0,286.0,2034972,222720
BaseDirs,Project-Path,2024-11-24,1.11.1,jeb-kr-amherst,8399c9b,1.2.4,1.847768,0.01706385612487793,0.0031061172485351562,171.0,256.0,2037664,223104
BaseDirs,Project-Path,2024-11-25,1.11.1,jeb-kr-amherst,8399c9b,1.2.4,4.116597,0.029928922653198242,0.005461931228637695,160.0,201.0,2040852,222976
BaseDirs,Project-Path,2024-11-26,1.11.1,jeb-kr-amherst,8399c9b,1.2.4,2.814994,0.028629064559936523,0.004839897155761719,148.0,263.0,2031720,223104
BaseDirs,Project-Path,2024-11-27,1.11.1,jeb-kr-amherst,8399c9b,1.2.4,1.97371,0.024029970169067383,0.004211902618408203,171.0,294.0,2036340,222976
BaseDirs,Project-Path,2024-11-28,1.11.1,jeb-kr-amherst,8399c9b,1.2.4,2.175522,0.021761178970336914,0.0039348602294921875,171.0,291.0,2045608,222848
BaseDirs,Project-Path,2024-11-29,1.11.1,jeb-kr-amherst,8399c9b,1.2.4,2.043351,0.022351980209350586,0.0041010379791259766,171.0,291.0,2070604,222848
BaseDirs,Project-Path,2024-11-30,1.11.1,jeb-kr-amherst,8399c9b,1.2.4,2.108704,0.022037982940673828,0.0040819644927978516,169.0,295.0,2047496,222848
BaseDirs,Project-Path,2024-12-01,1.11.1,jeb-kr-amherst,8399c9b,1.2.4,1.876005,0.020545005798339844,0.003793001174926758,172.0,285.0,2025668,222716
BaseDirs,Project-Path,2024-12-02,1.11.1,jeb-kr-amherst,8399c9b,1.2.4,1.7837,0.016134023666381836,0.003078937530517578,171.0,255.0,2028804,222840
BaseDirs,Project-Path,2024-12-03,1.11.1,jeb-kr-amherst,8399c9b,1.2.4,1.778135,0.01628708839416504,0.0031490325927734375,171.0,255.0,2049336,222976
BaseDirs,Project-Path,2024-12-04,1.11.1,jeb-kr-amherst,8399c9b,1.2.4,1.775658,0.016678810119628906,0.003133058547973633,171.0,257.0,2023972,222592
BaseDirs,Project-Path,2024-12-05,1.11.1,jeb-kr-amherst,8399c9b,1.2.4,1.738364,0.016202926635742188,0.003077983856201172,171.0,253.0,2009428,222720
BaseDirs,Project-Path,2024-12-06,1.11.1,jeb-kr-amherst,8399c9b,1.2.4,1.783768,0.016232967376708984,0.0031669139862060547,171.0,256.0,2030276,222976
BaseDirs,Project-Path,2024-12-07,1.11.1,jeb-kr-amherst,8399c9b,1.2.4,1.735348,0.017241954803466797,0.0031070709228515625,171.0,264.0,2044136,222720
BaseDirs,Project-Path,2024-12-08,1.11.1,jeb-kr-amherst,8399c9b,1.2.4,1.786424,0.01709580421447754,0.0031042098999023438,171.0,262.0,2040608,222848
BaseDirs,Project-Path,2024-12-09,1.11.1,jeb-kr-amherst,8399c9b,1.2.4,1.770871,0.016185998916625977,0.0031321048736572266,171.0,261.0,2030116,222848
BaseDirs,Project-Path,2024-12-10,1.11.2,jeb-kr-amherst,8399c9b,1.2.4,1.651454,0.021700143814086914,0.003922939300537109,164.0,290.0,2020680,219640
BaseDirs,Project-Path,2024-12-11,1.11.2,jeb-kr-amherst,8399c9b,1.2.4,1.77664,0.023827075958251953,0.004187107086181641,162.0,300.0,2024928,219632
BaseDirs,Project-Path,2024-12-12,1.11.2,jeb-kr-amherst,8399c9b,1.2.4,1.52603,0.017287015914916992,0.003100156784057617,177.0,259.0,2026092,219136
BaseDirs,Project-Path,2024-12-13,1.11.2,jeb-kr-amherst,8399c9b,1.2.4,1.544062,0.01653885841369629,0.0031621456146240234,176.0,259.0,2026164,219392
BaseDirs,Project-Path,2024-12-14,1.11.2,jeb-kr-amherst,8399c9b,1.2.4,1.531536,0.016784191131591797,0.003144979476928711,176.0,254.0,2026256,219636
BaseDirs,Project-Path,2024-12-15,1.11.2,jeb-kr-amherst,8399c9b,1.2.4,1.573975,0.01648712158203125,0.003091096878051758,177.0,256.0,2022792,219776
BaseDirs,Project-Path,2024-12-16,1.11.2,jeb-kr-amherst,8399c9b,1.2.4,1.507773,0.016571998596191406,0.0030951499938964844,177.0,260.0,2024140,219776
BaseDirs,Project-Path,2024-12-17,1.11.2,jeb-kr-amherst,8399c9b,1.2.4,1.475004,0.016830921173095703,0.0031511783599853516,176.0,262.0,2018604,219624
BaseDirs,Project-Path,2024-12-18,1.11.2,jeb-kr-amherst,8399c9b,1.2.4,1.538551,0.017483949661254883,0.003175020217895508,176.0,261.0,2026404,219520
BaseDirs,Project-Path,2024-12-19,1.11.2,jeb-kr-amherst,8399c9b,1.2.4,1.549025,0.016546010971069336,0.0031130313873291016,177.0,260.0,2027492,219776
BaseDirs,Project-Path,2024-12-20,1.11.2,jeb-kr-amherst,8399c9b,1.2.4,1.521948,0.01664590835571289,0.0031609535217285156,176.0,258.0,2027808,219504
BaseDirs,Project-Path,2024-12-21,1.11.2,jeb-kr-amherst,8399c9b,1.2.4,1.528253,0.01668691635131836,0.0031311511993408203,177.0,258.0,2028180,219380
BaseDirs,Project-Path,2024-12-22,1.11.2,jeb-kr-amherst,8399c9b,1.2.4,1.544275,0.017484188079833984,0.0031130313873291016,177.0,261.0,2029784,219392
BaseDirs,Project-Path,2024-12-23,1.11.2,jeb-kr-amherst,8399c9b,1.2.4,1.512199,0.016720056533813477,0.0030989646911621094,176.0,257.0,2016992,219124
BaseDirs,Project-Path,2024-12-24,1.11.2,jeb-kr-amherst,8399c9b,1.2.4,1.490014,0.017369985580444336,0.0031070709228515625,176.0,262.0,2025152,219504
BaseDirs,Project-Path,2024-12-25,1.11.2,jeb-kr-amherst,8399c9b,1.2.4,1.536646,0.016607999801635742,0.0030879974365234375,176.0,259.0,2029756,219504
BaseDirs,Project-Path,2024-12-26,1.11.2,jeb-kr-amherst,8399c9b,1.2.4,1.519456,0.016793012619018555,0.003239154815673828,177.0,260.0,2024592,219896
BaseDirs,Project-Path,2024-12-27,1.11.2,jeb-kr-amherst,8399c9b,1.2.4,1.518891,0.0166780948638916,0.0031058788299560547,177.0,258.0,2008076,219648
BaseDirs,Project-Path,2024-12-28,1.11.2,jeb-kr-amherst,8399c9b,1.2.4,3.835091,0.0321040153503418,0.0064280033111572266,148.0,149.0,2031224,219636
BaseDirs,Project-Path,2024-12-29,1.11.2,jeb-kr-amherst,8399c9b,1.2.4,3.399677,0.04015493392944336,0.004770040512084961,158.0,245.0,2028920,219648
BaseDirs,Project-Path,2024-12-30,1.11.2,jeb-kr-amherst,8399c9b,1.2.4,1.790455,0.022802114486694336,0.004361867904663086,184.0,284.0,2007776,219624
BaseDirs,Project-Path,2024-12-31,1.11.2,jeb-kr-amherst,8399c9b,1.2.4,1.818711,0.023128032684326172,0.004141092300415039,175.0,291.0,2030796,219372
BaseDirs,Project-Path,2025-01-01,1.11.2,jeb-kr-amherst,8399c9b,1.2.4,1.694612,0.023921966552734375,0.003968000411987305,179.0,292.0,2021852,219648
BaseDirs,Project-Path,2025-01-02,1.11.2,jeb-kr-amherst,8399c9b,1.2.4,1.603605,0.02244281768798828,0.0036971569061279297,177.0,290.0,2010184,219516
BaseDirs,Project-Path,2025-01-03,1.11.2,jeb-kr-amherst,8399c9b,1.2.4,1.545148,0.016646862030029297,0.0031061172485351562,176.0,258.0,2015188,219392
BaseDirs,Project-Path,2025-01-04,1.11.2,jeb-kr-amherst,8399c9b,1.2.4,1.501956,0.01653599739074707,0.003100156784057617,177.0,254.0,2016388,219636
BaseDirs,Project-Path,2025-01-05,1.11.2,jeb-kr-amherst,8399c9b,1.2.4,1.488599,0.016672134399414062,0.003164052963256836,177.0,259.0,2027036,219644
BaseDirs,Project-Path,2025-01-06,1.11.2,jeb-kr-amherst,8399c9b,1.2.4,1.530654,0.017528057098388672,0.00321197509765625,177.0,261.0,2027908,219388
BaseDirs,Project-Path,2025-01-07,1.11.2,jeb-kr-amherst,8399c9b,1.2.4,1.535788,0.017599821090698242,0.0031280517578125,176.0,263.0,2015404,219512
BaseDirs,Project-Path,2025-01-08,1.11.2,jeb-kr-amherst,8399c9b,1.2.4,1.531406,0.016804933547973633,0.003113985061645508,176.0,256.0,2028012,219244
BaseDirs,Project-Path,2025-01-09,1.11.2,jeb-kr-amherst,8399c9b,1.2.4,1.496293,0.01677393913269043,0.0031299591064453125,177.0,258.0,2015700,219392
BaseDirs,Project-Path,2025-01-10,1.11.2,jeb-kr-amherst,8399c9b,1.2.4,1.523143,0.01670098304748535,0.003075122833251953,176.0,258.0,2020268,219504
BaseDirs,Project-Path,2025-01-11,1.11.2,jeb-kr-amherst,8399c9b,1.2.4,1.537333,0.01659703254699707,0.003137826919555664,177.0,256.0,2027684,219648
BaseDirs,Project-Path,2025-01-12,1.11.2,jeb-kr-amherst,8399c9b,1.2.4,1.520664,0.016560077667236328,0.003072023391723633,176.0,256.0,2018524,219636
BaseDirs,Project-Path,2025-01-13,1.11.2,jeb-kr-amherst,8399c9b,1.2.4,1.51687,0.016621112823486328,0.0030889511108398438,177.0,258.0,2025828,219764
BaseDirs,Project-Path,2025-01-14,1.11.2,jeb-kr-amherst,8399c9b,1.2.4,1.497358,0.017522811889648438,0.0031800270080566406,177.0,260.0,2011624,219392
BaseDirs,Project-Path,2025-01-15,1.11.2,jeb-kr-amherst,8399c9b,1.2.4,1.540597,0.016620874404907227,0.0031130313873291016,176.0,259.0,2028524,219264
BaseDirs,Project-Path,2025-01-16,1.11.2,jeb-kr-amherst,8399c9b,1.2.4,1.504735,0.01831793785095215,0.0030989646911621094,176.0,267.0,2033372,219508
BaseDirs,Project-Path,2025-01-17,1.11.2,jeb-kr-amherst,8399c9b,1.2.4,1.490677,0.016640186309814453,0.003106832504272461,176.0,260.0,2020512,219776
BaseDirs,Project-Path,2025-01-18,1.11.2,jeb-kr-amherst,8399c9b,1.2.4,1.522097,0.016632080078125,0.0031180381774902344,177.0,260.0,2018156,219768
BaseDirs,Project-Path,2025-01-19,1.11.2,jeb-kr-amherst,8399c9b,1.2.4,1.546393,0.01659393310546875,0.0031430721282958984,176.0,258.0,2026320,219648
BaseDirs,Project-Path,2025-01-20,1.11.2,jeb-kr-amherst,8399c9b,1.2.4,1.519828,0.016561031341552734,0.003137826919555664,176.0,262.0,2029472,219392
BaseDirs,Project-Path,2025-01-21,1.11.2,jeb-kr-amherst,8399c9b,1.2.4,1.532733,0.01662588119506836,0.0031311511993408203,177.0,257.0,2028640,219388
BaseDirs,Project-Path,2025-01-22,1.11.2,jeb-kr-amherst,8399c9b,1.2.4,1.528136,0.016754150390625,0.003139972686767578,176.0,255.0,2029884,219392
BaseDirs,Project-Path,2025-01-23,1.11.2,jeb-kr-amherst,8399c9b,1.2.4,1.530728,0.016765832901000977,0.0031299591064453125,176.0,255.0,2025968,219520
BaseDirs,Project-Path,2025-01-24,1.11.2,jeb-kr-amherst,8399c9b,1.2.4,1.56807,0.021116018295288086,0.0037899017333984375,177.0,288.0,2018024,219520
BaseDirs,Project-Path,2025-01-25,1.11.2,jeb-kr-amherst,8399c9b,1.2.4,1.530295,0.016582012176513672,0.0031249523162841797,176.0,255.0,2015832,219512
BaseDirs,Project-Path,2025-01-26,1.11.2,jeb-kr-amherst,8399c9b,1.2.4,1.545666,0.016566991806030273,0.003175973892211914,177.0,263.0,2024980,219520
BaseDirs,Project-Path,2025-01-27,1.11.2,jeb-kr-amherst,8399c9b,1.2.4,1.509462,0.016598939895629883,0.003097057342529297,176.0,259.0,2026060,219392
BaseDirs,Project-Path,2025-01-28,1.11.2,jeb-kr-amherst,8399c9b,1.2.4,1.537899,0.017566919326782227,0.003206968307495117,176.0,260.0,2025676,219648
BaseDirs,Project-Path,2025-01-29,1.11.2,jeb-kr-amherst,8399c9b,1.2.4,1.554524,0.018489837646484375,0.0031270980834960938,176.0,269.0,2026968,219648
BaseDirs,Project-Path,2025-01-30,1.11.3,jeb-kr-amherst,8399c9b,1.2.4,1.500887,0.017403125762939453,0.0031890869140625,176.0,264.0,2021256,226028
BaseDirs,Project-Path,2025-01-31,1.11.3,jeb-kr-amherst,8399c9b,1.2.4,1.537917,0.017457962036132812,0.003165006637573242,176.0,263.0,2004684,225920
BaseDirs,Project-Path,2025-02-01,1.11.3,jeb-kr-amherst,8399c9b,1.2.4,1.505928,0.01746988296508789,0.003164052963256836,176.0,265.0,2002084,225920
BaseDirs,Project-Path,2025-02-02,1.11.3,jeb-kr-amherst,8399c9b,1.2.4,1.507336,0.01750493049621582,0.00315093994140625,176.0,259.0,2008628,225664
BaseDirs,Project-Path,2025-02-03,1.11.3,jeb-kr-amherst,8399c9b,1.2.4,1.508267,0.016839981079101562,0.0031769275665283203,176.0,259.0,2018548,225792
BaseDirs,Project-Path,2025-02-04,1.11.3,jeb-kr-amherst,8399c9b,1.2.4,1.516283,0.016752004623413086,0.003103017807006836,176.0,259.0,2017860,225920
BaseDirs,Project-Path,2025-02-05,1.11.3,jeb-kr-amherst,8399c9b,1.2.4,1.533895,0.0178070068359375,0.0030450820922851562,176.0,265.0,2017512,225792
BaseDirs,Project-Path,2025-02-06,1.11.3,jeb-kr-amherst,8399c9b,1.2.4,1.509798,0.0170438289642334,0.003062009811401367,176.0,260.0,2009056,225920
BaseDirs,Project-Path,2025-02-07,1.11.3,jeb-kr-amherst,8399c9b,1.2.4,1.554035,0.016648054122924805,0.003136873245239258,176.0,255.0,2019012,225792
BaseDirs,Project-Path,2025-02-08,1.11.3,jeb-kr-amherst,8399c9b,1.2.4,1.548267,0.01668405532836914,0.003153085708618164,176.0,261.0,2009116,225792
BaseDirs,Project-Path,2025-02-09,1.11.3,jeb-kr-amherst,8399c9b,1.2.4,1.540042,0.016860008239746094,0.003117084503173828,176.0,256.0,2010396,225920
BaseDirs,Project-Path,2025-02-10,1.11.3,jeb-kr-amherst,8399c9b,1.2.4,4.002655,0.032035112380981445,0.005942821502685547,148.0,132.0,2018276,226048
BaseDirs,Project-Path,2025-02-11,1.11.3,jeb-kr-amherst,8399c9b,1.2.4,1.595243,0.021286964416503906,0.0038721561431884766,175.0,282.0,2017524,225664
BaseDirs,Project-Path,2025-02-12,1.11.3,jeb-kr-amherst,8399c9b,1.2.4,1.511133,0.018515825271606445,0.003203153610229492,176.0,268.0,2010140,225920
BaseDirs,Project-Path,2025-02-13,1.11.3,jeb-kr-amherst,8399c9b,1.2.4,1.499183,0.016772985458374023,0.003153085708618164,176.0,260.0,2009692,225920
BaseDirs,Project-Path,2025-02-14,1.11.3,jeb-kr-amherst,8399c9b,1.2.4,1.497705,0.01685500144958496,0.0031540393829345703,176.0,256.0,2005768,225920
BaseDirs,Project-Path,2025-02-15,1.11.3,jeb-kr-amherst,8399c9b,1.2.4,1.515827,0.016903162002563477,0.003120899200439453,177.0,260.0,2030332,225920
BaseDirs,Project-Path,2025-02-16,1.11.3,jeb-kr-amherst,8399c9b,1.2.4,1.519853,0.016788959503173828,0.003223896026611328,177.0,254.0,2028472,225664
BaseDirs,Project-Path,2025-02-17,1.11.3,jeb-kr-amherst,8399c9b,1.2.4,1.515539,0.01682591438293457,0.003158092498779297,176.0,257.0,2018376,226048
BaseDirs,Project-Path,2025-02-18,1.11.3,jeb-kr-amherst,8399c9b,1.2.4,1.560688,0.016846895217895508,0.003141164779663086,176.0,259.0,2017408,226176
BaseDirs,Project-Path,2025-02-19,1.11.3,jeb-kr-amherst,8399c9b,1.2.4,1.509218,0.017759084701538086,0.0030989646911621094,176.0,259.0,2011124,226176
BaseDirs,Project-Path,2025-02-20,1.11.3,jeb-kr-amherst,8399c9b,1.2.4,1.497624,0.017733097076416016,0.003175020217895508,177.0,261.0,2010172,225792
BaseDirs,Project-Path,2025-02-21,1.11.3,jeb-kr-amherst,8399c9b,1.2.4,1.842299,0.023843050003051758,0.004348039627075195,180.0,296.0,2007664,225408
BaseDirs,Project-Path,2025-02-22,1.11.3,jeb-kr-amherst,8399c9b,1.2.4,1.497048,0.01814103126525879,0.0032689571380615234,176.0,262.0,2004964,225792
BaseDirs,Project-Path,2025-02-23,1.11.3,jeb-kr-amherst,8399c9b,1.2.4,1.535886,0.01671004295349121,0.0031359195709228516,176.0,258.0,2000352,225792
BaseDirs,Project-Path,2025-02-24,1.11.3,jeb-kr-amherst,8399c9b,1.2.4,1.547121,0.016794919967651367,0.0031709671020507812,176.0,260.0,2019228,225792
BaseDirs,Project-Path,2025-02-25,1.11.3,jeb-kr-amherst,8399c9b,1.2.4,1.529086,0.016798973083496094,0.0031621456146240234,177.0,258.0,2018876,226176
BaseDirs,Project-Path,2025-02-27,1.11.3,jeb-kr-amherst,8399c9b,1.2.4,1.612755,0.022159814834594727,0.003720998764038086,176.0,289.0,2019592,226048
BaseDirs,Project-Path,2025-02-28,1.11.3,jeb-kr-amherst,8399c9b,1.2.4,1.535134,0.017042160034179688,0.0031919479370117188,176.0,260.0,2019712,225792
BaseDirs,Project-Path,2025-03-01,1.11.3,jeb-kr-amherst,8399c9b,1.2.4,1.534235,0.01673603057861328,0.0031669139862060547,176.0,259.0,2027536,226048
BaseDirs,Project-Path,2025-03-02,1.11.3,jeb-kr-amherst,8399c9b,1.2.4,1.545213,0.016900062561035156,0.003103017807006836,177.0,260.0,2027600,225792
BaseDirs,Project-Path,2025-03-03,1.11.3,jeb-kr-amherst,8399c9b,1.2.4,1.527013,0.016704082489013672,0.003175020217895508,176.0,260.0,2018452,226048
BaseDirs,Project-Path,2025-03-04,1.11.3,jeb-kr-amherst,8399c9b,1.2.4,1.51641,0.017841815948486328,0.003062009811401367,177.0,261.0,2016248,225792
BaseDirs,Project-Path,2025-03-05,1.11.3,jeb-kr-amherst,8399c9b,1.2.4,1.494969,0.018052101135253906,0.003245830535888672,176.0,264.0,2008116,226048
BaseDirs,Project-Path,2025-03-06,1.11.3,jeb-kr-amherst,8399c9b,1.2.4,1.53598,0.01779794692993164,0.0030570030212402344,176.0,265.0,2011920,226176
BaseDirs,Project-Path,2025-03-07,1.11.3,jeb-kr-amherst,8399c9b,1.2.4,1.542202,0.017880916595458984,0.0032041072845458984,176.0,264.0,1987636,225920
BaseDirs,Project-Path,2025-03-08,1.11.3,jeb-kr-amherst,8399c9b,1.2.4,1.540635,0.01661396026611328,0.0031371116638183594,176.0,259.0,2007116,225920
BaseDirs,Project-Path,2025-03-09,1.11.3,jeb-kr-amherst,8399c9b,1.2.4,1.527382,0.01903510093688965,0.0033948421478271484,176.0,269.0,2017972,225792
BaseDirs,Project-Path,2025-03-10,1.11.3,jeb-kr-amherst,8399c9b,1.2.4,1.51474,0.01676487922668457,0.0031311511993408203,176.0,258.0,2011268,226048
BaseDirs,Project-Path,2025-03-11,1.11.3,jeb-kr-amherst,8399c9b,1.2.4,1.492036,0.016875028610229492,0.003114938735961914,176.0,258.0,2017664,225656
BaseDirs,Project-Path,2025-03-12,1.11.3,jeb-kr-amherst,8399c9b,1.2.4,1.488141,0.017666101455688477,0.003120899200439453,176.0,265.0,2018620,225792
BaseDirs,Project-Path,2025-03-13,1.11.3,jeb-kr-amherst,8399c9b,1.2.4,1.537213,0.016719818115234375,0.0031859874725341797,176.0,258.0,2008636,226048
BaseDirs,Project-Path,2025-03-14,1.11.3,jeb-kr-amherst,8399c9b,1.2.4,1.525995,0.016766071319580078,0.0031309127807617188,176.0,257.0,2017748,225664
BaseDirs,Project-Path,2025-03-15,1.11.3,jeb-kr-amherst,8399c9b,1.2.4,1.540913,0.016911029815673828,0.0031859874725341797,177.0,257.0,2011004,225788
BaseDirs,Project-Path,2025-03-16,1.11.3,jeb-kr-amherst,8399c9b,1.2.4,1.499426,0.016746997833251953,0.0031969547271728516,177.0,258.0,2019780,225920
BaseDirs,Project-Path,2025-03-17,1.11.3,jeb-kr-amherst,8399c9b,1.2.4,1.526006,0.017360925674438477,0.0031719207763671875,176.0,259.0,2027620,226172
BaseDirs,Project-Path,2025-03-18,1.11.3,jeb-kr-amherst,8399c9b,1.2.4,1.546353,0.0168459415435791,0.0031800270080566406,176.0,257.0,2019460,225920
BaseDirs,Project-Path,2025-03-19,1.11.3,jeb-kr-amherst,8399c9b,1.2.4,1.867394,0.024784088134765625,0.004323005676269531,178.0,293.0,2010844,226048
BaseDirs,Project-Path,2025-03-20,1.11.4,jeb-kr-amherst,8399c9b,1.2.4,2.482903,0.023028850555419922,0.004477977752685547,178.0,231.0,2017288,226552
BaseDirs,Project-Path,2025-03-21,1.11.4,jeb-kr-amherst,8399c9b,1.2.4,2.067654,0.022261857986450195,0.00413203239440918,186.0,278.0,2018648,226304
BaseDirs,Project-Path,2025-03-22,1.11.4,jeb-kr-amherst,8399c9b,1.2.4,1.687562,0.02097010612487793,0.003945112228393555,177.0,291.0,2026644,226172
BaseDirs,Project-Path,2025-03-23,1.11.4,jeb-kr-amherst,8399c9b,1.2.4,1.875982,0.022176027297973633,0.0041048526763916016,174.0,292.0,2010676,226296
BaseDirs,Project-Path,2025-03-24,1.11.4,jeb-kr-amherst,8399c9b,1.2.4,1.697994,0.020845890045166016,0.003918170928955078,178.0,290.0,2012864,226176
BaseDirs,Project-Path,2025-03-25,1.11.4,jeb-kr-amherst,8399c9b,1.2.4,1.624146,0.02036905288696289,0.003802776336669922,179.0,282.0,2019784,226304
BaseDirs,Project-Path,2025-03-26,1.11.4,jeb-kr-amherst,8399c9b,1.2.4,1.537724,0.0168609619140625,0.003094196319580078,178.0,264.0,2028696,226304
BaseDirs,Project-Path,2025-03-27,1.11.4,jeb-kr-amherst,8399c9b,1.2.4,1.489416,0.016137123107910156,0.003042936325073242,178.0,258.0,2018336,226688
BaseDirs,Project-Path,2025-03-28,1.11.4,jeb-kr-amherst,8399c9b,1.2.4,1.513531,0.016371965408325195,0.0030372142791748047,177.0,259.0,2005424,226304
BaseDirs,Project-Path,2025-03-29,1.11.4,jeb-kr-amherst,8399c9b,1.2.4,1.525667,0.016297101974487305,0.003078937530517578,177.0,256.0,2007536,226304
BaseDirs,Project-Path,2025-03-30,1.11.4,jeb-kr-amherst,8399c9b,1.2.4,1.539469,0.016810894012451172,0.003133058547973633,178.0,261.0,2027500,226560
BaseDirs,Project-Path,2025-03-31,1.11.4,jeb-kr-amherst,8399c9b,1.2.4,1.548007,0.016896963119506836,0.0031020641326904297,177.0,261.0,2034704,226300
BaseDirs,Project-Path,2025-04-01,1.11.4,jeb-kr-amherst,8399c9b,1.2.4,1.520903,0.016139984130859375,0.0030999183654785156,177.0,258.0,2011244,226148
BaseDirs,Project-Path,2025-04-02,1.11.4,jeb-kr-amherst,8399c9b,1.2.4,1.511301,0.016152143478393555,0.0030889511108398438,177.0,258.0,2018400,226432
BaseDirs,Project-Path,2025-04-03,1.11.4,jeb-kr-amherst,8399c9b,1.2.4,1.55729,0.016716957092285156,0.003170013427734375,177.0,258.0,2030884,226048
BaseDirs,Project-Path,2025-04-04,1.11.4,jeb-kr-amherst,8399c9b,1.2.4,1.51128,0.016920089721679688,0.0031168460845947266,177.0,258.0,2027168,226432
BaseDirs,Project-Path,2025-04-05,1.11.4,jeb-kr-amherst,8399c9b,1.2.4,1.509369,0.01699686050415039,0.0031180381774902344,177.0,260.0,2012028,226048
BaseDirs,Project-Path,2025-04-06,1.11.4,jeb-kr-amherst,8399c9b,1.2.4,1.54615,0.016956806182861328,0.0030660629272460938,177.0,260.0,2010148,226416
BaseDirs,Project-Path,2025-04-07,1.11.4,jeb-kr-amherst,8399c9b,1.2.4,1.53318,0.016835927963256836,0.003113985061645508,178.0,258.0,2005428,226304
BaseDirs,Project-Path,2025-04-08,1.11.4,jeb-kr-amherst,8399c9b,1.2.4,1.505905,0.016225099563598633,0.0030739307403564453,178.0,257.0,2019036,226432
BaseDirs,Project-Path,2025-04-09,1.11.4,jeb-kr-amherst,8399c9b,1.2.4,1.556823,0.01636981964111328,0.003033161163330078,177.0,259.0,2021668,226432
BaseDirs,Project-Path,2025-04-10,1.11.4,jeb-kr-amherst,8399c9b,1.2.4,1.505398,0.01619410514831543,0.003139019012451172,177.0,260.0,2011768,226164
BaseDirs,Project-Path,2025-04-11,1.11.4,jeb-kr-amherst,8399c9b,1.2.4,1.489376,0.01612997055053711,0.0031239986419677734,177.0,257.0,2031000,226304
BaseDirs,Project-Path,2025-04-12,1.11.4,jeb-kr-amherst,8399c9b,1.2.4,1.557602,0.016145944595336914,0.003075122833251953,177.0,258.0,2017416,226424
BaseDirs,Project-Path,2025-04-13,1.11.4,jeb-kr-amherst,8399c9b,1.2.4,1.505154,0.016201019287109375,0.0030519962310791016,178.0,260.0,2019136,226560
BaseDirs,Project-Path,2025-04-14,1.11.4,jeb-kr-amherst,8399c9b,1.2.4,2.697066,0.02808403968811035,0.005615949630737305,183.0,280.0,2011760,225896
BaseDirs,Project-Path,2025-04-15,1.11.4,jeb-kr-amherst,8399c9b,1.2.4,1.63526,0.021368980407714844,0.0037729740142822266,179.0,286.0,2028640,226560
BaseDirs,Project-Path,2025-04-16,1.11.4,jeb-kr-amherst,8399c9b,1.2.4,2.012276,0.02140498161315918,0.0039000511169433594,175.0,183.0,2020976,226432
BaseDirs,Project-Path,2025-04-17,1.11.4,jeb-kr-amherst,8399c9b,1.2.4,1.50288,0.016154050827026367,0.003098011016845703,177.0,257.0,2016912,226432
BaseDirs,Project-Path,2025-04-18,1.11.4,jeb-kr-amherst,8399c9b,1.2.4,1.516542,0.016099929809570312,0.003078937530517578,178.0,257.0,2010444,226176
BaseDirs,Project-Path,2025-04-19,1.11.4,jeb-kr-amherst,8399c9b,1.2.4,1.879291,0.022277116775512695,0.004196882247924805,176.0,277.0,2041588,226432
BaseDirs,Project-Path,2025-04-20,1.11.5,jeb-kr-amherst,8399c9b,1.2.4,1.694427,0.02100396156311035,0.003968000411987305,180.0,289.0,2045124,219392
BaseDirs,Project-Path,2025-04-21,1.11.5,jeb-kr-amherst,8399c9b,1.2.4,1.649712,0.01620197296142578,0.0030219554901123047,180.0,258.0,2043824,219520
BaseDirs,Project-Path,2025-04-22,1.11.5,jeb-kr-amherst,8399c9b,1.2.4,1.611332,0.015939950942993164,0.0030889511108398438,180.0,256.0,2035564,220032
BaseDirs,Project-Path,2025-04-23,1.11.5,jeb-kr-amherst,8399c9b,1.2.4,1.615914,0.01602792739868164,0.003094911575317383,180.0,260.0,2017404,219520
BaseDirs,Project-Path,2025-04-24,1.11.5,jeb-kr-amherst,8399c9b,1.2.4,1.598291,0.016191959381103516,0.003033161163330078,180.0,259.0,2048492,219392
BaseDirs,Project-Path,2025-04-25,1.11.5,jeb-kr-amherst,8399c9b,1.2.4,1.649984,0.01666998863220215,0.003159046173095703,180.0,262.0,2047632,219648
BaseDirs,Project-Path,2025-04-26,1.11.5,jeb-kr-amherst,8399c9b,1.2.4,1.618984,0.016854047775268555,0.0030808448791503906,180.0,260.0,2041420,219520
BaseDirs,Project-Path,2025-04-27,1.11.5,jeb-kr-amherst,8399c9b,1.2.4,1.596041,0.01618504524230957,0.0030679702758789062,180.0,259.0,2003516,219392
BaseDirs,Project-Path,2025-04-28,1.11.5,jeb-kr-amherst,8399c9b,1.2.4,1.61248,0.016883134841918945,0.0031609535217285156,180.0,261.0,2046036,219392
BaseDirs,Project-Path,2025-04-29,1.11.5,jeb-kr-amherst,8399c9b,1.2.4,1.649492,0.016089916229248047,0.0030829906463623047,180.0,261.0,2050916,219508
BaseDirs,Project-Path,2025-04-30,1.11.5,jeb-kr-amherst,8399c9b,1.2.4,1.696117,0.020246028900146484,0.0037610530853271484,180.0,284.0,2033044,219264
BaseDirs,Project-Path,2025-05-01,1.11.5,jeb-kr-amherst,8399c9b,1.2.4,1.631222,0.016036033630371094,0.003065824508666992,181.0,259.0,2047536,219648
BaseDirs,Project-Path,2025-05-02,1.11.5,jeb-kr-amherst,8399c9b,1.2.4,1.609533,0.016921043395996094,0.0031049251556396484,180.0,264.0,2047936,219384
BaseDirs,Project-Path,2025-05-03,1.11.5,jeb-kr-amherst,8399c9b,1.2.4,1.795558,0.020735979080200195,0.003971099853515625,181.0,286.0,2021512,219520
BaseDirs,Project-Path,2025-05-04,1.11.5,jeb-kr-amherst,8399c9b,1.2.4,1.708217,0.020689010620117188,0.0036630630493164062,182.0,286.0,2049684,219516
BaseDirs,Project-Path,2025-05-05,1.11.5,jeb-kr-amherst,8399c9b,1.2.4,1.63097,0.01589512825012207,0.0031299591064453125,180.0,256.0,2036272,219248
BaseDirs,Project-Path,2025-05-06,1.11.5,jeb-kr-amherst,8399c9b,1.2.4,2.084231,0.0218350887298584,0.0040318965911865234,181.0,287.0,2038624,219644
BaseDirs,Project-Path,2025-05-07,1.11.5,jeb-kr-amherst,8399c9b,1.2.4,1.895573,0.021033048629760742,0.004019975662231445,173.0,287.0,2029932,219520
BaseDirs,Project-Path,2025-05-08,1.11.5,jeb-kr-amherst,8399c9b,1.2.4,1.722898,0.02041006088256836,0.003731966018676758,181.0,286.0,2036008,219520
BaseDirs,Project-Path,2025-05-09,1.11.5,jeb-kr-amherst,8399c9b,1.2.4,1.64337,0.01609516143798828,0.0029938220977783203,180.0,257.0,2045304,219128
BaseDirs,Project-Path,2025-05-10,1.11.5,jeb-kr-amherst,8399c9b,1.2.4,2.199209,0.02436518669128418,0.004434823989868164,189.0,296.0,2052676,219644
BaseDirs,Project-Path,2025-05-11,1.11.5,jeb-kr-amherst,8399c9b,1.2.4,2.074646,0.023092031478881836,0.005009889602661133,171.0,300.0,2023616,219380
BaseDirs,Project-Path,2025-05-12,1.11.5,jeb-kr-amherst,8399c9b,1.2.4,1.913716,0.022500991821289062,0.0040740966796875,181.0,293.0,2054732,219520
BaseDirs,Project-Path,2025-05-13,1.11.5,jeb-kr-amherst,8399c9b,1.2.4,1.608115,0.016896963119506836,0.0031609535217285156,180.0,260.0,2029456,219516
BaseDirs,Project-Path,2025-05-14,1.11.5,jeb-kr-amherst,8399c9b,1.2.4,1.623385,0.01600503921508789,0.0030930042266845703,180.0,257.0,2036816,219520
BaseDirs,Project-Path,2025-05-15,1.11.5,jeb-kr-amherst,8399c9b,1.2.4,1.622902,0.016415834426879883,0.0031130313873291016,180.0,257.0,2015000,219512
BaseDirs,Project-Path,2025-05-16,1.11.5,jeb-kr-amherst,8399c9b,1.2.4,1.899429,0.025361061096191406,0.0041158199310302734,183.0,303.0,2046776,219392
BaseDirs,Project-Path,2025-05-18,1.11.5,jeb-kr-amherst,8399c9b,1.3.0,2.243707,0.012596845626831055,0.000286102294921875,180.0,232.0,2048968,217856
BaseDirs,Project-Path,2025-05-19,1.11.5,jeb-kr-amherst,8399c9b,1.3.0,2.221991,0.012669801712036133,0.0002841949462890625,180.0,235.0,2046892,217852
BaseDirs,Project-Path,2025-05-20,1.11.5,jeb-kr-amherst,8399c9b,1.3.0,2.197251,0.012639999389648438,0.0002799034118652344,180.0,233.0,2041308,217856
BaseDirs,Project-Path,2025-05-21,1.11.5,jeb-kr-amherst,8399c9b,1.3.0,2.194101,0.013340950012207031,0.0002830028533935547,181.0,236.0,2046428,217728
BaseDirs,Project-Path,2025-05-22,1.11.5,jeb-kr-amherst,8399c9b,1.3.0,2.227015,0.0126190185546875,0.0002789497375488281,180.0,233.0,2045236,217728
BaseDirs,Project-Path,2025-05-23,1.11.5,jeb-kr-amherst,8399c9b,1.3.0,2.314319,0.015407085418701172,0.0003428459167480469,180.0,257.0,2019092,217600
BaseDirs,Project-Path,2025-05-24,1.11.5,jeb-kr-amherst,8399c9b,1.3.0,2.211198,0.01258707046508789,0.0002880096435546875,180.0,234.0,2046948,217472
BaseDirs,Project-Path,2025-05-25,1.11.5,jeb-kr-amherst,8399c9b,1.3.0,2.197724,0.013972997665405273,0.0002810955047607422,180.0,237.0,2047052,217980
BaseDirs,Project-Path,2025-05-26,1.11.5,jeb-kr-amherst,8399c9b,1.3.0,2.241901,0.012506961822509766,0.0002770423889160156,180.0,232.0,2040508,217856
BaseDirs,Project-Path,2025-05-27,1.11.5,jeb-kr-amherst,8399c9b,1.3.0,2.234343,0.013905048370361328,0.0002868175506591797,180.0,242.0,2017712,217724
BaseDirs,Project-Path,2025-05-28,1.11.5,jeb-kr-amherst,8399c9b,1.3.0,2.203034,0.013288021087646484,0.00029206275939941406,180.0,237.0,2038864,217700
BaseDirs,Project-Path,2025-05-29,1.11.5,jeb-kr-amherst,8399c9b,1.3.0,2.207798,0.012596845626831055,0.0002791881561279297,180.0,235.0,2045332,217728
BaseDirs,Project-Path,2025-05-30,1.11.5,jeb-kr-amherst,8399c9b,1.3.0,2.221901,0.012805938720703125,0.0002892017364501953,180.0,233.0,2041868,217848
BaseDirs,Project-Path,2025-05-31,1.11.5,jeb-kr-amherst,8399c9b,1.3.0,2.194963,0.012571096420288086,0.0002779960632324219,180.0,235.0,2035084,217728
BaseDirs,Project-Path,2025-06-01,1.11.5,jeb-kr-amherst,8399c9b,1.3.0,2.226631,0.014605998992919922,0.0003399848937988281,180.0,239.0,2045596,217728
BaseDirs,Project-Path,2025-06-02,1.11.5,jeb-kr-amherst,8399c9b,1.3.0,2.239529,0.013092041015625,0.0002911090850830078,180.0,238.0,2045196,217336
BaseDirs,Project-Path,2025-06-03,1.11.5,jeb-kr-amherst,8399c9b,1.3.0,2.233649,0.012538909912109375,0.0002942085266113281,180.0,233.0,2018228,217728
BaseDirs,Project-Path,2025-06-04,1.11.5,jeb-kr-amherst,8399c9b,1.3.0,2.185065,0.012497901916503906,0.0002810955047607422,180.0,234.0,2049000,217600
BaseDirs,Project-Path,2025-06-05,1.11.5,jeb-kr-amherst,8399c9b,1.3.0,2.204803,0.012533903121948242,0.0002841949462890625,181.0,238.0,2051432,217592
BaseDirs,Project-Path,2025-06-06,1.11.5,jeb-kr-amherst,8399c9b,1.3.0,2.246751,0.01258707046508789,0.0002880096435546875,180.0,231.0,2038764,217728
BaseDirs,Project-Path,2025-06-07,1.11.5,jeb-kr-amherst,8399c9b,1.3.0,5.066268,0.020493030548095703,0.0004248619079589844,157.0,216.0,2046532,217980
BaseDirs,Project-Path,2025-06-08,1.11.5,jeb-kr-amherst,8399c9b,1.3.0,6.382919,0.02659916877746582,0.0004639625549316406,145.0,138.0,2059396,217856
BaseDirs,Project-Path,2025-06-09,1.11.5,jeb-kr-amherst,8399c9b,1.3.0,5.644781,0.031800031661987305,0.0004258155822753906,144.0,124.0,2031396,217984
BaseDirs,Project-Path,2025-06-10,1.11.5,jeb-kr-amherst,8399c9b,1.3.0,2.658942,0.016208887100219727,0.00036406517028808594,177.0,263.0,2038664,217728
BaseDirs,Project-Path,2025-06-11,1.11.5,jeb-kr-amherst,8399c9b,1.3.0,2.28326,0.015488147735595703,0.0003478527069091797,180.0,259.0,2048840,217856
BaseDirs,Project-Path,2025-06-12,1.11.5,jeb-kr-amherst,8399c9b,1.3.0,2.268016,0.01257014274597168,0.0002789497375488281,180.0,234.0,2045380,217600
BaseDirs,Project-Path,2025-06-13,1.11.5,jeb-kr-amherst,8399c9b,1.3.0,2.205039,0.012527942657470703,0.00028586387634277344,180.0,235.0,2047732,217472
BaseDirs,Project-Path,2025-06-14,1.11.5,jeb-kr-amherst,8399c9b,1.3.0,2.212579,0.0125579833984375,0.00028204917907714844,180.0,238.0,2011960,217600
BaseDirs,Project-Path,2025-06-15,1.11.5,jeb-kr-amherst,8399c9b,1.3.0,2.243022,0.01326894760131836,0.00029206275939941406,180.0,235.0,2048660,217832
BaseDirs,Project-Path,2025-06-16,1.11.5,jeb-kr-amherst,8399c9b,1.3.0,2.234439,0.01317906379699707,0.0002808570861816406,180.0,238.0,2020852,217976
BaseDirs,Project-Path,2025-06-17,1.11.5,jeb-kr-amherst,8399c9b,1.3.0,2.190637,0.012586832046508789,0.00028514862060546875,180.0,234.0,2046288,217344
BaseDirs,Project-Path,2025-06-18,1.11.5,jeb-kr-amherst,8399c9b,1.3.0,2.209383,0.012544870376586914,0.000286102294921875,180.0,234.0,2047012,217716
BaseDirs,Project-Path,2025-06-19,1.11.5,jeb-kr-amherst,8399c9b,1.3.0,2.235761,0.013158082962036133,0.0002830028533935547,180.0,237.0,2000988,218108
BaseDirs,Project-Path,2025-06-20,1.11.5,jeb-kr-amherst,8399c9b,1.3.0,2.210801,0.012711048126220703,0.0002880096435546875,180.0,233.0,2039016,217724
BaseDirs,Project-Path,2025-06-21,1.11.5,jeb-kr-amherst,8399c9b,1.3.0,5.990054,0.02725505828857422,0.0005757808685302734,162.0,184.0,2034648,217856
BaseDirs,Project-Path,2025-06-22,1.11.5,jeb-kr-amherst,8399c9b,1.3.0,2.434406,0.01581883430480957,0.0003402233123779297,178.0,262.0,2055276,217584
BaseDirs,Project-Path,2025-06-23,1.11.5,jeb-kr-amherst,8399c9b,1.3.0,2.20098,0.012566089630126953,0.0002849102020263672,180.0,237.0,2026940,217724
BaseDirs,Project-Path,2025-06-24,1.11.5,jeb-kr-amherst,8399c9b,1.3.0,2.172711,0.012573957443237305,0.00028896331787109375,180.0,235.0,2019424,217980
BaseDirs,Project-Path,2025-06-25,1.11.5,jeb-kr-amherst,8399c9b,1.3.0,2.199423,0.012450933456420898,0.0002810955047607422,180.0,238.0,2048684,217856
BaseDirs,Project-Path,2025-06-26,1.11.5,jeb-kr-amherst,8399c9b,1.3.0,3.011619,0.01998305320739746,0.0003421306610107422,175.0,171.0,2047832,217984
BaseDirs,Project-Path,2025-06-27,1.11.5,jeb-kr-amherst,8399c9b,1.3.0,5.229817,0.04211282730102539,0.00048422813415527344,160.0,132.0,2058768,217980
BaseDirs,Project-Path,2025-06-28,1.11.5,jeb-kr-amherst,8399c9b,1.3.0,2.534846,0.017239093780517578,0.0003628730773925781,178.0,265.0,2056972,217472
BaseDirs,Project-Path,2025-06-29,1.11.5,jeb-kr-amherst,8399c9b,1.3.0,2.239972,0.012607097625732422,0.0002880096435546875,180.0,229.0,2047548,217852
BaseDirs,Project-Path,2025-06-30,1.11.5,jeb-kr-amherst,8399c9b,1.3.0,2.207787,0.01270294189453125,0.0002789497375488281,180.0,238.0,2046576,217728
BaseDirs,Project-Path,2025-07-01,1.11.5,jeb-kr-amherst,8399c9b,1.3.0,2.240967,0.013247013092041016,0.00028896331787109375,180.0,237.0,2021772,217852
BaseDirs,Project-Path,2025-07-02,1.11.5,jeb-kr-amherst,8399c9b,1.3.0,2.232256,0.01256418228149414,0.0002930164337158203,180.0,237.0,2045232,217980
BaseDirs,Project-Path,2025-07-03,1.11.5,jeb-kr-amherst,8399c9b,1.3.1,2.206124,0.012547016143798828,0.0002739429473876953,180.0,232.0,2041280,217716
BaseDirs,Project-Path,2025-07-04,1.11.5,jeb-kr-amherst,8399c9b,1.3.1,2.251986,0.012629985809326172,0.00029397010803222656,180.0,230.0,2045836,217600
BaseDirs,Project-Path,2025-07-05,1.11.5,jeb-kr-amherst,8399c9b,1.3.1,2.255809,0.013337135314941406,0.0002808570861816406,180.0,239.0,2046532,217856
BaseDirs,Project-Path,2025-07-06,1.11.5,jeb-kr-amherst,8399c9b,1.3.1,2.275074,0.012713909149169922,0.0002849102020263672,180.0,234.0,2001644,217728
BaseDirs,Project-Path,2025-07-07,1.11.5,jeb-kr-amherst,8399c9b,1.3.1,2.252904,0.012666940689086914,0.0002961158752441406,180.0,233.0,2044364,217724
BaseDirs,Project-Path,2025-07-08,1.11.5,jeb-kr-amherst,8399c9b,1.3.1,2.272409,0.013303041458129883,0.0002849102020263672,180.0,236.0,2026156,218104
BaseDirs,Project-Path,2025-07-09,1.11.5,jeb-kr-amherst,8399c9b,1.3.1,2.24002,0.012562036514282227,0.000286102294921875,180.0,235.0,2016912,217728
BaseDirs,Project-Path,2025-07-10,1.11.5,jeb-kr-amherst,8399c9b,1.3.1,2.218267,0.012557029724121094,0.0002789497375488281,179.0,234.0,2034708,217600
BaseDirs,Project-Path,2025-07-11,1.11.5,jeb-kr-amherst,8399c9b,1.3.1,2.215223,0.012600183486938477,0.0002818107604980469,179.0,236.0,2040168,217856
BaseDirs,Project-Path,2025-07-12,1.11.5,jeb-kr-amherst,8399c9b,1.3.1,2.213429,0.012571096420288086,0.0002810955047607422,179.0,234.0,2031312,217720
BaseDirs,Project-Path,2025-07-13,1.11.5,jeb-kr-amherst,8399c9b,1.3.1,2.229916,0.012530088424682617,0.0002918243408203125,179.0,236.0,2023048,217728
BaseDirs,Project-Path,2025-07-14,1.11.5,jeb-kr-amherst,8399c9b,1.3.1,2.260533,0.012567996978759766,0.00034499168395996094,180.0,233.0,2046140,217828
BaseDirs,Project-Path,2025-07-15,1.11.5,jeb-kr-amherst,8399c9b,1.3.1,2.225134,0.012552976608276367,0.00028395652770996094,180.0,235.0,2013660,217984
BaseDirs,Project-Path,2025-07-16,1.11.5,jeb-kr-amherst,8399c9b,1.3.1,2.26139,0.012542009353637695,0.0002770423889160156,180.0,235.0,2046528,217728
BaseDirs,Project-Path,2025-07-17,1.11.5,jeb-kr-amherst,8399c9b,1.3.1,2.234276,0.012598991394042969,0.0002779960632324219,180.0,234.0,2046956,217852
BaseDirs,Project-Path,2025-07-18,1.11.5,jeb-kr-amherst,8399c9b,1.3.1,2.240557,0.012717008590698242,0.0003159046173095703,180.0,233.0,2034864,217712
BaseDirs,Project-Path,2025-07-19,1.11.5,jeb-kr-amherst,8399c9b,1.3.1,2.243019,0.012710094451904297,0.0002770423889160156,180.0,237.0,2041148,217856
BaseDirs,Project-Path,2025-10-13,1.12.0,jeb-kr-amherst,8399c9b,1.3.2,2.224538,0.005374908447265625,0.00032019615173339844,171.0,126.0,2124284,278464
BaseDirs,Project-Path,2025-10-13,alpha,jeb-kr-amherst,8399c9b,1.3.2,2.281896,0.0057220458984375,0.0003349781036376953,170.0,125.0,2126796,278440
BaseDirs,Project-Path,2025-10-13,lts,jeb-kr-amherst,8399c9b,1.3.2,2.944951,0.017791032791137695,0.00034308433532714844,148.0,280.0,369584,247024
BaseDirs,Project-Path,2025-10-13,nightly,jeb-kr-amherst,8399c9b,1.3.2,2.770713,0.0054569244384765625,0.0003490447998046875,159.0,101.0,2537040,255988
BaseDirs,Project-Path,2025-10-13,release,jeb-kr-amherst,8399c9b,1.3.2,2.210112,0.005702018737792969,0.00032806396484375,169.0,125.0,2127648,278544
BaseDirs,User-Cache,2025-07-20,1.11.6,jeb-kr-amherst,3004b15,1.3.1,2.260034,0.01602911949157715,0.0003039836883544922,181.0,263.0,2038732,217472
BaseDirs,User-Cache,2025-07-24,1.11.6,jeb-kr-amherst,3004b15,1.3.2,2.215607,0.01572108268737793,0.0002999305725097656,180.0,260.0,2022760,217600
BaseDirs,User-Cache,2025-07-28,1.11.6,jeb-kr-amherst,3004b15,1.3.2,2.178108,0.015779972076416016,0.0003039836883544922,180.0,261.0,2020716,217600
BaseDirs,User-Cache,2025-08-01,1.11.6,jeb-kr-amherst,3004b15,1.3.2,2.231351,0.016441822052001953,0.0003039836883544922,183.0,262.0,2050012,218112
BaseDirs,User-Cache,2025-08-05,1.11.6,jeb-kr-amherst,3004b15,1.3.2,2.161541,0.01816701889038086,0.0003108978271484375,183.0,270.0,2049852,217600
BaseDirs,User-Cache,2025-08-06,1.11.6,jeb-kr-amherst,3004b15,1.3.2,2.186193,0.012938976287841797,0.0002560615539550781,180.0,240.0,2053532,217344
BaseDirs,User-Cache,2025-08-10,1.11.6,jeb-kr-amherst,3004b15,1.3.2,2.286313,0.016019105911254883,0.00030493736267089844,181.0,263.0,2039824,217472
BaseDirs,User-Cache,2025-08-14,1.11.6,jeb-kr-amherst,3004b15,1.3.2,2.233615,0.016013145446777344,0.000308990478515625,179.0,263.0,2021132,217344
BaseDirs,User-Cache,2025-08-18,1.11.6,jeb-kr-amherst,3004b15,1.3.2,2.204569,0.015774011611938477,0.00031685829162597656,182.0,262.0,2055332,217316
BaseDirs,User-Cache,2025-08-22,1.11.6,jeb-kr-amherst,3004b15,1.3.2,2.232264,0.015677928924560547,0.000308990478515625,181.0,258.0,2003440,217216
BaseDirs,User-Cache,2025-08-26,1.11.6,jeb-kr-amherst,3004b15,1.3.2,2.215544,0.01680588722229004,0.00032210350036621094,182.0,267.0,2030088,217596
BaseDirs,User-Cache,2025-08-30,1.11.6,jeb-kr-amherst,3004b15,1.3.2,2.224924,0.016955137252807617,0.00031495094299316406,180.0,266.0,2037264,216704
BaseDirs,User-Cache,2025-09-03,1.11.6,jeb-kr-amherst,3004b15,1.3.2,2.236438,0.015710830688476562,0.00030422210693359375,181.0,261.0,2021872,217472
BaseDirs,User-Cache,2025-09-07,1.11.6,jeb-kr-amherst,3004b15,1.3.2,2.215299,0.015711069107055664,0.00030303001403808594,181.0,260.0,2001076,217472
BaseDirs,User-Cache,2025-09-11,1.11.6,jeb-kr-amherst,3004b15,1.3.2,2.224582,0.016592025756835938,0.0003108978271484375,181.0,263.0,2048852,217472
BaseDirs,User-Cache,2025-09-15,1.11.6,jeb-kr-amherst,3004b15,1.3.2,2.224846,0.01572704315185547,0.00030303001403808594,183.0,261.0,2023684,217200
BaseDirs,User-Cache,2025-09-19,1.11.6,jeb-kr-amherst,3004b15,1.3.2,2.266061,0.01725602149963379,0.0003008842468261719,182.0,268.0,2048564,217344
BaseDirs,User-Cache,2025-09-20,1.11.7,jeb-kr-amherst,3004b15,1.3.2,2.207074,0.017203092575073242,0.000308990478515625,182.0,306.0,2042208,225920
BaseDirs,User-Cache,2025-09-24,1.11.7,jeb-kr-amherst,3004b15,1.3.2,2.250691,0.01703786849975586,0.00031113624572753906,182.0,301.0,2038436,225792
BaseDirs,User-Cache,2025-09-28,1.11.7,jeb-kr-amherst,3004b15,1.3.2,2.165966,0.016275882720947266,0.0002810955047607422,182.0,298.0,2041524,225792
BaseDirs,User-Cache,2025-10-02,1.11.7,jeb-kr-amherst,3004b15,1.3.2,2.195222,0.016160011291503906,0.00028204917907714844,182.0,297.0,2061500,225920
BaseDirs,User-Cache,2025-10-03,1.11.7,jeb-kr-amherst,3004b15,1.3.2,2.171196,0.01682591438293457,0.00029015541076660156,182.0,300.0,2028676,225152
BaseDirs,User-Cache,2025-10-06,1.11.7,jeb-kr-amherst,3004b15,1.3.2,2.234108,0.01634693145751953,0.00028705596923828125,183.0,301.0,2043208,226304
BaseDirs,User-Cache,2025-10-07,1.11.7,jeb-kr-amherst,3004b15,1.3.2,2.48702,0.01290583610534668,0.0002429485321044922,180.0,272.0,2043112,225664
BaseDirs,User-Cache,2025-10-10,1.11.7,jeb-kr-amherst,3004b15,1.3.2,2.19802,0.017492055892944336,0.0002789497375488281,180.0,301.0,2040944,226168
BaseDirs,User-Cache,2025-10-14,1.11.7,jeb-kr-amherst,3004b15,1.3.2,2.168386,0.01774883270263672,0.00028514862060546875,182.0,304.0,2060240,225920
BaseDirs,User-Cache,2025-10-15,1.12.0,jeb-kr-amherst,3004b15,1.3.2,2.23733,0.0055811405181884766,0.0002579689025878906,170.0,124.0,2132444,278720
BaseDirs,User-Cache,2025-10-19,1.12.0,jeb-kr-amherst,3004b15,1.3.2,2.249129,0.005491018295288086,0.0002608299255371094,171.0,124.0,2134440,278464
BaseDirs,User-Cache,2025-10-23,1.12.0,jeb-kr-amherst,3004b15,1.3.2,2.225233,0.0053980350494384766,0.00026679039001464844,171.0,124.0,2130504,278212
BaseDirs,User-Cache,2025-10-24,1.12.0,jeb-kr-amherst,3004b15,1.3.2,2.298802,0.005784034729003906,0.00027680397033691406,170.0,124.0,2138536,278464
BaseDirs,User-Cache,2025-10-25,1.12.1,jeb-kr-amherst,3004b15,1.3.2,2.310183,0.0062258243560791016,0.00028395652770996094,172.0,125.0,2087564,274232
BaseDirs,User-Cache,2025-10-29,1.12.1,jeb-kr-amherst,3004b15,1.3.2,2.2383,0.005480051040649414,0.0002739429473876953,171.0,124.0,2087372,274748
BaseDirs,User-Cache,2025-11-02,1.12.1,jeb-kr-amherst,3004b15,1.3.2,2.310757,0.0054759979248046875,0.00028014183044433594,171.0,125.0,2088672,274512
BaseDirs,User-Cache,2025-11-06,1.12.1,jeb-kr-amherst,3004b15,1.3.2,2.245973,0.0060040950775146484,0.0002830028533935547,171.0,125.0,2138360,274376
BaseDirs,User-Cache,2025-11-10,1.12.1,jeb-kr-amherst,3004b15,1.3.2,2.258154,0.008733987808227539,0.0003559589385986328,171.0,126.0,2088392,273992
BaseDirs,User-Cache,2025-11-14,1.12.1,jeb-kr-amherst,3004b15,1.3.2,2.273169,0.006012916564941406,0.0002720355987548828,172.0,124.0,2052156,274368
BaseDirs,User-Cache,2025-11-18,1.12.1,jeb-kr-amherst,3004b15,1.3.2,2.257424,0.005969047546386719,0.0002789497375488281,170.0,126.0,2087956,274632
BaseDirs,User-Cache,2025-11-23,1.12.2,jeb-kr-amherst,3004b15,1.3.2,2.98366,0.005728006362915039,0.000263214111328125,169.0,124.0,2105236,281080
BaseDirs,User-Cache,2024-05-26,1.10.3,jeb-kr-amherst,8399c9b,1.2.4,2.534094,0.014900922775268555,0.00023698806762695312,142.0,248.0,359136,247352
BaseDirs,User-Cache,2024-05-27,1.10.3,jeb-kr-amherst,8399c9b,1.2.4,2.657561,0.014921903610229492,0.00024008750915527344,149.0,248.0,354144,246964
BaseDirs,User-Cache,2024-05-28,1.10.3,jeb-kr-amherst,8399c9b,1.2.4,2.510699,0.015394926071166992,0.0002391338348388672,148.0,250.0,358888,247152
BaseDirs,User-Cache,2024-05-29,1.10.3,jeb-kr-amherst,8399c9b,1.2.4,2.488517,0.014864921569824219,0.00023818016052246094,148.0,249.0,358504,247232
BaseDirs,User-Cache,2024-05-30,1.10.3,jeb-kr-amherst,8399c9b,1.2.4,2.52017,0.014899015426635742,0.00023889541625976562,143.0,245.0,358756,247348
BaseDirs,User-Cache,2024-05-31,1.10.3,jeb-kr-amherst,8399c9b,1.2.4,2.591556,0.014953851699829102,0.0002491474151611328,142.0,247.0,358700,247348
BaseDirs,User-Cache,2024-06-01,1.10.3,jeb-kr-amherst,8399c9b,1.2.4,2.559686,0.014896869659423828,0.00023794174194335938,143.0,247.0,360572,247220
BaseDirs,User-Cache,2024-06-02,1.10.3,jeb-kr-amherst,8399c9b,1.2.4,2.519316,0.014910221099853516,0.0002338886260986328,146.0,248.0,358212,246980
BaseDirs,User-Cache,2024-06-03,1.10.3,jeb-kr-amherst,8399c9b,1.2.4,2.564776,0.01565098762512207,0.0002391338348388672,147.0,250.0,358856,247352
BaseDirs,User-Cache,2024-06-04,1.10.3,jeb-kr-amherst,8399c9b,1.2.4,2.520999,0.014914989471435547,0.00023484230041503906,144.0,245.0,358452,247224
BaseDirs,User-Cache,2024-06-05,1.10.3,jeb-kr-amherst,8399c9b,1.2.4,2.52079,0.014806985855102539,0.00023794174194335938,143.0,247.0,358668,247024
BaseDirs,User-Cache,2024-06-06,1.10.3,jeb-kr-amherst,8399c9b,1.2.4,2.602628,0.014869928359985352,0.00023603439331054688,144.0,247.0,359012,247084
BaseDirs,User-Cache,2024-06-07,1.10.3,jeb-kr-amherst,8399c9b,1.2.4,2.505116,0.01501917839050293,0.00023889541625976562,143.0,247.0,358924,247220
BaseDirs,User-Cache,2024-06-08,1.10.3,jeb-kr-amherst,8399c9b,1.2.4,2.509804,0.014835834503173828,0.00023317337036132812,146.0,247.0,361448,247092
BaseDirs,User-Cache,2024-06-09,1.10.3,jeb-kr-amherst,8399c9b,1.2.4,2.49602,0.014859914779663086,0.00024509429931640625,143.0,248.0,361152,247100
BaseDirs,User-Cache,2024-06-10,1.10.4,jeb-kr-amherst,8399c9b,1.2.4,2.53442,0.015115976333618164,0.00023508071899414062,148.0,247.0,361316,246840
BaseDirs,User-Cache,2024-06-11,1.10.4,jeb-kr-amherst,8399c9b,1.2.4,2.685206,0.014950990676879883,0.00023603439331054688,140.0,248.0,361664,246976
BaseDirs,User-Cache,2024-06-12,1.10.4,jeb-kr-amherst,8399c9b,1.2.4,2.593932,0.015185117721557617,0.00023603439331054688,142.0,247.0,358056,246612
BaseDirs,User-Cache,2024-06-13,1.10.4,jeb-kr-amherst,8399c9b,1.2.4,2.599624,0.015171051025390625,0.00023102760314941406,142.0,245.0,357324,246976
BaseDirs,User-Cache,2024-06-14,1.10.4,jeb-kr-amherst,8399c9b,1.2.4,2.657265,0.015001058578491211,0.0002567768096923828,141.0,248.0,357408,246844
BaseDirs,User-Cache,2024-06-15,1.10.4,jeb-kr-amherst,8399c9b,1.2.4,2.630165,0.014950990676879883,0.0002999305725097656,144.0,246.0,357684,247112
BaseDirs,User-Cache,2024-06-16,1.10.4,jeb-kr-amherst,8399c9b,1.2.4,2.562933,0.01503896713256836,0.00023794174194335938,144.0,247.0,357640,247228
BaseDirs,User-Cache,2024-06-17,1.10.4,jeb-kr-amherst,8399c9b,1.2.4,2.53836,0.014966011047363281,0.00024080276489257812,148.0,247.0,357560,246756
BaseDirs,User-Cache,2024-06-18,1.10.4,jeb-kr-amherst,8399c9b,1.2.4,2.683726,0.016400814056396484,0.000244140625,144.0,252.0,361312,247004
BaseDirs,User-Cache,2024-06-19,1.10.4,jeb-kr-amherst,8399c9b,1.2.4,2.60302,0.015550851821899414,0.0002391338348388672,141.0,249.0,361028,246724
BaseDirs,User-Cache,2024-06-20,1.10.4,jeb-kr-amherst,8399c9b,1.2.4,2.581985,0.01494598388671875,0.000244140625,142.0,246.0,357152,247228
BaseDirs,User-Cache,2024-06-21,1.10.4,jeb-kr-amherst,8399c9b,1.2.4,2.540699,0.014918088912963867,0.00030493736267089844,147.0,248.0,357764,247224
BaseDirs,User-Cache,2024-06-22,1.10.4,jeb-kr-amherst,8399c9b,1.2.4,2.582505,0.015733957290649414,0.0002510547637939453,142.0,249.0,357776,247224
BaseDirs,User-Cache,2024-06-23,1.10.4,jeb-kr-amherst,8399c9b,1.2.4,2.531384,0.01574397087097168,0.0002338886260986328,148.0,248.0,357836,247288
BaseDirs,User-Cache,2024-06-24,1.10.4,jeb-kr-amherst,8399c9b,1.2.4,2.574777,0.015210866928100586,0.00023818016052246094,144.0,249.0,357600,247100
BaseDirs,User-Cache,2024-06-25,1.10.4,jeb-kr-amherst,8399c9b,1.2.4,2.589432,0.015605926513671875,0.00023603439331054688,141.0,247.0,357608,247040
BaseDirs,User-Cache,2024-06-26,1.10.4,jeb-kr-amherst,8399c9b,1.2.4,2.627711,0.01518106460571289,0.0002319812774658203,146.0,246.0,357536,246972
BaseDirs,User-Cache,2024-06-27,1.10.4,jeb-kr-amherst,8399c9b,1.2.4,2.551117,0.01577019691467285,0.00023698806762695312,145.0,250.0,357884,247228
BaseDirs,User-Cache,2024-06-28,1.10.4,jeb-kr-amherst,8399c9b,1.2.4,2.583136,0.014928102493286133,0.00023698806762695312,141.0,245.0,357496,247100
BaseDirs,User-Cache,2024-06-29,1.10.4,jeb-kr-amherst,8399c9b,1.2.4,2.548142,0.014966011047363281,0.00023508071899414062,147.0,248.0,357488,246888
BaseDirs,User-Cache,2024-06-30,1.10.4,jeb-kr-amherst,8399c9b,1.2.4,2.567198,0.015964984893798828,0.0002460479736328125,147.0,249.0,357944,247236
BaseDirs,User-Cache,2024-07-01,1.10.4,jeb-kr-amherst,8399c9b,1.2.4,2.575594,0.015128850936889648,0.00023698806762695312,145.0,245.0,357392,246724
BaseDirs,User-Cache,2024-07-02,1.10.4,jeb-kr-amherst,8399c9b,1.2.4,2.548135,0.014979124069213867,0.00023889541625976562,148.0,249.0,357764,247224
BaseDirs,User-Cache,2024-07-03,1.10.4,jeb-kr-amherst,8399c9b,1.2.4,2.549488,0.014969825744628906,0.0002391338348388672,148.0,247.0,357696,247100
BaseDirs,User-Cache,2024-07-04,1.10.4,jeb-kr-amherst,8399c9b,1.2.4,2.628642,0.019504070281982422,0.00025081634521484375,153.0,269.0,357420,246948
BaseDirs,User-Cache,2024-07-05,1.10.4,jeb-kr-amherst,8399c9b,1.2.4,2.544342,0.014979124069213867,0.00023794174194335938,148.0,249.0,357540,247100
BaseDirs,User-Cache,2024-07-06,1.10.4,jeb-kr-amherst,8399c9b,1.2.4,2.566464,0.016689062118530273,0.00024199485778808594,144.0,253.0,357268,247096
BaseDirs,User-Cache,2024-07-07,1.10.4,jeb-kr-amherst,8399c9b,1.2.4,2.576409,0.015859127044677734,0.0002429485321044922,143.0,249.0,357728,247100
BaseDirs,User-Cache,2024-07-08,1.10.4,jeb-kr-amherst,8399c9b,1.2.4,2.569477,0.014995098114013672,0.00023698806762695312,145.0,247.0,357388,247296
BaseDirs,User-Cache,2024-07-09,1.10.4,jeb-kr-amherst,8399c9b,1.2.4,2.562442,0.019336938858032227,0.00038313865661621094,147.0,275.0,357312,246728
BaseDirs,User-Cache,2024-07-10,1.10.4,jeb-kr-amherst,8399c9b,1.2.4,2.56708,0.015059947967529297,0.00023603439331054688,147.0,245.0,357384,247112
BaseDirs,User-Cache,2024-07-11,1.10.4,jeb-kr-amherst,8399c9b,1.2.4,2.584996,0.015275955200195312,0.00023603439331054688,145.0,249.0,357676,247168
BaseDirs,User-Cache,2024-07-12,1.10.4,jeb-kr-amherst,8399c9b,1.2.4,2.537104,0.015472888946533203,0.0002319812774658203,148.0,248.0,357836,247104
BaseDirs,User-Cache,2024-07-13,1.10.4,jeb-kr-amherst,8399c9b,1.2.4,2.595383,0.015093803405761719,0.00024509429931640625,141.0,246.0,357592,247072
BaseDirs,User-Cache,2024-07-14,1.10.4,jeb-kr-amherst,8399c9b,1.2.4,2.623333,0.015095949172973633,0.0002410411834716797,144.0,250.0,357696,246948
BaseDirs,User-Cache,2024-07-15,1.10.4,jeb-kr-amherst,8399c9b,1.2.4,2.541642,0.01488494873046875,0.00024008750915527344,148.0,248.0,357848,247100
BaseDirs,User-Cache,2024-07-16,1.10.4,jeb-kr-amherst,8399c9b,1.2.4,2.581084,0.015721797943115234,0.00024199485778808594,141.0,250.0,357904,247092
BaseDirs,User-Cache,2024-07-17,1.10.4,jeb-kr-amherst,8399c9b,1.2.4,2.634028,0.01503896713256836,0.00023293495178222656,146.0,247.0,357348,247228
BaseDirs,User-Cache,2024-07-18,1.10.4,jeb-kr-amherst,8399c9b,1.2.4,2.607138,0.015053033828735352,0.00023293495178222656,141.0,246.0,357868,247232
BaseDirs,User-Cache,2024-07-19,1.10.4,jeb-kr-amherst,8399c9b,1.2.4,2.54436,0.014925003051757812,0.00023508071899414062,148.0,248.0,357580,246972
BaseDirs,User-Cache,2024-07-20,1.10.4,jeb-kr-amherst,8399c9b,1.2.4,2.543403,0.015037059783935547,0.00023889541625976562,148.0,247.0,357552,246844
BaseDirs,User-Cache,2024-07-21,1.10.4,jeb-kr-amherst,8399c9b,1.2.4,2.682726,0.015014886856079102,0.00024700164794921875,142.0,247.0,357272,247096
BaseDirs,User-Cache,2024-07-22,1.10.4,jeb-kr-amherst,8399c9b,1.2.4,2.578519,0.015082120895385742,0.0002410411834716797,146.0,250.0,357376,247168
BaseDirs,User-Cache,2024-07-23,1.10.4,jeb-kr-amherst,8399c9b,1.2.4,2.694515,0.015575885772705078,0.0002391338348388672,142.0,249.0,357416,246844
BaseDirs,User-Cache,2024-07-24,1.10.4,jeb-kr-amherst,8399c9b,1.2.4,2.587729,0.015038013458251953,0.0002410411834716797,141.0,248.0,357508,246980
BaseDirs,User-Cache,2024-07-25,1.10.4,jeb-kr-amherst,8399c9b,1.2.4,2.679865,0.015638113021850586,0.0002410411834716797,140.0,250.0,357076,247104
BaseDirs,User-Cache,2024-07-26,1.10.4,jeb-kr-amherst,8399c9b,1.2.4,2.597223,0.01516413688659668,0.00023293495178222656,143.0,247.0,357376,246984
BaseDirs,User-Cache,2024-07-27,1.10.4,jeb-kr-amherst,8399c9b,1.2.4,2.667497,0.020606040954589844,0.000270843505859375,144.0,252.0,357300,247104
BaseDirs,User-Cache,2024-07-28,1.10.4,jeb-kr-amherst,8399c9b,1.2.4,2.648428,0.015177011489868164,0.0002448558807373047,146.0,250.0,357572,247232
BaseDirs,User-Cache,2024-07-29,1.10.4,jeb-kr-amherst,8399c9b,1.2.4,2.544527,0.015083074569702148,0.00023698806762695312,148.0,247.0,357712,246984
BaseDirs,User-Cache,2024-07-30,1.10.4,jeb-kr-amherst,8399c9b,1.2.4,2.56255,0.015035152435302734,0.00023794174194335938,145.0,247.0,357328,247224
BaseDirs,User-Cache,2024-07-31,1.10.4,jeb-kr-amherst,8399c9b,1.2.4,2.592369,0.014898061752319336,0.00023794174194335938,142.0,247.0,357364,246820
BaseDirs,User-Cache,2024-08-01,1.10.4,jeb-kr-amherst,8399c9b,1.2.4,2.600516,0.015475034713745117,0.00024199485778808594,141.0,249.0,357744,247104
BaseDirs,User-Cache,2024-08-02,1.10.4,jeb-kr-amherst,8399c9b,1.2.4,2.562515,0.015490055084228516,0.0002410411834716797,145.0,248.0,357484,246972
BaseDirs,User-Cache,2024-08-03,1.10.4,jeb-kr-amherst,8399c9b,1.2.4,2.549199,0.01543283462524414,0.00023603439331054688,148.0,249.0,357536,247356
BaseDirs,User-Cache,2024-08-04,1.10.4,jeb-kr-amherst,8399c9b,1.2.4,2.68392,0.014870882034301758,0.0002391338348388672,142.0,249.0,357616,247168
BaseDirs,User-Cache,2024-08-05,1.10.4,jeb-kr-amherst,8399c9b,1.2.4,2.60756,0.015001058578491211,0.00023698806762695312,144.0,248.0,357980,246968
BaseDirs,User-Cache,2024-08-06,1.10.4,jeb-kr-amherst,8399c9b,1.2.4,2.552123,0.015098810195922852,0.0002460479736328125,147.0,249.0,357976,247232
BaseDirs,User-Cache,2024-08-07,1.10.4,jeb-kr-amherst,8399c9b,1.2.4,2.591287,0.015114068984985352,0.0002560615539550781,142.0,247.0,357552,247224
BaseDirs,User-Cache,2024-08-08,1.10.4,jeb-kr-amherst,8399c9b,1.2.4,2.595549,0.015716075897216797,0.00023603439331054688,141.0,249.0,357576,246836
BaseDirs,User-Cache,2024-08-09,1.10.4,jeb-kr-amherst,8399c9b,1.2.4,2.606876,0.015633106231689453,0.00024199485778808594,145.0,248.0,357396,246976
BaseDirs,User-Cache,2024-08-10,1.10.4,jeb-kr-amherst,8399c9b,1.2.4,2.587705,0.015098094940185547,0.00024199485778808594,141.0,250.0,357808,247088
BaseDirs,User-Cache,2024-08-11,1.10.4,jeb-kr-amherst,8399c9b,1.2.4,2.583071,0.014945030212402344,0.00024199485778808594,142.0,245.0,357480,247032
BaseDirs,User-Cache,2024-08-12,1.10.4,jeb-kr-amherst,8399c9b,1.2.4,2.582633,0.015290975570678711,0.0002789497375488281,142.0,247.0,357544,247232
BaseDirs,User-Cache,2024-08-13,1.10.4,jeb-kr-amherst,8399c9b,1.2.4,2.605177,0.015044212341308594,0.0002357959747314453,143.0,246.0,357360,247356
BaseDirs,User-Cache,2024-08-14,1.10.4,jeb-kr-amherst,8399c9b,1.2.4,2.566046,0.015161991119384766,0.00023603439331054688,143.0,249.0,357628,247096
BaseDirs,User-Cache,2024-08-15,1.10.4,jeb-kr-amherst,8399c9b,1.2.4,2.565199,0.015636920928955078,0.00023603439331054688,144.0,251.0,357496,247100
BaseDirs,User-Cache,2024-08-16,1.10.4,jeb-kr-amherst,8399c9b,1.2.4,2.610554,0.015080928802490234,0.00024008750915527344,144.0,260.0,357688,246972
BaseDirs,User-Cache,2024-08-17,1.10.4,jeb-kr-amherst,8399c9b,1.2.4,2.634427,0.015568017959594727,0.0002491474151611328,146.0,247.0,357732,246972
BaseDirs,User-Cache,2024-08-18,1.10.4,jeb-kr-amherst,8399c9b,1.2.4,2.587825,0.015162944793701172,0.00034618377685546875,142.0,248.0,357320,247228
BaseDirs,User-Cache,2024-08-19,1.10.4,jeb-kr-amherst,8399c9b,1.2.4,2.601022,0.015663862228393555,0.00024318695068359375,141.0,250.0,357668,247224
BaseDirs,User-Cache,2024-08-20,1.10.4,jeb-kr-amherst,8399c9b,1.2.4,2.57821,0.015479087829589844,0.0002410411834716797,142.0,249.0,357704,247296
BaseDirs,User-Cache,2024-08-21,1.10.4,jeb-kr-amherst,8399c9b,1.2.4,2.55458,0.015108823776245117,0.0002300739288330078,147.0,247.0,357528,246972
BaseDirs,User-Cache,2024-08-22,1.10.4,jeb-kr-amherst,8399c9b,1.2.4,2.585533,0.015136957168579102,0.00023794174194335938,142.0,249.0,357544,246912
BaseDirs,User-Cache,2024-08-23,1.10.4,jeb-kr-amherst,8399c9b,1.2.4,2.623547,0.01503610610961914,0.0002288818359375,146.0,246.0,357800,246656
BaseDirs,User-Cache,2024-08-24,1.10.4,jeb-kr-amherst,8399c9b,1.2.4,2.604939,0.015088081359863281,0.00023889541625976562,143.0,246.0,357692,246980
BaseDirs,User-Cache,2024-08-25,1.10.4,jeb-kr-amherst,8399c9b,1.2.4,2.561446,0.015034914016723633,0.00023794174194335938,147.0,245.0,357132,246972
BaseDirs,User-Cache,2024-08-26,1.10.4,jeb-kr-amherst,8399c9b,1.2.4,2.605796,0.014985084533691406,0.0002410411834716797,141.0,248.0,357372,246912
BaseDirs,User-Cache,2024-08-27,1.10.4,jeb-kr-amherst,8399c9b,1.2.4,2.658838,0.015180110931396484,0.00023889541625976562,140.0,249.0,357492,246856
BaseDirs,User-Cache,2024-08-28,1.10.4,jeb-kr-amherst,8399c9b,1.2.4,2.591025,0.01556396484375,0.00023603439331054688,141.0,247.0,357616,246752
BaseDirs,User-Cache,2024-08-29,1.10.4,jeb-kr-amherst,8399c9b,1.2.4,2.587847,0.015023946762084961,0.0002930164337158203,142.0,247.0,357252,247096
BaseDirs,User-Cache,2024-08-30,1.10.5,jeb-kr-amherst,8399c9b,1.2.4,2.632575,0.015044212341308594,0.00023484230041503906,145.0,247.0,390904,247888
BaseDirs,User-Cache,2024-08-31,1.10.5,jeb-kr-amherst,8399c9b,1.2.4,2.626941,0.014964103698730469,0.00023889541625976562,145.0,248.0,362512,248040
BaseDirs,User-Cache,2024-09-01,1.10.5,jeb-kr-amherst,8399c9b,1.2.4,2.628006,0.01898193359375,0.0002269744873046875,145.0,264.0,363000,247860
BaseDirs,User-Cache,2024-09-02,1.10.5,jeb-kr-amherst,8399c9b,1.2.4,2.61875,0.015012979507446289,0.00030612945556640625,146.0,248.0,362144,247876
BaseDirs,User-Cache,2024-09-03,1.10.5,jeb-kr-amherst,8399c9b,1.2.4,2.651192,0.015196084976196289,0.0002338886260986328,140.0,248.0,362460,247884
BaseDirs,User-Cache,2024-09-04,1.10.5,jeb-kr-amherst,8399c9b,1.2.4,2.697714,0.015192031860351562,0.0002391338348388672,140.0,246.0,362556,248004
BaseDirs,User-Cache,2024-09-05,1.10.5,jeb-kr-amherst,8399c9b,1.2.4,2.67808,0.015094995498657227,0.0002338886260986328,142.0,249.0,362384,248004
BaseDirs,User-Cache,2024-09-06,1.10.5,jeb-kr-amherst,8399c9b,1.2.4,2.618142,0.01503300666809082,0.00023889541625976562,146.0,249.0,363052,247696
BaseDirs,User-Cache,2024-09-07,1.10.5,jeb-kr-amherst,8399c9b,1.2.4,2.622368,0.014902830123901367,0.000244140625,143.0,249.0,363108,247956
BaseDirs,User-Cache,2024-09-08,1.10.5,jeb-kr-amherst,8399c9b,1.2.4,2.700988,0.015041112899780273,0.00024199485778808594,140.0,247.0,362916,248004
BaseDirs,User-Cache,2024-09-09,1.10.5,jeb-kr-amherst,8399c9b,1.2.4,2.63069,0.015153169631958008,0.00023984909057617188,146.0,247.0,362628,248128
BaseDirs,User-Cache,2024-09-10,1.10.5,jeb-kr-amherst,8399c9b,1.2.4,2.62702,0.01506495475769043,0.00023412704467773438,146.0,247.0,362872,248260
BaseDirs,User-Cache,2024-09-11,1.10.5,jeb-kr-amherst,8399c9b,1.2.4,2.672559,0.01494288444519043,0.0002319812774658203,146.0,246.0,362532,247916
BaseDirs,User-Cache,2024-09-12,1.10.5,jeb-kr-amherst,8399c9b,1.2.4,2.631124,0.015169858932495117,0.00023818016052246094,145.0,247.0,362448,247888
BaseDirs,User-Cache,2024-09-13,1.10.5,jeb-kr-amherst,8399c9b,1.2.4,2.68944,0.02030801773071289,0.00028705596923828125,140.0,277.0,362552,248136
BaseDirs,User-Cache,2024-09-14,1.10.5,jeb-kr-amherst,8399c9b,1.2.4,2.678946,0.015710115432739258,0.00023293495178222656,142.0,249.0,362904,247244
BaseDirs,User-Cache,2024-09-15,1.10.5,jeb-kr-amherst,8399c9b,1.2.4,2.64217,0.01505899429321289,0.00022912025451660156,143.0,246.0,391116,248004
BaseDirs,User-Cache,2024-09-16,1.10.5,jeb-kr-amherst,8399c9b,1.2.4,2.726908,0.015035152435302734,0.00026488304138183594,143.0,247.0,362612,248132
BaseDirs,User-Cache,2024-09-17,1.10.5,jeb-kr-amherst,8399c9b,1.2.4,2.631761,0.020323991775512695,0.00023508071899414062,144.0,258.0,362868,247872
BaseDirs,User-Cache,2024-09-18,1.10.5,jeb-kr-amherst,8399c9b,1.2.4,2.675207,0.022922992706298828,0.00023508071899414062,140.0,268.0,363120,248036
BaseDirs,User-Cache,2024-09-19,1.10.5,jeb-kr-amherst,8399c9b,1.2.4,2.662893,0.01500701904296875,0.00023818016052246094,140.0,247.0,362612,247884
BaseDirs,User-Cache,2024-09-20,1.10.5,jeb-kr-amherst,8399c9b,1.2.4,2.702543,0.01563405990600586,0.00023293495178222656,145.0,247.0,362836,248260
BaseDirs,User-Cache,2024-09-21,1.10.5,jeb-kr-amherst,8399c9b,1.2.4,2.677967,0.014924049377441406,0.00023698806762695312,145.0,244.0,362668,248012
BaseDirs,User-Cache,2024-09-22,1.10.5,jeb-kr-amherst,8399c9b,1.2.4,2.658666,0.015097856521606445,0.0002410411834716797,146.0,247.0,362712,248032
BaseDirs,User-Cache,2024-09-23,1.10.5,jeb-kr-amherst,8399c9b,1.2.4,2.728535,0.015012025833129883,0.00023412704467773438,143.0,246.0,362284,248004
BaseDirs,User-Cache,2024-09-24,1.10.5,jeb-kr-amherst,8399c9b,1.2.4,2.672456,0.015552043914794922,0.00023603439331054688,143.0,250.0,362192,248028
BaseDirs,User-Cache,2024-09-25,1.10.5,jeb-kr-amherst,8399c9b,1.2.4,2.637113,0.014961004257202148,0.00023293495178222656,140.0,249.0,391700,248136
BaseDirs,User-Cache,2024-09-26,1.10.5,jeb-kr-amherst,8399c9b,1.2.4,2.634532,0.015572071075439453,0.00023293495178222656,145.0,249.0,362652,248008
BaseDirs,User-Cache,2024-09-27,1.10.5,jeb-kr-amherst,8399c9b,1.2.4,2.627341,0.014970064163208008,0.00023698806762695312,144.0,250.0,362748,247876
BaseDirs,User-Cache,2024-09-28,1.10.5,jeb-kr-amherst,8399c9b,1.2.4,2.642095,0.015391111373901367,0.00024080276489257812,141.0,251.0,362428,248388
BaseDirs,User-Cache,2024-09-29,1.10.5,jeb-kr-amherst,8399c9b,1.2.4,2.686504,0.015017986297607422,0.0002288818359375,141.0,247.0,362056,247856
BaseDirs,User-Cache,2024-09-30,1.10.5,jeb-kr-amherst,8399c9b,1.2.4,2.650534,0.015159845352172852,0.00023698806762695312,143.0,248.0,362576,248076
BaseDirs,User-Cache,2024-10-01,1.10.5,jeb-kr-amherst,8399c9b,1.2.4,2.666029,0.015081167221069336,0.00023698806762695312,143.0,248.0,362404,248140
BaseDirs,User-Cache,2024-10-02,1.10.5,jeb-kr-amherst,8399c9b,1.2.4,2.62539,0.015099048614501953,0.00023794174194335938,146.0,250.0,362828,247884
BaseDirs,User-Cache,2024-10-03,1.10.5,jeb-kr-amherst,8399c9b,1.2.4,2.62899,0.015037059783935547,0.00024199485778808594,145.0,245.0,362552,247876
BaseDirs,User-Cache,2024-10-04,1.10.5,jeb-kr-amherst,8399c9b,1.2.4,2.636917,0.014960050582885742,0.0002307891845703125,146.0,246.0,364044,248004
BaseDirs,User-Cache,2024-10-05,1.10.5,jeb-kr-amherst,8399c9b,1.2.4,2.637709,0.01503896713256836,0.00023698806762695312,146.0,248.0,364072,247976
BaseDirs,User-Cache,2024-10-06,1.10.5,jeb-kr-amherst,8399c9b,1.2.4,2.717811,0.014981985092163086,0.00023484230041503906,145.0,247.0,366712,248164
BaseDirs,User-Cache,2024-10-07,1.10.5,jeb-kr-amherst,8399c9b,1.2.4,2.655634,0.015558004379272461,0.00024008750915527344,140.0,250.0,363572,247724
BaseDirs,User-Cache,2024-10-08,1.10.5,jeb-kr-amherst,8399c9b,1.2.4,2.677817,0.0157320499420166,0.0002338886260986328,140.0,249.0,364180,248136
BaseDirs,User-Cache,2024-10-09,1.10.5,jeb-kr-amherst,8399c9b,1.2.4,2.662477,0.014905929565429688,0.0002319812774658203,140.0,246.0,364088,248132
BaseDirs,User-Cache,2024-10-10,1.11.0,jeb-kr-amherst,8399c9b,1.2.4,1.797397,0.01620197296142578,0.00025010108947753906,169.0,286.0,2041572,248192
BaseDirs,User-Cache,2024-10-11,1.11.0,jeb-kr-amherst,8399c9b,1.2.4,1.863704,0.016350984573364258,0.0002608299255371094,170.0,326.0,2016472,247936
BaseDirs,User-Cache,2024-10-12,1.11.0,jeb-kr-amherst,8399c9b,1.2.4,1.815484,0.01754903793334961,0.00026798248291015625,170.0,286.0,2034648,247936
BaseDirs,User-Cache,2024-10-13,1.11.0,jeb-kr-amherst,8399c9b,1.2.4,1.842739,0.016376018524169922,0.00026297569274902344,169.0,323.0,2033272,247680
BaseDirs,User-Cache,2024-10-14,1.11.0,jeb-kr-amherst,8399c9b,1.2.4,1.804105,0.017416000366210938,0.0002598762512207031,169.0,325.0,2032896,247808
BaseDirs,User-Cache,2024-10-15,1.11.0,jeb-kr-amherst,8399c9b,1.2.4,1.797366,0.0167999267578125,0.000247955322265625,170.0,286.0,2017132,248180
BaseDirs,User-Cache,2024-10-16,1.11.0,jeb-kr-amherst,8399c9b,1.2.4,1.863172,0.01711106300354004,0.0002589225769042969,170.0,285.0,2035684,248064
BaseDirs,User-Cache,2024-10-17,1.11.0,jeb-kr-amherst,8399c9b,1.2.4,1.836077,0.016167879104614258,0.0002460479736328125,170.0,287.0,2036052,247808
BaseDirs,User-Cache,2024-10-18,1.11.0,jeb-kr-amherst,8399c9b,1.2.4,1.829027,0.016150236129760742,0.0002548694610595703,169.0,288.0,2041432,247936
BaseDirs,User-Cache,2024-10-19,1.11.0,jeb-kr-amherst,8399c9b,1.2.4,1.813202,0.0174407958984375,0.0002510547637939453,169.0,325.0,2033156,248064
BaseDirs,User-Cache,2024-10-20,1.11.1,jeb-kr-amherst,8399c9b,1.2.4,1.825723,0.02052593231201172,0.00028896331787109375,172.0,276.0,2040952,222848
BaseDirs,User-Cache,2024-10-21,1.11.1,jeb-kr-amherst,8399c9b,1.2.4,1.747528,0.016222000122070312,0.00024199485778808594,171.0,248.0,2042312,222720
BaseDirs,User-Cache,2024-10-22,1.11.1,jeb-kr-amherst,8399c9b,1.2.4,1.785858,0.01715397834777832,0.0002560615539550781,171.0,256.0,2031604,222976
BaseDirs,User-Cache,2024-10-23,1.11.1,jeb-kr-amherst,8399c9b,1.2.4,1.812102,0.02066206932067871,0.0002899169921875,171.0,276.0,2041804,222464
BaseDirs,User-Cache,2024-10-24,1.11.1,jeb-kr-amherst,8399c9b,1.2.4,1.807343,0.016221046447753906,0.00023794174194335938,171.0,245.0,2029568,222592
BaseDirs,User-Cache,2024-10-25,1.11.1,jeb-kr-amherst,8399c9b,1.2.4,1.727957,0.01729297637939453,0.00026798248291015625,171.0,253.0,2025488,222588
BaseDirs,User-Cache,2024-10-26,1.11.1,jeb-kr-amherst,8399c9b,1.2.4,1.734959,0.016286134719848633,0.00024199485778808594,171.0,251.0,2029720,222848
BaseDirs,User-Cache,2024-10-27,1.11.1,jeb-kr-amherst,8399c9b,1.2.4,1.739441,0.01626896858215332,0.0002989768981933594,171.0,248.0,2028016,222592
BaseDirs,User-Cache,2024-10-28,1.11.1,jeb-kr-amherst,8399c9b,1.2.4,1.767286,0.01613783836364746,0.0002532005310058594,171.0,248.0,2047104,222824
BaseDirs,User-Cache,2024-10-29,1.11.1,jeb-kr-amherst,8399c9b,1.2.4,1.755839,0.01622295379638672,0.00024390220642089844,172.0,246.0,2037124,222720
BaseDirs,User-Cache,2024-10-30,1.11.1,jeb-kr-amherst,8399c9b,1.2.4,1.777232,0.016067981719970703,0.0002529621124267578,171.0,249.0,2025860,222720
BaseDirs,User-Cache,2024-10-31,1.11.1,jeb-kr-amherst,8399c9b,1.2.4,1.777129,0.016170978546142578,0.0002510547637939453,171.0,249.0,2038528,222848
BaseDirs,User-Cache,2024-11-01,1.11.1,jeb-kr-amherst,8399c9b,1.2.4,1.778417,0.016986846923828125,0.00024700164794921875,171.0,252.0,2041516,222720
BaseDirs,User-Cache,2024-11-02,1.11.1,jeb-kr-amherst,8399c9b,1.2.4,1.766088,0.017041921615600586,0.00026798248291015625,171.0,251.0,2029620,222720
BaseDirs,User-Cache,2024-11-03,1.11.1,jeb-kr-amherst,8399c9b,1.2.4,1.752658,0.017232894897460938,0.00025391578674316406,171.0,247.0,2032376,222848
BaseDirs,User-Cache,2024-11-04,1.11.1,jeb-kr-amherst,8399c9b,1.2.4,1.760243,0.017467021942138672,0.00024700164794921875,171.0,250.0,2028712,222592
BaseDirs,User-Cache,2024-11-05,1.11.1,jeb-kr-amherst,8399c9b,1.2.4,1.761564,0.016184091567993164,0.00024390220642089844,172.0,247.0,2039548,222708
BaseDirs,User-Cache,2024-11-06,1.11.1,jeb-kr-amherst,8399c9b,1.2.4,1.756024,0.01618504524230957,0.0002429485321044922,171.0,250.0,2009592,222720
BaseDirs,User-Cache,2024-11-07,1.11.1,jeb-kr-amherst,8399c9b,1.2.4,1.773813,0.01625204086303711,0.000247955322265625,172.0,247.0,2026088,222720
BaseDirs,User-Cache,2024-11-08,1.11.1,jeb-kr-amherst,8399c9b,1.2.4,1.727893,0.01625514030456543,0.00024700164794921875,172.0,249.0,2034136,222720
BaseDirs,User-Cache,2024-11-09,1.11.1,jeb-kr-amherst,8399c9b,1.2.4,1.744379,0.016217947006225586,0.0002410411834716797,171.0,250.0,2026420,222720
BaseDirs,User-Cache,2024-11-10,1.11.1,jeb-kr-amherst,8399c9b,1.2.4,1.778988,0.016154050827026367,0.00024890899658203125,171.0,247.0,2027420,222720
BaseDirs,User-Cache,2024-11-11,1.11.1,jeb-kr-amherst,8399c9b,1.2.4,1.759477,0.016251087188720703,0.0002460479736328125,172.0,247.0,2027836,222592
BaseDirs,User-Cache,2024-11-12,1.11.1,jeb-kr-amherst,8399c9b,1.2.4,1.732469,0.01723313331604004,0.00025391578674316406,171.0,254.0,2025212,222592
BaseDirs,User-Cache,2024-11-13,1.11.1,jeb-kr-amherst,8399c9b,1.2.4,1.715735,0.01621103286743164,0.00025081634521484375,172.0,245.0,2032568,222712
BaseDirs,User-Cache,2024-11-14,1.11.1,jeb-kr-amherst,8399c9b,1.2.4,1.745109,0.016974925994873047,0.00024008750915527344,171.0,248.0,2027736,222848
BaseDirs,User-Cache,2024-11-15,1.11.1,jeb-kr-amherst,8399c9b,1.2.4,1.813506,0.01620006561279297,0.0002429485321044922,172.0,249.0,2031324,222848
BaseDirs,User-Cache,2024-11-16,1.11.1,jeb-kr-amherst,8399c9b,1.2.4,1.795212,0.016268014907836914,0.00024509429931640625,171.0,247.0,2026344,222976
BaseDirs,User-Cache,2024-11-17,1.11.1,jeb-kr-amherst,8399c9b,1.2.4,1.745848,0.016217947006225586,0.0002460479736328125,172.0,252.0,2026640,222464
BaseDirs,User-Cache,2024-11-18,1.11.1,jeb-kr-amherst,8399c9b,1.2.4,1.786584,0.021885156631469727,0.00029397010803222656,171.0,280.0,2061620,222592
BaseDirs,User-Cache,2024-11-19,1.11.1,jeb-kr-amherst,8399c9b,1.2.4,1.752929,0.016960859298706055,0.000244140625,171.0,252.0,2043544,222336
BaseDirs,User-Cache,2024-11-20,1.11.1,jeb-kr-amherst,8399c9b,1.2.4,1.744646,0.016180992126464844,0.00025200843811035156,171.0,248.0,2027396,222848
BaseDirs,User-Cache,2024-11-21,1.11.1,jeb-kr-amherst,8399c9b,1.2.4,1.735373,0.01616382598876953,0.00025010108947753906,171.0,247.0,2028852,222720
BaseDirs,User-Cache,2024-11-22,1.11.1,jeb-kr-amherst,8399c9b,1.2.4,4.398909,0.05691790580749512,0.00037097930908203125,140.0,117.0,2048464,222976
BaseDirs,User-Cache,2024-11-23,1.11.1,jeb-kr-amherst,8399c9b,1.2.4,1.967678,0.021847963333129883,0.0002989768981933594,171.0,281.0,2051108,222568
BaseDirs,User-Cache,2024-11-24,1.11.1,jeb-kr-amherst,8399c9b,1.2.4,1.849962,0.020453929901123047,0.00029397010803222656,173.0,272.0,2024204,222976
BaseDirs,User-Cache,2024-11-25,1.11.1,jeb-kr-amherst,8399c9b,1.2.4,4.365396,0.05806922912597656,0.0004057884216308594,160.0,116.0,2018476,222720
BaseDirs,User-Cache,2024-11-26,1.11.1,jeb-kr-amherst,8399c9b,1.2.4,4.16381,0.05982613563537598,0.0005528926849365234,176.0,152.0,2047576,222720
BaseDirs,User-Cache,2024-11-27,1.11.1,jeb-kr-amherst,8399c9b,1.2.4,1.986661,0.020995140075683594,0.0002980232238769531,172.0,274.0,2031824,222848
BaseDirs,User-Cache,2024-11-28,1.11.1,jeb-kr-amherst,8399c9b,1.2.4,2.06272,0.0223848819732666,0.0003001689910888672,176.0,277.0,2034016,222720
BaseDirs,User-Cache,2024-11-29,1.11.1,jeb-kr-amherst,8399c9b,1.2.4,2.126504,0.025511980056762695,0.0003039836883544922,172.0,290.0,2049824,222720
BaseDirs,User-Cache,2024-11-30,1.11.1,jeb-kr-amherst,8399c9b,1.2.4,2.064721,0.022960901260375977,0.0002999305725097656,171.0,283.0,2044148,222576
BaseDirs,User-Cache,2024-12-01,1.11.1,jeb-kr-amherst,8399c9b,1.2.4,1.879291,0.02078986167907715,0.00029206275939941406,173.0,274.0,2051720,222592
BaseDirs,User-Cache,2024-12-02,1.11.1,jeb-kr-amherst,8399c9b,1.2.4,1.7767,0.016185998916625977,0.0002491474151611328,171.0,247.0,2039176,222592
BaseDirs,User-Cache,2024-12-03,1.11.1,jeb-kr-amherst,8399c9b,1.2.4,1.76148,0.016145944595336914,0.00024390220642089844,171.0,247.0,2041900,222464
BaseDirs,User-Cache,2024-12-04,1.11.1,jeb-kr-amherst,8399c9b,1.2.4,1.74357,0.01618790626525879,0.0002410411834716797,171.0,247.0,2025660,222848
BaseDirs,User-Cache,2024-12-05,1.11.1,jeb-kr-amherst,8399c9b,1.2.4,1.792319,0.01616215705871582,0.0002548694610595703,171.0,248.0,2029444,222848
BaseDirs,User-Cache,2024-12-06,1.11.1,jeb-kr-amherst,8399c9b,1.2.4,1.731208,0.01702594757080078,0.000244140625,172.0,255.0,2028876,222848
BaseDirs,User-Cache,2024-12-07,1.11.1,jeb-kr-amherst,8399c9b,1.2.4,1.769853,0.01712203025817871,0.00025200843811035156,172.0,253.0,2043776,222848
BaseDirs,User-Cache,2024-12-08,1.11.1,jeb-kr-amherst,8399c9b,1.2.4,1.794032,0.016097068786621094,0.0002529621124267578,172.0,247.0,2009936,222592
BaseDirs,User-Cache,2024-12-09,1.11.1,jeb-kr-amherst,8399c9b,1.2.4,1.751937,0.01635003089904785,0.0002491474151611328,171.0,248.0,2027184,222444
BaseDirs,User-Cache,2024-12-10,1.11.2,jeb-kr-amherst,8399c9b,1.2.4,3.601394,0.02850508689880371,0.0003941059112548828,198.0,189.0,2038928,219632
BaseDirs,User-Cache,2024-12-11,1.11.2,jeb-kr-amherst,8399c9b,1.2.4,1.653396,0.022442102432250977,0.0003108978271484375,181.0,285.0,2009540,219520
BaseDirs,User-Cache,2024-12-12,1.11.2,jeb-kr-amherst,8399c9b,1.2.4,1.524485,0.016636133193969727,0.00025200843811035156,176.0,250.0,2014796,219508
BaseDirs,User-Cache,2024-12-13,1.11.2,jeb-kr-amherst,8399c9b,1.2.4,1.528761,0.01672196388244629,0.0002529621124267578,176.0,248.0,2033880,219644
BaseDirs,User-Cache,2024-12-14,1.11.2,jeb-kr-amherst,8399c9b,1.2.4,1.532613,0.017559051513671875,0.00027298927307128906,176.0,255.0,1997328,219636
BaseDirs,User-Cache,2024-12-15,1.11.2,jeb-kr-amherst,8399c9b,1.2.4,1.522798,0.016843080520629883,0.000247955322265625,176.0,252.0,2026224,219632
BaseDirs,User-Cache,2024-12-16,1.11.2,jeb-kr-amherst,8399c9b,1.2.4,1.479278,0.016535043716430664,0.0002551078796386719,177.0,250.0,2026024,219640
BaseDirs,User-Cache,2024-12-17,1.11.2,jeb-kr-amherst,8399c9b,1.2.4,1.505502,0.016676902770996094,0.0002491474151611328,176.0,250.0,2031956,219252
BaseDirs,User-Cache,2024-12-18,1.11.2,jeb-kr-amherst,8399c9b,1.2.4,1.484115,0.016596078872680664,0.0002548694610595703,176.0,252.0,2026644,219264
BaseDirs,User-Cache,2024-12-19,1.11.2,jeb-kr-amherst,8399c9b,1.2.4,1.500113,0.016770124435424805,0.0002608299255371094,177.0,247.0,2017656,219636
BaseDirs,User-Cache,2024-12-20,1.11.2,jeb-kr-amherst,8399c9b,1.2.4,1.539074,0.016614913940429688,0.0002601146697998047,176.0,248.0,2026164,219516
BaseDirs,User-Cache,2024-12-21,1.11.2,jeb-kr-amherst,8399c9b,1.2.4,1.486351,0.01732611656188965,0.0002799034118652344,177.0,256.0,2027200,219508
BaseDirs,User-Cache,2024-12-22,1.11.2,jeb-kr-amherst,8399c9b,1.2.4,1.521212,0.016722917556762695,0.0002589225769042969,177.0,247.0,2021244,219136
BaseDirs,User-Cache,2024-12-23,1.11.2,jeb-kr-amherst,8399c9b,1.2.4,1.488106,0.01650094985961914,0.00025200843811035156,177.0,245.0,2027944,219648
BaseDirs,User-Cache,2024-12-24,1.11.2,jeb-kr-amherst,8399c9b,1.2.4,1.533263,0.01664113998413086,0.0002779960632324219,177.0,250.0,2028540,219252
BaseDirs,User-Cache,2024-12-25,1.11.2,jeb-kr-amherst,8399c9b,1.2.4,1.479259,0.016620874404907227,0.00024199485778808594,177.0,251.0,2029184,219392
BaseDirs,User-Cache,2024-12-26,1.11.2,jeb-kr-amherst,8399c9b,1.2.4,1.509966,0.01653599739074707,0.00025010108947753906,177.0,247.0,2032908,219392
BaseDirs,User-Cache,2024-12-27,1.11.2,jeb-kr-amherst,8399c9b,1.2.4,1.535152,0.01658010482788086,0.0002658367156982422,177.0,249.0,2031152,219508
BaseDirs,User-Cache,2024-12-28,1.11.2,jeb-kr-amherst,8399c9b,1.2.4,3.955309,0.06079292297363281,0.00047206878662109375,151.0,146.0,2029668,219636
BaseDirs,User-Cache,2024-12-29,1.11.2,jeb-kr-amherst,8399c9b,1.2.4,3.116041,0.03077387809753418,0.0004291534423828125,163.0,160.0,2029992,219380
BaseDirs,User-Cache,2024-12-30,1.11.2,jeb-kr-amherst,8399c9b,1.2.4,1.798711,0.023797035217285156,0.0003490447998046875,180.0,273.0,2035620,219508
BaseDirs,User-Cache,2024-12-31,1.11.2,jeb-kr-amherst,8399c9b,1.2.4,1.776745,0.029606103897094727,0.0003209114074707031,178.0,309.0,2036680,219376
BaseDirs,User-Cache,2025-01-01,1.11.2,jeb-kr-amherst,8399c9b,1.2.4,1.70775,0.02447199821472168,0.0003199577331542969,179.0,291.0,2039680,219508
BaseDirs,User-Cache,2025-01-02,1.11.2,jeb-kr-amherst,8399c9b,1.2.4,1.532531,0.017438888549804688,0.000244140625,175.0,250.0,2025272,219520
BaseDirs,User-Cache,2025-01-03,1.11.2,jeb-kr-amherst,8399c9b,1.2.4,1.530406,0.01655101776123047,0.0002570152282714844,177.0,249.0,2024960,219636
BaseDirs,User-Cache,2025-01-04,1.11.2,jeb-kr-amherst,8399c9b,1.2.4,1.536894,0.01656198501586914,0.0002491474151611328,177.0,246.0,1995612,219384
BaseDirs,User-Cache,2025-01-05,1.11.2,jeb-kr-amherst,8399c9b,1.2.4,1.524203,0.0166168212890625,0.0002410411834716797,177.0,250.0,2024592,219264
BaseDirs,User-Cache,2025-01-06,1.11.2,jeb-kr-amherst,8399c9b,1.2.4,1.528049,0.017628192901611328,0.0002589225769042969,176.0,252.0,2026488,219520
BaseDirs,User-Cache,2025-01-07,1.11.2,jeb-kr-amherst,8399c9b,1.2.4,1.527119,0.016598939895629883,0.0002579689025878906,177.0,249.0,2020068,219384
BaseDirs,User-Cache,2025-01-08,1.11.2,jeb-kr-amherst,8399c9b,1.2.4,1.492495,0.0165407657623291,0.0002510547637939453,177.0,250.0,2030024,219392
BaseDirs,User-Cache,2025-01-09,1.11.2,jeb-kr-amherst,8399c9b,1.2.4,1.535266,0.01748514175415039,0.0002498626708984375,176.0,256.0,2036552,219392
BaseDirs,User-Cache,2025-01-10,1.11.2,jeb-kr-amherst,8399c9b,1.2.4,1.522685,0.0165708065032959,0.0002532005310058594,176.0,248.0,2029024,219512
BaseDirs,User-Cache,2025-01-11,1.11.2,jeb-kr-amherst,8399c9b,1.2.4,1.554558,0.016728878021240234,0.000247955322265625,177.0,248.0,2009288,219008
BaseDirs,User-Cache,2025-01-12,1.11.2,jeb-kr-amherst,8399c9b,1.2.4,1.535653,0.016623973846435547,0.0002620220184326172,176.0,250.0,2018684,219136
BaseDirs,User-Cache,2025-01-13,1.11.2,jeb-kr-amherst,8399c9b,1.2.4,1.479437,0.01650691032409668,0.00025200843811035156,177.0,250.0,2018296,219132
BaseDirs,User-Cache,2025-01-14,1.11.2,jeb-kr-amherst,8399c9b,1.2.4,1.484816,0.016685962677001953,0.0002579689025878906,177.0,246.0,2021240,219392
BaseDirs,User-Cache,2025-01-15,1.11.2,jeb-kr-amherst,8399c9b,1.2.4,1.514228,0.01656484603881836,0.0002551078796386719,177.0,250.0,2027272,219512
BaseDirs,User-Cache,2025-01-16,1.11.2,jeb-kr-amherst,8399c9b,1.2.4,1.526156,0.01652693748474121,0.0002460479736328125,176.0,248.0,2026312,219640
BaseDirs,User-Cache,2025-01-17,1.11.2,jeb-kr-amherst,8399c9b,1.2.4,1.534925,0.0166778564453125,0.0002579689025878906,176.0,252.0,2017668,219392
BaseDirs,User-Cache,2025-01-18,1.11.2,jeb-kr-amherst,8399c9b,1.2.4,1.535748,0.01668095588684082,0.0002779960632324219,177.0,248.0,2025644,219648
BaseDirs,User-Cache,2025-01-19,1.11.2,jeb-kr-amherst,8399c9b,1.2.4,1.495165,0.016765832901000977,0.0002460479736328125,177.0,250.0,2019200,219136
BaseDirs,User-Cache,2025-01-20,1.11.2,jeb-kr-amherst,8399c9b,1.2.4,1.496072,0.016707897186279297,0.000247955322265625,177.0,254.0,2028504,219764
BaseDirs,User-Cache,2025-01-21,1.11.2,jeb-kr-amherst,8399c9b,1.2.4,1.50507,0.016611099243164062,0.0002620220184326172,177.0,250.0,2028652,219380
BaseDirs,User-Cache,2025-01-22,1.11.2,jeb-kr-amherst,8399c9b,1.2.4,1.531323,0.017421960830688477,0.0002579689025878906,177.0,251.0,2028556,219260
BaseDirs,User-Cache,2025-01-23,1.11.2,jeb-kr-amherst,8399c9b,1.2.4,1.53348,0.017447948455810547,0.0002560615539550781,176.0,254.0,2029572,219384
BaseDirs,User-Cache,2025-01-24,1.11.2,jeb-kr-amherst,8399c9b,1.2.4,1.539971,0.016602039337158203,0.0002510547637939453,176.0,250.0,2015256,219636
BaseDirs,User-Cache,2025-01-25,1.11.2,jeb-kr-amherst,8399c9b,1.2.4,1.494873,0.016616106033325195,0.0002448558807373047,177.0,247.0,2021624,219260
BaseDirs,User-Cache,2025-01-26,1.11.2,jeb-kr-amherst,8399c9b,1.2.4,1.521512,0.016653060913085938,0.00025010108947753906,177.0,251.0,2029052,219516
BaseDirs,User-Cache,2025-01-27,1.11.2,jeb-kr-amherst,8399c9b,1.2.4,1.542449,0.01666092872619629,0.0002620220184326172,177.0,248.0,2029108,219376
BaseDirs,User-Cache,2025-01-28,1.11.2,jeb-kr-amherst,8399c9b,1.2.4,1.559723,0.01655101776123047,0.00025916099548339844,177.0,252.0,2014768,219380
BaseDirs,User-Cache,2025-01-29,1.11.2,jeb-kr-amherst,8399c9b,1.2.4,1.529079,0.0168302059173584,0.00024580955505371094,176.0,248.0,2017712,219252
BaseDirs,User-Cache,2025-01-30,1.11.3,jeb-kr-amherst,8399c9b,1.2.4,1.520439,0.016827821731567383,0.00024700164794921875,176.0,254.0,2012572,225664
BaseDirs,User-Cache,2025-01-31,1.11.3,jeb-kr-amherst,8399c9b,1.2.4,1.529006,0.01677107810974121,0.000247955322265625,176.0,248.0,2007852,225664
BaseDirs,User-Cache,2025-02-01,1.11.3,jeb-kr-amherst,8399c9b,1.2.4,1.504423,0.01673102378845215,0.00024199485778808594,176.0,252.0,2009272,226176
BaseDirs,User-Cache,2025-02-02,1.11.3,jeb-kr-amherst,8399c9b,1.2.4,1.538249,0.016777992248535156,0.00024700164794921875,176.0,251.0,2019488,225536
BaseDirs,User-Cache,2025-02-03,1.11.3,jeb-kr-amherst,8399c9b,1.2.4,1.523677,0.016749143600463867,0.0002548694610595703,176.0,248.0,2009788,225664
BaseDirs,User-Cache,2025-02-04,1.11.3,jeb-kr-amherst,8399c9b,1.2.4,1.540475,0.016727924346923828,0.00026988983154296875,176.0,249.0,2016108,225656
BaseDirs,User-Cache,2025-02-05,1.11.3,jeb-kr-amherst,8399c9b,1.2.4,1.520127,0.01682114601135254,0.00024390220642089844,176.0,248.0,2018452,225536
BaseDirs,User-Cache,2025-02-06,1.11.3,jeb-kr-amherst,8399c9b,1.2.4,1.509202,0.016836881637573242,0.00024700164794921875,177.0,250.0,2017900,225644
BaseDirs,User-Cache,2025-02-07,1.11.3,jeb-kr-amherst,8399c9b,1.2.4,1.543909,0.01682305335998535,0.0002529621124267578,176.0,248.0,2008676,226048
BaseDirs,User-Cache,2025-02-08,1.11.3,jeb-kr-amherst,8399c9b,1.2.4,1.508463,0.0169069766998291,0.00024700164794921875,176.0,249.0,2017636,225408
BaseDirs,User-Cache,2025-02-09,1.11.3,jeb-kr-amherst,8399c9b,1.2.4,1.51702,0.01713705062866211,0.00024008750915527344,176.0,249.0,2017728,225536
BaseDirs,User-Cache,2025-02-10,1.11.3,jeb-kr-amherst,8399c9b,1.2.4,3.64424,0.06525707244873047,0.00043487548828125,148.0,107.0,2039904,225664
BaseDirs,User-Cache,2025-02-11,1.11.3,jeb-kr-amherst,8399c9b,1.2.4,1.621064,0.021368026733398438,0.0002918243408203125,176.0,281.0,2011436,225792
BaseDirs,User-Cache,2025-02-12,1.11.3,jeb-kr-amherst,8399c9b,1.2.4,1.538241,0.01758098602294922,0.00024700164794921875,177.0,253.0,2010864,226048
BaseDirs,User-Cache,2025-02-13,1.11.3,jeb-kr-amherst,8399c9b,1.2.4,1.544678,0.016705989837646484,0.00025010108947753906,176.0,251.0,2006700,225536
BaseDirs,User-Cache,2025-02-14,1.11.3,jeb-kr-amherst,8399c9b,1.2.4,1.517534,0.01671886444091797,0.000244140625,176.0,249.0,1998448,225792
BaseDirs,User-Cache,2025-02-15,1.11.3,jeb-kr-amherst,8399c9b,1.2.4,1.53701,0.01673102378845215,0.0002498626708984375,176.0,248.0,2007648,225656
BaseDirs,User-Cache,2025-02-16,1.11.3,jeb-kr-amherst,8399c9b,1.2.4,1.51266,0.016900062561035156,0.0002429485321044922,176.0,252.0,2019252,225664
BaseDirs,User-Cache,2025-02-17,1.11.3,jeb-kr-amherst,8399c9b,1.2.4,1.512402,0.0168459415435791,0.00025010108947753906,176.0,253.0,2018820,225408
BaseDirs,User-Cache,2025-02-18,1.11.3,jeb-kr-amherst,8399c9b,1.2.4,1.536908,0.01673412322998047,0.00024700164794921875,176.0,252.0,2020020,225920
BaseDirs,User-Cache,2025-02-19,1.11.3,jeb-kr-amherst,8399c9b,1.2.4,1.533651,0.02440500259399414,0.0002918243408203125,177.0,278.0,2019456,225920
BaseDirs,User-Cache,2025-02-20,1.11.3,jeb-kr-amherst,8399c9b,1.2.4,1.511989,0.01738905906677246,0.00025200843811035156,176.0,250.0,2008052,225536
BaseDirs,User-Cache,2025-02-21,1.11.3,jeb-kr-amherst,8399c9b,1.2.4,1.725555,0.025088071823120117,0.0003249645233154297,174.0,292.0,2029984,225536
BaseDirs,User-Cache,2025-02-22,1.11.3,jeb-kr-amherst,8399c9b,1.2.4,1.524527,0.01685500144958496,0.00024700164794921875,177.0,248.0,2007892,225920
BaseDirs,User-Cache,2025-02-23,1.11.3,jeb-kr-amherst,8399c9b,1.2.4,1.540375,0.016721010208129883,0.00025010108947753906,176.0,247.0,2018532,225792
BaseDirs,User-Cache,2025-02-24,1.11.3,jeb-kr-amherst,8399c9b,1.2.4,1.557863,0.01765894889831543,0.00025010108947753906,176.0,251.0,2021560,225536
BaseDirs,User-Cache,2025-02-25,1.11.3,jeb-kr-amherst,8399c9b,1.2.4,1.499027,0.017853975296020508,0.000247955322265625,176.0,255.0,2019948,225664
BaseDirs,User-Cache,2025-02-26,1.11.3,jeb-kr-amherst,8399c9b,1.2.4,1.551708,0.016907930374145508,0.00024700164794921875,176.0,250.0,2010240,225664
BaseDirs,User-Cache,2025-02-27,1.11.3,jeb-kr-amherst,8399c9b,1.2.4,1.506346,0.016698837280273438,0.00025010108947753906,176.0,248.0,2024204,225920
BaseDirs,User-Cache,2025-02-28,1.11.3,jeb-kr-amherst,8399c9b,1.2.4,1.499953,0.017573118209838867,0.00024390220642089844,177.0,253.0,2012096,225408
BaseDirs,User-Cache,2025-03-01,1.11.3,jeb-kr-amherst,8399c9b,1.2.4,1.500941,0.017464876174926758,0.000244140625,176.0,250.0,2017660,225024
BaseDirs,User-Cache,2025-03-02,1.11.3,jeb-kr-amherst,8399c9b,1.2.4,1.609205,0.022407054901123047,0.0003008842468261719,177.0,282.0,2018532,225536
BaseDirs,User-Cache,2025-03-03,1.11.3,jeb-kr-amherst,8399c9b,1.2.4,1.54284,0.01756596565246582,0.0002579689025878906,176.0,251.0,2017592,225408
BaseDirs,User-Cache,2025-03-04,1.11.3,jeb-kr-amherst,8399c9b,1.2.4,1.564153,0.01790595054626465,0.00026798248291015625,176.0,255.0,2019216,225664
BaseDirs,User-Cache,2025-03-05,1.11.3,jeb-kr-amherst,8399c9b,1.2.4,1.546541,0.016737937927246094,0.000244140625,176.0,251.0,2017448,225664
BaseDirs,User-Cache,2025-03-06,1.11.3,jeb-kr-amherst,8399c9b,1.2.4,1.539113,0.017055034637451172,0.000244140625,176.0,252.0,2015808,225408
BaseDirs,User-Cache,2025-03-07,1.11.3,jeb-kr-amherst,8399c9b,1.2.4,1.529134,0.017514944076538086,0.00027108192443847656,176.0,253.0,2007940,225408
BaseDirs,User-Cache,2025-03-08,1.11.3,jeb-kr-amherst,8399c9b,1.2.4,1.533516,0.017632007598876953,0.0002510547637939453,176.0,250.0,2006428,225256
BaseDirs,User-Cache,2025-03-09,1.11.3,jeb-kr-amherst,8399c9b,1.2.4,1.526959,0.01679682731628418,0.0002529621124267578,177.0,251.0,2009712,225484
BaseDirs,User-Cache,2025-03-10,1.11.3,jeb-kr-amherst,8399c9b,1.2.4,1.569766,0.02107095718383789,0.00030803680419921875,177.0,271.0,2019324,225916
BaseDirs,User-Cache,2025-03-11,1.11.3,jeb-kr-amherst,8399c9b,1.2.4,1.574928,0.01673603057861328,0.0002620220184326172,176.0,249.0,2016824,225280
BaseDirs,User-Cache,2025-03-12,1.11.3,jeb-kr-amherst,8399c9b,1.2.4,1.497008,0.016665935516357422,0.00024390220642089844,177.0,248.0,2017624,225664
BaseDirs,User-Cache,2025-03-13,1.11.3,jeb-kr-amherst,8399c9b,1.2.4,1.533614,0.018573999404907227,0.000247955322265625,176.0,254.0,2016952,225516
BaseDirs,User-Cache,2025-03-14,1.11.3,jeb-kr-amherst,8399c9b,1.2.4,1.506602,0.016713857650756836,0.0002410411834716797,176.0,252.0,2020368,225664
BaseDirs,User-Cache,2025-03-15,1.11.3,jeb-kr-amherst,8399c9b,1.2.4,1.539207,0.016743898391723633,0.00024509429931640625,176.0,253.0,2016932,225920
BaseDirs,User-Cache,2025-03-16,1.11.3,jeb-kr-amherst,8399c9b,1.2.4,1.527188,0.016793012619018555,0.000247955322265625,176.0,248.0,2020192,225792
BaseDirs,User-Cache,2025-03-17,1.11.3,jeb-kr-amherst,8399c9b,1.2.4,1.50284,0.016763925552368164,0.0002410411834716797,177.0,250.0,2018584,225664
BaseDirs,User-Cache,2025-03-18,1.11.3,jeb-kr-amherst,8399c9b,1.2.4,1.510313,0.016741037368774414,0.00025010108947753906,176.0,251.0,2019512,225920
BaseDirs,User-Cache,2025-03-19,1.11.3,jeb-kr-amherst,8399c9b,1.2.4,1.982702,0.03037095069885254,0.00035190582275390625,184.0,311.0,2010400,225280
BaseDirs,User-Cache,2025-03-20,1.11.4,jeb-kr-amherst,8399c9b,1.2.4,1.888664,0.02282118797302246,0.00035500526428222656,180.0,282.0,2028596,226432
BaseDirs,User-Cache,2025-03-21,1.11.4,jeb-kr-amherst,8399c9b,1.2.4,3.995853,0.055563926696777344,0.00038123130798339844,150.0,105.0,2032268,226432
BaseDirs,User-Cache,2025-03-22,1.11.4,jeb-kr-amherst,8399c9b,1.2.4,1.725864,0.021301984786987305,0.0003008842468261719,181.0,283.0,2031324,226304
BaseDirs,User-Cache,2025-03-23,1.11.4,jeb-kr-amherst,8399c9b,1.2.4,1.811487,0.02180790901184082,0.00030303001403808594,180.0,273.0,2020760,226048
BaseDirs,User-Cache,2025-03-24,1.11.4,jeb-kr-amherst,8399c9b,1.2.4,1.677056,0.020923137664794922,0.0002989768981933594,182.0,276.0,2012488,226432
BaseDirs,User-Cache,2025-03-25,1.11.4,jeb-kr-amherst,8399c9b,1.2.4,1.527611,0.016060829162597656,0.0002491474151611328,177.0,247.0,2029116,226560
BaseDirs,User-Cache,2025-03-26,1.11.4,jeb-kr-amherst,8399c9b,1.2.4,1.512017,0.016125917434692383,0.0002689361572265625,177.0,250.0,2018684,226304
BaseDirs,User-Cache,2025-03-27,1.11.4,jeb-kr-amherst,8399c9b,1.2.4,1.516362,0.016350984573364258,0.0002570152282714844,177.0,248.0,2009988,226304
BaseDirs,User-Cache,2025-03-28,1.11.4,jeb-kr-amherst,8399c9b,1.2.4,1.542479,0.016191959381103516,0.00024509429931640625,177.0,247.0,2018888,225920
BaseDirs,User-Cache,2025-03-29,1.11.4,jeb-kr-amherst,8399c9b,1.2.4,1.494072,0.01626420021057129,0.00024199485778808594,177.0,249.0,2018960,226020
BaseDirs,User-Cache,2025-03-30,1.11.4,jeb-kr-amherst,8399c9b,1.2.4,1.504623,0.016151905059814453,0.0002491474151611328,177.0,248.0,2012516,226284
BaseDirs,User-Cache,2025-03-31,1.11.4,jeb-kr-amherst,8399c9b,1.2.4,1.567621,0.01636481285095215,0.000244140625,177.0,249.0,2029448,226432
BaseDirs,User-Cache,2025-04-01,1.11.4,jeb-kr-amherst,8399c9b,1.2.4,1.550009,0.016231060028076172,0.00024890899658203125,178.0,248.0,2018304,226416
BaseDirs,User-Cache,2025-04-02,1.11.4,jeb-kr-amherst,8399c9b,1.2.4,1.509776,0.016263961791992188,0.00024580955505371094,178.0,249.0,2018244,226176
BaseDirs,User-Cache,2025-04-03,1.11.4,jeb-kr-amherst,8399c9b,1.2.4,1.545301,0.016293048858642578,0.0002548694610595703,177.0,254.0,2008540,226156
BaseDirs,User-Cache,2025-04-04,1.11.4,jeb-kr-amherst,8399c9b,1.2.4,1.515422,0.01613903045654297,0.00024080276489257812,177.0,250.0,2011360,226304
BaseDirs,User-Cache,2025-04-05,1.11.4,jeb-kr-amherst,8399c9b,1.2.4,1.54057,0.017053842544555664,0.00026607513427734375,177.0,251.0,2018112,226432
BaseDirs,User-Cache,2025-04-06,1.11.4,jeb-kr-amherst,8399c9b,1.2.4,1.541636,0.016908884048461914,0.0002651214599609375,178.0,251.0,2020728,226172
BaseDirs,User-Cache,2025-04-07,1.11.4,jeb-kr-amherst,8399c9b,1.2.4,1.514597,0.017232179641723633,0.0002529621124267578,177.0,256.0,2019320,226304
BaseDirs,User-Cache,2025-04-08,1.11.4,jeb-kr-amherst,8399c9b,1.2.4,1.518213,0.016315221786499023,0.00024390220642089844,178.0,251.0,2012008,226432
BaseDirs,User-Cache,2025-04-09,1.11.4,jeb-kr-amherst,8399c9b,1.2.4,1.537291,0.016143798828125,0.000244140625,177.0,248.0,2025988,226304
BaseDirs,User-Cache,2025-04-10,1.11.4,jeb-kr-amherst,8399c9b,1.2.4,1.54395,0.01613306999206543,0.0002510547637939453,178.0,250.0,2016468,226048
BaseDirs,User-Cache,2025-04-11,1.11.4,jeb-kr-amherst,8399c9b,1.2.4,1.527119,0.0162050724029541,0.0002429485321044922,178.0,247.0,2025316,226556
BaseDirs,User-Cache,2025-04-12,1.11.4,jeb-kr-amherst,8399c9b,1.2.4,1.545704,0.016232013702392578,0.00027108192443847656,177.0,247.0,2017936,226048
BaseDirs,User-Cache,2025-04-13,1.11.4,jeb-kr-amherst,8399c9b,1.2.4,1.544162,0.01613593101501465,0.0002570152282714844,178.0,247.0,2009052,225920
BaseDirs,User-Cache,2025-04-14,1.11.4,jeb-kr-amherst,8399c9b,1.2.4,2.094535,0.02556610107421875,0.00037384033203125,168.0,240.0,2029944,226304
BaseDirs,User-Cache,2025-04-15,1.11.4,jeb-kr-amherst,8399c9b,1.2.4,1.553938,0.019985198974609375,0.00029587745666503906,179.0,273.0,2008768,226432
BaseDirs,User-Cache,2025-04-16,1.11.4,jeb-kr-amherst,8399c9b,1.2.4,1.765716,0.021371126174926758,0.00031304359436035156,171.0,279.0,2021584,226176
BaseDirs,User-Cache,2025-04-17,1.11.4,jeb-kr-amherst,8399c9b,1.2.4,1.534708,0.01616215705871582,0.0002510547637939453,177.0,250.0,2010716,226176
BaseDirs,User-Cache,2025-04-18,1.11.4,jeb-kr-amherst,8399c9b,1.2.4,1.533828,0.015969038009643555,0.0002460479736328125,177.0,251.0,2008352,226048
BaseDirs,User-Cache,2025-04-19,1.11.4,jeb-kr-amherst,8399c9b,1.2.4,1.798952,0.0274350643157959,0.0003228187561035156,180.0,300.0,2022188,226176
BaseDirs,User-Cache,2025-04-20,1.11.5,jeb-kr-amherst,8399c9b,1.2.4,1.747577,0.020580053329467773,0.00030612945556640625,179.0,271.0,2037564,219516
BaseDirs,User-Cache,2025-04-21,1.11.5,jeb-kr-amherst,8399c9b,1.2.4,1.698373,0.01997995376586914,0.00031113624572753906,180.0,273.0,2048012,219516
BaseDirs,User-Cache,2025-04-22,1.11.5,jeb-kr-amherst,8399c9b,1.2.4,1.618457,0.016791105270385742,0.00024080276489257812,180.0,253.0,2046024,219644
BaseDirs,User-Cache,2025-04-23,1.11.5,jeb-kr-amherst,8399c9b,1.2.4,1.653108,0.01614689826965332,0.0002491474151611328,180.0,250.0,2048756,219264
BaseDirs,User-Cache,2025-04-24,1.11.5,jeb-kr-amherst,8399c9b,1.2.4,1.645936,0.016082048416137695,0.000247955322265625,179.0,250.0,2039248,219260
BaseDirs,User-Cache,2025-04-25,1.11.5,jeb-kr-amherst,8399c9b,1.2.4,1.640468,0.01620006561279297,0.0002570152282714844,180.0,250.0,2033668,219520
BaseDirs,User-Cache,2025-04-26,1.11.5,jeb-kr-amherst,8399c9b,1.2.4,1.653446,0.01707601547241211,0.0002601146697998047,180.0,255.0,2021032,219136
BaseDirs,User-Cache,2025-04-27,1.11.5,jeb-kr-amherst,8399c9b,1.2.4,1.650196,0.016096115112304688,0.0002429485321044922,180.0,247.0,2046420,219128
BaseDirs,User-Cache,2025-04-28,1.11.5,jeb-kr-amherst,8399c9b,1.2.4,1.651325,0.01605081558227539,0.0002410411834716797,180.0,249.0,2048172,219392
BaseDirs,User-Cache,2025-04-29,1.11.5,jeb-kr-amherst,8399c9b,1.2.4,1.647954,0.015957117080688477,0.0002429485321044922,180.0,250.0,2046424,219392
BaseDirs,User-Cache,2025-04-30,1.11.5,jeb-kr-amherst,8399c9b,1.2.4,1.606992,0.016975879669189453,0.0002651214599609375,180.0,252.0,2037544,219504
BaseDirs,User-Cache,2025-05-01,1.11.5,jeb-kr-amherst,8399c9b,1.2.4,1.614943,0.016263961791992188,0.0002410411834716797,180.0,251.0,2036268,219520
BaseDirs,User-Cache,2025-05-02,1.11.5,jeb-kr-amherst,8399c9b,1.2.4,1.712639,0.01972508430480957,0.0002930164337158203,181.0,277.0,2033452,219392
BaseDirs,User-Cache,2025-05-03,1.11.5,jeb-kr-amherst,8399c9b,1.2.4,2.353564,0.041397809982299805,0.00030612945556640625,181.0,205.0,2054036,219512
BaseDirs,User-Cache,2025-05-04,1.11.5,jeb-kr-amherst,8399c9b,1.2.4,1.669126,0.021003007888793945,0.0003120899200439453,181.0,275.0,2053080,219520
BaseDirs,User-Cache,2025-05-05,1.11.5,jeb-kr-amherst,8399c9b,1.2.4,1.626647,0.015984058380126953,0.00024390220642089844,180.0,250.0,2045812,219648
BaseDirs,User-Cache,2025-05-06,1.11.5,jeb-kr-amherst,8399c9b,1.2.4,1.890391,0.02082514762878418,0.00030994415283203125,178.0,271.0,2054220,219904
BaseDirs,User-Cache,2025-05-07,1.11.5,jeb-kr-amherst,8399c9b,1.2.4,1.91055,0.02149510383605957,0.00030303001403808594,183.0,277.0,2027044,219388
BaseDirs,User-Cache,2025-05-08,1.11.5,jeb-kr-amherst,8399c9b,1.2.4,1.782871,0.02154088020324707,0.0003421306610107422,180.0,275.0,2047912,219508
BaseDirs,User-Cache,2025-05-09,1.11.5,jeb-kr-amherst,8399c9b,1.2.4,1.627827,0.016084909439086914,0.0002460479736328125,180.0,247.0,2034756,219520
BaseDirs,User-Cache,2025-05-10,1.11.5,jeb-kr-amherst,8399c9b,1.2.4,1.789689,0.02084207534790039,0.00030112266540527344,180.0,279.0,2023140,219136
BaseDirs,User-Cache,2025-05-11,1.11.5,jeb-kr-amherst,8399c9b,1.2.4,2.984839,0.049536943435668945,0.0004291534423828125,162.0,124.0,2027096,219772
BaseDirs,User-Cache,2025-05-12,1.11.5,jeb-kr-amherst,8399c9b,1.2.4,1.772081,0.020558834075927734,0.000308990478515625,183.0,277.0,2040144,219136
BaseDirs,User-Cache,2025-05-13,1.11.5,jeb-kr-amherst,8399c9b,1.2.4,1.614886,0.016193866729736328,0.0002460479736328125,180.0,248.0,2018132,219520
BaseDirs,User-Cache,2025-05-14,1.11.5,jeb-kr-amherst,8399c9b,1.2.4,1.615114,0.016088008880615234,0.0002579689025878906,181.0,246.0,2027100,219256
BaseDirs,User-Cache,2025-05-15,1.11.5,jeb-kr-amherst,8399c9b,1.2.4,1.646794,0.01688981056213379,0.000244140625,180.0,252.0,2029424,219648
BaseDirs,User-Cache,2025-05-16,1.11.5,jeb-kr-amherst,8399c9b,1.2.4,1.812711,0.02078390121459961,0.00030422210693359375,187.0,276.0,2040932,219388
BaseDirs,User-Cache,2025-05-18,1.11.5,jeb-kr-amherst,8399c9b,1.3.0,2.221829,0.013208866119384766,0.000247955322265625,180.0,238.0,2035632,218112
BaseDirs,User-Cache,2025-05-19,1.11.5,jeb-kr-amherst,8399c9b,1.3.0,2.237851,0.012534141540527344,0.0002658367156982422,180.0,234.0,2035332,217720
BaseDirs,User-Cache,2025-05-20,1.11.5,jeb-kr-amherst,8399c9b,1.3.0,2.217406,0.012573003768920898,0.000247955322265625,180.0,235.0,2046308,217728
BaseDirs,User-Cache,2025-05-21,1.11.5,jeb-kr-amherst,8399c9b,1.3.0,2.200184,0.012532949447631836,0.0002460479736328125,180.0,235.0,2049784,217852
BaseDirs,User-Cache,2025-05-22,1.11.5,jeb-kr-amherst,8399c9b,1.3.0,2.21318,0.01254892349243164,0.0002529621124267578,180.0,232.0,2017120,217728
BaseDirs,User-Cache,2025-05-23,1.11.5,jeb-kr-amherst,8399c9b,1.3.0,2.19789,0.012543916702270508,0.0002460479736328125,180.0,235.0,2034664,217600
BaseDirs,User-Cache,2025-05-24,1.11.5,jeb-kr-amherst,8399c9b,1.3.0,2.196038,0.01253819465637207,0.00024199485778808594,180.0,232.0,2036628,217600
BaseDirs,User-Cache,2025-05-25,1.11.5,jeb-kr-amherst,8399c9b,1.3.0,2.214432,0.012485980987548828,0.0002620220184326172,180.0,234.0,2045380,217600
BaseDirs,User-Cache,2025-05-26,1.11.5,jeb-kr-amherst,8399c9b,1.3.0,2.22291,0.012694120407104492,0.0002448558807373047,180.0,234.0,2047248,217728
BaseDirs,User-Cache,2025-05-27,1.11.5,jeb-kr-amherst,8399c9b,1.3.0,2.173573,0.013022184371948242,0.0002529621124267578,180.0,239.0,2034360,217728
BaseDirs,User-Cache,2025-05-28,1.11.5,jeb-kr-amherst,8399c9b,1.3.0,2.179312,0.012557029724121094,0.00024199485778808594,180.0,234.0,2049276,217856
BaseDirs,User-Cache,2025-05-29,1.11.5,jeb-kr-amherst,8399c9b,1.3.0,2.216417,0.013145923614501953,0.0002510547637939453,180.0,237.0,2018216,217852
BaseDirs,User-Cache,2025-05-30,1.11.5,jeb-kr-amherst,8399c9b,1.3.0,2.209362,0.012519121170043945,0.0002579689025878906,180.0,232.0,2034712,217728
BaseDirs,User-Cache,2025-05-31,1.11.5,jeb-kr-amherst,8399c9b,1.3.0,2.238497,0.012527942657470703,0.0002598762512207031,180.0,235.0,2043284,217728
BaseDirs,User-Cache,2025-06-01,1.11.5,jeb-kr-amherst,8399c9b,1.3.0,2.216675,0.01274418830871582,0.0002498626708984375,180.0,238.0,2047936,217444
BaseDirs,User-Cache,2025-06-02,1.11.5,jeb-kr-amherst,8399c9b,1.3.0,2.183018,0.01268315315246582,0.0002498626708984375,180.0,235.0,2046664,217724
BaseDirs,User-Cache,2025-06-03,1.11.5,jeb-kr-amherst,8399c9b,1.3.0,2.187506,0.012606143951416016,0.00025200843811035156,180.0,235.0,2003512,217600
BaseDirs,User-Cache,2025-06-04,1.11.5,jeb-kr-amherst,8399c9b,1.3.0,2.227225,0.01320195198059082,0.00025200843811035156,180.0,240.0,2045456,217828
BaseDirs,User-Cache,2025-06-05,1.11.5,jeb-kr-amherst,8399c9b,1.3.0,2.231811,0.012530088424682617,0.00025391578674316406,180.0,237.0,2047600,217712
BaseDirs,User-Cache,2025-06-06,1.11.5,jeb-kr-amherst,8399c9b,1.3.0,2.242379,0.012463092803955078,0.00025391578674316406,180.0,236.0,2046580,217984
BaseDirs,User-Cache,2025-06-07,1.11.5,jeb-kr-amherst,8399c9b,1.3.0,3.155386,0.019976139068603516,0.00037598609924316406,170.0,272.0,2059688,218104
BaseDirs,User-Cache,2025-06-08,1.11.5,jeb-kr-amherst,8399c9b,1.3.0,4.003967,0.05734586715698242,0.0003311634063720703,161.0,116.0,2039488,217472
BaseDirs,User-Cache,2025-06-09,1.11.5,jeb-kr-amherst,8399c9b,1.3.0,5.71288,0.03484201431274414,0.0003409385681152344,150.0,126.0,2059012,218108
BaseDirs,User-Cache,2025-06-10,1.11.5,jeb-kr-amherst,8399c9b,1.3.0,2.566361,0.01621699333190918,0.00029397010803222656,171.0,264.0,2046872,217584
BaseDirs,User-Cache,2025-06-11,1.11.5,jeb-kr-amherst,8399c9b,1.3.0,2.278896,0.016423940658569336,0.0003261566162109375,180.0,262.0,2019236,217728
BaseDirs,User-Cache,2025-06-12,1.11.5,jeb-kr-amherst,8399c9b,1.3.0,2.216257,0.012617826461791992,0.00024509429931640625,180.0,234.0,2046808,217472
BaseDirs,User-Cache,2025-06-13,1.11.5,jeb-kr-amherst,8399c9b,1.3.0,2.207183,0.012771129608154297,0.0002510547637939453,180.0,236.0,2046368,217852
BaseDirs,User-Cache,2025-06-14,1.11.5,jeb-kr-amherst,8399c9b,1.3.0,2.194095,0.012634992599487305,0.0002460479736328125,180.0,239.0,2047556,217728
BaseDirs,User-Cache,2025-06-15,1.11.5,jeb-kr-amherst,8399c9b,1.3.0,2.227637,0.01334691047668457,0.00025010108947753906,180.0,241.0,2039756,217600
BaseDirs,User-Cache,2025-06-16,1.11.5,jeb-kr-amherst,8399c9b,1.3.0,2.196462,0.01244211196899414,0.00026297569274902344,180.0,234.0,2038848,217980
BaseDirs,User-Cache,2025-06-17,1.11.5,jeb-kr-amherst,8399c9b,1.3.0,2.208524,0.012547016143798828,0.0002529621124267578,180.0,236.0,2019688,217852
BaseDirs,User-Cache,2025-06-18,1.11.5,jeb-kr-amherst,8399c9b,1.3.0,2.183154,0.013312816619873047,0.000244140625,180.0,234.0,2017408,217980
BaseDirs,User-Cache,2025-06-19,1.11.5,jeb-kr-amherst,8399c9b,1.3.0,2.196289,0.012666940689086914,0.00025200843811035156,180.0,236.0,2035580,217728
BaseDirs,User-Cache,2025-06-20,1.11.5,jeb-kr-amherst,8399c9b,1.3.0,2.217835,0.01318502426147461,0.0002589225769042969,180.0,237.0,2017328,217856
BaseDirs,User-Cache,2025-06-21,1.11.5,jeb-kr-amherst,8399c9b,1.3.0,6.16255,0.02885293960571289,0.0005979537963867188,164.0,139.0,2059676,217856
BaseDirs,User-Cache,2025-06-22,1.11.5,jeb-kr-amherst,8399c9b,1.3.0,2.323541,0.015675067901611328,0.00031685829162597656,179.0,260.0,2032704,217856
BaseDirs,User-Cache,2025-06-23,1.11.5,jeb-kr-amherst,8399c9b,1.3.0,2.195185,0.012537002563476562,0.000244140625,180.0,234.0,2041988,217600
BaseDirs,User-Cache,2025-06-24,1.11.5,jeb-kr-amherst,8399c9b,1.3.0,2.22759,0.012693166732788086,0.0002598762512207031,180.0,233.0,2049016,217848
BaseDirs,User-Cache,2025-06-25,1.11.5,jeb-kr-amherst,8399c9b,1.3.0,2.187651,0.01254415512084961,0.00024890899658203125,180.0,236.0,2035168,217728
BaseDirs,User-Cache,2025-06-26,1.11.5,jeb-kr-amherst,8399c9b,1.3.0,3.171417,0.03282308578491211,0.0002949237823486328,175.0,188.0,2034492,217976
BaseDirs,User-Cache,2025-06-27,1.11.5,jeb-kr-amherst,8399c9b,1.3.0,4.833227,0.050646066665649414,0.0005879402160644531,164.0,179.0,2025480,217848
BaseDirs,User-Cache,2025-06-28,1.11.5,jeb-kr-amherst,8399c9b,1.3.0,2.411398,0.017755985260009766,0.0003159046173095703,185.0,269.0,2051824,217984
BaseDirs,User-Cache,2025-06-29,1.11.5,jeb-kr-amherst,8399c9b,1.3.0,2.197745,0.013370990753173828,0.00025391578674316406,180.0,239.0,2032748,217728
BaseDirs,User-Cache,2025-06-30,1.11.5,jeb-kr-amherst,8399c9b,1.3.0,2.195804,0.012521982192993164,0.0002410411834716797,180.0,233.0,2047408,217856
BaseDirs,User-Cache,2025-07-01,1.11.5,jeb-kr-amherst,8399c9b,1.3.0,2.186503,0.013055086135864258,0.0002570152282714844,180.0,238.0,2036016,217588
BaseDirs,User-Cache,2025-07-02,1.11.5,jeb-kr-amherst,8399c9b,1.3.0,2.238783,0.012539863586425781,0.00025010108947753906,180.0,232.0,2035380,217600
BaseDirs,User-Cache,2025-07-03,1.11.5,jeb-kr-amherst,8399c9b,1.3.1,2.201728,0.013358831405639648,0.00025200843811035156,180.0,236.0,2044412,217728
BaseDirs,User-Cache,2025-07-04,1.11.5,jeb-kr-amherst,8399c9b,1.3.1,2.262656,0.012480020523071289,0.0002460479736328125,180.0,236.0,2047856,217600
BaseDirs,User-Cache,2025-07-05,1.11.5,jeb-kr-amherst,8399c9b,1.3.1,2.240386,0.012866973876953125,0.00024580955505371094,180.0,234.0,2022104,217472
BaseDirs,User-Cache,2025-07-06,1.11.5,jeb-kr-amherst,8399c9b,1.3.1,2.257698,0.012482166290283203,0.0002579689025878906,180.0,233.0,2020260,217728
BaseDirs,User-Cache,2025-07-07,1.11.5,jeb-kr-amherst,8399c9b,1.3.1,2.221524,0.012562036514282227,0.000244140625,179.0,232.0,2040644,217700
BaseDirs,User-Cache,2025-07-08,1.11.5,jeb-kr-amherst,8399c9b,1.3.1,2.211197,0.01253509521484375,0.00025200843811035156,180.0,237.0,2026636,217600
BaseDirs,User-Cache,2025-07-09,1.11.5,jeb-kr-amherst,8399c9b,1.3.1,2.209284,0.01257181167602539,0.00025200843811035156,180.0,234.0,2040116,217600
BaseDirs,User-Cache,2025-07-10,1.11.5,jeb-kr-amherst,8399c9b,1.3.1,2.25156,0.012565851211547852,0.0002429485321044922,180.0,233.0,2050668,217600
BaseDirs,User-Cache,2025-07-11,1.11.5,jeb-kr-amherst,8399c9b,1.3.1,2.223839,0.012523889541625977,0.0002651214599609375,179.0,233.0,2020172,217720
BaseDirs,User-Cache,2025-07-12,1.11.5,jeb-kr-amherst,8399c9b,1.3.1,2.242374,0.01263117790222168,0.00024890899658203125,179.0,236.0,2017332,217984
BaseDirs,User-Cache,2025-07-13,1.11.5,jeb-kr-amherst,8399c9b,1.3.1,2.264561,0.012542963027954102,0.00024700164794921875,180.0,234.0,2034208,217728
BaseDirs,User-Cache,2025-07-14,1.11.5,jeb-kr-amherst,8399c9b,1.3.1,2.209369,0.012823104858398438,0.00024080276489257812,180.0,233.0,2017096,217728
BaseDirs,User-Cache,2025-07-15,1.11.5,jeb-kr-amherst,8399c9b,1.3.1,2.21212,0.012503862380981445,0.0002570152282714844,180.0,232.0,2037084,217720
BaseDirs,User-Cache,2025-07-16,1.11.5,jeb-kr-amherst,8399c9b,1.3.1,2.225996,0.012602090835571289,0.0002510547637939453,180.0,237.0,2039512,217596
BaseDirs,User-Cache,2025-07-17,1.11.5,jeb-kr-amherst,8399c9b,1.3.1,2.23315,0.013543844223022461,0.00026798248291015625,180.0,235.0,2039588,217728
BaseDirs,User-Cache,2025-07-18,1.11.5,jeb-kr-amherst,8399c9b,1.3.1,2.214171,0.012517929077148438,0.0002410411834716797,180.0,235.0,2022848,217848
BaseDirs,User-Cache,2025-07-19,1.11.5,jeb-kr-amherst,8399c9b,1.3.1,2.210661,0.012530088424682617,0.0002429485321044922,180.0,231.0,2045768,217596
BaseDirs,User-Cache,2025-10-13,1.12.0,jeb-kr-amherst,8399c9b,1.3.2,2.203708,0.0058438777923583984,0.00027298927307128906,171.0,126.0,2122828,278692
BaseDirs,User-Cache,2025-10-13,alpha,jeb-kr-amherst,8399c9b,1.3.2,2.22795,0.005810976028442383,0.0002689361572265625,170.0,125.0,2126824,278708
BaseDirs,User-Cache,2025-10-13,lts,jeb-kr-amherst,8399c9b,1.3.2,3.002663,0.01880192756652832,0.00030303001403808594,147.0,284.0,369372,247272
BaseDirs,User-Cache,2025-10-13,nightly,jeb-kr-amherst,8399c9b,1.3.2,2.585655,0.0057909488677978516,0.0002970695495605469,157.0,101.0,2529836,256660
BaseDirs,User-Cache,2025-10-13,release,jeb-kr-amherst,8399c9b,1.3.2,2.20095,0.005475044250488281,0.00026798248291015625,171.0,124.0,2125852,278328
BenchmarkTools,Basic-Benchmark,2025-07-20,1.11.6,jeb-kr-amherst,3004b15,1.6.0,11.590402,0.11998391151428223,1.073498010635376,186.0,147.0,2037240,290876
BenchmarkTools,Basic-Benchmark,2025-07-24,1.11.6,jeb-kr-amherst,3004b15,1.6.0,11.380144,0.13950610160827637,1.0579230785369873,188.0,137.0,2036832,290804
BenchmarkTools,Basic-Benchmark,2025-07-28,1.11.6,jeb-kr-amherst,3004b15,1.6.0,11.410754,0.11566996574401855,1.0727789402008057,189.0,148.0,2024312,290808
BenchmarkTools,Basic-Benchmark,2025-08-01,1.11.6,jeb-kr-amherst,3004b15,1.6.0,11.445031,0.1150360107421875,1.0528650283813477,187.0,148.0,2051916,291012
BenchmarkTools,Basic-Benchmark,2025-08-05,1.11.6,jeb-kr-amherst,3004b15,1.6.0,11.273473,0.138200044631958,1.0411708354949951,189.0,146.0,2031076,290936
BenchmarkTools,Basic-Benchmark,2025-08-06,1.11.6,jeb-kr-amherst,3004b15,1.6.0,11.241981,0.11899685859680176,1.0366590023040771,189.0,144.0,2036960,290156
BenchmarkTools,Basic-Benchmark,2025-08-10,1.11.6,jeb-kr-amherst,3004b15,1.6.0,11.373322,0.1266639232635498,1.0434660911560059,187.0,139.0,2033664,290604
BenchmarkTools,Basic-Benchmark,2025-08-14,1.11.6,jeb-kr-amherst,3004b15,1.6.0,11.26101,0.15427398681640625,1.0421979427337646,189.0,143.0,2054812,290528
BenchmarkTools,Basic-Benchmark,2025-08-18,1.11.6,jeb-kr-amherst,3004b15,1.6.0,11.344953,0.11392092704772949,1.0423481464385986,188.0,149.0,2006968,290984
BenchmarkTools,Basic-Benchmark,2025-08-22,1.11.6,jeb-kr-amherst,3004b15,1.6.0,11.381314,0.15329384803771973,1.0297210216522217,189.0,137.0,2053072,290992
BenchmarkTools,Basic-Benchmark,2025-08-26,1.11.6,jeb-kr-amherst,3004b15,1.6.0,11.486462,0.14548587799072266,1.0581321716308594,187.0,136.0,2029660,290924
BenchmarkTools,Basic-Benchmark,2025-08-30,1.11.6,jeb-kr-amherst,3004b15,1.6.0,11.237614,0.11461091041564941,1.0325899124145508,190.0,148.0,2037480,291064
BenchmarkTools,Basic-Benchmark,2025-09-03,1.11.6,jeb-kr-amherst,3004b15,1.6.0,11.220716,0.11260104179382324,1.0336689949035645,189.0,149.0,2026388,290048
BenchmarkTools,Basic-Benchmark,2025-09-07,1.11.6,jeb-kr-amherst,3004b15,1.6.0,11.327506,0.15253901481628418,1.0437419414520264,189.0,140.0,2035040,290936
BenchmarkTools,Basic-Benchmark,2025-09-11,1.11.6,jeb-kr-amherst,3004b15,1.6.0,11.303919,0.12299704551696777,1.0355730056762695,189.0,138.0,2037236,290476
BenchmarkTools,Basic-Benchmark,2025-09-15,1.11.6,jeb-kr-amherst,3004b15,1.6.0,11.356185,0.14712214469909668,1.0405759811401367,189.0,137.0,2027552,290824
BenchmarkTools,Basic-Benchmark,2025-09-19,1.11.6,jeb-kr-amherst,3004b15,1.6.0,11.218684,0.14005804061889648,1.0294990539550781,189.0,137.0,2037188,290896
BenchmarkTools,Basic-Benchmark,2025-09-20,1.11.7,jeb-kr-amherst,3004b15,1.6.0,11.487146,0.15242505073547363,1.0422170162200928,187.0,136.0,2030208,296344
BenchmarkTools,Basic-Benchmark,2025-09-24,1.11.7,jeb-kr-amherst,3004b15,1.6.0,11.237053,0.1208200454711914,1.0400559902191162,185.0,144.0,2047596,296936
BenchmarkTools,Basic-Benchmark,2025-09-28,1.11.7,jeb-kr-amherst,3004b15,1.6.0,11.361535,0.13424301147460938,1.0629210472106934,189.0,137.0,2055396,296836
BenchmarkTools,Basic-Benchmark,2025-10-02,1.11.7,jeb-kr-amherst,3004b15,1.6.0,11.296663,0.1176459789276123,1.048475980758667,188.0,148.0,2054920,296848
BenchmarkTools,Basic-Benchmark,2025-10-03,1.11.7,jeb-kr-amherst,3004b15,1.6.0,11.369916,0.11740303039550781,1.0371160507202148,189.0,143.0,2053288,296288
BenchmarkTools,Basic-Benchmark,2025-10-06,1.11.7,jeb-kr-amherst,3004b15,1.6.0,11.355503,0.15448498725891113,1.0458240509033203,187.0,142.0,2026164,295972
BenchmarkTools,Basic-Benchmark,2025-10-07,1.11.7,jeb-kr-amherst,3004b15,1.6.3,12.616034,0.1475200653076172,1.023725986480713,187.0,137.0,2048576,298220
BenchmarkTools,Basic-Benchmark,2025-10-10,1.11.7,jeb-kr-amherst,3004b15,1.6.0,11.272678,0.11401581764221191,1.0427119731903076,189.0,148.0,2054896,296716
BenchmarkTools,Basic-Benchmark,2025-10-14,1.11.7,jeb-kr-amherst,3004b15,1.6.0,11.287726,0.1612231731414795,1.0609958171844482,188.0,140.0,2048516,296864
BenchmarkTools,Basic-Benchmark,2025-10-15,1.12.0,jeb-kr-amherst,3004b15,1.6.0,11.571827,0.09288477897644043,1.2611980438232422,179.0,136.0,2131896,343864
BenchmarkTools,Basic-Benchmark,2025-10-19,1.12.0,jeb-kr-amherst,3004b15,1.6.0,11.488823,0.09208989143371582,1.2596240043640137,179.0,136.0,2132832,344044
BenchmarkTools,Basic-Benchmark,2025-10-23,1.12.0,jeb-kr-amherst,3004b15,1.6.0,11.61163,0.0938100814819336,1.265228033065796,178.0,136.0,2129424,344768
BenchmarkTools,Basic-Benchmark,2025-10-24,1.12.0,jeb-kr-amherst,3004b15,1.6.0,11.588835,0.0955510139465332,1.2742040157318115,178.0,136.0,2132828,345052
BenchmarkTools,Basic-Benchmark,2025-10-25,1.12.1,jeb-kr-amherst,3004b15,1.6.0,11.572811,0.09544801712036133,1.277994155883789,179.0,136.0,2085004,339616
BenchmarkTools,Basic-Benchmark,2025-10-29,1.12.1,jeb-kr-amherst,3004b15,1.6.0,11.450903,0.09207010269165039,1.283277988433838,178.0,137.0,2086924,340264
BenchmarkTools,Basic-Benchmark,2025-11-02,1.12.1,jeb-kr-amherst,3004b15,1.6.0,11.52016,0.09388184547424316,1.310528039932251,180.0,136.0,2087780,339672
BenchmarkTools,Basic-Benchmark,2025-11-06,1.12.1,jeb-kr-amherst,3004b15,1.6.0,11.390386,0.0924069881439209,1.2851481437683105,179.0,136.0,2085068,339872
BenchmarkTools,Basic-Benchmark,2025-11-10,1.12.1,jeb-kr-amherst,3004b15,1.6.0,11.629137,0.09290385246276855,1.3030331134796143,178.0,137.0,2148112,339784
BenchmarkTools,Basic-Benchmark,2025-11-14,1.12.1,jeb-kr-amherst,3004b15,1.6.0,11.523772,0.09253406524658203,1.285933017730713,179.0,137.0,2086732,339156
BenchmarkTools,Basic-Benchmark,2025-11-18,1.12.1,jeb-kr-amherst,3004b15,1.6.0,11.664653,0.09688901901245117,1.28267502784729,178.0,136.0,2083580,339172
BenchmarkTools,Basic-Benchmark,2025-11-23,1.12.2,jeb-kr-amherst,3004b15,1.6.0,12.028806,0.09032297134399414,1.2677850723266602,179.0,137.0,2107436,346516
CairoMakie,Plot-A-Sine-Wave,2025-07-20,1.11.6,jeb-kr-amherst,3004b15,0.15.4,304.881978,4.479001998901367,0.7135438919067383,284.0,111.0,4870304,1174100
CairoMakie,Plot-A-Sine-Wave,2025-07-24,1.11.6,jeb-kr-amherst,3004b15,0.15.4,306.721121,4.525573015213013,0.7090699672698975,285.0,112.0,4862428,1177588
CairoMakie,Plot-A-Sine-Wave,2025-07-28,1.11.6,jeb-kr-amherst,3004b15,0.15.4,305.786013,4.570771932601929,0.7929480075836182,284.0,115.0,4872588,1172144
CairoMakie,Plot-A-Sine-Wave,2025-08-01,1.11.6,jeb-kr-amherst,3004b15,0.15.4,310.035452,4.530714988708496,0.7809531688690186,286.0,113.0,4867140,1170988
CairoMakie,Plot-A-Sine-Wave,2025-08-06,1.11.6,jeb-kr-amherst,3004b15,0.15.4,302.299486,4.443533897399902,0.6987459659576416,285.0,110.0,4862444,1173944
CairoMakie,Plot-A-Sine-Wave,2025-08-10,1.11.6,jeb-kr-amherst,3004b15,0.15.5,305.965533,4.443419933319092,0.7003991603851318,283.0,111.0,4866364,1179200
CairoMakie,Plot-A-Sine-Wave,2025-08-14,1.11.6,jeb-kr-amherst,3004b15,0.15.5,307.351851,4.413137197494507,0.7531099319458008,285.0,111.0,4863296,1175176
CairoMakie,Plot-A-Sine-Wave,2025-08-18,1.11.6,jeb-kr-amherst,3004b15,0.15.5,305.42665,4.421221971511841,0.7028708457946777,285.0,113.0,4868416,1175148
CairoMakie,Plot-A-Sine-Wave,2025-08-22,1.11.6,jeb-kr-amherst,3004b15,0.15.5,307.400876,4.52871298789978,0.7666020393371582,285.0,114.0,4862832,1170212
CairoMakie,Plot-A-Sine-Wave,2025-08-26,1.11.6,jeb-kr-amherst,3004b15,0.15.5,307.472663,4.570677995681763,0.7019588947296143,282.0,110.0,4858144,1174372
CairoMakie,Plot-A-Sine-Wave,2025-08-30,1.11.6,jeb-kr-amherst,3004b15,0.15.5,304.187681,4.507068872451782,0.6869199275970459,285.0,110.0,4879296,1175504
CairoMakie,Plot-A-Sine-Wave,2025-09-03,1.11.6,jeb-kr-amherst,3004b15,0.15.5,306.168201,4.43858790397644,0.7763209342956543,286.0,114.0,4864192,1170612
CairoMakie,Plot-A-Sine-Wave,2025-09-07,1.11.6,jeb-kr-amherst,3004b15,0.15.5,305.409505,4.483111143112183,0.6902499198913574,286.0,111.0,4865572,1173940
CairoMakie,Plot-A-Sine-Wave,2025-09-11,1.11.6,jeb-kr-amherst,3004b15,0.15.5,308.46185,4.505630970001221,0.6950399875640869,283.0,113.0,4805296,1175208
CairoMakie,Plot-A-Sine-Wave,2025-09-15,1.11.6,jeb-kr-amherst,3004b15,0.15.5,306.539362,4.428221940994263,0.7003841400146484,284.0,111.0,4854884,1173496
CairoMakie,Plot-A-Sine-Wave,2025-09-19,1.11.6,jeb-kr-amherst,3004b15,0.15.5,306.44076,4.512545824050903,0.7298870086669922,285.0,112.0,4868432,1173384
CairoMakie,Plot-A-Sine-Wave,2025-09-20,1.11.7,jeb-kr-amherst,3004b15,0.15.5,309.329271,4.404370069503784,0.6878249645233154,283.0,111.0,4880980,1180292
CairoMakie,Plot-A-Sine-Wave,2025-09-24,1.11.7,jeb-kr-amherst,3004b15,0.15.5,306.49325,4.4462339878082275,0.6940469741821289,283.0,113.0,4880604,1181200
CairoMakie,Plot-A-Sine-Wave,2025-09-28,1.11.7,jeb-kr-amherst,3004b15,0.15.5,307.019835,4.448209047317505,0.7021329402923584,283.0,111.0,4877548,1180068
CairoMakie,Plot-A-Sine-Wave,2025-10-02,1.11.7,jeb-kr-amherst,3004b15,0.15.5,307.904105,4.447644948959351,0.6891899108886719,283.0,113.0,4893660,1180460
CairoMakie,Plot-A-Sine-Wave,2025-10-03,1.11.7,jeb-kr-amherst,3004b15,0.15.5,303.667205,4.394551038742065,0.6969048976898193,285.0,112.0,4884856,1179456
CairoMakie,Plot-A-Sine-Wave,2025-10-06,1.11.7,jeb-kr-amherst,3004b15,0.15.5,303.738678,4.46566915512085,0.6969020366668701,284.0,113.0,4864852,1185052
CairoMakie,Plot-A-Sine-Wave,2025-10-07,1.11.7,jeb-kr-amherst,3004b15,0.15.7,411.445594,4.701364994049072,0.7300479412078857,282.0,111.0,4848372,1190872
CairoMakie,Plot-A-Sine-Wave,2025-10-10,1.11.7,jeb-kr-amherst,3004b15,0.15.5,306.321534,4.523821115493774,0.7103879451751709,285.0,113.0,4875196,1180412
CairoMakie,Plot-A-Sine-Wave,2025-10-14,1.11.7,jeb-kr-amherst,3004b15,0.15.5,306.738132,4.480865001678467,0.7151000499725342,284.0,113.0,4881628,1183612
CairoMakie,Plot-A-Sine-Wave,2025-10-15,1.12.0,jeb-kr-amherst,3004b15,0.15.5,320.550284,3.2251479625701904,0.806581974029541,285.0,116.0,4260524,1040344
CairoMakie,Plot-A-Sine-Wave,2025-10-19,1.12.0,jeb-kr-amherst,3004b15,0.15.5,321.200824,3.1665501594543457,0.7740979194641113,286.0,115.0,4299648,1040816
CairoMakie,Plot-A-Sine-Wave,2025-10-23,1.12.0,jeb-kr-amherst,3004b15,0.15.5,323.489559,3.1333069801330566,0.7676670551300049,286.0,115.0,4305348,1040188
CairoMakie,Plot-A-Sine-Wave,2025-10-24,1.12.0,jeb-kr-amherst,3004b15,0.15.5,321.869049,3.1483569145202637,0.7942380905151367,285.0,115.0,4254244,1038608
CairoMakie,Plot-A-Sine-Wave,2025-10-25,1.12.1,jeb-kr-amherst,3004b15,0.15.5,324.675726,3.2118937969207764,0.7911231517791748,284.0,115.0,4345184,1034552
CairoMakie,Plot-A-Sine-Wave,2025-10-29,1.12.1,jeb-kr-amherst,3004b15,0.15.5,321.745037,3.31052303314209,0.7817120552062988,286.0,115.0,4289192,1035244
CairoMakie,Plot-A-Sine-Wave,2025-11-02,1.12.1,jeb-kr-amherst,3004b15,0.15.5,323.409082,3.2162110805511475,0.7850728034973145,285.0,115.0,4249716,1034864
CairoMakie,Plot-A-Sine-Wave,2025-11-06,1.12.1,jeb-kr-amherst,3004b15,0.15.5,324.25759,3.179733991622925,0.791212797164917,287.0,116.0,4282244,1034464
CairoMakie,Plot-A-Sine-Wave,2025-11-10,1.12.1,jeb-kr-amherst,3004b15,0.15.5,326.045649,3.189499855041504,0.8109629154205322,285.0,115.0,4288392,1035768
CairoMakie,Plot-A-Sine-Wave,2025-11-14,1.12.1,jeb-kr-amherst,3004b15,0.15.5,326.525931,3.182758092880249,0.8015689849853516,286.0,116.0,4280420,1034944
CairoMakie,Plot-A-Sine-Wave,2025-11-18,1.12.1,jeb-kr-amherst,3004b15,0.15.5,329.589998,3.1937551498413086,0.7905910015106201,286.0,116.0,4313452,1034784
CairoMakie,Plot-A-Sine-Wave,2025-11-23,1.12.2,jeb-kr-amherst,3004b15,0.15.5,340.247165,3.191761016845703,0.772986888885498,294.0,115.0,4342832,1041680
CairoMakie,Plot-A-Sine-Wave,2022-12-31,1.8.4,jeb-kr-amherst,8399c9b,0.10.0,209.451998,16.1959331035614,10.391368865966797,175.0,101.0,1089624,772252
CairoMakie,Plot-A-Sine-Wave,2023-01-01,1.8.4,jeb-kr-amherst,8399c9b,0.10.0,150.691221,16.656841039657593,10.373210906982422,210.0,102.0,1086260,771172
CairoMakie,Plot-A-Sine-Wave,2023-01-02,1.8.4,jeb-kr-amherst,8399c9b,0.10.1,147.545171,15.89800500869751,10.085126161575317,207.0,101.0,1118908,751180
CairoMakie,Plot-A-Sine-Wave,2023-01-03,1.8.4,jeb-kr-amherst,8399c9b,0.10.1,145.603077,15.911314964294434,10.166382074356079,209.0,102.0,1083312,750472
CairoMakie,Plot-A-Sine-Wave,2023-01-04,1.8.4,jeb-kr-amherst,8399c9b,0.10.1,145.357553,16.00595998764038,10.186872005462646,209.0,101.0,1065180,720144
CairoMakie,Plot-A-Sine-Wave,2023-01-05,1.8.4,jeb-kr-amherst,8399c9b,0.10.1,145.151005,15.816496849060059,10.170119047164917,209.0,101.0,1098224,702260
CairoMakie,Plot-A-Sine-Wave,2023-01-06,1.8.4,jeb-kr-amherst,8399c9b,0.10.1,144.673331,16.027608156204224,10.126442909240723,209.0,102.0,1069116,755984
CairoMakie,Plot-A-Sine-Wave,2023-01-07,1.8.4,jeb-kr-amherst,8399c9b,0.10.1,145.651886,15.92660903930664,10.146525859832764,208.0,101.0,1077444,704952
CairoMakie,Plot-A-Sine-Wave,2023-01-08,1.8.4,jeb-kr-amherst,8399c9b,0.10.1,145.489433,15.70193600654602,10.111869812011719,209.0,102.0,1093340,750528
CairoMakie,Plot-A-Sine-Wave,2023-01-09,1.8.4,jeb-kr-amherst,8399c9b,0.10.1,144.653377,15.686347961425781,10.13255000114441,209.0,101.0,1047108,699756
CairoMakie,Plot-A-Sine-Wave,2023-01-10,1.8.5,jeb-kr-amherst,8399c9b,0.10.1,146.339619,16.306750059127808,10.126741886138916,209.0,101.0,1106488,698548
CairoMakie,Plot-A-Sine-Wave,2023-01-11,1.8.5,jeb-kr-amherst,8399c9b,0.10.1,147.06233,16.178386926651,10.130167007446289,207.0,101.0,1053504,716468
CairoMakie,Plot-A-Sine-Wave,2023-01-12,1.8.5,jeb-kr-amherst,8399c9b,0.10.1,145.028483,15.878605842590332,10.128061056137085,209.0,101.0,1096672,704848
CairoMakie,Plot-A-Sine-Wave,2023-01-13,1.8.5,jeb-kr-amherst,8399c9b,0.10.1,342.382666,36.41201186180115,26.06409215927124,161.0,99.0,1123892,724368
CairoMakie,Plot-A-Sine-Wave,2023-01-14,1.8.5,jeb-kr-amherst,8399c9b,0.10.1,191.162386,19.618615865707397,11.736313104629517,210.0,101.0,1044676,731072
CairoMakie,Plot-A-Sine-Wave,2023-01-15,1.8.5,jeb-kr-amherst,8399c9b,0.10.1,156.795482,17.076192140579224,11.102571964263916,205.0,101.0,1089600,714996
CairoMakie,Plot-A-Sine-Wave,2023-01-16,1.8.5,jeb-kr-amherst,8399c9b,0.10.1,311.208799,38.32438898086548,25.9168119430542,158.0,99.0,1009320,717260
CairoMakie,Plot-A-Sine-Wave,2023-01-17,1.8.5,jeb-kr-amherst,8399c9b,0.10.1,328.3425,37.22491002082825,20.774089097976685,161.0,99.0,1112356,744596
CairoMakie,Plot-A-Sine-Wave,2023-01-18,1.8.5,jeb-kr-amherst,8399c9b,0.10.1,163.41605,17.675513982772827,11.307533979415894,207.0,101.0,1077000,753304
CairoMakie,Plot-A-Sine-Wave,2023-01-19,1.8.5,jeb-kr-amherst,8399c9b,0.10.1,156.080184,17.626464128494263,12.566577911376953,206.0,102.0,1006184,752368
CairoMakie,Plot-A-Sine-Wave,2023-01-20,1.8.5,jeb-kr-amherst,8399c9b,0.10.1,151.379767,16.409997940063477,10.447769165039062,212.0,102.0,1060124,714084
CairoMakie,Plot-A-Sine-Wave,2023-01-21,1.8.5,jeb-kr-amherst,8399c9b,0.10.1,147.534906,16.594543933868408,10.303234100341797,206.0,101.0,1055784,757380
CairoMakie,Plot-A-Sine-Wave,2023-01-22,1.8.5,jeb-kr-amherst,8399c9b,0.10.1,147.846215,16.348376035690308,10.514967918395996,206.0,101.0,1057700,720288
CairoMakie,Plot-A-Sine-Wave,2023-01-23,1.8.5,jeb-kr-amherst,8399c9b,0.10.1,178.405106,23.064367055892944,11.007436990737915,190.0,100.0,1026264,756572
CairoMakie,Plot-A-Sine-Wave,2023-01-24,1.8.5,jeb-kr-amherst,8399c9b,0.10.1,144.994886,15.916599035263062,10.147102117538452,208.0,102.0,1099984,725176
CairoMakie,Plot-A-Sine-Wave,2023-01-25,1.8.5,jeb-kr-amherst,8399c9b,0.10.1,144.164111,15.71556806564331,10.063431978225708,208.0,102.0,1067372,722392
CairoMakie,Plot-A-Sine-Wave,2023-01-26,1.8.5,jeb-kr-amherst,8399c9b,0.10.1,145.465806,15.982407093048096,10.145705938339233,208.0,101.0,1031236,758260
CairoMakie,Plot-A-Sine-Wave,2023-01-27,1.8.5,jeb-kr-amherst,8399c9b,0.10.1,143.88294,16.109061002731323,10.165065050125122,209.0,102.0,1012564,758256
CairoMakie,Plot-A-Sine-Wave,2023-01-28,1.8.5,jeb-kr-amherst,8399c9b,0.10.1,145.14245,16.18466305732727,10.215434074401855,208.0,101.0,1000960,819052
CairoMakie,Plot-A-Sine-Wave,2023-01-29,1.8.5,jeb-kr-amherst,8399c9b,0.10.1,144.282666,15.930341005325317,10.17029881477356,208.0,102.0,1001252,718972
CairoMakie,Plot-A-Sine-Wave,2023-01-30,1.8.5,jeb-kr-amherst,8399c9b,0.10.2,312.196333,20.88158893585205,26.761301040649414,164.0,100.0,1105144,754712
CairoMakie,Plot-A-Sine-Wave,2023-01-31,1.8.5,jeb-kr-amherst,8399c9b,0.10.2,360.772209,36.041435956954956,25.585049867630005,152.0,99.0,1023640,748788
CairoMakie,Plot-A-Sine-Wave,2023-02-01,1.8.5,jeb-kr-amherst,8399c9b,0.10.2,257.702693,32.553093910217285,18.13360595703125,184.0,99.0,1034836,750968
CairoMakie,Plot-A-Sine-Wave,2023-02-02,1.8.5,jeb-kr-amherst,8399c9b,0.10.2,253.277577,25.98001003265381,15.82914400100708,185.0,99.0,1006316,749148
CairoMakie,Plot-A-Sine-Wave,2023-02-03,1.8.5,jeb-kr-amherst,8399c9b,0.10.2,159.882294,18.871294021606445,11.374022006988525,209.0,101.0,1067824,752368
CairoMakie,Plot-A-Sine-Wave,2023-02-04,1.8.5,jeb-kr-amherst,8399c9b,0.10.2,153.56314,16.951462030410767,11.373378038406372,207.0,102.0,1058248,750976
CairoMakie,Plot-A-Sine-Wave,2023-02-05,1.8.5,jeb-kr-amherst,8399c9b,0.10.2,151.65156,16.030864000320435,10.491878032684326,208.0,101.0,1058864,755688
CairoMakie,Plot-A-Sine-Wave,2023-02-06,1.8.5,jeb-kr-amherst,8399c9b,0.10.2,145.231119,16.20566415786743,10.203197002410889,208.0,101.0,1138596,712492
CairoMakie,Plot-A-Sine-Wave,2023-02-07,1.8.5,jeb-kr-amherst,8399c9b,0.10.2,145.138474,16.225579977035522,10.275545835494995,207.0,101.0,1029456,692616
CairoMakie,Plot-A-Sine-Wave,2023-02-08,1.8.5,jeb-kr-amherst,8399c9b,0.10.2,142.718808,15.58107590675354,10.005694150924683,209.0,101.0,1055872,819968
CairoMakie,Plot-A-Sine-Wave,2023-02-09,1.8.5,jeb-kr-amherst,8399c9b,0.10.2,142.069338,15.578901052474976,10.244783878326416,210.0,102.0,1065888,748840
CairoMakie,Plot-A-Sine-Wave,2023-02-10,1.8.5,jeb-kr-amherst,8399c9b,0.10.2,142.806684,15.62094497680664,10.005820989608765,209.0,102.0,1017100,701612
CairoMakie,Plot-A-Sine-Wave,2023-02-11,1.8.5,jeb-kr-amherst,8399c9b,0.10.2,142.881304,15.817680835723877,10.022954225540161,210.0,102.0,995148,820088
CairoMakie,Plot-A-Sine-Wave,2023-02-12,1.8.5,jeb-kr-amherst,8399c9b,0.10.2,143.055908,15.868062973022461,9.976830005645752,210.0,101.0,999268,711060
CairoMakie,Plot-A-Sine-Wave,2023-02-13,1.8.5,jeb-kr-amherst,8399c9b,0.10.2,143.918808,15.817991971969604,9.992780923843384,209.0,101.0,1033032,694292
CairoMakie,Plot-A-Sine-Wave,2023-02-14,1.8.5,jeb-kr-amherst,8399c9b,0.10.2,143.169243,15.601649045944214,10.04021406173706,209.0,102.0,1019904,759496
CairoMakie,Plot-A-Sine-Wave,2023-02-15,1.8.5,jeb-kr-amherst,8399c9b,0.10.2,144.632216,15.750409126281738,10.080519914627075,208.0,101.0,1080184,843332
CairoMakie,Plot-A-Sine-Wave,2023-02-16,1.8.5,jeb-kr-amherst,8399c9b,0.10.2,144.022157,15.957823991775513,10.053246974945068,209.0,101.0,1021508,752604
CairoMakie,Plot-A-Sine-Wave,2023-02-17,1.8.5,jeb-kr-amherst,8399c9b,0.10.2,144.148324,15.57469892501831,10.042103052139282,208.0,101.0,1120764,858148
CairoMakie,Plot-A-Sine-Wave,2023-02-18,1.8.5,jeb-kr-amherst,8399c9b,0.10.2,144.037271,15.675790071487427,9.969531059265137,209.0,101.0,1044284,749772
CairoMakie,Plot-A-Sine-Wave,2023-02-19,1.8.5,jeb-kr-amherst,8399c9b,0.10.2,143.545908,15.83362078666687,10.05525016784668,210.0,101.0,1069676,748624
CairoMakie,Plot-A-Sine-Wave,2023-02-20,1.8.5,jeb-kr-amherst,8399c9b,0.10.2,142.499813,15.670487880706787,10.04977297782898,210.0,101.0,1043648,746504
CairoMakie,Plot-A-Sine-Wave,2023-02-21,1.8.5,jeb-kr-amherst,8399c9b,0.10.2,141.885508,15.552159070968628,10.024544954299927,210.0,102.0,1015476,745576
CairoMakie,Plot-A-Sine-Wave,2023-02-22,1.8.5,jeb-kr-amherst,8399c9b,0.10.2,141.869449,15.429526090621948,9.981475830078125,210.0,102.0,1147236,750668
CairoMakie,Plot-A-Sine-Wave,2023-02-23,1.8.5,jeb-kr-amherst,8399c9b,0.10.2,340.127159,35.00312304496765,24.42945909500122,160.0,99.0,1034868,843504
CairoMakie,Plot-A-Sine-Wave,2023-02-24,1.8.5,jeb-kr-amherst,8399c9b,0.10.2,186.257349,22.67581605911255,13.281333923339844,189.0,101.0,1022504,759104
CairoMakie,Plot-A-Sine-Wave,2023-02-25,1.8.5,jeb-kr-amherst,8399c9b,0.10.2,158.047204,16.323091983795166,10.768944025039673,207.0,102.0,1012160,853148
CairoMakie,Plot-A-Sine-Wave,2023-02-26,1.8.5,jeb-kr-amherst,8399c9b,0.10.2,146.482265,15.822239875793457,10.21670913696289,207.0,102.0,980336,758192
CairoMakie,Plot-A-Sine-Wave,2023-02-27,1.8.5,jeb-kr-amherst,8399c9b,0.10.2,146.463276,16.010064840316772,10.495901107788086,207.0,102.0,1034628,697820
CairoMakie,Plot-A-Sine-Wave,2023-02-28,1.8.5,jeb-kr-amherst,8399c9b,0.10.2,142.599122,15.617215156555176,10.005484819412231,209.0,102.0,995792,750372
CairoMakie,Plot-A-Sine-Wave,2023-03-01,1.8.5,jeb-kr-amherst,8399c9b,0.10.2,142.697572,15.588361024856567,10.068960189819336,210.0,102.0,1098068,746808
CairoMakie,Plot-A-Sine-Wave,2023-03-02,1.8.5,jeb-kr-amherst,8399c9b,0.10.2,142.862923,15.562632083892822,10.049423933029175,210.0,102.0,1022380,749964
CairoMakie,Plot-A-Sine-Wave,2023-03-03,1.8.5,jeb-kr-amherst,8399c9b,0.10.2,142.91251,15.892001867294312,10.01844310760498,210.0,102.0,1085076,697296
CairoMakie,Plot-A-Sine-Wave,2023-03-04,1.8.5,jeb-kr-amherst,8399c9b,0.10.2,142.718015,15.667256116867065,10.024622917175293,210.0,102.0,1040620,753248
CairoMakie,Plot-A-Sine-Wave,2023-03-05,1.8.5,jeb-kr-amherst,8399c9b,0.10.2,143.948094,15.5867440700531,9.989654064178467,209.0,101.0,1025764,706964
CairoMakie,Plot-A-Sine-Wave,2023-03-06,1.8.5,jeb-kr-amherst,8399c9b,0.10.2,142.751788,15.613040924072266,9.990525960922241,210.0,101.0,1158060,751176
CairoMakie,Plot-A-Sine-Wave,2023-03-07,1.8.5,jeb-kr-amherst,8399c9b,0.10.2,143.900476,15.850403070449829,9.990829944610596,209.0,102.0,1053464,749124
CairoMakie,Plot-A-Sine-Wave,2023-03-08,1.8.5,jeb-kr-amherst,8399c9b,0.10.2,142.362963,15.315746068954468,10.003124952316284,210.0,101.0,1064160,694048
CairoMakie,Plot-A-Sine-Wave,2023-03-09,1.8.5,jeb-kr-amherst,8399c9b,0.10.2,142.963217,15.700091123580933,9.91202187538147,210.0,102.0,1026036,750720
CairoMakie,Plot-A-Sine-Wave,2023-03-10,1.8.5,jeb-kr-amherst,8399c9b,0.10.2,143.421927,15.593711137771606,10.101349830627441,210.0,101.0,1000964,746600
CairoMakie,Plot-A-Sine-Wave,2023-03-11,1.8.5,jeb-kr-amherst,8399c9b,0.10.2,143.283342,15.618805885314941,10.041826963424683,210.0,102.0,1037748,751364
CairoMakie,Plot-A-Sine-Wave,2023-03-12,1.8.5,jeb-kr-amherst,8399c9b,0.10.2,142.938594,15.53056287765503,9.985169887542725,209.0,101.0,1005156,750592
CairoMakie,Plot-A-Sine-Wave,2023-03-13,1.8.5,jeb-kr-amherst,8399c9b,0.10.2,143.613062,15.786924123764038,10.05948805809021,209.0,102.0,1047356,746768
CairoMakie,Plot-A-Sine-Wave,2023-03-14,1.8.5,jeb-kr-amherst,8399c9b,0.10.2,142.586228,15.556424856185913,10.088312149047852,210.0,102.0,1001260,745564
CairoMakie,Plot-A-Sine-Wave,2023-03-15,1.8.5,jeb-kr-amherst,8399c9b,0.10.2,149.814489,18.520045042037964,9.992028951644897,205.0,102.0,1082204,723836
CairoMakie,Plot-A-Sine-Wave,2023-03-16,1.8.5,jeb-kr-amherst,8399c9b,0.10.2,150.139676,18.523218154907227,9.915093898773193,205.0,101.0,1132512,857636
CairoMakie,Plot-A-Sine-Wave,2023-03-17,1.8.5,jeb-kr-amherst,8399c9b,0.10.2,151.175793,18.670401096343994,10.038765907287598,205.0,102.0,1114952,747028
CairoMakie,Plot-A-Sine-Wave,2023-03-18,1.8.5,jeb-kr-amherst,8399c9b,0.10.2,272.229316,41.62320685386658,25.859360218048096,157.0,99.0,1094636,717088
CairoMakie,Plot-A-Sine-Wave,2023-03-19,1.8.5,jeb-kr-amherst,8399c9b,0.10.2,190.226607,20.30923581123352,11.318523168563843,203.0,101.0,1066628,757620
CairoMakie,Plot-A-Sine-Wave,2023-03-20,1.8.5,jeb-kr-amherst,8399c9b,0.10.2,176.970284,23.367002964019775,11.672914981842041,198.0,101.0,1148252,746876
CairoMakie,Plot-A-Sine-Wave,2023-03-21,1.8.5,jeb-kr-amherst,8399c9b,0.10.2,151.764828,19.28306794166565,10.266957998275757,204.0,101.0,1059980,699352
CairoMakie,Plot-A-Sine-Wave,2023-03-22,1.8.5,jeb-kr-amherst,8399c9b,0.10.2,152.391093,19.069164991378784,10.24989914894104,203.0,102.0,1102064,770376
CairoMakie,Plot-A-Sine-Wave,2023-03-23,1.8.5,jeb-kr-amherst,8399c9b,0.10.3,151.648522,19.320507049560547,10.902361869812012,204.0,101.0,1179956,843344
CairoMakie,Plot-A-Sine-Wave,2023-03-24,1.8.5,jeb-kr-amherst,8399c9b,0.10.3,151.575443,19.776048183441162,10.88752794265747,204.0,101.0,1151236,763572
CairoMakie,Plot-A-Sine-Wave,2023-03-25,1.8.5,jeb-kr-amherst,8399c9b,0.10.3,151.858253,19.684328079223633,11.190664052963257,204.0,101.0,1157924,756532
CairoMakie,Plot-A-Sine-Wave,2023-03-26,1.8.5,jeb-kr-amherst,8399c9b,0.10.3,151.866384,19.58178400993347,10.890359878540039,204.0,101.0,1121984,726116
CairoMakie,Plot-A-Sine-Wave,2023-03-27,1.8.5,jeb-kr-amherst,8399c9b,0.10.3,151.522468,19.25298810005188,10.956183910369873,203.0,101.0,1194468,844384
CairoMakie,Plot-A-Sine-Wave,2023-03-28,1.8.5,jeb-kr-amherst,8399c9b,0.10.3,151.270962,19.24166512489319,10.821404933929443,204.0,101.0,1192912,773292
CairoMakie,Plot-A-Sine-Wave,2023-03-29,1.8.5,jeb-kr-amherst,8399c9b,0.10.3,151.528663,19.39146614074707,10.847141981124878,205.0,101.0,1163112,752468
CairoMakie,Plot-A-Sine-Wave,2023-03-30,1.8.5,jeb-kr-amherst,8399c9b,0.10.3,156.957806,28.992570877075195,13.97773814201355,200.0,101.0,1166820,732412
CairoMakie,Plot-A-Sine-Wave,2023-03-31,1.8.5,jeb-kr-amherst,8399c9b,0.10.3,216.043948,24.41004180908203,13.145066022872925,205.0,100.0,1174784,731940
CairoMakie,Plot-A-Sine-Wave,2023-04-01,1.8.5,jeb-kr-amherst,8399c9b,0.10.4,154.327282,19.535145044326782,10.848047971725464,206.0,101.0,1200596,726216
CairoMakie,Plot-A-Sine-Wave,2023-04-02,1.8.5,jeb-kr-amherst,8399c9b,0.10.4,151.550422,19.393414974212646,10.871057987213135,204.0,101.0,1163164,730852
CairoMakie,Plot-A-Sine-Wave,2023-04-03,1.8.5,jeb-kr-amherst,8399c9b,0.10.4,238.608773,45.02621006965637,28.53267502784729,194.0,99.0,1225376,728580
CairoMakie,Plot-A-Sine-Wave,2023-04-04,1.8.5,jeb-kr-amherst,8399c9b,0.10.4,239.983128,24.315194129943848,15.357800960540771,185.0,101.0,1187272,728608
CairoMakie,Plot-A-Sine-Wave,2023-04-05,1.8.5,jeb-kr-amherst,8399c9b,0.10.4,210.163612,33.38235306739807,18.063534021377563,177.0,100.0,1202532,725932
CairoMakie,Plot-A-Sine-Wave,2023-04-06,1.8.5,jeb-kr-amherst,8399c9b,0.10.4,152.465308,19.40117311477661,10.842101812362671,203.0,101.0,1196676,758760
CairoMakie,Plot-A-Sine-Wave,2023-04-07,1.8.5,jeb-kr-amherst,8399c9b,0.10.4,152.514608,19.769827842712402,10.844238042831421,203.0,101.0,1164036,853096
CairoMakie,Plot-A-Sine-Wave,2023-04-08,1.8.5,jeb-kr-amherst,8399c9b,0.10.4,152.599581,19.507390022277832,10.950019836425781,203.0,102.0,1167376,728244
CairoMakie,Plot-A-Sine-Wave,2023-04-09,1.8.5,jeb-kr-amherst,8399c9b,0.10.4,151.555164,19.215423107147217,10.893324851989746,204.0,101.0,1166180,757556
CairoMakie,Plot-A-Sine-Wave,2023-04-10,1.8.5,jeb-kr-amherst,8399c9b,0.10.4,151.993372,19.14706516265869,10.837324857711792,204.0,102.0,1244496,757040
CairoMakie,Plot-A-Sine-Wave,2023-04-11,1.8.5,jeb-kr-amherst,8399c9b,0.10.4,151.869951,19.672099113464355,10.818810939788818,204.0,101.0,1208432,754360
CairoMakie,Plot-A-Sine-Wave,2023-04-12,1.8.5,jeb-kr-amherst,8399c9b,0.10.4,152.181815,19.33748507499695,10.791769027709961,204.0,102.0,1240036,757852
CairoMakie,Plot-A-Sine-Wave,2023-04-13,1.8.5,jeb-kr-amherst,8399c9b,0.10.4,151.6093,19.302917957305908,10.880701065063477,204.0,101.0,1153832,757220
CairoMakie,Plot-A-Sine-Wave,2023-04-14,1.8.5,jeb-kr-amherst,8399c9b,0.10.4,152.712745,19.578979969024658,10.94719409942627,203.0,101.0,1196220,758196
CairoMakie,Plot-A-Sine-Wave,2023-04-15,1.8.5,jeb-kr-amherst,8399c9b,0.10.4,363.172294,45.23521089553833,27.600306034088135,160.0,99.0,1188076,746740
CairoMakie,Plot-A-Sine-Wave,2023-04-16,1.8.5,jeb-kr-amherst,8399c9b,0.10.4,332.167489,43.39693808555603,28.855480909347534,162.0,99.0,1202240,727952
CairoMakie,Plot-A-Sine-Wave,2023-04-17,1.8.5,jeb-kr-amherst,8399c9b,0.10.4,197.29745,24.423951864242554,13.23467206954956,210.0,101.0,1237588,756848
CairoMakie,Plot-A-Sine-Wave,2023-04-18,1.8.5,jeb-kr-amherst,8399c9b,0.10.4,363.220686,44.32630181312561,28.07055401802063,159.0,99.0,1221784,729764
CairoMakie,Plot-A-Sine-Wave,2023-04-19,1.8.5,jeb-kr-amherst,8399c9b,0.10.4,350.10994,46.5217809677124,27.921849012374878,160.0,99.0,1214484,752684
CairoMakie,Plot-A-Sine-Wave,2023-04-20,1.8.5,jeb-kr-amherst,8399c9b,0.10.4,327.458124,43.736680030822754,25.461302995681763,165.0,99.0,1171192,737480
CairoMakie,Plot-A-Sine-Wave,2023-04-21,1.8.5,jeb-kr-amherst,8399c9b,0.10.4,223.485942,21.757838010787964,15.248365879058838,193.0,101.0,1252272,800540
CairoMakie,Plot-A-Sine-Wave,2023-04-22,1.8.5,jeb-kr-amherst,8399c9b,0.10.4,152.706057,19.200836896896362,10.927506923675537,205.0,102.0,1168160,752700
CairoMakie,Plot-A-Sine-Wave,2023-04-23,1.8.5,jeb-kr-amherst,8399c9b,0.10.4,152.888898,19.716999053955078,10.91696810722351,204.0,102.0,1255964,727516
CairoMakie,Plot-A-Sine-Wave,2023-04-24,1.8.5,jeb-kr-amherst,8399c9b,0.10.4,152.437877,19.47412395477295,10.81872010231018,204.0,101.0,1167816,725704
CairoMakie,Plot-A-Sine-Wave,2023-04-25,1.8.5,jeb-kr-amherst,8399c9b,0.10.4,152.634843,19.630467891693115,10.920370101928711,203.0,101.0,1157056,733996
CairoMakie,Plot-A-Sine-Wave,2023-04-26,1.8.5,jeb-kr-amherst,8399c9b,0.10.4,153.258811,19.418697118759155,10.859439849853516,205.0,101.0,1176148,784284
CairoMakie,Plot-A-Sine-Wave,2023-04-27,1.8.5,jeb-kr-amherst,8399c9b,0.10.4,153.121745,19.581774950027466,10.795711040496826,204.0,101.0,1187776,760128
CairoMakie,Plot-A-Sine-Wave,2023-04-28,1.8.5,jeb-kr-amherst,8399c9b,0.10.4,153.031647,19.53291392326355,10.86575698852539,204.0,101.0,1165160,729972
CairoMakie,Plot-A-Sine-Wave,2023-04-29,1.8.5,jeb-kr-amherst,8399c9b,0.10.4,153.022154,19.502933979034424,10.878168106079102,204.0,101.0,1169136,727044
CairoMakie,Plot-A-Sine-Wave,2023-04-30,1.8.5,jeb-kr-amherst,8399c9b,0.10.4,152.918695,19.44875407218933,10.916536092758179,205.0,101.0,1164040,727880
CairoMakie,Plot-A-Sine-Wave,2023-05-01,1.8.5,jeb-kr-amherst,8399c9b,0.10.4,150.924193,19.290117025375366,10.89612889289856,205.0,101.0,1178460,725704
CairoMakie,Plot-A-Sine-Wave,2023-05-02,1.8.5,jeb-kr-amherst,8399c9b,0.10.4,152.600818,19.696500062942505,11.202548027038574,205.0,102.0,1226528,758064
CairoMakie,Plot-A-Sine-Wave,2023-05-03,1.8.5,jeb-kr-amherst,8399c9b,0.10.4,151.492563,19.616268157958984,10.92164397239685,205.0,102.0,1165900,750896
CairoMakie,Plot-A-Sine-Wave,2023-05-04,1.8.5,jeb-kr-amherst,8399c9b,0.10.4,152.908199,19.674011945724487,10.8545081615448,206.0,102.0,1223416,757860
CairoMakie,Plot-A-Sine-Wave,2023-05-05,1.8.5,jeb-kr-amherst,8399c9b,0.10.4,152.582702,19.561989068984985,10.82372784614563,206.0,102.0,1234024,754960
CairoMakie,Plot-A-Sine-Wave,2023-05-06,1.8.5,jeb-kr-amherst,8399c9b,0.10.4,153.519381,19.123185873031616,10.852023124694824,204.0,101.0,1132720,729564
CairoMakie,Plot-A-Sine-Wave,2023-05-07,1.8.5,jeb-kr-amherst,8399c9b,0.10.4,151.970245,19.648585081100464,10.88660192489624,206.0,102.0,1184212,727728
CairoMakie,Plot-A-Sine-Wave,2023-05-08,1.8.5,jeb-kr-amherst,8399c9b,0.10.4,152.04667,19.591676950454712,10.938627004623413,206.0,101.0,1156172,726440
CairoMakie,Plot-A-Sine-Wave,2023-05-09,1.8.5,jeb-kr-amherst,8399c9b,0.10.4,152.868029,19.258888006210327,10.861441850662231,206.0,101.0,1180712,760288
CairoMakie,Plot-A-Sine-Wave,2023-05-10,1.9.0,jeb-kr-amherst,8399c9b,0.10.4,189.543618,4.714184999465942,0.886073112487793,238.0,108.0,2112768,983368
CairoMakie,Plot-A-Sine-Wave,2023-05-11,1.9.0,jeb-kr-amherst,8399c9b,0.10.4,191.999726,4.734525203704834,0.888577938079834,245.0,108.0,2127748,984152
CairoMakie,Plot-A-Sine-Wave,2023-05-12,1.9.0,jeb-kr-amherst,8399c9b,0.10.4,190.541236,4.637541055679321,0.8514468669891357,244.0,106.0,2104984,972056
CairoMakie,Plot-A-Sine-Wave,2023-05-13,1.9.0,jeb-kr-amherst,8399c9b,0.10.5,198.811899,4.7336108684539795,0.8586091995239258,239.0,108.0,2163460,978612
CairoMakie,Plot-A-Sine-Wave,2023-05-14,1.9.0,jeb-kr-amherst,8399c9b,0.10.5,191.172059,4.741389036178589,0.8533680438995361,236.0,108.0,2184420,979984
CairoMakie,Plot-A-Sine-Wave,2023-05-15,1.9.0,jeb-kr-amherst,8399c9b,0.10.5,190.668009,4.8119330406188965,0.8519179821014404,235.0,108.0,2170112,977384
CairoMakie,Plot-A-Sine-Wave,2023-05-16,1.9.0,jeb-kr-amherst,8399c9b,0.10.5,194.583249,4.952142000198364,0.836205005645752,243.0,105.0,2139332,981052
CairoMakie,Plot-A-Sine-Wave,2023-05-17,1.9.0,jeb-kr-amherst,8399c9b,0.10.5,193.688001,4.807343006134033,0.8698370456695557,236.0,108.0,2160012,977816
CairoMakie,Plot-A-Sine-Wave,2023-05-18,1.9.0,jeb-kr-amherst,8399c9b,0.10.5,191.004027,4.835747003555298,0.8364760875701904,238.0,107.0,2186528,980324
CairoMakie,Plot-A-Sine-Wave,2023-05-19,1.9.0,jeb-kr-amherst,8399c9b,0.10.5,191.338688,4.716087102890015,0.8499999046325684,237.0,108.0,2146304,976720
CairoMakie,Plot-A-Sine-Wave,2023-05-20,1.9.0,jeb-kr-amherst,8399c9b,0.10.5,193.827016,4.7887818813323975,0.8488950729370117,242.0,106.0,2160116,978572
CairoMakie,Plot-A-Sine-Wave,2023-05-21,1.9.0,jeb-kr-amherst,8399c9b,0.10.5,191.004187,4.814981937408447,0.8281688690185547,238.0,106.0,2157208,979624
CairoMakie,Plot-A-Sine-Wave,2023-05-22,1.9.0,jeb-kr-amherst,8399c9b,0.10.5,191.113042,4.882182836532593,0.8651461601257324,237.0,106.0,2162380,977912
CairoMakie,Plot-A-Sine-Wave,2023-05-23,1.9.0,jeb-kr-amherst,8399c9b,0.10.5,192.83231,4.940483093261719,0.8330109119415283,240.0,105.0,2154552,979468
CairoMakie,Plot-A-Sine-Wave,2023-05-24,1.9.0,jeb-kr-amherst,8399c9b,0.10.5,198.837336,4.735313177108765,0.8558878898620605,239.0,108.0,2170932,978664
CairoMakie,Plot-A-Sine-Wave,2023-05-25,1.9.0,jeb-kr-amherst,8399c9b,0.10.5,194.115406,4.846959114074707,0.8246879577636719,241.0,106.0,2162300,979940
CairoMakie,Plot-A-Sine-Wave,2023-05-26,1.9.0,jeb-kr-amherst,8399c9b,0.10.5,200.261784,4.820827007293701,0.8164138793945312,238.0,108.0,2152816,1002332
CairoMakie,Plot-A-Sine-Wave,2023-05-27,1.9.0,jeb-kr-amherst,8399c9b,0.10.5,195.83034,4.841689109802246,0.8650689125061035,242.0,108.0,2159496,978652
CairoMakie,Plot-A-Sine-Wave,2023-05-28,1.9.0,jeb-kr-amherst,8399c9b,0.10.5,194.467183,4.92740797996521,0.8323009014129639,242.0,105.0,2177228,980288
CairoMakie,Plot-A-Sine-Wave,2023-05-29,1.9.0,jeb-kr-amherst,8399c9b,0.10.5,190.112809,4.749788999557495,0.8124639987945557,236.0,108.0,2166328,979896
CairoMakie,Plot-A-Sine-Wave,2023-05-30,1.9.0,jeb-kr-amherst,8399c9b,0.10.5,193.765313,4.816187143325806,0.8262300491333008,243.0,108.0,2153708,982232
CairoMakie,Plot-A-Sine-Wave,2023-05-31,1.9.0,jeb-kr-amherst,8399c9b,0.10.5,198.110436,4.838136196136475,0.8120079040527344,239.0,108.0,2154828,1002068
CairoMakie,Plot-A-Sine-Wave,2023-06-01,1.9.0,jeb-kr-amherst,8399c9b,0.10.5,193.938672,4.859882831573486,0.842216968536377,242.0,105.0,2162832,980916
CairoMakie,Plot-A-Sine-Wave,2023-06-02,1.9.0,jeb-kr-amherst,8399c9b,0.10.5,192.112501,4.842054843902588,0.8380441665649414,238.0,106.0,2162744,979716
CairoMakie,Plot-A-Sine-Wave,2023-06-03,1.9.0,jeb-kr-amherst,8399c9b,0.10.5,196.35013,4.788264036178589,0.8166279792785645,244.0,108.0,2148344,980544
CairoMakie,Plot-A-Sine-Wave,2023-06-04,1.9.0,jeb-kr-amherst,8399c9b,0.10.5,191.84824,4.807176828384399,0.8452939987182617,235.0,107.0,2147748,978564
CairoMakie,Plot-A-Sine-Wave,2023-06-05,1.9.0,jeb-kr-amherst,8399c9b,0.10.5,191.406446,4.810683965682983,0.8223109245300293,238.0,108.0,2168196,981748
CairoMakie,Plot-A-Sine-Wave,2023-06-06,1.9.0,jeb-kr-amherst,8399c9b,0.10.5,193.654954,4.805336952209473,0.8228299617767334,240.0,108.0,2167664,980876
CairoMakie,Plot-A-Sine-Wave,2023-06-07,1.9.0,jeb-kr-amherst,8399c9b,0.10.5,190.696528,4.828171968460083,0.8387668132781982,235.0,105.0,2156712,980844
CairoMakie,Plot-A-Sine-Wave,2023-06-08,1.9.0,jeb-kr-amherst,8399c9b,0.10.5,189.358549,4.862390041351318,0.8300399780273438,235.0,106.0,2177588,979556
CairoMakie,Plot-A-Sine-Wave,2023-06-09,1.9.0,jeb-kr-amherst,8399c9b,0.10.5,191.935271,4.907372951507568,0.8300149440765381,237.0,107.0,2148340,980760
CairoMakie,Plot-A-Sine-Wave,2023-06-10,1.9.1,jeb-kr-amherst,8399c9b,0.10.6,188.509036,5.088135004043579,0.8539459705352783,233.0,107.0,2166872,982024
CairoMakie,Plot-A-Sine-Wave,2023-06-11,1.9.1,jeb-kr-amherst,8399c9b,0.10.6,188.810182,5.097826957702637,0.8420660495758057,233.0,106.0,2177324,980408
CairoMakie,Plot-A-Sine-Wave,2023-06-12,1.9.1,jeb-kr-amherst,8399c9b,0.10.6,189.241528,5.104704141616821,0.8321819305419922,231.0,108.0,2156732,996536
CairoMakie,Plot-A-Sine-Wave,2023-06-13,1.9.1,jeb-kr-amherst,8399c9b,0.10.6,188.565017,5.136940002441406,0.8365499973297119,233.0,105.0,2167180,981856
CairoMakie,Plot-A-Sine-Wave,2023-06-14,1.9.1,jeb-kr-amherst,8399c9b,0.10.6,187.999234,5.085533857345581,0.8515369892120361,231.0,108.0,2149844,966412
CairoMakie,Plot-A-Sine-Wave,2023-06-15,1.9.1,jeb-kr-amherst,8399c9b,0.10.6,189.104262,5.117527008056641,0.8388199806213379,231.0,107.0,2157016,966144
CairoMakie,Plot-A-Sine-Wave,2023-06-16,1.9.1,jeb-kr-amherst,8399c9b,0.10.6,188.558578,5.157193899154663,0.8550560474395752,231.0,105.0,2138236,966772
CairoMakie,Plot-A-Sine-Wave,2023-06-17,1.9.1,jeb-kr-amherst,8399c9b,0.10.6,188.223267,5.075384855270386,0.8363730907440186,231.0,107.0,2168776,966904
CairoMakie,Plot-A-Sine-Wave,2023-06-18,1.9.1,jeb-kr-amherst,8399c9b,0.10.6,499.329492,14.183783054351807,2.293829917907715,154.0,100.0,2139608,965032
CairoMakie,Plot-A-Sine-Wave,2023-06-19,1.9.1,jeb-kr-amherst,8399c9b,0.10.6,246.141818,6.081952095031738,0.9777300357818604,212.0,105.0,2165288,967020
CairoMakie,Plot-A-Sine-Wave,2023-06-20,1.9.1,jeb-kr-amherst,8399c9b,0.10.6,204.140272,5.368340015411377,0.8613200187683105,229.0,107.0,2141452,991044
CairoMakie,Plot-A-Sine-Wave,2023-06-21,1.9.1,jeb-kr-amherst,8399c9b,0.10.6,190.495289,5.530951976776123,0.8757071495056152,229.0,107.0,2125344,967468
CairoMakie,Plot-A-Sine-Wave,2023-06-22,1.9.1,jeb-kr-amherst,8399c9b,0.10.6,188.527866,5.235652923583984,0.863753080368042,231.0,106.0,2152440,964648
CairoMakie,Plot-A-Sine-Wave,2023-06-23,1.9.1,jeb-kr-amherst,8399c9b,0.10.6,189.15292,5.167740106582642,0.8591949939727783,231.0,107.0,2155800,966964
CairoMakie,Plot-A-Sine-Wave,2023-06-24,1.9.1,jeb-kr-amherst,8399c9b,0.10.6,189.309237,5.170428037643433,0.8525998592376709,231.0,107.0,2137356,964504
CairoMakie,Plot-A-Sine-Wave,2023-06-25,1.9.1,jeb-kr-amherst,8399c9b,0.10.6,191.277389,5.1585259437561035,0.8555440902709961,229.0,105.0,2137540,966248
CairoMakie,Plot-A-Sine-Wave,2023-06-26,1.9.1,jeb-kr-amherst,8399c9b,0.10.6,188.638408,5.116121053695679,0.8375468254089355,231.0,105.0,2149700,966312
CairoMakie,Plot-A-Sine-Wave,2023-06-27,1.9.1,jeb-kr-amherst,8399c9b,0.10.6,188.600432,5.203502893447876,0.8591499328613281,231.0,107.0,2132564,964264
CairoMakie,Plot-A-Sine-Wave,2023-06-28,1.9.1,jeb-kr-amherst,8399c9b,0.10.6,334.947895,10.86913800239563,1.6829581260681152,203.0,100.0,2159624,965616
CairoMakie,Plot-A-Sine-Wave,2023-06-29,1.9.1,jeb-kr-amherst,8399c9b,0.10.6,211.395461,5.77531099319458,0.9547309875488281,230.0,105.0,2128172,964868
CairoMakie,Plot-A-Sine-Wave,2023-06-30,1.9.1,jeb-kr-amherst,8399c9b,0.10.6,203.812745,5.27599310874939,0.8770530223846436,229.0,105.0,2160196,965920
CairoMakie,Plot-A-Sine-Wave,2023-07-01,1.9.1,jeb-kr-amherst,8399c9b,0.10.6,191.519183,5.156121015548706,0.8414051532745361,230.0,105.0,2162752,966800
CairoMakie,Plot-A-Sine-Wave,2023-07-02,1.9.1,jeb-kr-amherst,8399c9b,0.10.6,188.258992,5.212695837020874,0.8570911884307861,232.0,106.0,2146192,968292
CairoMakie,Plot-A-Sine-Wave,2023-07-03,1.9.1,jeb-kr-amherst,8399c9b,0.10.6,188.905617,5.127642869949341,0.8535151481628418,232.0,107.0,2159576,965064
CairoMakie,Plot-A-Sine-Wave,2023-07-04,1.9.1,jeb-kr-amherst,8399c9b,0.10.6,187.768483,5.09529709815979,0.8360440731048584,231.0,108.0,2156060,964608
CairoMakie,Plot-A-Sine-Wave,2023-07-05,1.9.1,jeb-kr-amherst,8399c9b,0.10.6,189.160794,5.1263909339904785,0.8394601345062256,232.0,105.0,2140448,967544
CairoMakie,Plot-A-Sine-Wave,2023-07-06,1.9.1,jeb-kr-amherst,8399c9b,0.10.6,189.85795,5.237890958786011,0.8478219509124756,231.0,107.0,2145140,971572
CairoMakie,Plot-A-Sine-Wave,2023-07-07,1.9.1,jeb-kr-amherst,8399c9b,0.10.6,188.910953,5.1377129554748535,0.8476049900054932,232.0,105.0,2144076,964336
CairoMakie,Plot-A-Sine-Wave,2023-07-08,1.9.1,jeb-kr-amherst,8399c9b,0.10.6,189.603895,5.1162109375,0.8367290496826172,231.0,105.0,2157752,965168
CairoMakie,Plot-A-Sine-Wave,2023-07-09,1.9.1,jeb-kr-amherst,8399c9b,0.10.6,190.497015,5.165427923202515,0.8396561145782471,231.0,105.0,2174920,984828
CairoMakie,Plot-A-Sine-Wave,2023-07-10,1.9.2,jeb-kr-amherst,8399c9b,0.10.6,188.718363,5.002328872680664,0.8466391563415527,232.0,107.0,1986328,688624
CairoMakie,Plot-A-Sine-Wave,2023-07-11,1.9.2,jeb-kr-amherst,8399c9b,0.10.6,187.399141,5.065426826477051,0.8409090042114258,232.0,106.0,1993696,687588
CairoMakie,Plot-A-Sine-Wave,2023-07-12,1.9.2,jeb-kr-amherst,8399c9b,0.10.6,188.470385,5.101567983627319,0.8394129276275635,232.0,105.0,1976336,689824
CairoMakie,Plot-A-Sine-Wave,2023-07-13,1.9.2,jeb-kr-amherst,8399c9b,0.10.6,187.855969,5.088375091552734,0.8431768417358398,232.0,108.0,1989208,688476
CairoMakie,Plot-A-Sine-Wave,2023-07-14,1.9.2,jeb-kr-amherst,8399c9b,0.10.6,188.072849,5.095270872116089,0.8551900386810303,232.0,105.0,1971556,686004
CairoMakie,Plot-A-Sine-Wave,2023-07-15,1.9.2,jeb-kr-amherst,8399c9b,0.10.6,188.577481,5.027423858642578,0.8538181781768799,232.0,107.0,1969784,686848
CairoMakie,Plot-A-Sine-Wave,2023-07-16,1.9.2,jeb-kr-amherst,8399c9b,0.10.6,187.294249,5.101910829544067,0.8396749496459961,230.0,105.0,1983248,685904
CairoMakie,Plot-A-Sine-Wave,2023-07-17,1.9.2,jeb-kr-amherst,8399c9b,0.10.6,187.314213,5.15683913230896,0.8355269432067871,231.0,105.0,1990240,686488
CairoMakie,Plot-A-Sine-Wave,2023-07-18,1.9.2,jeb-kr-amherst,8399c9b,0.10.6,188.699036,4.976163148880005,0.8339109420776367,232.0,108.0,2010400,688864
CairoMakie,Plot-A-Sine-Wave,2023-07-19,1.9.2,jeb-kr-amherst,8399c9b,0.10.6,187.888881,5.008581161499023,0.8328139781951904,232.0,107.0,2001284,687128
CairoMakie,Plot-A-Sine-Wave,2023-07-20,1.9.2,jeb-kr-amherst,8399c9b,0.10.6,188.14202,5.012012004852295,0.8280830383300781,231.0,108.0,1981728,690304
CairoMakie,Plot-A-Sine-Wave,2023-07-21,1.9.2,jeb-kr-amherst,8399c9b,0.10.6,188.477241,5.0735697746276855,0.8287911415100098,232.0,108.0,1983244,685120
CairoMakie,Plot-A-Sine-Wave,2023-07-22,1.9.2,jeb-kr-amherst,8399c9b,0.10.6,187.638527,4.9814698696136475,0.8336920738220215,232.0,108.0,2001968,686940
CairoMakie,Plot-A-Sine-Wave,2023-07-23,1.9.2,jeb-kr-amherst,8399c9b,0.10.7,208.077243,5.850152015686035,0.836068868637085,258.0,107.0,1955548,721224
CairoMakie,Plot-A-Sine-Wave,2023-07-24,1.9.2,jeb-kr-amherst,8399c9b,0.10.7,208.400078,5.879853010177612,0.8657000064849854,256.0,106.0,1957268,723140
CairoMakie,Plot-A-Sine-Wave,2023-07-25,1.9.2,jeb-kr-amherst,8399c9b,0.10.7,207.802976,5.809005975723267,0.8469040393829346,258.0,107.0,1979136,719800
CairoMakie,Plot-A-Sine-Wave,2023-07-26,1.9.2,jeb-kr-amherst,8399c9b,0.10.7,206.590153,5.717124938964844,0.8536958694458008,259.0,107.0,1971372,732792
CairoMakie,Plot-A-Sine-Wave,2023-07-27,1.9.2,jeb-kr-amherst,8399c9b,0.10.7,207.523107,5.767240047454834,0.8078930377960205,258.0,105.0,1959084,719540
CairoMakie,Plot-A-Sine-Wave,2023-07-28,1.9.2,jeb-kr-amherst,8399c9b,0.10.7,207.143233,5.747427940368652,0.8370420932769775,258.0,107.0,1965028,721140
CairoMakie,Plot-A-Sine-Wave,2023-07-29,1.9.2,jeb-kr-amherst,8399c9b,0.10.7,206.952236,5.722476005554199,0.8557219505310059,259.0,107.0,1949636,732120
CairoMakie,Plot-A-Sine-Wave,2023-07-30,1.9.2,jeb-kr-amherst,8399c9b,0.10.7,209.29291,5.780752182006836,0.8370850086212158,258.0,106.0,1954324,720896
CairoMakie,Plot-A-Sine-Wave,2023-07-31,1.9.2,jeb-kr-amherst,8399c9b,0.10.7,209.228878,5.719092130661011,0.8343467712402344,258.0,107.0,1964336,738412
CairoMakie,Plot-A-Sine-Wave,2023-08-01,1.9.2,jeb-kr-amherst,8399c9b,0.10.7,208.005554,5.751935958862305,0.837684154510498,259.0,106.0,1947664,742200
CairoMakie,Plot-A-Sine-Wave,2023-08-02,1.9.2,jeb-kr-amherst,8399c9b,0.10.7,209.325797,5.832594156265259,0.8146569728851318,258.0,107.0,1971532,724956
CairoMakie,Plot-A-Sine-Wave,2023-08-03,1.9.2,jeb-kr-amherst,8399c9b,0.10.7,207.481974,5.764222145080566,0.8570330142974854,259.0,106.0,1982024,735564
CairoMakie,Plot-A-Sine-Wave,2023-08-04,1.9.2,jeb-kr-amherst,8399c9b,0.10.7,209.277993,5.995121002197266,0.824321985244751,259.0,105.0,1960828,724868
CairoMakie,Plot-A-Sine-Wave,2023-08-05,1.9.2,jeb-kr-amherst,8399c9b,0.10.7,208.030385,5.953441858291626,0.8187351226806641,258.0,105.0,1967232,723224
CairoMakie,Plot-A-Sine-Wave,2023-08-06,1.9.2,jeb-kr-amherst,8399c9b,0.10.7,211.081496,5.780292987823486,0.8505690097808838,261.0,107.0,1965460,733544
CairoMakie,Plot-A-Sine-Wave,2023-08-07,1.9.2,jeb-kr-amherst,8399c9b,0.10.7,209.30002,5.815516948699951,0.8721721172332764,257.0,107.0,1956012,733272
CairoMakie,Plot-A-Sine-Wave,2023-08-08,1.9.2,jeb-kr-amherst,8399c9b,0.10.7,209.9397,5.758129119873047,0.832542896270752,258.0,106.0,1945268,752236
CairoMakie,Plot-A-Sine-Wave,2023-08-09,1.9.2,jeb-kr-amherst,8399c9b,0.10.7,207.912784,5.861284971237183,0.818187952041626,258.0,105.0,1956640,721692
CairoMakie,Plot-A-Sine-Wave,2023-08-10,1.9.2,jeb-kr-amherst,8399c9b,0.10.7,203.177587,5.618160009384155,0.837716817855835,254.0,105.0,1966808,714772
CairoMakie,Plot-A-Sine-Wave,2023-08-11,1.9.2,jeb-kr-amherst,8399c9b,0.10.7,204.269915,5.596350908279419,0.8383488655090332,254.0,107.0,1946956,711420
CairoMakie,Plot-A-Sine-Wave,2023-08-12,1.9.2,jeb-kr-amherst,8399c9b,0.10.7,202.21861,5.695530891418457,0.8295130729675293,255.0,106.0,1963068,714204
CairoMakie,Plot-A-Sine-Wave,2023-08-13,1.9.2,jeb-kr-amherst,8399c9b,0.10.7,203.580246,5.6134490966796875,0.8438639640808105,253.0,105.0,1943180,712752
CairoMakie,Plot-A-Sine-Wave,2023-08-14,1.9.2,jeb-kr-amherst,8399c9b,0.10.7,203.836176,5.589042901992798,0.8425741195678711,254.0,107.0,1967468,716176
CairoMakie,Plot-A-Sine-Wave,2023-08-15,1.9.2,jeb-kr-amherst,8399c9b,0.10.8,203.313439,5.618334054946899,0.8166220188140869,254.0,106.0,1949892,727152
CairoMakie,Plot-A-Sine-Wave,2023-08-16,1.9.2,jeb-kr-amherst,8399c9b,0.10.8,205.126691,5.6755828857421875,0.8251371383666992,257.0,105.0,1935628,713452
CairoMakie,Plot-A-Sine-Wave,2023-08-17,1.9.2,jeb-kr-amherst,8399c9b,0.10.8,205.649903,5.648640871047974,0.8428831100463867,253.0,107.0,1950700,710756
CairoMakie,Plot-A-Sine-Wave,2023-08-18,1.9.2,jeb-kr-amherst,8399c9b,0.10.8,203.487324,5.5721800327301025,0.8470940589904785,255.0,107.0,1947484,711816
CairoMakie,Plot-A-Sine-Wave,2023-08-19,1.9.2,jeb-kr-amherst,8399c9b,0.10.8,203.965538,5.613954067230225,0.8427109718322754,254.0,106.0,1943712,727948
CairoMakie,Plot-A-Sine-Wave,2023-08-20,1.9.2,jeb-kr-amherst,8399c9b,0.10.8,202.615609,5.70560622215271,0.8431568145751953,254.0,106.0,1948072,713208
CairoMakie,Plot-A-Sine-Wave,2023-08-21,1.9.2,jeb-kr-amherst,8399c9b,0.10.8,203.392451,5.709707021713257,0.8312051296234131,254.0,107.0,1966484,714440
CairoMakie,Plot-A-Sine-Wave,2023-08-22,1.9.2,jeb-kr-amherst,8399c9b,0.10.8,201.781426,5.982027053833008,0.8328409194946289,256.0,105.0,1967832,715160
CairoMakie,Plot-A-Sine-Wave,2023-08-23,1.9.2,jeb-kr-amherst,8399c9b,0.10.8,202.046335,5.94149112701416,0.8459339141845703,255.0,106.0,1957460,716992
CairoMakie,Plot-A-Sine-Wave,2023-08-24,1.9.2,jeb-kr-amherst,8399c9b,0.10.8,201.880305,5.983232021331787,0.8542149066925049,256.0,107.0,1940764,713700
CairoMakie,Plot-A-Sine-Wave,2023-08-25,1.9.2,jeb-kr-amherst,8399c9b,0.10.8,202.177187,5.90090799331665,0.8119990825653076,254.0,107.0,1958628,728476
CairoMakie,Plot-A-Sine-Wave,2023-08-26,1.9.2,jeb-kr-amherst,8399c9b,0.10.8,201.13277,5.92110800743103,0.8506689071655273,254.0,106.0,1954264,714592
CairoMakie,Plot-A-Sine-Wave,2023-08-27,1.9.2,jeb-kr-amherst,8399c9b,0.10.8,202.923153,5.8755199909210205,0.8516578674316406,255.0,105.0,1959876,715580
CairoMakie,Plot-A-Sine-Wave,2023-08-28,1.9.2,jeb-kr-amherst,8399c9b,0.10.8,202.652836,5.899935960769653,0.8268430233001709,256.0,107.0,1978708,716812
CairoMakie,Plot-A-Sine-Wave,2023-08-29,1.9.2,jeb-kr-amherst,8399c9b,0.10.8,200.60067,5.888509035110474,0.8391139507293701,255.0,105.0,1951284,717168
CairoMakie,Plot-A-Sine-Wave,2023-08-30,1.9.3,jeb-kr-amherst,8399c9b,0.10.8,201.831245,6.000346899032593,0.8486971855163574,256.0,105.0,1978068,715344
CairoMakie,Plot-A-Sine-Wave,2023-08-31,1.9.3,jeb-kr-amherst,8399c9b,0.10.8,202.46811,5.99609112739563,0.8406908512115479,255.0,107.0,1956036,734388
CairoMakie,Plot-A-Sine-Wave,2023-09-01,1.9.3,jeb-kr-amherst,8399c9b,0.10.8,201.951654,6.044414043426514,0.8603689670562744,255.0,106.0,1947440,719252
CairoMakie,Plot-A-Sine-Wave,2023-09-02,1.9.3,jeb-kr-amherst,8399c9b,0.10.8,202.498726,5.918305158615112,0.8475170135498047,256.0,106.0,1941252,716408
CairoMakie,Plot-A-Sine-Wave,2023-09-03,1.9.3,jeb-kr-amherst,8399c9b,0.10.8,202.878865,6.062467813491821,0.853646993637085,256.0,105.0,1956028,717876
CairoMakie,Plot-A-Sine-Wave,2023-09-04,1.9.3,jeb-kr-amherst,8399c9b,0.10.8,202.945033,6.034852027893066,0.8571419715881348,256.0,106.0,1967752,717716
CairoMakie,Plot-A-Sine-Wave,2023-09-05,1.9.3,jeb-kr-amherst,8399c9b,0.10.8,202.119128,5.877612113952637,0.8170609474182129,256.0,106.0,1953536,731944
CairoMakie,Plot-A-Sine-Wave,2023-09-06,1.9.3,jeb-kr-amherst,8399c9b,0.10.8,203.158051,5.979348182678223,0.8568370342254639,255.0,105.0,1955384,716728
CairoMakie,Plot-A-Sine-Wave,2023-09-07,1.9.3,jeb-kr-amherst,8399c9b,0.10.8,202.771165,6.042557954788208,0.8692059516906738,256.0,106.0,1946036,717900
CairoMakie,Plot-A-Sine-Wave,2023-09-08,1.9.3,jeb-kr-amherst,8399c9b,0.10.8,201.856868,6.04074501991272,0.8342599868774414,256.0,107.0,1962604,718288
CairoMakie,Plot-A-Sine-Wave,2023-09-09,1.9.3,jeb-kr-amherst,8399c9b,0.10.8,202.977953,5.985538005828857,0.856313943862915,256.0,104.0,1966048,717440
CairoMakie,Plot-A-Sine-Wave,2023-09-10,1.9.3,jeb-kr-amherst,8399c9b,0.10.8,202.055201,6.0339391231536865,0.8318679332733154,256.0,105.0,1944968,733308
CairoMakie,Plot-A-Sine-Wave,2023-09-11,1.9.3,jeb-kr-amherst,8399c9b,0.10.8,203.12448,5.989276170730591,0.84682297706604,255.0,105.0,1963612,717884
CairoMakie,Plot-A-Sine-Wave,2023-09-12,1.9.3,jeb-kr-amherst,8399c9b,0.10.9,202.440529,5.871554851531982,0.8348729610443115,255.0,107.0,1962412,717004
CairoMakie,Plot-A-Sine-Wave,2023-09-13,1.9.3,jeb-kr-amherst,8399c9b,0.10.9,203.324525,6.049644947052002,0.8376519680023193,254.0,105.0,1976276,717976
CairoMakie,Plot-A-Sine-Wave,2023-09-14,1.9.3,jeb-kr-amherst,8399c9b,0.10.9,203.679527,5.985113859176636,0.8549420833587646,255.0,105.0,1980520,720016
CairoMakie,Plot-A-Sine-Wave,2023-09-15,1.9.3,jeb-kr-amherst,8399c9b,0.10.9,202.190112,6.015054941177368,0.8562541007995605,254.0,107.0,1962108,716536
CairoMakie,Plot-A-Sine-Wave,2023-09-16,1.9.3,jeb-kr-amherst,8399c9b,0.10.9,202.774259,6.0775229930877686,0.8415849208831787,255.0,104.0,1975456,718816
CairoMakie,Plot-A-Sine-Wave,2023-09-17,1.9.3,jeb-kr-amherst,8399c9b,0.10.9,203.555455,6.008157014846802,0.8486990928649902,254.0,107.0,1959104,718056
CairoMakie,Plot-A-Sine-Wave,2023-09-18,1.9.3,jeb-kr-amherst,8399c9b,0.10.9,203.889665,5.864964962005615,0.8511459827423096,254.0,107.0,1973668,717464
CairoMakie,Plot-A-Sine-Wave,2023-09-19,1.9.3,jeb-kr-amherst,8399c9b,0.10.9,202.425547,5.951929807662964,0.8394231796264648,254.0,105.0,1972468,717256
CairoMakie,Plot-A-Sine-Wave,2023-09-20,1.9.3,jeb-kr-amherst,8399c9b,0.10.9,202.589556,6.057825088500977,0.8655989170074463,253.0,104.0,1951384,719104
CairoMakie,Plot-A-Sine-Wave,2023-09-21,1.9.3,jeb-kr-amherst,8399c9b,0.10.9,203.15613,6.083580017089844,0.8469839096069336,255.0,106.0,1947516,718000
CairoMakie,Plot-A-Sine-Wave,2023-09-22,1.9.3,jeb-kr-amherst,8399c9b,0.10.10,203.430652,6.0525641441345215,0.8423099517822266,254.0,106.0,1963100,718844
CairoMakie,Plot-A-Sine-Wave,2023-09-23,1.9.3,jeb-kr-amherst,8399c9b,0.10.10,202.859988,6.070799112319946,0.8363840579986572,252.0,104.0,1972456,734332
CairoMakie,Plot-A-Sine-Wave,2023-09-24,1.9.3,jeb-kr-amherst,8399c9b,0.10.10,202.83682,6.001013994216919,0.8507058620452881,254.0,105.0,1982972,718260
CairoMakie,Plot-A-Sine-Wave,2023-09-25,1.9.3,jeb-kr-amherst,8399c9b,0.10.10,203.670953,6.0437891483306885,0.8358328342437744,254.0,105.0,1974372,719692
CairoMakie,Plot-A-Sine-Wave,2023-09-26,1.9.3,jeb-kr-amherst,8399c9b,0.10.10,204.458409,5.9875569343566895,0.8382110595703125,254.0,105.0,1983960,725848
CairoMakie,Plot-A-Sine-Wave,2023-09-27,1.9.3,jeb-kr-amherst,8399c9b,0.10.10,203.79251,5.908368825912476,0.8448729515075684,254.0,105.0,1968988,717640
CairoMakie,Plot-A-Sine-Wave,2023-09-28,1.9.3,jeb-kr-amherst,8399c9b,0.10.10,202.745777,5.882161855697632,0.8354101181030273,254.0,107.0,2001240,716388
CairoMakie,Plot-A-Sine-Wave,2023-09-29,1.9.3,jeb-kr-amherst,8399c9b,0.10.10,203.693128,6.051626920700073,0.8394560813903809,254.0,104.0,1987188,716816
CairoMakie,Plot-A-Sine-Wave,2023-09-30,1.9.3,jeb-kr-amherst,8399c9b,0.10.10,203.959435,6.031857013702393,0.8477020263671875,253.0,105.0,1961524,720700
CairoMakie,Plot-A-Sine-Wave,2023-10-01,1.9.3,jeb-kr-amherst,8399c9b,0.10.10,203.761417,6.076524019241333,0.8639869689941406,255.0,104.0,1966900,719680
CairoMakie,Plot-A-Sine-Wave,2023-10-02,1.9.3,jeb-kr-amherst,8399c9b,0.10.10,202.959167,6.057302951812744,0.849647045135498,254.0,104.0,1966424,717816
CairoMakie,Plot-A-Sine-Wave,2023-10-03,1.9.3,jeb-kr-amherst,8399c9b,0.10.10,203.968993,5.978532075881958,0.8513009548187256,254.0,105.0,1971852,718488
CairoMakie,Plot-A-Sine-Wave,2023-10-04,1.9.3,jeb-kr-amherst,8399c9b,0.10.10,202.421146,5.930426120758057,0.8448259830474854,254.0,107.0,1982216,718768
CairoMakie,Plot-A-Sine-Wave,2023-10-05,1.9.3,jeb-kr-amherst,8399c9b,0.10.10,202.402228,6.0770909786224365,0.8551220893859863,253.0,105.0,1977476,720296
CairoMakie,Plot-A-Sine-Wave,2023-10-06,1.9.3,jeb-kr-amherst,8399c9b,0.10.11,204.584235,5.9253880977630615,0.8280658721923828,254.0,107.0,1951160,719600
CairoMakie,Plot-A-Sine-Wave,2023-10-07,1.9.3,jeb-kr-amherst,8399c9b,0.10.11,203.657253,5.96660304069519,0.8468461036682129,254.0,105.0,1953416,726452
CairoMakie,Plot-A-Sine-Wave,2023-10-08,1.9.3,jeb-kr-amherst,8399c9b,0.10.11,204.255762,5.934706926345825,0.8043019771575928,253.0,105.0,1973012,752000
CairoMakie,Plot-A-Sine-Wave,2023-10-09,1.9.3,jeb-kr-amherst,8399c9b,0.10.11,203.87694,5.98730206489563,0.854578971862793,253.0,106.0,1975160,718660
CairoMakie,Plot-A-Sine-Wave,2023-10-10,1.9.3,jeb-kr-amherst,8399c9b,0.10.11,204.262415,6.09136700630188,0.8563029766082764,254.0,106.0,1973152,717544
CairoMakie,Plot-A-Sine-Wave,2023-10-11,1.9.3,jeb-kr-amherst,8399c9b,0.10.11,204.435455,6.090636968612671,0.8562119007110596,253.0,104.0,1956508,722088
CairoMakie,Plot-A-Sine-Wave,2023-10-12,1.9.3,jeb-kr-amherst,8399c9b,0.10.11,203.915115,5.991525888442993,0.8560700416564941,254.0,107.0,1957288,720808
CairoMakie,Plot-A-Sine-Wave,2023-10-13,1.9.3,jeb-kr-amherst,8399c9b,0.10.11,204.271071,5.998508930206299,0.8487260341644287,254.0,107.0,1999264,734760
CairoMakie,Plot-A-Sine-Wave,2023-10-14,1.9.3,jeb-kr-amherst,8399c9b,0.10.11,204.28064,6.038367033004761,0.8396220207214355,253.0,105.0,1957800,717472
CairoMakie,Plot-A-Sine-Wave,2023-10-15,1.9.3,jeb-kr-amherst,8399c9b,0.10.11,202.328656,6.056623935699463,0.8404240608215332,254.0,106.0,1970132,719096
CairoMakie,Plot-A-Sine-Wave,2023-10-16,1.9.3,jeb-kr-amherst,8399c9b,0.10.11,203.736113,5.968991994857788,0.8149819374084473,254.0,106.0,1975184,734500
CairoMakie,Plot-A-Sine-Wave,2023-10-17,1.9.3,jeb-kr-amherst,8399c9b,0.10.11,204.046432,6.002893924713135,0.8552300930023193,254.0,105.0,1968724,720980
CairoMakie,Plot-A-Sine-Wave,2023-10-18,1.9.3,jeb-kr-amherst,8399c9b,0.10.11,203.944544,5.967988014221191,0.8505828380584717,255.0,107.0,1971100,720580
CairoMakie,Plot-A-Sine-Wave,2023-10-19,1.9.3,jeb-kr-amherst,8399c9b,0.10.11,205.07565,5.927102088928223,0.8420579433441162,255.0,107.0,1975084,718560
CairoMakie,Plot-A-Sine-Wave,2023-10-20,1.9.3,jeb-kr-amherst,8399c9b,0.10.11,205.599487,5.92150092124939,0.8305809497833252,254.0,107.0,1944252,717764
CairoMakie,Plot-A-Sine-Wave,2023-10-21,1.9.3,jeb-kr-amherst,8399c9b,0.10.11,205.030784,5.993020057678223,0.861717939376831,254.0,105.0,1976520,719824
CairoMakie,Plot-A-Sine-Wave,2023-10-22,1.9.3,jeb-kr-amherst,8399c9b,0.10.11,205.365633,5.906496047973633,0.8306357860565186,254.0,107.0,1967104,717812
CairoMakie,Plot-A-Sine-Wave,2023-10-23,1.9.3,jeb-kr-amherst,8399c9b,0.10.11,204.540442,5.952956914901733,0.8198730945587158,254.0,105.0,1997716,720152
CairoMakie,Plot-A-Sine-Wave,2023-10-24,1.9.3,jeb-kr-amherst,8399c9b,0.10.11,204.768367,5.9477269649505615,0.831862211227417,255.0,104.0,1964136,717768
CairoMakie,Plot-A-Sine-Wave,2023-10-25,1.9.3,jeb-kr-amherst,8399c9b,0.10.11,205.954447,6.066816091537476,0.8417229652404785,253.0,105.0,1955796,718680
CairoMakie,Plot-A-Sine-Wave,2023-10-26,1.9.3,jeb-kr-amherst,8399c9b,0.10.11,205.337315,5.939035892486572,0.8415350914001465,255.0,105.0,1966500,720132
CairoMakie,Plot-A-Sine-Wave,2023-10-27,1.9.3,jeb-kr-amherst,8399c9b,0.10.11,206.831891,6.028342962265015,0.8411719799041748,253.0,107.0,1955208,720036
CairoMakie,Plot-A-Sine-Wave,2023-10-28,1.9.3,jeb-kr-amherst,8399c9b,0.10.11,205.404529,6.005367040634155,0.8585999011993408,255.0,107.0,1957908,717556
CairoMakie,Plot-A-Sine-Wave,2023-10-29,1.9.3,jeb-kr-amherst,8399c9b,0.10.11,455.563026,15.094230890274048,2.188478946685791,193.0,100.0,1982192,720180
CairoMakie,Plot-A-Sine-Wave,2023-10-30,1.9.3,jeb-kr-amherst,8399c9b,0.10.11,279.045729,7.080373048782349,1.0228049755096436,251.0,105.0,1974868,719540
CairoMakie,Plot-A-Sine-Wave,2023-10-31,1.9.3,jeb-kr-amherst,8399c9b,0.10.11,230.870223,9.114449977874756,1.2992331981658936,239.0,104.0,1952984,716892
CairoMakie,Plot-A-Sine-Wave,2023-11-01,1.9.3,jeb-kr-amherst,8399c9b,0.10.11,204.306377,5.9715821743011475,0.8389899730682373,253.0,106.0,1979388,720776
CairoMakie,Plot-A-Sine-Wave,2023-11-02,1.9.3,jeb-kr-amherst,8399c9b,0.10.12,202.070343,5.963745832443237,0.8413269519805908,253.0,106.0,1987004,719568
CairoMakie,Plot-A-Sine-Wave,2023-11-03,1.9.3,jeb-kr-amherst,8399c9b,0.10.12,204.53887,5.991883039474487,0.8398571014404297,255.0,107.0,1964352,718224
CairoMakie,Plot-A-Sine-Wave,2023-11-04,1.9.3,jeb-kr-amherst,8399c9b,0.10.12,204.44065,5.938689947128296,0.8368339538574219,256.0,107.0,1971052,716232
CairoMakie,Plot-A-Sine-Wave,2023-11-05,1.9.3,jeb-kr-amherst,8399c9b,0.10.12,205.528399,5.920176029205322,0.8489680290222168,256.0,105.0,1960652,717800
CairoMakie,Plot-A-Sine-Wave,2023-11-06,1.9.3,jeb-kr-amherst,8399c9b,0.10.12,205.228576,6.009873867034912,0.8320269584655762,255.0,106.0,1971592,735236
CairoMakie,Plot-A-Sine-Wave,2023-11-07,1.9.3,jeb-kr-amherst,8399c9b,0.10.12,208.5812,8.257459878921509,1.1055870056152344,254.0,103.0,1961748,722540
CairoMakie,Plot-A-Sine-Wave,2023-11-08,1.9.3,jeb-kr-amherst,8399c9b,0.10.12,469.002118,16.260924100875854,2.221444845199585,186.0,100.0,1955460,721640
CairoMakie,Plot-A-Sine-Wave,2023-11-09,1.9.3,jeb-kr-amherst,8399c9b,0.10.12,225.054139,8.230104923248291,1.0133872032165527,251.0,102.0,1955216,721060
CairoMakie,Plot-A-Sine-Wave,2023-11-10,1.9.3,jeb-kr-amherst,8399c9b,0.10.12,206.186252,6.2470269203186035,0.8599472045898438,256.0,105.0,1954076,720840
CairoMakie,Plot-A-Sine-Wave,2023-11-11,1.9.3,jeb-kr-amherst,8399c9b,0.10.12,207.589175,6.058990955352783,0.8439931869506836,257.0,105.0,1971104,722164
CairoMakie,Plot-A-Sine-Wave,2023-11-12,1.9.3,jeb-kr-amherst,8399c9b,0.10.12,206.046442,6.249058961868286,0.8350520133972168,256.0,105.0,1955820,720944
CairoMakie,Plot-A-Sine-Wave,2023-11-13,1.9.3,jeb-kr-amherst,8399c9b,0.10.12,206.720071,6.0010459423065186,0.8662631511688232,255.0,106.0,1963956,722020
CairoMakie,Plot-A-Sine-Wave,2023-11-14,1.9.3,jeb-kr-amherst,8399c9b,0.10.12,206.2281,6.008248805999756,0.840252161026001,255.0,105.0,1957456,719116
CairoMakie,Plot-A-Sine-Wave,2023-11-15,1.9.3,jeb-kr-amherst,8399c9b,0.10.12,206.031773,6.052919149398804,0.8478658199310303,255.0,106.0,1969212,723008
CairoMakie,Plot-A-Sine-Wave,2023-11-16,1.9.3,jeb-kr-amherst,8399c9b,0.10.12,204.249575,5.974920034408569,0.8365778923034668,256.0,107.0,1973312,721000
CairoMakie,Plot-A-Sine-Wave,2023-11-17,1.9.3,jeb-kr-amherst,8399c9b,0.10.12,205.631627,6.05414605140686,0.8390500545501709,256.0,106.0,1988780,721976
CairoMakie,Plot-A-Sine-Wave,2023-11-18,1.9.3,jeb-kr-amherst,8399c9b,0.10.12,205.369658,6.16880989074707,0.8602170944213867,255.0,106.0,1961992,721176
CairoMakie,Plot-A-Sine-Wave,2023-11-19,1.9.3,jeb-kr-amherst,8399c9b,0.10.12,205.792974,6.317534923553467,0.8561451435089111,255.0,106.0,1957184,724120
CairoMakie,Plot-A-Sine-Wave,2023-11-20,1.9.4,jeb-kr-amherst,8399c9b,0.10.12,203.635474,6.293562889099121,0.8366811275482178,254.0,106.0,1957992,732156
CairoMakie,Plot-A-Sine-Wave,2023-11-21,1.9.4,jeb-kr-amherst,8399c9b,0.10.12,203.557774,6.128461837768555,0.8488020896911621,253.0,106.0,1953700,730212
CairoMakie,Plot-A-Sine-Wave,2023-11-22,1.9.4,jeb-kr-amherst,8399c9b,0.11.0,203.651246,5.452454090118408,0.7818169593811035,251.0,105.0,1996616,799236
CairoMakie,Plot-A-Sine-Wave,2023-11-23,1.9.4,jeb-kr-amherst,8399c9b,0.11.0,203.302074,5.51711106300354,0.7710938453674316,254.0,106.0,1982792,797788
CairoMakie,Plot-A-Sine-Wave,2023-11-24,1.9.4,jeb-kr-amherst,8399c9b,0.11.1,205.054604,5.52071213722229,0.7298898696899414,253.0,106.0,2006428,801928
CairoMakie,Plot-A-Sine-Wave,2023-11-25,1.9.4,jeb-kr-amherst,8399c9b,0.11.1,209.813626,5.702919960021973,0.7728641033172607,257.0,106.0,2012544,809020
CairoMakie,Plot-A-Sine-Wave,2023-11-26,1.9.4,jeb-kr-amherst,8399c9b,0.11.1,210.151272,5.627384901046753,0.7604119777679443,257.0,106.0,1998064,805648
CairoMakie,Plot-A-Sine-Wave,2023-11-27,1.9.4,jeb-kr-amherst,8399c9b,0.11.1,210.003638,5.725570917129517,0.7753739356994629,255.0,105.0,2006372,805500
CairoMakie,Plot-A-Sine-Wave,2023-11-28,1.9.4,jeb-kr-amherst,8399c9b,0.11.1,210.48659,5.977808952331543,0.7810039520263672,259.0,105.0,2000576,833968
CairoMakie,Plot-A-Sine-Wave,2023-11-29,1.9.4,jeb-kr-amherst,8399c9b,0.11.1,209.528206,6.028450965881348,0.7867691516876221,258.0,107.0,1993248,804172
CairoMakie,Plot-A-Sine-Wave,2023-11-30,1.9.4,jeb-kr-amherst,8399c9b,0.11.1,208.99187,5.904839992523193,0.7676441669464111,259.0,107.0,2017676,832084
CairoMakie,Plot-A-Sine-Wave,2023-12-01,1.9.4,jeb-kr-amherst,8399c9b,0.11.1,208.67857,5.889564037322998,0.7557640075683594,258.0,107.0,2029984,808248
CairoMakie,Plot-A-Sine-Wave,2023-12-02,1.9.4,jeb-kr-amherst,8399c9b,0.11.2,208.052008,5.876961946487427,0.7873480319976807,256.0,107.0,2021896,808340
CairoMakie,Plot-A-Sine-Wave,2023-12-03,1.9.4,jeb-kr-amherst,8399c9b,0.11.2,209.313582,6.079607963562012,0.7780170440673828,258.0,105.0,2006768,808764
CairoMakie,Plot-A-Sine-Wave,2023-12-04,1.9.4,jeb-kr-amherst,8399c9b,0.11.2,209.595748,6.38460111618042,0.7404298782348633,258.0,104.0,2017332,813108
CairoMakie,Plot-A-Sine-Wave,2023-12-05,1.9.4,jeb-kr-amherst,8399c9b,0.11.3,208.343351,6.004652976989746,0.8089540004730225,256.0,105.0,2006208,808920
CairoMakie,Plot-A-Sine-Wave,2023-12-06,1.9.4,jeb-kr-amherst,8399c9b,0.11.3,467.756217,15.354025840759277,1.9732730388641357,189.0,100.0,2002840,805900
CairoMakie,Plot-A-Sine-Wave,2023-12-07,1.9.4,jeb-kr-amherst,8399c9b,0.11.3,244.440468,7.004041910171509,0.9458858966827393,255.0,105.0,2006016,808220
CairoMakie,Plot-A-Sine-Wave,2023-12-08,1.9.4,jeb-kr-amherst,8399c9b,0.11.3,227.261215,6.198166131973267,0.8062570095062256,252.0,106.0,2021804,822828
CairoMakie,Plot-A-Sine-Wave,2023-12-09,1.9.4,jeb-kr-amherst,8399c9b,0.11.3,211.919383,6.293515205383301,0.8105928897857666,255.0,105.0,2011884,825056
CairoMakie,Plot-A-Sine-Wave,2023-12-10,1.9.4,jeb-kr-amherst,8399c9b,0.11.3,212.995726,6.262782096862793,0.8081009387969971,258.0,105.0,2011864,807256
CairoMakie,Plot-A-Sine-Wave,2023-12-11,1.9.4,jeb-kr-amherst,8399c9b,0.11.3,247.744551,8.621135950088501,1.0209689140319824,241.0,102.0,2025316,808520
CairoMakie,Plot-A-Sine-Wave,2023-12-12,1.9.4,jeb-kr-amherst,8399c9b,0.11.3,208.653722,6.127507925033569,0.7376391887664795,257.0,106.0,2013296,840160
CairoMakie,Plot-A-Sine-Wave,2023-12-13,1.9.4,jeb-kr-amherst,8399c9b,0.11.3,208.853413,5.908771991729736,0.7647750377655029,259.0,106.0,2015260,809980
CairoMakie,Plot-A-Sine-Wave,2023-12-14,1.9.4,jeb-kr-amherst,8399c9b,0.11.3,209.816296,6.077773094177246,0.7843279838562012,258.0,107.0,2010676,809620
CairoMakie,Plot-A-Sine-Wave,2023-12-15,1.9.4,jeb-kr-amherst,8399c9b,0.11.3,209.654612,5.992457866668701,0.7893619537353516,260.0,105.0,2022936,805328
CairoMakie,Plot-A-Sine-Wave,2023-12-16,1.9.4,jeb-kr-amherst,8399c9b,0.11.3,210.230178,5.9226109981536865,0.7862181663513184,260.0,105.0,2014804,808224
CairoMakie,Plot-A-Sine-Wave,2023-12-17,1.9.4,jeb-kr-amherst,8399c9b,0.11.3,209.739357,5.924049139022827,0.7722389698028564,259.0,106.0,2021176,809220
CairoMakie,Plot-A-Sine-Wave,2023-12-18,1.9.4,jeb-kr-amherst,8399c9b,0.11.3,208.962135,5.891067981719971,0.7659101486206055,258.0,106.0,2011636,808796
CairoMakie,Plot-A-Sine-Wave,2023-12-19,1.9.4,jeb-kr-amherst,8399c9b,0.11.3,209.945337,5.891082048416138,0.7826118469238281,259.0,107.0,2013820,807900
CairoMakie,Plot-A-Sine-Wave,2023-12-20,1.9.4,jeb-kr-amherst,8399c9b,0.11.3,208.271181,5.9221110343933105,0.7533619403839111,260.0,105.0,2019560,826432
CairoMakie,Plot-A-Sine-Wave,2023-12-21,1.9.4,jeb-kr-amherst,8399c9b,0.11.4,208.035796,5.944373846054077,0.7729990482330322,259.0,105.0,2019012,808064
CairoMakie,Plot-A-Sine-Wave,2023-12-22,1.9.4,jeb-kr-amherst,8399c9b,0.11.4,207.704929,6.051587104797363,0.789625883102417,260.0,106.0,2015620,806636
CairoMakie,Plot-A-Sine-Wave,2023-12-23,1.9.4,jeb-kr-amherst,8399c9b,0.11.4,207.896609,6.027815818786621,0.7698280811309814,259.0,106.0,2004160,810380
CairoMakie,Plot-A-Sine-Wave,2023-12-24,1.9.4,jeb-kr-amherst,8399c9b,0.11.4,207.371918,6.05090594291687,0.7743420600891113,261.0,107.0,2012760,825708
CairoMakie,Plot-A-Sine-Wave,2023-12-25,1.9.4,jeb-kr-amherst,8399c9b,0.11.4,209.304367,6.021358013153076,0.7757201194763184,261.0,107.0,2025916,806672
CairoMakie,Plot-A-Sine-Wave,2023-12-26,1.9.4,jeb-kr-amherst,8399c9b,0.11.4,209.331227,5.977254867553711,0.7750701904296875,261.0,107.0,2025832,807028
CairoMakie,Plot-A-Sine-Wave,2023-12-27,1.9.4,jeb-kr-amherst,8399c9b,0.11.4,208.583461,5.965076923370361,0.7697129249572754,261.0,105.0,2007652,806124
CairoMakie,Plot-A-Sine-Wave,2023-12-28,1.9.4,jeb-kr-amherst,8399c9b,0.11.4,208.10442,6.025876045227051,0.7876441478729248,259.0,107.0,2012404,804004
CairoMakie,Plot-A-Sine-Wave,2023-12-29,1.9.4,jeb-kr-amherst,8399c9b,0.11.4,208.937264,6.048047065734863,0.7776408195495605,261.0,105.0,2020428,807796
CairoMakie,Plot-A-Sine-Wave,2023-12-30,1.10.0,jeb-kr-amherst,8399c9b,0.11.4,170.776274,2.464890956878662,0.6416740417480469,334.0,118.0,2148252,799052
CairoMakie,Plot-A-Sine-Wave,2023-12-31,1.10.0,jeb-kr-amherst,8399c9b,0.11.4,169.804925,2.51883602142334,0.5731639862060547,334.0,117.0,2230280,816672
CairoMakie,Plot-A-Sine-Wave,2024-01-01,1.10.0,jeb-kr-amherst,8399c9b,0.11.4,171.045863,2.451545000076294,0.5879299640655518,333.0,118.0,2179708,804344
CairoMakie,Plot-A-Sine-Wave,2024-01-02,1.10.0,jeb-kr-amherst,8399c9b,0.11.4,169.567756,2.48705792427063,0.6295011043548584,333.0,113.0,2210700,799604
CairoMakie,Plot-A-Sine-Wave,2024-01-03,1.10.0,jeb-kr-amherst,8399c9b,0.11.4,169.843292,2.4545860290527344,0.63596510887146,333.0,118.0,2182872,798944
CairoMakie,Plot-A-Sine-Wave,2024-01-04,1.10.0,jeb-kr-amherst,8399c9b,0.11.4,167.910055,2.5239150524139404,0.6332559585571289,333.0,115.0,2194612,799348
CairoMakie,Plot-A-Sine-Wave,2024-01-05,1.10.0,jeb-kr-amherst,8399c9b,0.11.5,169.056932,2.4962120056152344,0.5947048664093018,332.0,118.0,2217128,804660
CairoMakie,Plot-A-Sine-Wave,2024-01-06,1.10.0,jeb-kr-amherst,8399c9b,0.11.5,170.277723,2.470473051071167,0.5906610488891602,334.0,115.0,2221992,804740
CairoMakie,Plot-A-Sine-Wave,2024-01-07,1.10.0,jeb-kr-amherst,8399c9b,0.11.5,169.856028,2.484952926635742,0.5316009521484375,334.0,114.0,2236292,813548
CairoMakie,Plot-A-Sine-Wave,2024-01-08,1.10.0,jeb-kr-amherst,8399c9b,0.11.5,168.993834,2.527489185333252,0.5957729816436768,334.0,117.0,2284364,803444
CairoMakie,Plot-A-Sine-Wave,2024-01-09,1.10.0,jeb-kr-amherst,8399c9b,0.11.5,168.814958,2.521836996078491,0.5374629497528076,332.0,114.0,2179400,811072
CairoMakie,Plot-A-Sine-Wave,2024-01-10,1.10.0,jeb-kr-amherst,8399c9b,0.11.5,167.792437,2.4631099700927734,0.5889461040496826,333.0,118.0,2173504,803664
CairoMakie,Plot-A-Sine-Wave,2024-01-11,1.10.0,jeb-kr-amherst,8399c9b,0.11.5,168.068549,2.4598889350891113,0.5984258651733398,333.0,118.0,2203160,803060
CairoMakie,Plot-A-Sine-Wave,2024-01-12,1.10.0,jeb-kr-amherst,8399c9b,0.11.5,169.399235,2.5020461082458496,0.5990090370178223,334.0,115.0,2269036,803372
CairoMakie,Plot-A-Sine-Wave,2024-01-13,1.10.0,jeb-kr-amherst,8399c9b,0.11.5,169.357761,2.5120770931243896,0.6419939994812012,335.0,115.0,2195988,791236
CairoMakie,Plot-A-Sine-Wave,2024-01-14,1.10.0,jeb-kr-amherst,8399c9b,0.11.5,168.976402,2.556652069091797,0.6092879772186279,333.0,117.0,2161576,803556
CairoMakie,Plot-A-Sine-Wave,2024-01-15,1.10.0,jeb-kr-amherst,8399c9b,0.11.5,168.112507,2.4934749603271484,0.5339229106903076,334.0,117.0,2184104,812252
CairoMakie,Plot-A-Sine-Wave,2024-01-16,1.10.0,jeb-kr-amherst,8399c9b,0.11.5,169.777001,2.5076260566711426,0.5946009159088135,335.0,113.0,2190192,803976
CairoMakie,Plot-A-Sine-Wave,2024-01-17,1.10.0,jeb-kr-amherst,8399c9b,0.10.0,156.590321,2.168071985244751,0.7321419715881348,299.0,114.0,2285548,676560
CairoMakie,Plot-A-Sine-Wave,2024-01-18,1.10.0,jeb-kr-amherst,8399c9b,0.11.5,171.163098,2.495481014251709,0.5984640121459961,334.0,115.0,2205260,804504
CairoMakie,Plot-A-Sine-Wave,2024-01-19,1.10.0,jeb-kr-amherst,8399c9b,0.11.5,170.408319,2.5221688747406006,0.5991721153259277,334.0,114.0,2204844,804292
CairoMakie,Plot-A-Sine-Wave,2024-01-20,1.10.0,jeb-kr-amherst,8399c9b,0.11.5,170.953281,2.493190050125122,0.5998890399932861,335.0,116.0,2194292,805208
CairoMakie,Plot-A-Sine-Wave,2024-01-21,1.10.0,jeb-kr-amherst,8399c9b,0.11.5,170.513593,2.569728136062622,0.597553014755249,334.0,114.0,2202064,805188
CairoMakie,Plot-A-Sine-Wave,2024-01-22,1.10.0,jeb-kr-amherst,8399c9b,0.11.5,169.074871,2.47477388381958,0.5944249629974365,334.0,118.0,2211556,804184
CairoMakie,Plot-A-Sine-Wave,2024-01-23,1.10.0,jeb-kr-amherst,8399c9b,0.11.5,170.47646,2.4782581329345703,0.5974960327148438,333.0,118.0,2174440,804432
CairoMakie,Plot-A-Sine-Wave,2024-01-24,1.10.0,jeb-kr-amherst,8399c9b,0.11.5,170.174784,2.509553909301758,0.6005260944366455,334.0,116.0,2203724,804452
CairoMakie,Plot-A-Sine-Wave,2024-01-25,1.10.0,jeb-kr-amherst,8399c9b,0.11.6,168.855202,2.471449851989746,0.5943222045898438,333.0,117.0,2190968,804788
CairoMakie,Plot-A-Sine-Wave,2024-01-26,1.10.0,jeb-kr-amherst,8399c9b,0.11.6,206.568146,2.4941158294677734,0.594506025314331,325.0,118.0,2222080,804556
CairoMakie,Plot-A-Sine-Wave,2024-01-27,1.10.0,jeb-kr-amherst,8399c9b,0.11.6,207.069735,2.492893934249878,0.5966219902038574,324.0,116.0,2211392,804488
CairoMakie,Plot-A-Sine-Wave,2024-01-28,1.10.0,jeb-kr-amherst,8399c9b,0.11.6,206.557445,2.5104281902313232,0.6038529872894287,326.0,118.0,2214564,804536
CairoMakie,Plot-A-Sine-Wave,2024-01-29,1.10.0,jeb-kr-amherst,8399c9b,0.11.6,206.315992,2.478184938430786,0.5962851047515869,326.0,114.0,2225504,804132
CairoMakie,Plot-A-Sine-Wave,2024-01-30,1.10.0,jeb-kr-amherst,8399c9b,0.11.6,204.905342,2.5419509410858154,0.5961661338806152,327.0,117.0,2181372,804156
CairoMakie,Plot-A-Sine-Wave,2024-01-31,1.10.0,jeb-kr-amherst,8399c9b,0.11.6,207.824004,2.4755499362945557,0.5938570499420166,324.0,115.0,2226064,804484
CairoMakie,Plot-A-Sine-Wave,2024-02-01,1.10.0,jeb-kr-amherst,8399c9b,0.11.6,205.812521,2.509692907333374,0.5957150459289551,324.0,118.0,2213708,804492
CairoMakie,Plot-A-Sine-Wave,2024-02-02,1.10.0,jeb-kr-amherst,8399c9b,0.11.7,206.790407,2.482541084289551,0.6042709350585938,326.0,118.0,2208448,804412
CairoMakie,Plot-A-Sine-Wave,2024-02-03,1.10.0,jeb-kr-amherst,8399c9b,0.11.7,207.176912,2.4926629066467285,0.5950779914855957,325.0,116.0,2209624,804404
CairoMakie,Plot-A-Sine-Wave,2024-02-04,1.10.0,jeb-kr-amherst,8399c9b,0.11.8,205.057898,2.4739959239959717,0.5951411724090576,323.0,118.0,2180328,804656
CairoMakie,Plot-A-Sine-Wave,2024-02-05,1.10.0,jeb-kr-amherst,8399c9b,0.11.8,207.752733,2.5078189373016357,0.5953810214996338,325.0,113.0,2189660,803908
CairoMakie,Plot-A-Sine-Wave,2024-02-06,1.10.0,jeb-kr-amherst,8399c9b,0.11.8,206.796786,2.472043037414551,0.5958330631256104,326.0,118.0,2202808,804540
CairoMakie,Plot-A-Sine-Wave,2024-02-07,1.10.0,jeb-kr-amherst,8399c9b,0.11.8,204.607419,2.5655109882354736,0.5985851287841797,323.0,115.0,2228500,803568
CairoMakie,Plot-A-Sine-Wave,2024-02-08,1.10.0,jeb-kr-amherst,8399c9b,0.11.8,204.078452,2.470798969268799,0.5974481105804443,326.0,118.0,2242340,803536
CairoMakie,Plot-A-Sine-Wave,2024-02-09,1.10.0,jeb-kr-amherst,8399c9b,0.11.8,206.031763,2.4971649646759033,0.5970001220703125,326.0,113.0,2143532,805616
CairoMakie,Plot-A-Sine-Wave,2024-02-10,1.10.0,jeb-kr-amherst,8399c9b,0.11.8,208.601827,2.5164899826049805,0.5993051528930664,326.0,115.0,2256388,804076
CairoMakie,Plot-A-Sine-Wave,2024-02-11,1.10.0,jeb-kr-amherst,8399c9b,0.11.8,206.954482,2.45544695854187,0.5951290130615234,326.0,118.0,2316156,803756
CairoMakie,Plot-A-Sine-Wave,2024-02-12,1.10.0,jeb-kr-amherst,8399c9b,0.11.8,205.61872,2.4936280250549316,0.5992679595947266,325.0,118.0,2167816,803640
CairoMakie,Plot-A-Sine-Wave,2024-02-13,1.10.0,jeb-kr-amherst,8399c9b,0.11.8,205.704961,2.5245938301086426,0.5950050354003906,325.0,113.0,2236336,803688
CairoMakie,Plot-A-Sine-Wave,2024-02-14,1.10.0,jeb-kr-amherst,8399c9b,0.11.8,204.791613,2.4769668579101562,0.5933511257171631,325.0,113.0,2202568,804532
CairoMakie,Plot-A-Sine-Wave,2024-02-15,1.10.0,jeb-kr-amherst,8399c9b,0.11.8,448.764947,4.046635866165161,0.9514551162719727,230.0,106.0,2346024,804392
CairoMakie,Plot-A-Sine-Wave,2024-02-16,1.10.0,jeb-kr-amherst,8399c9b,0.11.8,227.679143,2.7628211975097656,0.6971349716186523,317.0,116.0,2289996,804596
CairoMakie,Plot-A-Sine-Wave,2024-02-17,1.10.0,jeb-kr-amherst,8399c9b,0.11.8,211.084973,2.499276876449585,0.5936670303344727,323.0,113.0,2237492,804652
CairoMakie,Plot-A-Sine-Wave,2024-02-18,1.10.0,jeb-kr-amherst,8399c9b,0.11.8,209.627815,2.512115955352783,0.5971169471740723,322.0,118.0,2252632,804196
CairoMakie,Plot-A-Sine-Wave,2024-02-19,1.10.0,jeb-kr-amherst,8399c9b,0.11.8,451.170317,5.956233024597168,1.5001060962677002,229.0,102.0,2369712,804768
CairoMakie,Plot-A-Sine-Wave,2024-02-20,1.10.1,jeb-kr-amherst,8399c9b,0.11.8,231.536022,2.8145411014556885,0.6307568550109863,316.0,113.0,2307124,806272
CairoMakie,Plot-A-Sine-Wave,2024-02-21,1.10.1,jeb-kr-amherst,8399c9b,0.11.8,213.971693,2.449368953704834,0.6009609699249268,322.0,118.0,2346944,796940
CairoMakie,Plot-A-Sine-Wave,2024-02-22,1.10.1,jeb-kr-amherst,8399c9b,0.11.8,209.557373,2.4334020614624023,0.5907101631164551,325.0,118.0,2297416,796696
CairoMakie,Plot-A-Sine-Wave,2024-02-23,1.10.1,jeb-kr-amherst,8399c9b,0.11.8,209.000191,2.4822299480438232,0.595134973526001,325.0,117.0,2289008,796532
CairoMakie,Plot-A-Sine-Wave,2024-02-24,1.10.1,jeb-kr-amherst,8399c9b,0.11.9,208.36567,2.4670820236206055,0.6021828651428223,325.0,113.0,2297016,796120
CairoMakie,Plot-A-Sine-Wave,2024-02-25,1.10.1,jeb-kr-amherst,8399c9b,0.11.9,208.631947,2.47957706451416,0.5984199047088623,325.0,114.0,2234376,796684
CairoMakie,Plot-A-Sine-Wave,2024-02-26,1.10.1,jeb-kr-amherst,8399c9b,0.11.9,209.393047,2.5082530975341797,0.6041979789733887,324.0,116.0,2218688,796296
CairoMakie,Plot-A-Sine-Wave,2024-02-27,1.10.1,jeb-kr-amherst,8399c9b,0.11.9,209.307815,2.472454786300659,0.6009550094604492,324.0,114.0,2366824,796672
CairoMakie,Plot-A-Sine-Wave,2024-02-28,1.10.1,jeb-kr-amherst,8399c9b,0.11.9,207.691765,2.4787240028381348,0.5957069396972656,325.0,114.0,2222312,797228
CairoMakie,Plot-A-Sine-Wave,2024-02-29,1.10.1,jeb-kr-amherst,8399c9b,0.11.9,208.673524,2.537933111190796,0.601262092590332,323.0,115.0,2215432,796284
CairoMakie,Plot-A-Sine-Wave,2024-03-01,1.10.1,jeb-kr-amherst,8399c9b,0.11.9,209.284543,2.4529800415039062,0.5363678932189941,325.0,118.0,2289384,805432
CairoMakie,Plot-A-Sine-Wave,2024-03-02,1.10.1,jeb-kr-amherst,8399c9b,0.11.9,210.301284,2.4676780700683594,0.5982799530029297,323.0,115.0,2344944,796744
CairoMakie,Plot-A-Sine-Wave,2024-03-03,1.10.1,jeb-kr-amherst,8399c9b,0.11.9,423.64407,5.674973964691162,1.523306131362915,241.0,103.0,2245684,797732
CairoMakie,Plot-A-Sine-Wave,2024-03-04,1.10.1,jeb-kr-amherst,8399c9b,0.11.9,251.084719,2.8161890506744385,0.7096810340881348,317.0,116.0,2247476,796804
CairoMakie,Plot-A-Sine-Wave,2024-03-05,1.10.1,jeb-kr-amherst,8399c9b,0.11.9,226.307249,2.594712972640991,0.6522281169891357,319.0,117.0,2376720,796384
CairoMakie,Plot-A-Sine-Wave,2024-03-06,1.10.1,jeb-kr-amherst,8399c9b,0.11.9,213.475903,2.5382280349731445,0.6262869834899902,322.0,113.0,2251452,796984
CairoMakie,Plot-A-Sine-Wave,2024-03-07,1.10.1,jeb-kr-amherst,8399c9b,0.11.9,211.162747,2.5833468437194824,0.6074120998382568,320.0,117.0,2324756,796596
CairoMakie,Plot-A-Sine-Wave,2024-03-08,1.10.1,jeb-kr-amherst,8399c9b,0.11.9,208.958723,2.524930953979492,0.6188158988952637,319.0,113.0,2308912,796912
CairoMakie,Plot-A-Sine-Wave,2024-03-09,1.10.1,jeb-kr-amherst,8399c9b,0.11.9,212.482663,2.4846131801605225,0.6010949611663818,311.0,113.0,2279668,795968
CairoMakie,Plot-A-Sine-Wave,2024-03-10,1.10.2,jeb-kr-amherst,8399c9b,0.11.9,208.070049,2.489154815673828,0.5997400283813477,323.0,114.0,2236496,802840
CairoMakie,Plot-A-Sine-Wave,2024-03-11,1.10.2,jeb-kr-amherst,8399c9b,0.11.9,211.824917,2.453643798828125,0.6010780334472656,322.0,115.0,2376488,802760
CairoMakie,Plot-A-Sine-Wave,2024-03-12,1.10.2,jeb-kr-amherst,8399c9b,0.11.9,210.41193,2.4355669021606445,0.6030771732330322,320.0,117.0,2239460,803268
CairoMakie,Plot-A-Sine-Wave,2024-03-13,1.10.2,jeb-kr-amherst,8399c9b,0.11.9,208.463105,2.414839029312134,0.6023910045623779,321.0,115.0,2216904,802888
CairoMakie,Plot-A-Sine-Wave,2024-03-14,1.10.2,jeb-kr-amherst,8399c9b,0.11.9,209.330293,2.400815010070801,0.5945181846618652,321.0,118.0,2316324,803748
CairoMakie,Plot-A-Sine-Wave,2024-03-15,1.10.2,jeb-kr-amherst,8399c9b,0.11.9,209.804896,2.399322986602783,0.5970780849456787,322.0,118.0,2225832,803024
CairoMakie,Plot-A-Sine-Wave,2024-03-16,1.10.2,jeb-kr-amherst,8399c9b,0.11.9,210.165934,2.4403750896453857,0.60282301902771,322.0,117.0,2320436,802732
CairoMakie,Plot-A-Sine-Wave,2024-03-17,1.10.2,jeb-kr-amherst,8399c9b,0.11.9,210.262072,2.4331839084625244,0.5377039909362793,324.0,113.0,2337832,812568
CairoMakie,Plot-A-Sine-Wave,2024-03-18,1.10.2,jeb-kr-amherst,8399c9b,0.11.9,208.745961,2.4319658279418945,0.6037092208862305,321.0,114.0,2361368,804088
CairoMakie,Plot-A-Sine-Wave,2024-03-19,1.10.2,jeb-kr-amherst,8399c9b,0.11.9,211.045652,2.486910104751587,0.6076929569244385,322.0,113.0,2291888,803368
CairoMakie,Plot-A-Sine-Wave,2024-03-20,1.10.2,jeb-kr-amherst,8399c9b,0.11.9,210.141413,2.4558708667755127,0.5979950428009033,321.0,114.0,2280956,804016
CairoMakie,Plot-A-Sine-Wave,2024-03-21,1.10.2,jeb-kr-amherst,8399c9b,0.11.9,209.128605,2.4296960830688477,0.608896017074585,323.0,114.0,2236276,803512
CairoMakie,Plot-A-Sine-Wave,2024-03-22,1.10.2,jeb-kr-amherst,8399c9b,0.11.9,169.451643,2.405780076980591,0.6006169319152832,335.0,118.0,2174156,803696
CairoMakie,Plot-A-Sine-Wave,2024-03-23,1.10.2,jeb-kr-amherst,8399c9b,0.11.9,170.020258,2.5590951442718506,0.6503469944000244,335.0,115.0,2290528,790828
CairoMakie,Plot-A-Sine-Wave,2024-03-24,1.10.2,jeb-kr-amherst,8399c9b,0.11.9,170.782909,2.39516019821167,0.6032629013061523,335.0,118.0,2302464,802980
CairoMakie,Plot-A-Sine-Wave,2024-03-25,1.10.2,jeb-kr-amherst,8399c9b,0.11.9,169.182558,2.406721830368042,0.603430986404419,334.0,118.0,2164980,803360
CairoMakie,Plot-A-Sine-Wave,2024-03-26,1.10.2,jeb-kr-amherst,8399c9b,0.11.9,169.519207,2.4134740829467773,0.6023938655853271,333.0,118.0,2162252,803660
CairoMakie,Plot-A-Sine-Wave,2024-03-27,1.10.2,jeb-kr-amherst,8399c9b,0.11.9,169.256142,2.4609479904174805,0.6477720737457275,334.0,115.0,2165076,791908
CairoMakie,Plot-A-Sine-Wave,2024-03-28,1.10.2,jeb-kr-amherst,8399c9b,0.11.9,170.443602,2.3942711353302,0.5959188938140869,334.0,118.0,2172244,802952
CairoMakie,Plot-A-Sine-Wave,2024-03-29,1.10.2,jeb-kr-amherst,8399c9b,0.11.9,170.552376,2.5063419342041016,0.6539580821990967,334.0,117.0,2150272,791032
CairoMakie,Plot-A-Sine-Wave,2024-03-30,1.10.2,jeb-kr-amherst,8399c9b,0.11.9,169.722789,2.4361140727996826,0.5452070236206055,334.0,118.0,2194872,812948
CairoMakie,Plot-A-Sine-Wave,2024-03-31,1.10.2,jeb-kr-amherst,8399c9b,0.11.9,170.330144,2.4359350204467773,0.5964159965515137,334.0,115.0,2229436,803528
CairoMakie,Plot-A-Sine-Wave,2024-04-01,1.10.2,jeb-kr-amherst,8399c9b,0.11.9,172.690541,2.473417043685913,0.6028690338134766,335.0,116.0,2204264,803608
CairoMakie,Plot-A-Sine-Wave,2024-04-02,1.10.2,jeb-kr-amherst,8399c9b,0.11.9,168.738868,2.4131338596343994,0.6018309593200684,335.0,118.0,2217160,803252
CairoMakie,Plot-A-Sine-Wave,2024-04-03,1.10.2,jeb-kr-amherst,8399c9b,0.11.9,169.545576,2.4561009407043457,0.5966088771820068,333.0,114.0,2187272,804044
CairoMakie,Plot-A-Sine-Wave,2024-04-04,1.10.2,jeb-kr-amherst,8399c9b,0.11.10,167.74125,2.4468190670013428,0.5861859321594238,334.0,118.0,2252020,793052
CairoMakie,Plot-A-Sine-Wave,2024-04-05,1.10.2,jeb-kr-amherst,8399c9b,0.11.10,166.987813,2.457664966583252,0.6433131694793701,333.0,115.0,2245640,793484
CairoMakie,Plot-A-Sine-Wave,2024-04-06,1.10.2,jeb-kr-amherst,8399c9b,0.11.10,167.758822,2.435441017150879,0.582726001739502,334.0,114.0,2245800,793472
CairoMakie,Plot-A-Sine-Wave,2024-04-07,1.10.2,jeb-kr-amherst,8399c9b,0.11.10,167.520672,2.428597927093506,0.6471030712127686,333.0,120.0,2158492,793344
CairoMakie,Plot-A-Sine-Wave,2024-04-08,1.10.2,jeb-kr-amherst,8399c9b,0.11.10,166.842803,2.516279935836792,0.6540610790252686,334.0,116.0,2187052,794512
CairoMakie,Plot-A-Sine-Wave,2024-04-09,1.10.2,jeb-kr-amherst,8399c9b,0.11.10,166.807789,2.472109079360962,0.64923095703125,334.0,115.0,2196756,793748
CairoMakie,Plot-A-Sine-Wave,2024-04-10,1.10.2,jeb-kr-amherst,8399c9b,0.11.10,168.310591,2.453610897064209,0.5522861480712891,335.0,114.0,2156628,804444
CairoMakie,Plot-A-Sine-Wave,2024-04-11,1.10.2,jeb-kr-amherst,8399c9b,0.11.10,167.676054,2.4689931869506836,0.6450209617614746,334.0,115.0,2169184,793564
CairoMakie,Plot-A-Sine-Wave,2024-04-12,1.10.2,jeb-kr-amherst,8399c9b,0.11.10,167.751185,2.433504819869995,0.5834190845489502,336.0,116.0,2193140,793032
CairoMakie,Plot-A-Sine-Wave,2024-04-13,1.10.2,jeb-kr-amherst,8399c9b,0.11.10,168.058005,2.428176164627075,0.6486859321594238,333.0,117.0,2211744,794120
CairoMakie,Plot-A-Sine-Wave,2024-04-14,1.10.2,jeb-kr-amherst,8399c9b,0.11.10,168.450847,2.450324058532715,0.5325169563293457,333.0,116.0,2158052,804372
CairoMakie,Plot-A-Sine-Wave,2024-04-15,1.10.2,jeb-kr-amherst,8399c9b,0.11.10,167.770407,2.461184024810791,0.6501820087432861,334.0,115.0,2178276,794712
CairoMakie,Plot-A-Sine-Wave,2024-04-16,1.10.2,jeb-kr-amherst,8399c9b,0.11.10,168.395315,2.472783088684082,0.6508078575134277,334.0,119.0,2160908,794148
CairoMakie,Plot-A-Sine-Wave,2024-04-17,1.10.2,jeb-kr-amherst,8399c9b,0.11.10,168.049532,2.510521173477173,0.6482799053192139,334.0,115.0,2189696,794224
CairoMakie,Plot-A-Sine-Wave,2024-04-18,1.10.2,jeb-kr-amherst,8399c9b,0.11.10,169.196936,2.4145209789276123,0.5460879802703857,335.0,118.0,2192064,804532
CairoMakie,Plot-A-Sine-Wave,2024-04-19,1.10.2,jeb-kr-amherst,8399c9b,0.11.10,167.857795,2.454025983810425,0.6413819789886475,333.0,116.0,2161256,794060
CairoMakie,Plot-A-Sine-Wave,2024-04-20,1.10.2,jeb-kr-amherst,8399c9b,0.11.10,328.975741,5.769878149032593,1.6664888858795166,255.0,104.0,2187456,794012
CairoMakie,Plot-A-Sine-Wave,2024-04-21,1.10.2,jeb-kr-amherst,8399c9b,0.11.10,193.556454,3.4916939735412598,0.8759970664978027,325.0,111.0,2172816,794440
CairoMakie,Plot-A-Sine-Wave,2024-04-22,1.10.2,jeb-kr-amherst,8399c9b,0.11.10,368.415235,3.0929880142211914,0.792680025100708,219.0,112.0,2213552,793904
CairoMakie,Plot-A-Sine-Wave,2024-04-23,1.10.2,jeb-kr-amherst,8399c9b,0.11.10,184.329104,2.643164873123169,0.6469399929046631,332.0,117.0,2169416,794392
CairoMakie,Plot-A-Sine-Wave,2024-04-24,1.10.2,jeb-kr-amherst,8399c9b,0.11.10,174.330637,2.603442907333374,0.6430909633636475,329.0,113.0,2182448,793636
CairoMakie,Plot-A-Sine-Wave,2024-04-25,1.10.2,jeb-kr-amherst,8399c9b,0.11.10,174.199881,2.5841569900512695,0.6414449214935303,329.0,113.0,2191516,794024
CairoMakie,Plot-A-Sine-Wave,2024-04-26,1.10.2,jeb-kr-amherst,8399c9b,0.11.10,176.251302,2.6361989974975586,0.7070169448852539,328.0,115.0,2188220,793756
CairoMakie,Plot-A-Sine-Wave,2024-04-27,1.10.2,jeb-kr-amherst,8399c9b,0.11.10,176.692044,2.609896183013916,0.640751838684082,327.0,114.0,2144132,793636
CairoMakie,Plot-A-Sine-Wave,2024-04-28,1.10.2,jeb-kr-amherst,8399c9b,0.11.10,176.914158,2.5470969676971436,0.6724820137023926,331.0,119.0,2190116,793576
CairoMakie,Plot-A-Sine-Wave,2024-04-29,1.10.2,jeb-kr-amherst,8399c9b,0.11.10,173.07171,2.594809055328369,0.6908590793609619,331.0,116.0,2174868,793776
CairoMakie,Plot-A-Sine-Wave,2024-04-30,1.10.2,jeb-kr-amherst,8399c9b,0.11.10,168.549563,2.4489991664886475,0.5842268466949463,335.0,114.0,2185584,794336
CairoMakie,Plot-A-Sine-Wave,2024-05-01,1.10.2,jeb-kr-amherst,8399c9b,0.11.10,168.978991,2.4518680572509766,0.5853948593139648,334.0,114.0,2175988,793932
CairoMakie,Plot-A-Sine-Wave,2024-05-02,1.10.2,jeb-kr-amherst,8399c9b,0.11.10,168.506471,2.4740231037139893,0.6557228565216064,335.0,118.0,2137976,792712
CairoMakie,Plot-A-Sine-Wave,2024-05-03,1.10.2,jeb-kr-amherst,8399c9b,0.11.10,169.724309,2.429218053817749,0.5821759700775146,333.0,116.0,2202592,793520
CairoMakie,Plot-A-Sine-Wave,2024-05-04,1.10.2,jeb-kr-amherst,8399c9b,0.11.10,169.025718,2.4406001567840576,0.5743229389190674,333.0,114.0,2189356,810968
CairoMakie,Plot-A-Sine-Wave,2024-05-05,1.10.2,jeb-kr-amherst,8399c9b,0.11.10,167.330007,2.4476611614227295,0.596606969833374,334.0,114.0,2175024,793216
CairoMakie,Plot-A-Sine-Wave,2024-05-06,1.10.2,jeb-kr-amherst,8399c9b,0.11.10,169.947901,2.5052411556243896,0.5525078773498535,334.0,114.0,2175112,805244
CairoMakie,Plot-A-Sine-Wave,2024-05-07,1.10.2,jeb-kr-amherst,8399c9b,0.11.10,169.117816,2.4158949851989746,0.6032991409301758,336.0,117.0,2170864,806924
CairoMakie,Plot-A-Sine-Wave,2024-05-08,1.10.2,jeb-kr-amherst,8399c9b,0.11.11,234.581088,2.66841197013855,0.8101921081542969,282.0,113.0,2194412,768180
CairoMakie,Plot-A-Sine-Wave,2024-05-09,1.10.2,jeb-kr-amherst,8399c9b,0.11.11,157.313512,2.2453231811523438,0.6152739524841309,318.0,119.0,2141352,768864
CairoMakie,Plot-A-Sine-Wave,2024-05-10,1.10.3,jeb-kr-amherst,8399c9b,0.12.0,173.912582,3.139838933944702,0.6183829307556152,312.0,118.0,2276616,858064
CairoMakie,Plot-A-Sine-Wave,2024-05-11,1.10.3,jeb-kr-amherst,8399c9b,0.12.0,170.209719,3.1525959968566895,0.5991499423980713,316.0,116.0,2268764,858424
CairoMakie,Plot-A-Sine-Wave,2024-05-12,1.10.3,jeb-kr-amherst,8399c9b,0.12.0,170.066966,3.1550679206848145,0.5017459392547607,314.0,118.0,2267116,827016
CairoMakie,Plot-A-Sine-Wave,2024-05-13,1.10.3,jeb-kr-amherst,8399c9b,0.12.0,171.915354,3.0435791015625,0.5708611011505127,315.0,115.0,2238320,858876
CairoMakie,Plot-A-Sine-Wave,2024-05-14,1.10.3,jeb-kr-amherst,8399c9b,0.12.0,180.884718,3.049813985824585,0.5632891654968262,314.0,116.0,2283796,858224
CairoMakie,Plot-A-Sine-Wave,2024-05-15,1.10.3,jeb-kr-amherst,8399c9b,0.12.0,179.838071,3.0949971675872803,0.49335503578186035,315.0,113.0,2308332,905856
CairoMakie,Plot-A-Sine-Wave,2024-05-16,1.10.3,jeb-kr-amherst,8399c9b,0.12.0,180.726089,2.992462158203125,0.574185848236084,314.0,119.0,2261732,858832
CairoMakie,Plot-A-Sine-Wave,2024-05-17,1.10.3,jeb-kr-amherst,8399c9b,0.12.0,181.101094,3.0451691150665283,0.4928419589996338,314.0,117.0,2258048,904108
CairoMakie,Plot-A-Sine-Wave,2024-05-18,1.10.3,jeb-kr-amherst,8399c9b,0.12.0,192.995545,3.437610149383545,1.2406818866729736,310.0,114.0,2291576,859080
CairoMakie,Plot-A-Sine-Wave,2024-05-19,1.10.3,jeb-kr-amherst,8399c9b,0.12.0,234.181211,3.4505131244659424,0.6490118503570557,300.0,117.0,2251368,827716
CairoMakie,Plot-A-Sine-Wave,2024-05-20,1.10.3,jeb-kr-amherst,8399c9b,0.12.0,192.57526,3.2879738807678223,0.6243631839752197,311.0,118.0,2267740,858516
CairoMakie,Plot-A-Sine-Wave,2024-05-21,1.10.3,jeb-kr-amherst,8399c9b,0.12.0,186.613784,3.1987979412078857,0.6087510585784912,312.0,119.0,2293744,857976
CairoMakie,Plot-A-Sine-Wave,2024-05-22,1.10.3,jeb-kr-amherst,8399c9b,0.12.1,197.218288,3.3116559982299805,0.5974650382995605,289.0,114.0,2265316,858788
CairoMakie,Plot-A-Sine-Wave,2024-05-23,1.10.3,jeb-kr-amherst,8399c9b,0.12.2,180.682203,3.0520389080047607,0.5681910514831543,316.0,115.0,2216120,859296
CairoMakie,Plot-A-Sine-Wave,2024-05-24,1.10.3,jeb-kr-amherst,8399c9b,0.12.2,180.583556,3.0527241230010986,0.566652774810791,315.0,115.0,2256164,858808
CairoMakie,Plot-A-Sine-Wave,2024-05-25,1.10.3,jeb-kr-amherst,8399c9b,0.12.2,181.936181,3.0869898796081543,0.49060893058776855,316.0,115.0,2333188,904388
CairoMakie,Plot-A-Sine-Wave,2024-05-26,1.10.3,jeb-kr-amherst,8399c9b,0.12.2,179.736378,2.988891839981079,0.5644881725311279,315.0,119.0,2273488,859420
CairoMakie,Plot-A-Sine-Wave,2024-05-27,1.10.3,jeb-kr-amherst,8399c9b,0.12.2,181.396947,3.0507771968841553,0.5692629814147949,314.0,119.0,2284488,859088
CairoMakie,Plot-A-Sine-Wave,2024-05-28,1.10.3,jeb-kr-amherst,8399c9b,0.12.2,180.030014,2.9930660724639893,0.5651869773864746,316.0,119.0,2238620,858784
CairoMakie,Plot-A-Sine-Wave,2024-05-29,1.10.3,jeb-kr-amherst,8399c9b,0.12.2,182.124234,3.003999948501587,0.5627419948577881,314.0,116.0,2264500,859708
CairoMakie,Plot-A-Sine-Wave,2024-05-30,1.10.3,jeb-kr-amherst,8399c9b,0.12.2,180.222069,3.046679973602295,0.5664219856262207,314.0,117.0,2230020,858956
CairoMakie,Plot-A-Sine-Wave,2024-05-31,1.10.3,jeb-kr-amherst,8399c9b,0.12.2,180.028265,2.9956610202789307,0.5631179809570312,313.0,116.0,2278228,859012
CairoMakie,Plot-A-Sine-Wave,2024-06-01,1.10.3,jeb-kr-amherst,8399c9b,0.12.2,181.114112,3.0530691146850586,0.5617198944091797,315.0,115.0,2228356,859192
CairoMakie,Plot-A-Sine-Wave,2024-06-02,1.10.3,jeb-kr-amherst,8399c9b,0.12.2,180.20082,3.04413104057312,0.5685210227966309,316.0,116.0,2281196,858668
CairoMakie,Plot-A-Sine-Wave,2024-06-03,1.10.3,jeb-kr-amherst,8399c9b,0.12.2,179.753945,3.146451950073242,0.5670590400695801,316.0,117.0,2280768,859088
CairoMakie,Plot-A-Sine-Wave,2024-06-04,1.10.3,jeb-kr-amherst,8399c9b,0.12.2,181.085194,3.099707841873169,0.5674262046813965,315.0,118.0,2284896,858368
CairoMakie,Plot-A-Sine-Wave,2024-06-05,1.10.3,jeb-kr-amherst,8399c9b,0.12.2,182.050516,3.1252849102020264,0.5761101245880127,312.0,117.0,2238992,858312
CairoMakie,Plot-A-Sine-Wave,2024-06-06,1.10.3,jeb-kr-amherst,8399c9b,0.12.2,178.157464,3.0139291286468506,0.5686509609222412,313.0,115.0,2271720,858704
CairoMakie,Plot-A-Sine-Wave,2024-06-07,1.10.3,jeb-kr-amherst,8399c9b,0.12.2,180.138801,3.0155739784240723,0.5680727958679199,314.0,119.0,2313928,858428
CairoMakie,Plot-A-Sine-Wave,2024-06-08,1.10.3,jeb-kr-amherst,8399c9b,0.12.2,181.222178,3.066149950027466,0.5635340213775635,314.0,119.0,2238968,859180
CairoMakie,Plot-A-Sine-Wave,2024-06-09,1.10.3,jeb-kr-amherst,8399c9b,0.12.2,181.237259,3.002845048904419,0.5691690444946289,312.0,119.0,2252728,858852
CairoMakie,Plot-A-Sine-Wave,2024-06-10,1.10.4,jeb-kr-amherst,8399c9b,0.12.2,182.248821,3.0225839614868164,0.5631961822509766,315.0,116.0,2239712,858204
CairoMakie,Plot-A-Sine-Wave,2024-06-11,1.10.4,jeb-kr-amherst,8399c9b,0.12.2,181.609479,3.0195140838623047,0.5664148330688477,315.0,118.0,2271372,858560
CairoMakie,Plot-A-Sine-Wave,2024-06-12,1.10.4,jeb-kr-amherst,8399c9b,0.12.2,181.592577,3.002645969390869,0.5694921016693115,316.0,119.0,2297412,858324
CairoMakie,Plot-A-Sine-Wave,2024-06-13,1.10.4,jeb-kr-amherst,8399c9b,0.12.2,181.049305,3.0794730186462402,0.4970419406890869,315.0,118.0,2284896,840084
CairoMakie,Plot-A-Sine-Wave,2024-06-14,1.10.4,jeb-kr-amherst,8399c9b,0.12.2,181.341225,3.0952351093292236,0.5638859272003174,316.0,115.0,2301444,858304
CairoMakie,Plot-A-Sine-Wave,2024-06-15,1.10.4,jeb-kr-amherst,8399c9b,0.12.2,180.794003,3.0477728843688965,0.49707603454589844,317.0,115.0,2301376,841652
CairoMakie,Plot-A-Sine-Wave,2024-06-16,1.10.4,jeb-kr-amherst,8399c9b,0.12.2,182.13585,3.032135009765625,0.5695700645446777,315.0,117.0,2335688,858536
CairoMakie,Plot-A-Sine-Wave,2024-06-17,1.10.4,jeb-kr-amherst,8399c9b,0.12.3,181.402875,3.057380199432373,0.5653228759765625,315.0,115.0,2280596,858280
CairoMakie,Plot-A-Sine-Wave,2024-06-18,1.10.4,jeb-kr-amherst,8399c9b,0.12.3,182.970249,3.0886430740356445,0.5684089660644531,314.0,115.0,2289920,858164
CairoMakie,Plot-A-Sine-Wave,2024-06-19,1.10.4,jeb-kr-amherst,8399c9b,0.12.3,182.81349,3.035231828689575,0.56746506690979,316.0,119.0,2238800,857992
CairoMakie,Plot-A-Sine-Wave,2024-06-20,1.10.4,jeb-kr-amherst,8399c9b,0.12.3,181.480176,2.9960598945617676,0.5686581134796143,315.0,119.0,2235908,858820
CairoMakie,Plot-A-Sine-Wave,2024-06-21,1.10.4,jeb-kr-amherst,8399c9b,0.12.3,182.225572,3.0550448894500732,0.5007431507110596,315.0,114.0,2306272,840332
CairoMakie,Plot-A-Sine-Wave,2024-06-22,1.10.4,jeb-kr-amherst,8399c9b,0.12.3,181.385251,3.0943031311035156,0.5692398548126221,315.0,115.0,2264944,859184
CairoMakie,Plot-A-Sine-Wave,2024-06-23,1.10.4,jeb-kr-amherst,8399c9b,0.12.3,180.551928,3.0465199947357178,0.568648099899292,316.0,115.0,2249764,858148
CairoMakie,Plot-A-Sine-Wave,2024-06-24,1.10.4,jeb-kr-amherst,8399c9b,0.12.3,181.949261,3.004739999771118,0.5656368732452393,316.0,119.0,2272644,858420
CairoMakie,Plot-A-Sine-Wave,2024-06-25,1.10.4,jeb-kr-amherst,8399c9b,0.12.3,182.25929,3.12479305267334,0.4935619831085205,315.0,115.0,2255992,841812
CairoMakie,Plot-A-Sine-Wave,2024-06-26,1.10.4,jeb-kr-amherst,8399c9b,0.12.3,181.000118,3.069147825241089,0.5676219463348389,314.0,115.0,2258004,858960
CairoMakie,Plot-A-Sine-Wave,2024-06-27,1.10.4,jeb-kr-amherst,8399c9b,0.12.3,181.985951,3.053544044494629,0.5721700191497803,316.0,115.0,2309572,858756
CairoMakie,Plot-A-Sine-Wave,2024-06-28,1.10.4,jeb-kr-amherst,8399c9b,0.12.3,182.334497,3.0512630939483643,0.5729010105133057,316.0,115.0,2271544,858168
CairoMakie,Plot-A-Sine-Wave,2024-06-29,1.10.4,jeb-kr-amherst,8399c9b,0.12.3,182.662543,3.0847790241241455,0.5658609867095947,316.0,115.0,2283320,858808
CairoMakie,Plot-A-Sine-Wave,2024-06-30,1.10.4,jeb-kr-amherst,8399c9b,0.12.3,181.430344,3.05853009223938,0.4946868419647217,315.0,116.0,2258624,840660
CairoMakie,Plot-A-Sine-Wave,2024-07-01,1.10.4,jeb-kr-amherst,8399c9b,0.12.3,181.532544,3.016723871231079,0.5693321228027344,316.0,115.0,2276252,858020
CairoMakie,Plot-A-Sine-Wave,2024-07-02,1.10.4,jeb-kr-amherst,8399c9b,0.12.3,181.64189,3.0069241523742676,0.5630970001220703,314.0,116.0,2297352,858608
CairoMakie,Plot-A-Sine-Wave,2024-07-03,1.10.4,jeb-kr-amherst,8399c9b,0.12.4,180.965409,3.0547611713409424,0.5726358890533447,315.0,115.0,2358608,857940
CairoMakie,Plot-A-Sine-Wave,2024-07-04,1.10.4,jeb-kr-amherst,8399c9b,0.12.4,182.328361,3.045473098754883,0.5642549991607666,316.0,115.0,2265820,858344
CairoMakie,Plot-A-Sine-Wave,2024-07-05,1.10.4,jeb-kr-amherst,8399c9b,0.12.4,181.594089,2.9908368587493896,0.5691871643066406,314.0,119.0,2253884,858740
CairoMakie,Plot-A-Sine-Wave,2024-07-06,1.10.4,jeb-kr-amherst,8399c9b,0.12.4,180.656933,3.043333053588867,0.5648200511932373,316.0,116.0,2226248,858180
CairoMakie,Plot-A-Sine-Wave,2024-07-07,1.10.4,jeb-kr-amherst,8399c9b,0.12.4,181.946502,3.067880868911743,0.5667710304260254,316.0,115.0,2275904,859152
CairoMakie,Plot-A-Sine-Wave,2024-07-08,1.10.4,jeb-kr-amherst,8399c9b,0.12.5,180.064556,3.0422871112823486,0.498276948928833,317.0,118.0,2310588,841124
CairoMakie,Plot-A-Sine-Wave,2024-07-09,1.10.4,jeb-kr-amherst,8399c9b,0.12.5,179.743705,3.0687081813812256,0.5000288486480713,315.0,114.0,2248848,841180
CairoMakie,Plot-A-Sine-Wave,2024-07-10,1.10.4,jeb-kr-amherst,8399c9b,0.12.5,181.87792,3.0023961067199707,0.5664339065551758,316.0,119.0,2261624,858652
CairoMakie,Plot-A-Sine-Wave,2024-07-11,1.10.4,jeb-kr-amherst,8399c9b,0.12.5,182.022656,3.0408880710601807,0.5678000450134277,316.0,119.0,2292768,858864
CairoMakie,Plot-A-Sine-Wave,2024-07-12,1.10.4,jeb-kr-amherst,8399c9b,0.12.5,182.772254,3.1310629844665527,0.5785579681396484,314.0,116.0,2334836,858836
CairoMakie,Plot-A-Sine-Wave,2024-07-13,1.10.4,jeb-kr-amherst,8399c9b,0.12.5,180.970948,3.018688917160034,0.570451021194458,316.0,119.0,2208008,857680
CairoMakie,Plot-A-Sine-Wave,2024-07-14,1.10.4,jeb-kr-amherst,8399c9b,0.12.5,181.841654,3.041240930557251,0.5648729801177979,314.0,115.0,2291752,858236
CairoMakie,Plot-A-Sine-Wave,2024-07-15,1.10.4,jeb-kr-amherst,8399c9b,0.12.5,180.939448,3.003060817718506,0.566521167755127,316.0,119.0,2238388,858768
CairoMakie,Plot-A-Sine-Wave,2024-07-16,1.10.4,jeb-kr-amherst,8399c9b,0.12.5,181.586656,3.0127170085906982,0.5691208839416504,315.0,119.0,2215916,858240
CairoMakie,Plot-A-Sine-Wave,2024-07-17,1.10.4,jeb-kr-amherst,8399c9b,0.12.5,181.185912,3.0402328968048096,0.5682711601257324,318.0,115.0,2260584,858512
CairoMakie,Plot-A-Sine-Wave,2024-07-18,1.10.4,jeb-kr-amherst,8399c9b,0.12.5,179.751355,3.073848009109497,0.5713000297546387,314.0,118.0,2295896,858372
CairoMakie,Plot-A-Sine-Wave,2024-07-19,1.10.4,jeb-kr-amherst,8399c9b,0.12.5,182.283678,3.0452959537506104,0.4821889400482178,316.0,118.0,2278608,824884
CairoMakie,Plot-A-Sine-Wave,2024-07-20,1.10.4,jeb-kr-amherst,8399c9b,0.12.5,181.8432,3.120432138442993,0.5672829151153564,317.0,115.0,2260972,858112
CairoMakie,Plot-A-Sine-Wave,2024-07-21,1.10.4,jeb-kr-amherst,8399c9b,0.12.5,182.663722,3.0752909183502197,0.5714249610900879,317.0,119.0,2259288,858560
CairoMakie,Plot-A-Sine-Wave,2024-07-22,1.10.4,jeb-kr-amherst,8399c9b,0.12.5,182.13408,3.081479787826538,0.5736911296844482,317.0,118.0,2265216,858288
CairoMakie,Plot-A-Sine-Wave,2024-07-23,1.10.4,jeb-kr-amherst,8399c9b,0.12.5,182.882236,3.0886130332946777,0.5674560070037842,316.0,119.0,2267936,858948
CairoMakie,Plot-A-Sine-Wave,2024-07-24,1.10.4,jeb-kr-amherst,8399c9b,0.12.5,182.120862,3.0455048084259033,0.5663421154022217,316.0,119.0,2253624,858036
CairoMakie,Plot-A-Sine-Wave,2024-07-25,1.10.4,jeb-kr-amherst,8399c9b,0.12.5,183.485424,3.0965700149536133,0.5711500644683838,315.0,116.0,2317680,858936
CairoMakie,Plot-A-Sine-Wave,2024-07-26,1.10.4,jeb-kr-amherst,8399c9b,0.12.5,183.178127,3.040605068206787,0.572624921798706,315.0,119.0,2362292,858816
CairoMakie,Plot-A-Sine-Wave,2024-07-27,1.10.4,jeb-kr-amherst,8399c9b,0.12.5,182.294268,3.069490909576416,0.5717930793762207,316.0,115.0,2272056,859300
CairoMakie,Plot-A-Sine-Wave,2024-07-28,1.10.4,jeb-kr-amherst,8399c9b,0.12.5,183.126954,3.063775062561035,0.5727849006652832,316.0,119.0,2258072,860128
CairoMakie,Plot-A-Sine-Wave,2024-07-29,1.10.4,jeb-kr-amherst,8399c9b,0.12.5,182.990698,3.0067238807678223,0.5682392120361328,315.0,119.0,2299344,859732
CairoMakie,Plot-A-Sine-Wave,2024-07-30,1.10.4,jeb-kr-amherst,8399c9b,0.12.5,183.753205,3.0990850925445557,0.5661568641662598,316.0,119.0,2257076,860084
CairoMakie,Plot-A-Sine-Wave,2024-07-31,1.10.4,jeb-kr-amherst,8399c9b,0.12.5,182.547489,3.0738301277160645,0.5686728954315186,316.0,118.0,2299952,860808
CairoMakie,Plot-A-Sine-Wave,2024-08-01,1.10.4,jeb-kr-amherst,8399c9b,0.12.5,182.262145,3.0708999633789062,0.5671820640563965,315.0,116.0,2264324,860696
CairoMakie,Plot-A-Sine-Wave,2024-08-02,1.10.4,jeb-kr-amherst,8399c9b,0.12.5,183.114508,3.0325329303741455,0.5658478736877441,316.0,115.0,2328212,859744
CairoMakie,Plot-A-Sine-Wave,2024-08-03,1.10.4,jeb-kr-amherst,8399c9b,0.12.5,182.602308,3.0391101837158203,0.5687239170074463,315.0,119.0,2285944,860568
CairoMakie,Plot-A-Sine-Wave,2024-08-04,1.10.4,jeb-kr-amherst,8399c9b,0.12.5,182.555227,3.055936813354492,0.5718820095062256,315.0,116.0,2274668,859840
CairoMakie,Plot-A-Sine-Wave,2024-08-05,1.10.4,jeb-kr-amherst,8399c9b,0.12.5,182.242821,3.114363193511963,0.5053739547729492,316.0,114.0,2278876,843492
CairoMakie,Plot-A-Sine-Wave,2024-08-06,1.10.4,jeb-kr-amherst,8399c9b,0.12.5,182.018227,3.088207960128784,0.4954569339752197,316.0,118.0,2288984,843708
CairoMakie,Plot-A-Sine-Wave,2024-08-07,1.10.4,jeb-kr-amherst,8399c9b,0.12.5,182.386906,3.050006866455078,0.569221019744873,317.0,119.0,2223752,859848
CairoMakie,Plot-A-Sine-Wave,2024-08-08,1.10.4,jeb-kr-amherst,8399c9b,0.12.5,182.776522,3.085526943206787,0.5629091262817383,316.0,116.0,2276600,860816
CairoMakie,Plot-A-Sine-Wave,2024-08-09,1.10.4,jeb-kr-amherst,8399c9b,0.12.5,184.097544,3.201155185699463,0.5150430202484131,314.0,114.0,2247576,842644
CairoMakie,Plot-A-Sine-Wave,2024-08-10,1.10.4,jeb-kr-amherst,8399c9b,0.12.5,184.246141,3.023129940032959,0.5670590400695801,315.0,115.0,2255592,859924
CairoMakie,Plot-A-Sine-Wave,2024-08-11,1.10.4,jeb-kr-amherst,8399c9b,0.12.5,183.85468,3.008194923400879,0.49065208435058594,316.0,116.0,2287024,906340
CairoMakie,Plot-A-Sine-Wave,2024-08-12,1.10.4,jeb-kr-amherst,8399c9b,0.12.5,183.191461,3.040699005126953,0.5674951076507568,316.0,119.0,2277776,859336
CairoMakie,Plot-A-Sine-Wave,2024-08-13,1.10.4,jeb-kr-amherst,8399c9b,0.12.5,182.177284,3.0565760135650635,0.5754439830780029,315.0,117.0,2315824,860548
CairoMakie,Plot-A-Sine-Wave,2024-08-14,1.10.4,jeb-kr-amherst,8399c9b,0.12.6,183.696144,3.1067821979522705,0.5736057758331299,314.0,118.0,2313128,863892
CairoMakie,Plot-A-Sine-Wave,2024-08-15,1.10.4,jeb-kr-amherst,8399c9b,0.12.6,183.47959,3.077570915222168,0.5719220638275146,313.0,119.0,2275856,864920
CairoMakie,Plot-A-Sine-Wave,2024-08-16,1.10.4,jeb-kr-amherst,8399c9b,0.12.6,184.441898,3.0687718391418457,0.5681650638580322,314.0,118.0,2276668,864016
CairoMakie,Plot-A-Sine-Wave,2024-08-17,1.10.4,jeb-kr-amherst,8399c9b,0.12.6,183.31351,3.027355194091797,0.5680148601531982,313.0,117.0,2257356,864268
CairoMakie,Plot-A-Sine-Wave,2024-08-18,1.10.4,jeb-kr-amherst,8399c9b,0.12.6,184.065426,3.033446788787842,0.4895651340484619,314.0,114.0,2289664,907944
CairoMakie,Plot-A-Sine-Wave,2024-08-19,1.10.4,jeb-kr-amherst,8399c9b,0.12.7,183.649336,3.07668399810791,0.5668931007385254,312.0,118.0,2295872,864348
CairoMakie,Plot-A-Sine-Wave,2024-08-20,1.10.4,jeb-kr-amherst,8399c9b,0.12.7,182.76003,3.115877866744995,0.49451208114624023,312.0,116.0,2293184,909916
CairoMakie,Plot-A-Sine-Wave,2024-08-21,1.10.4,jeb-kr-amherst,8399c9b,0.12.7,184.199093,3.093386173248291,0.5701799392700195,314.0,115.0,2294760,864200
CairoMakie,Plot-A-Sine-Wave,2024-08-22,1.10.4,jeb-kr-amherst,8399c9b,0.12.7,184.607084,3.0301480293273926,0.5656239986419678,313.0,119.0,2267228,864404
CairoMakie,Plot-A-Sine-Wave,2024-08-23,1.10.4,jeb-kr-amherst,8399c9b,0.12.7,183.570332,3.0471200942993164,0.5712687969207764,315.0,115.0,2281016,863620
CairoMakie,Plot-A-Sine-Wave,2024-08-24,1.10.4,jeb-kr-amherst,8399c9b,0.12.7,183.852082,3.0183980464935303,0.566572904586792,312.0,119.0,2333884,863344
CairoMakie,Plot-A-Sine-Wave,2024-08-25,1.10.4,jeb-kr-amherst,8399c9b,0.12.7,184.470998,3.0405001640319824,0.5726029872894287,314.0,119.0,2334252,863616
CairoMakie,Plot-A-Sine-Wave,2024-08-26,1.10.4,jeb-kr-amherst,8399c9b,0.12.7,183.986324,3.0356321334838867,0.5649118423461914,314.0,119.0,2276200,864276
CairoMakie,Plot-A-Sine-Wave,2024-08-27,1.10.4,jeb-kr-amherst,8399c9b,0.12.8,183.953494,3.127586841583252,0.5697541236877441,314.0,115.0,2288596,863520
CairoMakie,Plot-A-Sine-Wave,2024-08-28,1.10.4,jeb-kr-amherst,8399c9b,0.12.9,183.730191,2.947476863861084,0.5952000617980957,315.0,117.0,2300268,820684
CairoMakie,Plot-A-Sine-Wave,2024-08-29,1.10.4,jeb-kr-amherst,8399c9b,0.12.9,183.887845,3.0838232040405273,0.5719809532165527,315.0,115.0,2275256,860376
CairoMakie,Plot-A-Sine-Wave,2024-08-30,1.10.5,jeb-kr-amherst,8399c9b,0.12.9,182.989218,3.097820997238159,0.5695531368255615,316.0,116.0,2296848,861236
CairoMakie,Plot-A-Sine-Wave,2024-08-31,1.10.5,jeb-kr-amherst,8399c9b,0.12.9,184.012515,2.9359068870544434,0.5862419605255127,313.0,116.0,2316992,821020
CairoMakie,Plot-A-Sine-Wave,2024-09-01,1.10.5,jeb-kr-amherst,8399c9b,0.12.9,183.240313,3.0816218852996826,0.5692479610443115,315.0,115.0,2265980,861840
CairoMakie,Plot-A-Sine-Wave,2024-09-02,1.10.5,jeb-kr-amherst,8399c9b,0.12.9,185.524708,3.0813939571380615,0.5689260959625244,314.0,119.0,2289756,861720
CairoMakie,Plot-A-Sine-Wave,2024-09-03,1.10.5,jeb-kr-amherst,8399c9b,0.12.9,185.396095,2.908869981765747,0.5867669582366943,315.0,118.0,2265420,822300
CairoMakie,Plot-A-Sine-Wave,2024-09-04,1.10.5,jeb-kr-amherst,8399c9b,0.12.9,185.94371,2.950745105743408,0.5865778923034668,315.0,114.0,2236760,821008
CairoMakie,Plot-A-Sine-Wave,2024-09-05,1.10.5,jeb-kr-amherst,8399c9b,0.12.9,186.003023,2.958946943283081,0.5851991176605225,314.0,114.0,2258868,822184
CairoMakie,Plot-A-Sine-Wave,2024-09-06,1.10.5,jeb-kr-amherst,8399c9b,0.12.9,184.205234,2.9850080013275146,0.5938711166381836,314.0,114.0,2255460,822780
CairoMakie,Plot-A-Sine-Wave,2024-09-07,1.10.5,jeb-kr-amherst,8399c9b,0.12.9,186.490027,2.9876320362091064,0.5910379886627197,316.0,117.0,2269396,821844
CairoMakie,Plot-A-Sine-Wave,2024-09-08,1.10.5,jeb-kr-amherst,8399c9b,0.12.9,185.138053,2.9403979778289795,0.5883288383483887,314.0,118.0,2273816,821008
CairoMakie,Plot-A-Sine-Wave,2024-09-09,1.10.5,jeb-kr-amherst,8399c9b,0.12.9,183.711508,2.909862995147705,0.589163064956665,314.0,118.0,2241812,821136
CairoMakie,Plot-A-Sine-Wave,2024-09-10,1.10.5,jeb-kr-amherst,8399c9b,0.12.9,184.441356,2.9509081840515137,0.5849878787994385,315.0,114.0,2263136,821628
CairoMakie,Plot-A-Sine-Wave,2024-09-11,1.10.5,jeb-kr-amherst,8399c9b,0.12.9,185.260021,2.9620749950408936,0.4897458553314209,314.0,114.0,2329660,830780
CairoMakie,Plot-A-Sine-Wave,2024-09-12,1.10.5,jeb-kr-amherst,8399c9b,0.12.9,185.944387,2.9010980129241943,0.589932918548584,316.0,117.0,2297700,821276
CairoMakie,Plot-A-Sine-Wave,2024-09-13,1.10.5,jeb-kr-amherst,8399c9b,0.12.10,185.724182,3.247062921524048,0.6052160263061523,313.0,118.0,2355016,888372
CairoMakie,Plot-A-Sine-Wave,2024-09-14,1.10.5,jeb-kr-amherst,8399c9b,0.12.10,185.400894,3.331862211227417,0.5995998382568359,313.0,114.0,2311252,888436
CairoMakie,Plot-A-Sine-Wave,2024-09-15,1.10.5,jeb-kr-amherst,8399c9b,0.12.11,186.670485,3.246936082839966,0.597222089767456,314.0,118.0,2317100,888036
CairoMakie,Plot-A-Sine-Wave,2024-09-16,1.10.5,jeb-kr-amherst,8399c9b,0.12.11,186.214635,3.27078914642334,0.594641923904419,315.0,118.0,2282904,888572
CairoMakie,Plot-A-Sine-Wave,2024-09-17,1.10.5,jeb-kr-amherst,8399c9b,0.12.11,186.385752,3.3537189960479736,0.6015748977661133,313.0,117.0,2320964,888344
CairoMakie,Plot-A-Sine-Wave,2024-09-18,1.10.5,jeb-kr-amherst,8399c9b,0.12.11,185.250977,3.261244058609009,0.5963170528411865,314.0,115.0,2308364,889104
CairoMakie,Plot-A-Sine-Wave,2024-09-19,1.10.5,jeb-kr-amherst,8399c9b,0.12.11,187.307148,3.268625020980835,0.5981831550598145,315.0,115.0,2291664,888808
CairoMakie,Plot-A-Sine-Wave,2024-09-20,1.10.5,jeb-kr-amherst,8399c9b,0.12.11,187.019878,3.278975009918213,0.5967659950256348,313.0,115.0,2349524,888980
CairoMakie,Plot-A-Sine-Wave,2024-09-21,1.10.5,jeb-kr-amherst,8399c9b,0.12.11,187.944817,3.25946307182312,0.4929540157318115,313.0,114.0,2363840,953752
CairoMakie,Plot-A-Sine-Wave,2024-09-22,1.10.5,jeb-kr-amherst,8399c9b,0.12.11,186.991629,3.224713087081909,0.5951130390167236,313.0,118.0,2349988,889376
CairoMakie,Plot-A-Sine-Wave,2024-09-23,1.10.5,jeb-kr-amherst,8399c9b,0.12.11,187.015696,3.338819980621338,0.5975921154022217,315.0,114.0,2334368,888496
CairoMakie,Plot-A-Sine-Wave,2024-09-24,1.10.5,jeb-kr-amherst,8399c9b,0.12.11,185.753691,3.3157529830932617,0.6017649173736572,314.0,117.0,2349676,889248
CairoMakie,Plot-A-Sine-Wave,2024-09-25,1.10.5,jeb-kr-amherst,8399c9b,0.12.11,187.442451,3.3153491020202637,0.6005349159240723,314.0,116.0,2280740,888848
CairoMakie,Plot-A-Sine-Wave,2024-09-26,1.10.5,jeb-kr-amherst,8399c9b,0.12.11,187.209783,3.279344081878662,0.5670077800750732,315.0,115.0,2313816,888544
CairoMakie,Plot-A-Sine-Wave,2024-09-27,1.10.5,jeb-kr-amherst,8399c9b,0.12.11,186.927011,3.2712180614471436,0.5976510047912598,315.0,118.0,2294644,888940
CairoMakie,Plot-A-Sine-Wave,2024-09-28,1.10.5,jeb-kr-amherst,8399c9b,0.12.11,187.419193,3.3530800342559814,0.626335859298706,312.0,117.0,2335984,888760
CairoMakie,Plot-A-Sine-Wave,2024-09-29,1.10.5,jeb-kr-amherst,8399c9b,0.12.12,185.513889,3.249556064605713,0.5955049991607666,315.0,118.0,2320784,888496
CairoMakie,Plot-A-Sine-Wave,2024-09-30,1.10.5,jeb-kr-amherst,8399c9b,0.12.12,185.893608,3.3351590633392334,0.5963900089263916,314.0,114.0,2271116,888216
CairoMakie,Plot-A-Sine-Wave,2024-10-01,1.10.5,jeb-kr-amherst,8399c9b,0.12.12,185.405405,3.319530963897705,0.5998241901397705,313.0,115.0,2325320,888412
CairoMakie,Plot-A-Sine-Wave,2024-10-02,1.10.5,jeb-kr-amherst,8399c9b,0.12.12,197.050389,3.5587170124053955,0.49030494689941406,331.0,116.0,2384520,903960
CairoMakie,Plot-A-Sine-Wave,2024-10-03,1.10.5,jeb-kr-amherst,8399c9b,0.12.12,196.787773,3.4774060249328613,0.48834991455078125,330.0,115.0,2349492,899536
CairoMakie,Plot-A-Sine-Wave,2024-10-04,1.10.5,jeb-kr-amherst,8399c9b,0.12.12,197.203768,3.4612951278686523,0.4899568557739258,329.0,116.0,2404248,900096
CairoMakie,Plot-A-Sine-Wave,2024-10-05,1.10.5,jeb-kr-amherst,8399c9b,0.12.12,196.253991,3.4811151027679443,0.49049997329711914,329.0,116.0,2366008,900400
CairoMakie,Plot-A-Sine-Wave,2024-10-06,1.10.5,jeb-kr-amherst,8399c9b,0.12.12,197.63199,3.55666184425354,0.4917891025543213,330.0,116.0,2372476,904212
CairoMakie,Plot-A-Sine-Wave,2024-10-07,1.10.5,jeb-kr-amherst,8399c9b,0.12.12,195.725073,3.4925920963287354,0.4905989170074463,328.0,113.0,2452476,899572
CairoMakie,Plot-A-Sine-Wave,2024-10-08,1.10.5,jeb-kr-amherst,8399c9b,0.12.13,220.746648,3.78952693939209,0.5043201446533203,314.0,113.0,3070760,937328
CairoMakie,Plot-A-Sine-Wave,2024-10-09,1.10.5,jeb-kr-amherst,8399c9b,0.12.13,221.031667,3.791851043701172,0.5025069713592529,312.0,115.0,3080228,933760
CairoMakie,Plot-A-Sine-Wave,2024-10-10,1.11.0,jeb-kr-amherst,8399c9b,0.12.13,304.222387,4.708369970321655,0.5746400356292725,296.0,114.0,3953692,1222828
CairoMakie,Plot-A-Sine-Wave,2024-10-11,1.11.0,jeb-kr-amherst,8399c9b,0.12.13,303.862502,4.606597185134888,0.646852970123291,296.0,117.0,3940304,1218316
CairoMakie,Plot-A-Sine-Wave,2024-10-12,1.11.0,jeb-kr-amherst,8399c9b,0.12.14,302.813289,4.6998450756073,0.6473400592803955,296.0,114.0,3937236,1220980
CairoMakie,Plot-A-Sine-Wave,2024-10-13,1.11.0,jeb-kr-amherst,8399c9b,0.12.14,306.567941,4.626500129699707,0.6584839820861816,296.0,117.0,3930704,1219716
CairoMakie,Plot-A-Sine-Wave,2024-10-14,1.11.0,jeb-kr-amherst,8399c9b,0.12.14,309.081293,4.584956884384155,0.6445491313934326,297.0,117.0,3962180,1217028
CairoMakie,Plot-A-Sine-Wave,2024-10-15,1.11.0,jeb-kr-amherst,8399c9b,0.12.14,304.741607,4.740700960159302,0.6491289138793945,296.0,114.0,3940252,1221256
CairoMakie,Plot-A-Sine-Wave,2024-10-16,1.11.0,jeb-kr-amherst,8399c9b,0.12.14,301.858377,4.667953968048096,0.6484129428863525,296.0,115.0,3927984,1220740
CairoMakie,Plot-A-Sine-Wave,2024-10-17,1.11.0,jeb-kr-amherst,8399c9b,0.12.14,302.47101,4.734807968139648,0.5830109119415283,295.0,116.0,3953448,1220700
CairoMakie,Plot-A-Sine-Wave,2024-10-18,1.11.0,jeb-kr-amherst,8399c9b,0.12.14,302.186432,4.63070011138916,0.5803060531616211,295.0,117.0,3937208,1221484
CairoMakie,Plot-A-Sine-Wave,2024-10-19,1.11.0,jeb-kr-amherst,8399c9b,0.12.14,304.466515,4.818518161773682,0.5504980087280273,297.0,114.0,3940920,1231884
CairoMakie,Plot-A-Sine-Wave,2024-10-20,1.11.1,jeb-kr-amherst,8399c9b,0.12.14,294.694368,4.83207106590271,0.5556380748748779,291.0,114.0,3971448,1222176
CairoMakie,Plot-A-Sine-Wave,2024-10-21,1.11.1,jeb-kr-amherst,8399c9b,0.12.14,295.107299,4.7966179847717285,0.556433916091919,292.0,113.0,3955040,1224384
CairoMakie,Plot-A-Sine-Wave,2024-10-22,1.11.1,jeb-kr-amherst,8399c9b,0.12.14,295.369285,4.70698618888855,0.5480458736419678,292.0,115.0,3950356,1225576
CairoMakie,Plot-A-Sine-Wave,2024-10-23,1.11.1,jeb-kr-amherst,8399c9b,0.12.14,294.917603,4.847259998321533,0.5481441020965576,292.0,114.0,3959100,1221112
CairoMakie,Plot-A-Sine-Wave,2024-10-24,1.11.1,jeb-kr-amherst,8399c9b,0.12.14,293.538693,4.793303966522217,0.5477700233459473,292.0,112.0,3946484,1221084
CairoMakie,Plot-A-Sine-Wave,2024-10-25,1.11.1,jeb-kr-amherst,8399c9b,0.12.14,292.300657,4.747247934341431,0.5479300022125244,292.0,114.0,3969176,1219532
CairoMakie,Plot-A-Sine-Wave,2024-10-26,1.11.1,jeb-kr-amherst,8399c9b,0.12.15,291.82018,4.714367866516113,0.5443580150604248,292.0,113.0,3926804,1220492
CairoMakie,Plot-A-Sine-Wave,2024-10-27,1.11.1,jeb-kr-amherst,8399c9b,0.12.15,291.692782,4.849782943725586,0.5484330654144287,293.0,113.0,3935896,1220048
CairoMakie,Plot-A-Sine-Wave,2024-10-28,1.11.1,jeb-kr-amherst,8399c9b,0.12.15,296.789873,4.866469860076904,0.5463030338287354,292.0,114.0,3887912,1219064
CairoMakie,Plot-A-Sine-Wave,2024-10-29,1.11.1,jeb-kr-amherst,8399c9b,0.12.15,291.80326,4.743646860122681,0.5470261573791504,292.0,115.0,3925516,1220268
CairoMakie,Plot-A-Sine-Wave,2024-10-30,1.11.1,jeb-kr-amherst,8399c9b,0.12.15,294.579618,4.778981924057007,0.5754661560058594,294.0,114.0,3924148,1209852
CairoMakie,Plot-A-Sine-Wave,2024-10-31,1.11.1,jeb-kr-amherst,8399c9b,0.12.15,296.099591,4.810988903045654,0.5514309406280518,293.0,112.0,3925364,1221236
CairoMakie,Plot-A-Sine-Wave,2024-11-01,1.11.1,jeb-kr-amherst,8399c9b,0.12.15,300.036394,4.837223052978516,0.5501389503479004,293.0,114.0,3921492,1220004
CairoMakie,Plot-A-Sine-Wave,2024-11-02,1.11.1,jeb-kr-amherst,8399c9b,0.12.15,296.567196,4.858021020889282,0.5508160591125488,293.0,113.0,3934336,1220276
CairoMakie,Plot-A-Sine-Wave,2024-11-03,1.11.1,jeb-kr-amherst,8399c9b,0.12.15,299.558956,4.921441078186035,0.5520889759063721,294.0,112.0,3841340,1219372
CairoMakie,Plot-A-Sine-Wave,2024-11-04,1.11.1,jeb-kr-amherst,8399c9b,0.12.15,299.727501,4.7916340827941895,0.5553359985351562,293.0,112.0,3932612,1223892
CairoMakie,Plot-A-Sine-Wave,2024-11-05,1.11.1,jeb-kr-amherst,8399c9b,0.12.15,297.049285,4.779221057891846,0.5542778968811035,293.0,112.0,3929688,1220172
CairoMakie,Plot-A-Sine-Wave,2024-11-06,1.11.1,jeb-kr-amherst,8399c9b,0.12.15,296.17019,4.768638849258423,0.5454540252685547,293.0,113.0,3927808,1221708
CairoMakie,Plot-A-Sine-Wave,2024-11-07,1.11.1,jeb-kr-amherst,8399c9b,0.12.16,298.336562,4.672863960266113,0.5733499526977539,292.0,115.0,4000344,1211228
CairoMakie,Plot-A-Sine-Wave,2024-11-08,1.11.1,jeb-kr-amherst,8399c9b,0.12.16,300.486784,4.791553020477295,0.5841560363769531,294.0,114.0,3969880,1210856
CairoMakie,Plot-A-Sine-Wave,2024-11-09,1.11.1,jeb-kr-amherst,8399c9b,0.12.16,303.926969,4.675807952880859,0.6650371551513672,296.0,113.0,3975784,1205428
CairoMakie,Plot-A-Sine-Wave,2024-11-10,1.11.1,jeb-kr-amherst,8399c9b,0.12.16,303.034292,4.696156024932861,0.5420820713043213,296.0,115.0,3961548,1221548
CairoMakie,Plot-A-Sine-Wave,2024-11-11,1.11.1,jeb-kr-amherst,8399c9b,0.12.16,305.735512,4.895483016967773,0.5553560256958008,296.0,112.0,4004984,1221592
CairoMakie,Plot-A-Sine-Wave,2024-11-12,1.11.1,jeb-kr-amherst,8399c9b,0.12.16,303.326308,4.801719903945923,0.5509369373321533,296.0,114.0,3989272,1221572
CairoMakie,Plot-A-Sine-Wave,2024-11-13,1.11.1,jeb-kr-amherst,8399c9b,0.12.16,301.730212,4.7481231689453125,0.5463898181915283,292.0,112.0,3986816,1220404
CairoMakie,Plot-A-Sine-Wave,2024-11-14,1.11.1,jeb-kr-amherst,8399c9b,0.12.16,300.568396,4.827399969100952,0.5528490543365479,294.0,114.0,3966168,1221860
CairoMakie,Plot-A-Sine-Wave,2024-11-15,1.11.1,jeb-kr-amherst,8399c9b,0.12.16,298.328235,4.731122016906738,0.5466880798339844,293.0,112.0,3991300,1221052
CairoMakie,Plot-A-Sine-Wave,2024-11-16,1.11.1,jeb-kr-amherst,8399c9b,0.12.16,298.006822,4.825121879577637,0.5470461845397949,293.0,114.0,3980076,1220120
CairoMakie,Plot-A-Sine-Wave,2024-11-17,1.11.1,jeb-kr-amherst,8399c9b,0.12.16,301.113835,4.734890937805176,0.5759270191192627,293.0,112.0,3974724,1210980
CairoMakie,Plot-A-Sine-Wave,2024-11-18,1.11.1,jeb-kr-amherst,8399c9b,0.12.16,298.240883,4.735177993774414,0.547996997833252,292.0,112.0,3969932,1221120
CairoMakie,Plot-A-Sine-Wave,2024-11-19,1.11.1,jeb-kr-amherst,8399c9b,0.12.16,302.990488,4.873462915420532,0.5469930171966553,292.0,112.0,3991312,1221924
CairoMakie,Plot-A-Sine-Wave,2024-11-20,1.11.1,jeb-kr-amherst,8399c9b,0.12.16,301.70628,4.806671142578125,0.549583911895752,293.0,114.0,3999132,1221212
CairoMakie,Plot-A-Sine-Wave,2024-11-21,1.11.1,jeb-kr-amherst,8399c9b,0.12.16,298.281792,4.756771087646484,0.5512619018554688,292.0,112.0,3978456,1223000
CairoMakie,Plot-A-Sine-Wave,2024-11-22,1.11.1,jeb-kr-amherst,8399c9b,0.12.16,563.412921,5.556668996810913,0.6888351440429688,231.0,113.0,3969516,1218628
CairoMakie,Plot-A-Sine-Wave,2024-11-23,1.11.1,jeb-kr-amherst,8399c9b,0.12.16,328.723357,4.977365016937256,0.5680620670318604,280.0,113.0,3989920,1219576
CairoMakie,Plot-A-Sine-Wave,2024-11-24,1.11.1,jeb-kr-amherst,8399c9b,0.12.16,346.4512,11.193515062332153,1.4058640003204346,257.0,103.0,3941908,1161892
CairoMakie,Plot-A-Sine-Wave,2024-11-25,1.11.1,jeb-kr-amherst,8399c9b,0.12.16,486.968536,9.607447862625122,1.207103967666626,239.0,104.0,3942912,1161856
CairoMakie,Plot-A-Sine-Wave,2024-11-26,1.11.1,jeb-kr-amherst,8399c9b,0.12.16,480.137631,10.973721027374268,1.2386817932128906,248.0,104.0,3969460,1161860
CairoMakie,Plot-A-Sine-Wave,2024-11-27,1.11.1,jeb-kr-amherst,8399c9b,0.12.16,325.260549,9.228193044662476,0.8211028575897217,273.0,109.0,3935624,1162064
CairoMakie,Plot-A-Sine-Wave,2024-11-28,1.11.1,jeb-kr-amherst,8399c9b,0.12.16,328.198871,5.10548210144043,0.5914318561553955,277.0,113.0,3950476,1162024
CairoMakie,Plot-A-Sine-Wave,2024-11-29,1.11.1,jeb-kr-amherst,8399c9b,0.12.16,332.309758,5.47701096534729,0.6423728466033936,273.0,111.0,3949408,1161880
CairoMakie,Plot-A-Sine-Wave,2024-11-30,1.11.1,jeb-kr-amherst,8399c9b,0.12.16,317.777351,5.071382999420166,0.6017811298370361,277.0,112.0,3926844,1161956
CairoMakie,Plot-A-Sine-Wave,2024-12-01,1.11.1,jeb-kr-amherst,8399c9b,0.12.16,296.636115,4.975823879241943,0.5531020164489746,278.0,114.0,3923708,1160760
CairoMakie,Plot-A-Sine-Wave,2024-12-02,1.11.1,jeb-kr-amherst,8399c9b,0.12.16,291.132687,4.673198938369751,0.5348780155181885,282.0,112.0,3922044,1161552
CairoMakie,Plot-A-Sine-Wave,2024-12-03,1.11.1,jeb-kr-amherst,8399c9b,0.12.16,287.635366,4.682043075561523,0.5378718376159668,282.0,112.0,3927352,1161512
CairoMakie,Plot-A-Sine-Wave,2024-12-04,1.11.1,jeb-kr-amherst,8399c9b,0.12.16,287.813599,4.570195913314819,0.5329289436340332,281.0,115.0,3922384,1162800
CairoMakie,Plot-A-Sine-Wave,2024-12-05,1.11.1,jeb-kr-amherst,8399c9b,0.12.16,290.381586,4.687090873718262,0.5339860916137695,282.0,113.0,3927032,1162440
CairoMakie,Plot-A-Sine-Wave,2024-12-06,1.11.1,jeb-kr-amherst,8399c9b,0.12.17,287.189199,4.613063097000122,0.5330219268798828,282.0,114.0,3921044,1162544
CairoMakie,Plot-A-Sine-Wave,2024-12-07,1.11.1,jeb-kr-amherst,8399c9b,0.12.17,291.067759,4.665956974029541,0.5405569076538086,283.0,114.0,3928248,1164144
CairoMakie,Plot-A-Sine-Wave,2024-12-08,1.11.1,jeb-kr-amherst,8399c9b,0.12.17,290.57718,4.575540065765381,0.5296669006347656,282.0,114.0,3935812,1162908
CairoMakie,Plot-A-Sine-Wave,2024-12-09,1.11.1,jeb-kr-amherst,8399c9b,0.12.17,289.325239,4.678136825561523,0.538020133972168,282.0,114.0,3935996,1162832
CairoMakie,Plot-A-Sine-Wave,2024-12-10,1.11.2,jeb-kr-amherst,8399c9b,0.12.17,291.58692,4.876220941543579,0.7166190147399902,289.0,111.0,3966972,1169452
CairoMakie,Plot-A-Sine-Wave,2024-12-11,1.11.2,jeb-kr-amherst,8399c9b,0.12.17,285.212315,4.751461982727051,0.7128729820251465,299.0,113.0,3957636,1169192
CairoMakie,Plot-A-Sine-Wave,2024-12-12,1.11.2,jeb-kr-amherst,8399c9b,0.12.17,280.286732,4.52487587928772,0.6656129360198975,305.0,114.0,3971836,1169360
CairoMakie,Plot-A-Sine-Wave,2024-12-13,1.11.2,jeb-kr-amherst,8399c9b,0.12.18,278.515836,4.498437166213989,0.6653718948364258,304.0,114.0,3956700,1170096
CairoMakie,Plot-A-Sine-Wave,2024-12-14,1.11.2,jeb-kr-amherst,8399c9b,0.12.18,280.149188,4.523709774017334,0.6595301628112793,304.0,112.0,3959796,1169716
CairoMakie,Plot-A-Sine-Wave,2024-12-15,1.11.2,jeb-kr-amherst,8399c9b,0.12.18,276.994901,4.544625997543335,0.659038782119751,305.0,113.0,3958128,1170420
CairoMakie,Plot-A-Sine-Wave,2024-12-16,1.11.2,jeb-kr-amherst,8399c9b,0.12.18,279.37479,4.485142946243286,0.6624698638916016,305.0,114.0,3966940,1169052
CairoMakie,Plot-A-Sine-Wave,2024-12-17,1.11.2,jeb-kr-amherst,8399c9b,0.12.18,273.563507,4.538136005401611,0.6609189510345459,303.0,114.0,3967696,1170248
CairoMakie,Plot-A-Sine-Wave,2024-12-18,1.11.2,jeb-kr-amherst,8399c9b,0.12.18,278.608979,4.561385869979858,0.6658899784088135,305.0,114.0,3970228,1169088
CairoMakie,Plot-A-Sine-Wave,2024-12-19,1.11.2,jeb-kr-amherst,8399c9b,0.12.18,279.327145,4.520556926727295,0.6557052135467529,306.0,114.0,3959352,1169636
CairoMakie,Plot-A-Sine-Wave,2024-12-20,1.11.2,jeb-kr-amherst,8399c9b,0.12.18,277.224562,4.516816139221191,0.6554510593414307,305.0,112.0,3964256,1168348
CairoMakie,Plot-A-Sine-Wave,2024-12-21,1.11.2,jeb-kr-amherst,8399c9b,0.12.18,277.577922,4.547867059707642,0.6613399982452393,306.0,114.0,3975376,1169192
CairoMakie,Plot-A-Sine-Wave,2024-12-22,1.11.2,jeb-kr-amherst,8399c9b,0.12.18,281.482928,4.496901988983154,0.6606178283691406,306.0,114.0,4031864,1170364
CairoMakie,Plot-A-Sine-Wave,2024-12-23,1.11.2,jeb-kr-amherst,8399c9b,0.12.18,282.532133,4.478379011154175,0.6568598747253418,305.0,114.0,4024072,1170824
CairoMakie,Plot-A-Sine-Wave,2024-12-24,1.11.2,jeb-kr-amherst,8399c9b,0.12.18,280.331796,4.544517993927002,0.6616189479827881,304.0,113.0,4024412,1171008
CairoMakie,Plot-A-Sine-Wave,2024-12-25,1.11.2,jeb-kr-amherst,8399c9b,0.12.18,279.955525,4.528450965881348,0.6627411842346191,303.0,113.0,4013048,1169700
CairoMakie,Plot-A-Sine-Wave,2024-12-26,1.11.2,jeb-kr-amherst,8399c9b,0.12.18,284.753269,4.476844072341919,0.6571509838104248,305.0,114.0,4023340,1170556
CairoMakie,Plot-A-Sine-Wave,2024-12-27,1.11.2,jeb-kr-amherst,8399c9b,0.12.18,281.25547,4.484350919723511,0.6590309143066406,305.0,114.0,4036652,1169668
CairoMakie,Plot-A-Sine-Wave,2024-12-28,1.11.2,jeb-kr-amherst,8399c9b,0.12.18,487.338016,10.00551700592041,1.7285959720611572,252.0,106.0,4046724,1169984
CairoMakie,Plot-A-Sine-Wave,2024-12-29,1.11.2,jeb-kr-amherst,8399c9b,0.12.18,410.294239,5.608572959899902,0.8318171501159668,263.0,111.0,4027276,1169464
CairoMakie,Plot-A-Sine-Wave,2024-12-30,1.11.2,jeb-kr-amherst,8399c9b,0.12.18,311.960367,5.11342716217041,0.8011109828948975,297.0,111.0,4040488,1168956
CairoMakie,Plot-A-Sine-Wave,2024-12-31,1.11.2,jeb-kr-amherst,8399c9b,0.12.18,314.275462,5.1361260414123535,0.791226863861084,293.0,111.0,4050992,1169640
CairoMakie,Plot-A-Sine-Wave,2025-01-01,1.11.2,jeb-kr-amherst,8399c9b,0.12.18,281.996034,4.521009922027588,0.6628170013427734,301.0,114.0,4021272,1170064
CairoMakie,Plot-A-Sine-Wave,2025-01-02,1.11.2,jeb-kr-amherst,8399c9b,0.12.18,279.650401,4.498680830001831,0.658668041229248,304.0,114.0,4045604,1170588
CairoMakie,Plot-A-Sine-Wave,2025-01-03,1.11.2,jeb-kr-amherst,8399c9b,0.12.18,278.628742,4.560477018356323,0.6676831245422363,304.0,112.0,4044648,1170076
CairoMakie,Plot-A-Sine-Wave,2025-01-04,1.11.2,jeb-kr-amherst,8399c9b,0.12.18,280.691814,4.6459739208221436,0.6662800312042236,304.0,111.0,4025344,1171208
CairoMakie,Plot-A-Sine-Wave,2025-01-05,1.11.2,jeb-kr-amherst,8399c9b,0.12.18,280.559236,4.484852075576782,0.6682209968566895,305.0,114.0,4034364,1169812
CairoMakie,Plot-A-Sine-Wave,2025-01-06,1.11.2,jeb-kr-amherst,8399c9b,0.12.18,280.316303,4.5906081199646,0.6642589569091797,305.0,112.0,4013304,1171280
CairoMakie,Plot-A-Sine-Wave,2025-01-07,1.11.2,jeb-kr-amherst,8399c9b,0.12.18,282.181438,4.5901570320129395,0.6614789962768555,305.0,112.0,4030256,1171484
CairoMakie,Plot-A-Sine-Wave,2025-01-08,1.11.2,jeb-kr-amherst,8399c9b,0.12.18,280.690393,4.52609395980835,0.6673989295959473,305.0,114.0,4016356,1170844
CairoMakie,Plot-A-Sine-Wave,2025-01-09,1.11.2,jeb-kr-amherst,8399c9b,0.12.18,280.90145,4.51261305809021,0.6585710048675537,305.0,112.0,4027668,1171084
CairoMakie,Plot-A-Sine-Wave,2025-01-10,1.11.2,jeb-kr-amherst,8399c9b,0.12.18,277.572745,4.6120569705963135,0.6635651588439941,303.0,114.0,4031716,1170440
CairoMakie,Plot-A-Sine-Wave,2025-01-11,1.11.2,jeb-kr-amherst,8399c9b,0.12.18,280.754665,4.529621839523315,0.6602511405944824,305.0,112.0,4039996,1171204
CairoMakie,Plot-A-Sine-Wave,2025-01-12,1.11.2,jeb-kr-amherst,8399c9b,0.12.18,280.847828,4.530503034591675,0.6618509292602539,303.0,114.0,4031388,1171076
CairoMakie,Plot-A-Sine-Wave,2025-01-13,1.11.2,jeb-kr-amherst,8399c9b,0.12.18,281.351867,4.672214984893799,0.670112133026123,304.0,114.0,4040484,1169948
CairoMakie,Plot-A-Sine-Wave,2025-01-14,1.11.2,jeb-kr-amherst,8399c9b,0.13.0,281.609804,4.445625066757202,0.5998630523681641,306.0,110.0,3997628,1187680
CairoMakie,Plot-A-Sine-Wave,2025-01-15,1.11.2,jeb-kr-amherst,8399c9b,0.13.0,280.776544,4.321650981903076,0.599005937576294,306.0,113.0,4036828,1184360
CairoMakie,Plot-A-Sine-Wave,2025-01-16,1.11.2,jeb-kr-amherst,8399c9b,0.13.0,279.254634,4.437963962554932,0.5518500804901123,306.0,113.0,4010632,1194232
CairoMakie,Plot-A-Sine-Wave,2025-01-17,1.11.2,jeb-kr-amherst,8399c9b,0.13.0,281.940966,4.50462007522583,0.5534350872039795,307.0,112.0,4035968,1193812
CairoMakie,Plot-A-Sine-Wave,2025-01-18,1.11.2,jeb-kr-amherst,8399c9b,0.13.1,284.840269,4.4309470653533936,0.5521268844604492,304.0,113.0,4048424,1194320
CairoMakie,Plot-A-Sine-Wave,2025-01-19,1.11.2,jeb-kr-amherst,8399c9b,0.13.1,283.022739,4.473434209823608,0.594944953918457,307.0,110.0,4048280,1187980
CairoMakie,Plot-A-Sine-Wave,2025-01-20,1.11.2,jeb-kr-amherst,8399c9b,0.13.1,280.986654,4.445694923400879,0.5529119968414307,304.0,111.0,4029824,1195428
CairoMakie,Plot-A-Sine-Wave,2025-01-21,1.11.2,jeb-kr-amherst,8399c9b,0.13.1,282.488661,4.42572021484375,0.5917119979858398,306.0,110.0,4029760,1190456
CairoMakie,Plot-A-Sine-Wave,2025-01-22,1.11.2,jeb-kr-amherst,8399c9b,0.13.1,279.359958,4.602947950363159,0.5714631080627441,306.0,110.0,4017360,1195968
CairoMakie,Plot-A-Sine-Wave,2025-01-23,1.11.2,jeb-kr-amherst,8399c9b,0.13.1,280.729119,4.455363035202026,0.5498788356781006,307.0,113.0,4025056,1195864
CairoMakie,Plot-A-Sine-Wave,2025-01-24,1.11.2,jeb-kr-amherst,8399c9b,0.13.1,283.202854,4.466995000839233,0.5509340763092041,306.0,113.0,4051112,1194212
CairoMakie,Plot-A-Sine-Wave,2025-01-25,1.11.2,jeb-kr-amherst,8399c9b,0.13.1,280.780633,4.46564793586731,0.5506370067596436,305.0,110.0,4043572,1195700
CairoMakie,Plot-A-Sine-Wave,2025-01-26,1.11.2,jeb-kr-amherst,8399c9b,0.13.1,283.672174,4.4637610912323,0.5471611022949219,307.0,111.0,4012176,1195800
CairoMakie,Plot-A-Sine-Wave,2025-01-27,1.11.2,jeb-kr-amherst,8399c9b,0.13.1,280.799093,4.618491888046265,0.549346923828125,307.0,111.0,4005520,1196148
CairoMakie,Plot-A-Sine-Wave,2025-01-28,1.11.2,jeb-kr-amherst,8399c9b,0.13.1,282.741991,4.452162981033325,0.5431571006774902,306.0,113.0,4002888,1196224
CairoMakie,Plot-A-Sine-Wave,2025-01-29,1.11.2,jeb-kr-amherst,8399c9b,0.13.1,281.74453,4.531374216079712,0.5459799766540527,307.0,112.0,3987620,1196916
CairoMakie,Plot-A-Sine-Wave,2025-01-30,1.11.3,jeb-kr-amherst,8399c9b,0.13.1,282.45292,4.406637907028198,0.5415611267089844,306.0,110.0,3932852,1111976
CairoMakie,Plot-A-Sine-Wave,2025-01-31,1.11.3,jeb-kr-amherst,8399c9b,0.13.1,280.75222,4.359248161315918,0.5374088287353516,305.0,111.0,3939576,1113684
CairoMakie,Plot-A-Sine-Wave,2025-02-01,1.11.3,jeb-kr-amherst,8399c9b,0.13.1,280.947336,4.273194074630737,0.5370080471038818,306.0,113.0,3930060,1113620
CairoMakie,Plot-A-Sine-Wave,2025-02-02,1.11.3,jeb-kr-amherst,8399c9b,0.13.1,282.236213,4.207283973693848,0.5791990756988525,304.0,114.0,3930484,1102200
CairoMakie,Plot-A-Sine-Wave,2025-02-03,1.11.3,jeb-kr-amherst,8399c9b,0.13.1,282.269682,4.3713459968566895,0.5479390621185303,306.0,111.0,3948244,1112276
CairoMakie,Plot-A-Sine-Wave,2025-02-04,1.11.3,jeb-kr-amherst,8399c9b,0.13.1,283.250915,4.344386100769043,0.5447919368743896,306.0,110.0,3925312,1110276
CairoMakie,Plot-A-Sine-Wave,2025-02-05,1.11.3,jeb-kr-amherst,8399c9b,0.13.1,283.303762,4.325265884399414,0.5417900085449219,305.0,110.0,3938028,1113804
CairoMakie,Plot-A-Sine-Wave,2025-02-06,1.11.3,jeb-kr-amherst,8399c9b,0.13.1,281.680619,4.352878093719482,0.538625955581665,305.0,110.0,3960440,1113280
CairoMakie,Plot-A-Sine-Wave,2025-02-07,1.11.3,jeb-kr-amherst,8399c9b,0.13.1,279.08361,4.345966100692749,0.541269063949585,305.0,110.0,3944996,1114756
CairoMakie,Plot-A-Sine-Wave,2025-02-08,1.11.3,jeb-kr-amherst,8399c9b,0.13.1,282.896467,4.343769073486328,0.5379550457000732,306.0,111.0,3944972,1108148
CairoMakie,Plot-A-Sine-Wave,2025-02-09,1.11.3,jeb-kr-amherst,8399c9b,0.13.1,282.61036,4.331439971923828,0.5417308807373047,306.0,110.0,3979568,1113336
CairoMakie,Plot-A-Sine-Wave,2025-02-10,1.11.3,jeb-kr-amherst,8399c9b,0.13.1,432.232888,5.222541093826294,0.9744789600372314,264.0,111.0,3966260,1102824
CairoMakie,Plot-A-Sine-Wave,2025-02-11,1.11.3,jeb-kr-amherst,8399c9b,0.13.1,282.223244,4.298731803894043,0.5347230434417725,302.0,111.0,3944140,1113684
CairoMakie,Plot-A-Sine-Wave,2025-02-12,1.11.3,jeb-kr-amherst,8399c9b,0.13.1,285.398734,4.339428901672363,0.5356900691986084,307.0,112.0,3939816,1112524
CairoMakie,Plot-A-Sine-Wave,2025-02-13,1.11.3,jeb-kr-amherst,8399c9b,0.13.1,281.738756,4.330935001373291,0.5415079593658447,306.0,110.0,3932692,1112936
CairoMakie,Plot-A-Sine-Wave,2025-02-14,1.11.3,jeb-kr-amherst,8399c9b,0.13.1,288.293514,4.437384843826294,0.5419731140136719,304.0,113.0,3958424,1111556
CairoMakie,Plot-A-Sine-Wave,2025-02-15,1.11.3,jeb-kr-amherst,8399c9b,0.13.1,283.559839,4.3392109870910645,0.5460820198059082,307.0,113.0,3933328,1113576
CairoMakie,Plot-A-Sine-Wave,2025-02-16,1.11.3,jeb-kr-amherst,8399c9b,0.13.1,285.099384,4.364849090576172,0.5409369468688965,306.0,110.0,3961532,1113236
CairoMakie,Plot-A-Sine-Wave,2025-02-17,1.11.3,jeb-kr-amherst,8399c9b,0.13.1,281.010134,4.340506076812744,0.5477628707885742,305.0,113.0,3960076,1114228
CairoMakie,Plot-A-Sine-Wave,2025-02-18,1.11.3,jeb-kr-amherst,8399c9b,0.13.1,282.976822,4.385876893997192,0.5458910465240479,308.0,110.0,3934760,1113392
CairoMakie,Plot-A-Sine-Wave,2025-02-19,1.11.3,jeb-kr-amherst,8399c9b,0.13.1,282.414577,4.320785045623779,0.5399940013885498,306.0,113.0,3946192,1113936
CairoMakie,Plot-A-Sine-Wave,2025-02-20,1.11.3,jeb-kr-amherst,8399c9b,0.13.1,487.243026,10.130274057388306,1.5220530033111572,245.0,102.0,3941644,1103080
CairoMakie,Plot-A-Sine-Wave,2025-02-21,1.11.3,jeb-kr-amherst,8399c9b,0.13.1,374.267699,4.915158033370972,0.656296968460083,284.0,111.0,3948432,1113536
CairoMakie,Plot-A-Sine-Wave,2025-02-22,1.11.3,jeb-kr-amherst,8399c9b,0.13.1,279.531409,4.427155017852783,0.5383999347686768,307.0,113.0,3980444,1113648
CairoMakie,Plot-A-Sine-Wave,2025-02-23,1.11.3,jeb-kr-amherst,8399c9b,0.13.1,283.302014,4.346538066864014,0.5359220504760742,306.0,113.0,3972664,1113764
CairoMakie,Plot-A-Sine-Wave,2025-02-24,1.11.3,jeb-kr-amherst,8399c9b,0.13.1,283.688457,4.334101915359497,0.5372650623321533,305.0,113.0,3933972,1111544
CairoMakie,Plot-A-Sine-Wave,2025-02-25,1.11.3,jeb-kr-amherst,8399c9b,0.13.1,281.137619,4.320374011993408,0.5376899242401123,306.0,110.0,3983228,1113260
CairoMakie,Plot-A-Sine-Wave,2025-02-26,1.11.3,jeb-kr-amherst,8399c9b,0.13.2,280.276493,4.373589038848877,0.5331189632415771,307.0,112.0,3950812,1112088
CairoMakie,Plot-A-Sine-Wave,2025-02-27,1.11.3,jeb-kr-amherst,8399c9b,0.13.2,284.385141,4.307777166366577,0.5353989601135254,306.0,113.0,3922912,1112340
CairoMakie,Plot-A-Sine-Wave,2025-02-28,1.11.3,jeb-kr-amherst,8399c9b,0.13.2,282.230304,4.296672105789185,0.5364429950714111,307.0,113.0,3969232,1111920
CairoMakie,Plot-A-Sine-Wave,2025-03-01,1.11.3,jeb-kr-amherst,8399c9b,0.13.2,280.585718,4.366252183914185,0.5374209880828857,306.0,111.0,3955228,1112748
CairoMakie,Plot-A-Sine-Wave,2025-03-02,1.11.3,jeb-kr-amherst,8399c9b,0.13.2,281.561117,4.328838109970093,0.5332279205322266,306.0,111.0,3938556,1113456
CairoMakie,Plot-A-Sine-Wave,2025-03-03,1.11.3,jeb-kr-amherst,8399c9b,0.13.2,281.399381,4.345339059829712,0.5369620323181152,306.0,112.0,3949960,1112876
CairoMakie,Plot-A-Sine-Wave,2025-03-04,1.11.3,jeb-kr-amherst,8399c9b,0.13.2,281.537144,4.2813520431518555,0.5385479927062988,307.0,112.0,3936548,1112552
CairoMakie,Plot-A-Sine-Wave,2025-03-05,1.11.3,jeb-kr-amherst,8399c9b,0.13.2,283.312549,4.326210021972656,0.5465540885925293,306.0,113.0,3945436,1113904
CairoMakie,Plot-A-Sine-Wave,2025-03-06,1.11.3,jeb-kr-amherst,8399c9b,0.13.2,283.551268,4.36000394821167,0.533750057220459,307.0,110.0,3931600,1110860
CairoMakie,Plot-A-Sine-Wave,2025-03-07,1.11.3,jeb-kr-amherst,8399c9b,0.13.2,281.540033,4.3295159339904785,0.5364410877227783,307.0,113.0,3938252,1111824
CairoMakie,Plot-A-Sine-Wave,2025-03-08,1.11.3,jeb-kr-amherst,8399c9b,0.13.2,282.572151,4.365240097045898,0.5434160232543945,307.0,113.0,3949440,1110852
CairoMakie,Plot-A-Sine-Wave,2025-03-09,1.11.3,jeb-kr-amherst,8399c9b,0.13.2,279.26047,4.321136951446533,0.5414049625396729,308.0,110.0,3924424,1111212
CairoMakie,Plot-A-Sine-Wave,2025-03-10,1.11.3,jeb-kr-amherst,8399c9b,0.13.2,282.772109,4.338283061981201,0.541165828704834,307.0,111.0,3953540,1112708
CairoMakie,Plot-A-Sine-Wave,2025-03-11,1.11.3,jeb-kr-amherst,8399c9b,0.13.2,281.680627,4.423143148422241,0.5401129722595215,307.0,110.0,3931572,1110360
CairoMakie,Plot-A-Sine-Wave,2025-03-12,1.11.3,jeb-kr-amherst,8399c9b,0.13.2,281.018439,4.347778081893921,0.5419449806213379,306.0,110.0,3967512,1110884
CairoMakie,Plot-A-Sine-Wave,2025-03-13,1.11.3,jeb-kr-amherst,8399c9b,0.13.2,281.524728,4.319443941116333,0.5400850772857666,305.0,111.0,3964660,1113412
CairoMakie,Plot-A-Sine-Wave,2025-03-14,1.11.3,jeb-kr-amherst,8399c9b,0.13.2,282.453965,4.320562124252319,0.5378429889678955,307.0,113.0,3934480,1112964
CairoMakie,Plot-A-Sine-Wave,2025-03-15,1.11.3,jeb-kr-amherst,8399c9b,0.13.2,281.492239,4.39164400100708,0.5450119972229004,307.0,113.0,3972016,1114356
CairoMakie,Plot-A-Sine-Wave,2025-03-16,1.11.3,jeb-kr-amherst,8399c9b,0.13.2,279.208262,4.422968864440918,0.539315938949585,306.0,110.0,3943004,1111216
CairoMakie,Plot-A-Sine-Wave,2025-03-17,1.11.3,jeb-kr-amherst,8399c9b,0.13.2,284.891465,4.327455997467041,0.5349311828613281,307.0,110.0,3940612,1115456
CairoMakie,Plot-A-Sine-Wave,2025-03-18,1.11.3,jeb-kr-amherst,8399c9b,0.13.2,514.093763,10.212449073791504,1.5069308280944824,247.0,103.0,3987220,1104972
CairoMakie,Plot-A-Sine-Wave,2025-03-19,1.11.3,jeb-kr-amherst,8399c9b,0.13.2,325.130451,5.8008949756622314,0.8384261131286621,294.0,110.0,3961632,1099144
CairoMakie,Plot-A-Sine-Wave,2025-03-20,1.11.4,jeb-kr-amherst,8399c9b,0.13.2,337.23236,5.22969388961792,0.7429721355438232,292.0,112.0,3952668,1108580
CairoMakie,Plot-A-Sine-Wave,2025-03-21,1.11.4,jeb-kr-amherst,8399c9b,0.13.2,694.930406,9.971817016601562,1.4857990741729736,192.0,103.0,3961924,1102692
CairoMakie,Plot-A-Sine-Wave,2025-03-22,1.11.4,jeb-kr-amherst,8399c9b,0.13.2,310.677171,5.06680703163147,0.7079930305480957,299.0,112.0,3950212,1112456
CairoMakie,Plot-A-Sine-Wave,2025-03-23,1.11.4,jeb-kr-amherst,8399c9b,0.13.2,314.255908,4.74968409538269,0.616631031036377,297.0,111.0,3960324,1115648
CairoMakie,Plot-A-Sine-Wave,2025-03-24,1.11.4,jeb-kr-amherst,8399c9b,0.13.2,291.070564,4.663186073303223,0.6237888336181641,302.0,112.0,3941756,1104684
CairoMakie,Plot-A-Sine-Wave,2025-03-25,1.11.4,jeb-kr-amherst,8399c9b,0.13.2,278.489546,4.420637845993042,0.5411171913146973,306.0,115.0,3927128,1117360
CairoMakie,Plot-A-Sine-Wave,2025-03-26,1.11.4,jeb-kr-amherst,8399c9b,0.13.2,280.029175,4.3497631549835205,0.532728910446167,308.0,112.0,3976112,1118272
CairoMakie,Plot-A-Sine-Wave,2025-03-27,1.11.4,jeb-kr-amherst,8399c9b,0.13.2,279.67214,4.322159051895142,0.5356719493865967,307.0,115.0,3978068,1115580
CairoMakie,Plot-A-Sine-Wave,2025-03-28,1.11.4,jeb-kr-amherst,8399c9b,0.13.2,280.71073,4.263718128204346,0.5731289386749268,307.0,113.0,3949504,1102228
CairoMakie,Plot-A-Sine-Wave,2025-03-29,1.11.4,jeb-kr-amherst,8399c9b,0.13.2,278.939286,4.31960391998291,0.5770559310913086,307.0,111.0,3935796,1101768
CairoMakie,Plot-A-Sine-Wave,2025-03-30,1.11.4,jeb-kr-amherst,8399c9b,0.13.2,278.918771,4.27905797958374,0.5816218852996826,307.0,113.0,3956532,1105220
CairoMakie,Plot-A-Sine-Wave,2025-03-31,1.11.4,jeb-kr-amherst,8399c9b,0.13.2,280.511066,4.312067985534668,0.5728111267089844,307.0,111.0,3933708,1101164
CairoMakie,Plot-A-Sine-Wave,2025-04-01,1.11.4,jeb-kr-amherst,8399c9b,0.13.2,281.972548,4.254305124282837,0.575347900390625,307.0,113.0,3943528,1100220
CairoMakie,Plot-A-Sine-Wave,2025-04-02,1.11.4,jeb-kr-amherst,8399c9b,0.13.2,279.327871,4.324200868606567,0.5725340843200684,306.0,111.0,3967040,1104316
CairoMakie,Plot-A-Sine-Wave,2025-04-03,1.11.4,jeb-kr-amherst,8399c9b,0.13.2,283.877356,4.39300799369812,0.5227138996124268,308.0,112.0,3930024,1104624
CairoMakie,Plot-A-Sine-Wave,2025-04-04,1.11.4,jeb-kr-amherst,8399c9b,0.13.2,277.946351,4.370009183883667,0.5352668762207031,307.0,112.0,3934720,1118028
CairoMakie,Plot-A-Sine-Wave,2025-04-05,1.11.4,jeb-kr-amherst,8399c9b,0.13.2,279.871695,4.3429341316223145,0.5784909725189209,308.0,113.0,3948268,1104944
CairoMakie,Plot-A-Sine-Wave,2025-04-06,1.11.4,jeb-kr-amherst,8399c9b,0.13.2,281.609922,4.354411840438843,0.5324761867523193,307.0,113.0,3939508,1116844
CairoMakie,Plot-A-Sine-Wave,2025-04-07,1.11.4,jeb-kr-amherst,8399c9b,0.13.2,282.396653,4.293070077896118,0.5740489959716797,308.0,113.0,3939156,1104844
CairoMakie,Plot-A-Sine-Wave,2025-04-08,1.11.4,jeb-kr-amherst,8399c9b,0.13.2,282.015632,4.448660850524902,0.5796341896057129,307.0,113.0,3943912,1100932
CairoMakie,Plot-A-Sine-Wave,2025-04-09,1.11.4,jeb-kr-amherst,8399c9b,0.13.2,281.635127,4.403789043426514,0.5410280227661133,307.0,115.0,3927292,1115928
CairoMakie,Plot-A-Sine-Wave,2025-04-10,1.11.4,jeb-kr-amherst,8399c9b,0.13.3,279.138155,4.49595308303833,0.53590989112854,306.0,113.0,3975704,1113580
CairoMakie,Plot-A-Sine-Wave,2025-04-11,1.11.4,jeb-kr-amherst,8399c9b,0.13.3,284.501223,4.366127967834473,0.5723259449005127,308.0,113.0,3999436,1102320
CairoMakie,Plot-A-Sine-Wave,2025-04-12,1.11.4,jeb-kr-amherst,8399c9b,0.13.4,282.874774,4.378355979919434,0.5341589450836182,307.0,114.0,3963876,1115940
CairoMakie,Plot-A-Sine-Wave,2025-04-13,1.11.4,jeb-kr-amherst,8399c9b,0.13.4,282.977011,4.448763847351074,0.5757529735565186,306.0,110.0,4015180,1098560
CairoMakie,Plot-A-Sine-Wave,2025-04-14,1.11.4,jeb-kr-amherst,8399c9b,0.13.4,296.252807,4.48377799987793,0.5577518939971924,302.0,113.0,3979364,1113628
CairoMakie,Plot-A-Sine-Wave,2025-04-15,1.11.4,jeb-kr-amherst,8399c9b,0.13.4,281.143574,4.482540845870972,0.6028389930725098,301.0,113.0,3957720,1086148
CairoMakie,Plot-A-Sine-Wave,2025-04-16,1.11.4,jeb-kr-amherst,8399c9b,0.13.4,277.958718,4.4055352210998535,0.5800738334655762,305.0,110.0,3996012,1085508
CairoMakie,Plot-A-Sine-Wave,2025-04-17,1.11.4,jeb-kr-amherst,8399c9b,0.13.4,277.302219,4.3591148853302,0.5737700462341309,304.0,110.0,3999572,1089324
CairoMakie,Plot-A-Sine-Wave,2025-04-18,1.11.4,jeb-kr-amherst,8399c9b,0.13.4,280.369605,4.362612009048462,0.5884990692138672,305.0,111.0,4000092,1085108
CairoMakie,Plot-A-Sine-Wave,2025-04-19,1.11.4,jeb-kr-amherst,8399c9b,0.13.4,295.382664,5.890871047973633,0.7913229465484619,298.0,107.0,3955500,1087764
CairoMakie,Plot-A-Sine-Wave,2025-04-20,1.11.5,jeb-kr-amherst,8399c9b,0.13.4,279.582755,4.468649864196777,0.591900110244751,303.0,113.0,4041756,1168456
CairoMakie,Plot-A-Sine-Wave,2025-04-21,1.11.5,jeb-kr-amherst,8399c9b,0.13.4,285.48145,4.366779088973999,0.5833067893981934,306.0,112.0,4070412,1173116
CairoMakie,Plot-A-Sine-Wave,2025-04-22,1.11.5,jeb-kr-amherst,8399c9b,0.13.4,281.067531,4.386871099472046,0.5883150100708008,305.0,112.0,4074732,1169672
CairoMakie,Plot-A-Sine-Wave,2025-04-23,1.11.5,jeb-kr-amherst,8399c9b,0.13.4,278.532675,4.362810134887695,0.5903120040893555,307.0,113.0,4058052,1174164
CairoMakie,Plot-A-Sine-Wave,2025-04-24,1.11.5,jeb-kr-amherst,8399c9b,0.13.4,280.542749,4.300450801849365,0.5884289741516113,307.0,113.0,4065908,1170132
CairoMakie,Plot-A-Sine-Wave,2025-04-25,1.11.5,jeb-kr-amherst,8399c9b,0.13.4,280.857469,4.438889980316162,0.5866570472717285,307.0,112.0,4022920,1173200
CairoMakie,Plot-A-Sine-Wave,2025-04-26,1.11.5,jeb-kr-amherst,8399c9b,0.13.4,284.590548,4.301727056503296,0.5857870578765869,306.0,113.0,4041568,1172040
CairoMakie,Plot-A-Sine-Wave,2025-04-27,1.11.5,jeb-kr-amherst,8399c9b,0.13.4,285.034107,4.36531400680542,0.5963659286499023,307.0,111.0,4063892,1174208
CairoMakie,Plot-A-Sine-Wave,2025-04-28,1.11.5,jeb-kr-amherst,8399c9b,0.13.4,282.47046,4.40897011756897,0.5946600437164307,305.0,113.0,4049280,1169680
CairoMakie,Plot-A-Sine-Wave,2025-04-29,1.11.5,jeb-kr-amherst,8399c9b,0.13.4,282.553207,4.406081914901733,0.5944280624389648,308.0,113.0,4040140,1173456
CairoMakie,Plot-A-Sine-Wave,2025-04-30,1.11.5,jeb-kr-amherst,8399c9b,0.13.4,283.458807,4.310961008071899,0.5858099460601807,308.0,113.0,4052720,1169616
CairoMakie,Plot-A-Sine-Wave,2025-05-01,1.11.5,jeb-kr-amherst,8399c9b,0.13.4,281.763402,4.349555015563965,0.5836660861968994,307.0,113.0,4047408,1168788
CairoMakie,Plot-A-Sine-Wave,2025-05-02,1.11.5,jeb-kr-amherst,8399c9b,0.13.4,392.630414,10.430227041244507,1.7002830505371094,269.0,103.0,4065804,1170036
CairoMakie,Plot-A-Sine-Wave,2025-05-03,1.11.5,jeb-kr-amherst,8399c9b,0.13.4,299.41046,4.7434539794921875,0.6750190258026123,302.0,111.0,4059384,1172988
CairoMakie,Plot-A-Sine-Wave,2025-05-04,1.11.5,jeb-kr-amherst,8399c9b,0.13.4,283.336229,4.460160970687866,0.6136620044708252,302.0,113.0,4066160,1169924
CairoMakie,Plot-A-Sine-Wave,2025-05-05,1.11.5,jeb-kr-amherst,8399c9b,0.13.4,595.161537,9.724749088287354,1.5359859466552734,234.0,104.0,4000656,1170868
CairoMakie,Plot-A-Sine-Wave,2025-05-06,1.11.5,jeb-kr-amherst,8399c9b,0.13.4,579.940526,9.401512861251831,1.0753300189971924,225.0,105.0,4020712,1171036
CairoMakie,Plot-A-Sine-Wave,2025-05-07,1.11.5,jeb-kr-amherst,8399c9b,0.13.4,296.977996,4.921885967254639,0.6894969940185547,300.0,111.0,4037996,1170888
CairoMakie,Plot-A-Sine-Wave,2025-05-08,1.11.5,jeb-kr-amherst,8399c9b,0.13.4,279.500197,4.414520978927612,0.599470853805542,301.0,113.0,4003856,1173012
CairoMakie,Plot-A-Sine-Wave,2025-05-09,1.11.5,jeb-kr-amherst,8399c9b,0.13.4,279.190038,4.299411058425903,0.5999689102172852,306.0,111.0,3988472,1167932
CairoMakie,Plot-A-Sine-Wave,2025-05-10,1.11.5,jeb-kr-amherst,8399c9b,0.13.4,296.382472,4.827352046966553,0.701894998550415,300.0,110.0,4013636,1173480
CairoMakie,Plot-A-Sine-Wave,2025-05-11,1.11.5,jeb-kr-amherst,8399c9b,0.13.4,435.880289,8.651318788528442,1.1686921119689941,252.0,104.0,4013696,1172788
CairoMakie,Plot-A-Sine-Wave,2025-05-12,1.11.5,jeb-kr-amherst,8399c9b,0.13.4,301.62303,4.577917814254761,0.6691019535064697,300.0,110.0,4015836,1166584
CairoMakie,Plot-A-Sine-Wave,2025-05-13,1.11.5,jeb-kr-amherst,8399c9b,0.13.5,279.127519,4.32533597946167,0.5957858562469482,305.0,113.0,4061976,1176368
CairoMakie,Plot-A-Sine-Wave,2025-05-14,1.11.5,jeb-kr-amherst,8399c9b,0.13.5,280.57201,4.363005876541138,0.5958139896392822,305.0,113.0,4106712,1178004
CairoMakie,Plot-A-Sine-Wave,2025-05-15,1.11.5,jeb-kr-amherst,8399c9b,0.13.5,282.943314,4.376049995422363,0.6071138381958008,306.0,113.0,4058652,1174580
CairoMakie,Plot-A-Sine-Wave,2025-05-16,1.11.5,jeb-kr-amherst,8399c9b,0.13.5,304.73216,4.7560930252075195,0.669003963470459,298.0,110.0,4112496,1174008
CairoMakie,Plot-A-Sine-Wave,2025-05-18,1.11.5,jeb-kr-amherst,8399c9b,0.13.6,279.999023,4.406797885894775,0.597722053527832,305.0,111.0,4077816,1177944
CairoMakie,Plot-A-Sine-Wave,2025-05-19,1.11.5,jeb-kr-amherst,8399c9b,0.13.6,283.859339,4.376569032669067,0.5954699516296387,307.0,113.0,4089648,1174752
CairoMakie,Plot-A-Sine-Wave,2025-05-20,1.11.5,jeb-kr-amherst,8399c9b,0.13.6,278.24223,4.370122909545898,0.5978870391845703,306.0,113.0,4057976,1174508
CairoMakie,Plot-A-Sine-Wave,2025-05-21,1.11.5,jeb-kr-amherst,8399c9b,0.13.6,282.324425,4.339539051055908,0.594588041305542,307.0,113.0,4086472,1179116
CairoMakie,Plot-A-Sine-Wave,2025-05-22,1.11.5,jeb-kr-amherst,8399c9b,0.13.6,278.798588,4.387549161911011,0.597585916519165,305.0,111.0,4076064,1178132
CairoMakie,Plot-A-Sine-Wave,2025-05-23,1.11.5,jeb-kr-amherst,8399c9b,0.13.7,283.065188,4.376162052154541,0.5993988513946533,307.0,111.0,4079224,1179336
CairoMakie,Plot-A-Sine-Wave,2025-05-24,1.11.5,jeb-kr-amherst,8399c9b,0.13.7,279.665036,4.39275598526001,0.593101978302002,304.0,111.0,4115464,1177276
CairoMakie,Plot-A-Sine-Wave,2025-05-25,1.11.5,jeb-kr-amherst,8399c9b,0.13.7,278.972097,4.353182077407837,0.6002469062805176,306.0,111.0,4092956,1176476
CairoMakie,Plot-A-Sine-Wave,2025-05-26,1.11.5,jeb-kr-amherst,8399c9b,0.13.7,277.301,4.405030012130737,0.5989439487457275,305.0,113.0,4092544,1181880
CairoMakie,Plot-A-Sine-Wave,2025-05-27,1.11.5,jeb-kr-amherst,8399c9b,0.13.7,279.920571,4.319782972335815,0.6082329750061035,308.0,113.0,4076960,1177436
CairoMakie,Plot-A-Sine-Wave,2025-05-28,1.11.5,jeb-kr-amherst,8399c9b,0.13.7,280.649521,4.401865005493164,0.5963850021362305,306.0,113.0,4086000,1175872
CairoMakie,Plot-A-Sine-Wave,2025-05-29,1.11.5,jeb-kr-amherst,8399c9b,0.13.7,280.065733,4.33634090423584,0.5902361869812012,306.0,111.0,4095256,1177640
CairoMakie,Plot-A-Sine-Wave,2025-05-30,1.11.5,jeb-kr-amherst,8399c9b,0.13.7,283.825999,4.342958927154541,0.5915980339050293,306.0,111.0,4193188,1179576
CairoMakie,Plot-A-Sine-Wave,2025-05-31,1.11.5,jeb-kr-amherst,8399c9b,0.13.7,282.937786,4.529474973678589,0.6201119422912598,306.0,113.0,4187664,1180708
CairoMakie,Plot-A-Sine-Wave,2025-06-01,1.11.5,jeb-kr-amherst,8399c9b,0.13.7,280.657059,4.349317789077759,0.5914530754089355,306.0,112.0,4198476,1185420
CairoMakie,Plot-A-Sine-Wave,2025-06-02,1.11.5,jeb-kr-amherst,8399c9b,0.13.7,282.076142,4.460712909698486,0.5936870574951172,307.0,110.0,4199848,1183656
CairoMakie,Plot-A-Sine-Wave,2025-06-03,1.11.5,jeb-kr-amherst,8399c9b,0.13.7,281.829979,4.352180004119873,0.5878639221191406,307.0,113.0,4195516,1184708
CairoMakie,Plot-A-Sine-Wave,2025-06-04,1.11.5,jeb-kr-amherst,8399c9b,0.13.10,284.374785,4.4756340980529785,0.5910530090332031,306.0,112.0,4232944,1184032
CairoMakie,Plot-A-Sine-Wave,2025-06-05,1.11.5,jeb-kr-amherst,8399c9b,0.13.10,273.37096,4.372389078140259,0.5918419361114502,301.0,113.0,4175880,1184724
CairoMakie,Plot-A-Sine-Wave,2025-06-06,1.11.5,jeb-kr-amherst,8399c9b,0.13.10,277.881158,4.460158109664917,0.5368688106536865,300.0,110.0,4203220,1183384
CairoMakie,Plot-A-Sine-Wave,2025-06-07,1.11.5,jeb-kr-amherst,8399c9b,0.13.10,350.06122,5.970634937286377,0.8624210357666016,281.0,106.0,4216980,1181768
CairoMakie,Plot-A-Sine-Wave,2025-06-08,1.11.5,jeb-kr-amherst,8399c9b,0.13.10,436.624184,9.055763006210327,1.5414800643920898,252.0,103.0,4219148,1184248
CairoMakie,Plot-A-Sine-Wave,2025-06-09,1.11.5,jeb-kr-amherst,8399c9b,0.13.10,355.061255,4.937885999679565,0.6875219345092773,272.0,112.0,4210520,1181536
CairoMakie,Plot-A-Sine-Wave,2025-06-10,1.11.5,jeb-kr-amherst,8399c9b,0.13.10,288.546254,4.744884014129639,0.6628251075744629,295.0,111.0,4182088,1180644
CairoMakie,Plot-A-Sine-Wave,2025-06-11,1.11.5,jeb-kr-amherst,8399c9b,0.13.10,280.301911,4.4572389125823975,0.598905086517334,296.0,110.0,4205284,1180796
CairoMakie,Plot-A-Sine-Wave,2025-06-12,1.11.5,jeb-kr-amherst,8399c9b,0.14.0,278.977513,4.4069929122924805,0.5895190238952637,299.0,113.0,4239888,1181616
CairoMakie,Plot-A-Sine-Wave,2025-06-13,1.11.5,jeb-kr-amherst,8399c9b,0.14.0,281.695043,4.4862871170043945,0.5387089252471924,300.0,110.0,4202184,1182724
CairoMakie,Plot-A-Sine-Wave,2025-06-14,1.11.5,jeb-kr-amherst,8399c9b,0.14.0,279.380138,4.391453981399536,0.5917568206787109,299.0,111.0,4197504,1190884
CairoMakie,Plot-A-Sine-Wave,2025-06-15,1.11.5,jeb-kr-amherst,8399c9b,0.14.0,278.535301,4.437450170516968,0.591439962387085,300.0,111.0,4240712,1184868
CairoMakie,Plot-A-Sine-Wave,2025-06-16,1.11.5,jeb-kr-amherst,8399c9b,0.14.0,278.515268,4.484673976898193,0.5315468311309814,300.0,112.0,4225848,1189772
CairoMakie,Plot-A-Sine-Wave,2025-06-17,1.11.5,jeb-kr-amherst,8399c9b,0.14.0,278.640634,4.39621901512146,0.5923440456390381,300.0,110.0,4217584,1186764
CairoMakie,Plot-A-Sine-Wave,2025-06-18,1.11.5,jeb-kr-amherst,8399c9b,0.14.0,279.260247,4.409764051437378,0.5965399742126465,299.0,111.0,4195708,1191152
CairoMakie,Plot-A-Sine-Wave,2025-06-19,1.11.5,jeb-kr-amherst,8399c9b,0.14.0,279.592072,4.399687051773071,0.5882580280303955,300.0,111.0,4215288,1186644
CairoMakie,Plot-A-Sine-Wave,2025-06-20,1.11.5,jeb-kr-amherst,8399c9b,0.14.0,276.078148,4.482014179229736,0.5409197807312012,300.0,111.0,4205180,1189832
CairoMakie,Plot-A-Sine-Wave,2025-06-21,1.11.5,jeb-kr-amherst,8399c9b,0.14.0,629.197071,10.134469985961914,1.6407690048217773,200.0,103.0,4218884,1189860
CairoMakie,Plot-A-Sine-Wave,2025-06-22,1.11.5,jeb-kr-amherst,8399c9b,0.15.0,306.888989,4.355069875717163,0.7634809017181396,283.0,111.0,4733580,1160428
CairoMakie,Plot-A-Sine-Wave,2025-06-23,1.11.5,jeb-kr-amherst,8399c9b,0.15.0,309.960378,4.286282062530518,0.7581079006195068,287.0,112.0,4755344,1160952
CairoMakie,Plot-A-Sine-Wave,2025-06-24,1.11.5,jeb-kr-amherst,8399c9b,0.15.0,310.791138,4.313667058944702,0.7569019794464111,287.0,111.0,4699996,1161264
CairoMakie,Plot-A-Sine-Wave,2025-06-25,1.11.5,jeb-kr-amherst,8399c9b,0.15.1,308.488546,4.466104984283447,0.7906279563903809,287.0,110.0,4762712,1160364
CairoMakie,Plot-A-Sine-Wave,2025-06-26,1.11.5,jeb-kr-amherst,8399c9b,0.15.1,316.317808,4.428807020187378,0.793039083480835,279.0,111.0,4785688,1161044
CairoMakie,Plot-A-Sine-Wave,2025-06-27,1.11.5,jeb-kr-amherst,8399c9b,0.15.1,536.498558,9.917725086212158,1.8916068077087402,226.0,103.0,4815912,1168484
CairoMakie,Plot-A-Sine-Wave,2025-06-28,1.11.5,jeb-kr-amherst,8399c9b,0.15.2,314.687825,4.427006006240845,0.7944140434265137,285.0,113.0,4719864,1161588
CairoMakie,Plot-A-Sine-Wave,2025-06-29,1.11.5,jeb-kr-amherst,8399c9b,0.15.2,310.22593,4.473449945449829,0.7710239887237549,287.0,111.0,4769292,1160696
CairoMakie,Plot-A-Sine-Wave,2025-06-30,1.11.5,jeb-kr-amherst,8399c9b,0.15.2,307.823215,4.397125959396362,0.768510103225708,286.0,113.0,4680792,1161212
CairoMakie,Plot-A-Sine-Wave,2025-07-01,1.11.5,jeb-kr-amherst,8399c9b,0.15.2,307.229224,4.352921962738037,0.7671589851379395,287.0,113.0,4710380,1161412
CairoMakie,Plot-A-Sine-Wave,2025-07-02,1.11.5,jeb-kr-amherst,8399c9b,0.15.2,306.324009,4.329658031463623,0.7692749500274658,287.0,111.0,4740864,1159924
CairoMakie,Plot-A-Sine-Wave,2025-07-03,1.11.5,jeb-kr-amherst,8399c9b,0.15.2,308.879468,4.3086769580841064,0.7664148807525635,287.0,112.0,4748844,1160284
CairoMakie,Plot-A-Sine-Wave,2025-07-04,1.11.5,jeb-kr-amherst,8399c9b,0.15.3,311.854314,4.315884828567505,0.7628941535949707,287.0,113.0,4664748,1161676
CairoMakie,Plot-A-Sine-Wave,2025-07-05,1.11.5,jeb-kr-amherst,8399c9b,0.15.3,313.341878,4.33984112739563,0.7703280448913574,286.0,113.0,4724600,1162152
CairoMakie,Plot-A-Sine-Wave,2025-07-06,1.11.5,jeb-kr-amherst,8399c9b,0.15.3,310.257881,4.317069053649902,0.7598140239715576,286.0,111.0,4728148,1161780
CairoMakie,Plot-A-Sine-Wave,2025-07-07,1.11.5,jeb-kr-amherst,8399c9b,0.15.3,309.24324,4.376657009124756,0.7784039974212646,286.0,111.0,4789356,1161168
CairoMakie,Plot-A-Sine-Wave,2025-07-08,1.11.5,jeb-kr-amherst,8399c9b,0.15.3,310.433889,4.390552997589111,0.7738528251647949,287.0,113.0,4769852,1160220
CairoMakie,Plot-A-Sine-Wave,2025-07-09,1.11.5,jeb-kr-amherst,8399c9b,0.15.3,304.751528,4.296755075454712,0.7614030838012695,287.0,111.0,4779588,1161388
CairoMakie,Plot-A-Sine-Wave,2025-07-10,1.11.5,jeb-kr-amherst,8399c9b,0.15.3,309.457917,4.340207099914551,0.7586209774017334,286.0,112.0,4717708,1160292
CairoMakie,Plot-A-Sine-Wave,2025-07-11,1.11.5,jeb-kr-amherst,8399c9b,0.15.3,308.9842,4.353587865829468,0.7789840698242188,287.0,113.0,4707052,1159604
CairoMakie,Plot-A-Sine-Wave,2025-07-12,1.11.5,jeb-kr-amherst,8399c9b,0.15.3,309.013094,4.358790874481201,0.7683370113372803,286.0,113.0,4784404,1159228
CairoMakie,Plot-A-Sine-Wave,2025-07-13,1.11.5,jeb-kr-amherst,8399c9b,0.15.3,311.412519,4.286200046539307,0.7650909423828125,287.0,113.0,4706192,1160232
CairoMakie,Plot-A-Sine-Wave,2025-07-14,1.11.5,jeb-kr-amherst,8399c9b,0.15.3,309.422663,4.296295881271362,0.7729830741882324,288.0,112.0,4657032,1160724
CairoMakie,Plot-A-Sine-Wave,2025-07-15,1.11.5,jeb-kr-amherst,8399c9b,0.15.3,306.991626,4.437680006027222,0.7751128673553467,286.0,110.0,4714188,1161632
CairoMakie,Plot-A-Sine-Wave,2025-07-16,1.11.5,jeb-kr-amherst,8399c9b,0.15.3,307.667102,4.266853094100952,0.7661681175231934,286.0,113.0,4725804,1160764
CairoMakie,Plot-A-Sine-Wave,2025-07-17,1.11.5,jeb-kr-amherst,8399c9b,0.15.3,310.210381,4.340389013290405,0.7542719841003418,286.0,112.0,4790116,1159392
CairoMakie,Plot-A-Sine-Wave,2025-07-18,1.11.5,jeb-kr-amherst,8399c9b,0.15.4,309.718668,4.383558988571167,0.7599549293518066,286.0,113.0,4858584,1170180
CairoMakie,Plot-A-Sine-Wave,2025-07-19,1.11.5,jeb-kr-amherst,8399c9b,0.15.4,312.744463,4.382274150848389,0.774385929107666,286.0,113.0,4855472,1171488
CairoMakie,Plot-A-Sine-Wave,2025-10-13,1.12.0,jeb-kr-amherst,8399c9b,0.15.4,326.932447,3.2326488494873047,0.7958259582519531,284.0,116.0,4297928,1040372
CairoMakie,Plot-A-Sine-Wave,2025-10-13,alpha,jeb-kr-amherst,8399c9b,0.15.4,320.761485,3.1643831729888916,0.7873609066009521,285.0,115.0,4195356,1040036
CairoMakie,Plot-A-Sine-Wave,2025-10-13,lts,jeb-kr-amherst,8399c9b,0.15.4,229.644341,3.542823076248169,0.8496139049530029,284.0,115.0,3861696,948164
CairoMakie,Plot-A-Sine-Wave,2025-10-13,release,jeb-kr-amherst,8399c9b,0.15.4,325.668311,3.158482789993286,0.8274030685424805,284.0,116.0,4237692,1041192
ComplexityMeasures,Nonlinear-Timeseries-Analysis,2025-10-07,1.11.7,jeb-kr-amherst,3004b15,3.8.5,41.597011,0.8839521408081055,1.6941618919372559,273.0,122.0,2042696,438296
ComponentArrays,Basic-Manipulations,2025-07-20,1.11.6,jeb-kr-amherst,3004b15,0.15.28,4.083685,0.1391129493713379,0.6415050029754639,187.0,142.0,2036008,275196
ComponentArrays,Basic-Manipulations,2025-07-24,1.11.6,jeb-kr-amherst,3004b15,0.15.29,3.992543,0.15376996994018555,0.6513710021972656,189.0,140.0,2033924,275312
ComponentArrays,Basic-Manipulations,2025-07-28,1.11.6,jeb-kr-amherst,3004b15,0.15.29,4.069031,0.1234138011932373,0.661344051361084,186.0,157.0,2034384,274944
ComponentArrays,Basic-Manipulations,2025-08-01,1.11.6,jeb-kr-amherst,3004b15,0.15.29,4.023783,0.1577010154724121,0.6462860107421875,187.0,140.0,2038120,275056
ComponentArrays,Basic-Manipulations,2025-08-06,1.11.6,jeb-kr-amherst,3004b15,0.15.29,4.084492,0.13025593757629395,0.6732649803161621,188.0,148.0,2036992,275300
ComponentArrays,Basic-Manipulations,2025-08-10,1.11.6,jeb-kr-amherst,3004b15,0.15.29,4.05043,0.14653587341308594,0.6533451080322266,189.0,141.0,2035752,275328
ComponentArrays,Basic-Manipulations,2025-08-14,1.11.6,jeb-kr-amherst,3004b15,0.15.29,4.070624,0.12946391105651855,0.6704840660095215,189.0,156.0,2037636,274992
ComponentArrays,Basic-Manipulations,2025-08-18,1.11.6,jeb-kr-amherst,3004b15,0.15.29,4.003794,0.15859484672546387,0.6665380001068115,187.0,140.0,2023888,274816
ComponentArrays,Basic-Manipulations,2025-08-22,1.11.6,jeb-kr-amherst,3004b15,0.15.29,4.033702,0.12944793701171875,0.6907908916473389,188.0,140.0,2001256,275324
ComponentArrays,Basic-Manipulations,2025-08-26,1.11.6,jeb-kr-amherst,3004b15,0.15.29,4.002517,0.14218997955322266,0.6488838195800781,186.0,141.0,2053844,275044
ComponentArrays,Basic-Manipulations,2025-08-30,1.11.6,jeb-kr-amherst,3004b15,0.15.29,4.077179,0.12914180755615234,0.6525611877441406,189.0,151.0,2037992,275324
ComponentArrays,Basic-Manipulations,2025-09-03,1.11.6,jeb-kr-amherst,3004b15,0.15.29,4.026068,0.14942002296447754,0.6554641723632812,189.0,140.0,2054412,275072
ComponentArrays,Basic-Manipulations,2025-09-07,1.11.6,jeb-kr-amherst,3004b15,0.15.29,4.037332,0.14762592315673828,0.650360107421875,186.0,141.0,2053824,275584
ComponentArrays,Basic-Manipulations,2025-09-11,1.11.6,jeb-kr-amherst,3004b15,0.15.29,4.056728,0.1193389892578125,0.6606550216674805,186.0,156.0,2046344,274944
ComponentArrays,Basic-Manipulations,2025-09-15,1.11.6,jeb-kr-amherst,3004b15,0.15.29,4.037243,0.13268399238586426,0.6598529815673828,189.0,150.0,2049856,275324
ComponentArrays,Basic-Manipulations,2025-09-19,1.11.6,jeb-kr-amherst,3004b15,0.15.29,4.031394,0.16675305366516113,0.6364789009094238,188.0,150.0,2036976,275072
ComponentArrays,Basic-Manipulations,2025-09-20,1.11.7,jeb-kr-amherst,3004b15,0.15.29,4.045622,0.14444589614868164,0.654094934463501,188.0,141.0,2055696,281216
ComponentArrays,Basic-Manipulations,2025-09-24,1.11.7,jeb-kr-amherst,3004b15,0.15.29,3.960047,0.14148998260498047,0.6496150493621826,189.0,141.0,2049748,281216
ComponentArrays,Basic-Manipulations,2025-09-28,1.11.7,jeb-kr-amherst,3004b15,0.15.29,3.981277,0.12355995178222656,0.6444518566131592,187.0,157.0,2064272,281344
ComponentArrays,Basic-Manipulations,2025-10-02,1.11.7,jeb-kr-amherst,3004b15,0.15.29,3.9706,0.12389278411865234,0.6571590900421143,188.0,156.0,2056272,281088
ComponentArrays,Basic-Manipulations,2025-10-03,1.11.7,jeb-kr-amherst,3004b15,0.15.29,3.976724,0.12677597999572754,0.6691720485687256,189.0,155.0,2055052,281020
ComponentArrays,Basic-Manipulations,2025-10-06,1.11.7,jeb-kr-amherst,3004b15,0.15.29,3.958513,0.14791488647460938,0.6501071453094482,187.0,140.0,2054776,280832
ComponentArrays,Basic-Manipulations,2025-10-07,1.11.7,jeb-kr-amherst,3004b15,0.15.30,4.687546,0.15440106391906738,0.7003648281097412,187.0,138.0,2046572,280960
ComponentArrays,Basic-Manipulations,2025-10-10,1.11.7,jeb-kr-amherst,3004b15,0.15.29,3.966969,0.12472701072692871,0.6411681175231934,188.0,157.0,2054816,281600
ComponentArrays,Basic-Manipulations,2025-10-14,1.11.7,jeb-kr-amherst,3004b15,0.15.29,3.989825,0.16669702529907227,0.644982099533081,187.0,148.0,2036700,281088
ComponentArrays,Basic-Manipulations,2025-10-15,1.12.0,jeb-kr-amherst,3004b15,0.15.29,16.610721,0.14534997940063477,0.7197320461273193,179.0,113.0,2127956,334508
ComponentArrays,Basic-Manipulations,2025-10-19,1.12.0,jeb-kr-amherst,3004b15,0.15.29,16.277814,0.14353299140930176,0.713543176651001,177.0,114.0,2128972,333940
ComponentArrays,Basic-Manipulations,2025-10-23,1.12.0,jeb-kr-amherst,3004b15,0.15.29,16.000323,0.1465439796447754,0.7404119968414307,179.0,114.0,2128728,334276
ComponentArrays,Basic-Manipulations,2025-10-24,1.12.0,jeb-kr-amherst,3004b15,0.15.29,16.404781,0.14284491539001465,0.7094581127166748,178.0,114.0,2138108,334528
ComponentArrays,Basic-Manipulations,2025-10-25,1.12.1,jeb-kr-amherst,3004b15,0.15.29,16.632579,0.14761900901794434,0.7384569644927979,181.0,114.0,2088800,332060
ComponentArrays,Basic-Manipulations,2025-10-29,1.12.1,jeb-kr-amherst,3004b15,0.15.29,16.535884,0.14928007125854492,0.732011079788208,179.0,113.0,2084296,332208
ComponentArrays,Basic-Manipulations,2025-11-02,1.12.1,jeb-kr-amherst,3004b15,0.15.29,16.382553,0.146165132522583,0.7667679786682129,180.0,114.0,2087696,333380
ComponentArrays,Basic-Manipulations,2025-11-06,1.12.1,jeb-kr-amherst,3004b15,0.15.29,16.330695,0.14753007888793945,0.7389969825744629,179.0,113.0,2085656,332472
ComponentArrays,Basic-Manipulations,2025-11-10,1.12.1,jeb-kr-amherst,3004b15,0.15.29,16.511136,0.14384198188781738,0.7410471439361572,179.0,114.0,2082168,332204
ComponentArrays,Basic-Manipulations,2025-11-14,1.12.1,jeb-kr-amherst,3004b15,0.15.29,16.598973,0.14542508125305176,0.7258388996124268,178.0,114.0,2082216,332072
ComponentArrays,Basic-Manipulations,2025-11-18,1.12.1,jeb-kr-amherst,3004b15,0.15.29,16.622426,0.14632415771484375,0.7195038795471191,179.0,114.0,2087132,331972
ComponentArrays,Basic-Manipulations,2025-11-23,1.12.2,jeb-kr-amherst,3004b15,0.15.29,18.648546,0.14862489700317383,0.7469379901885986,181.0,113.0,2103736,339204
DataFrames,Dataframe-Construction,2025-07-20,1.11.6,jeb-kr-amherst,3004b15,1.7.0,43.492068,0.4638049602508545,0.03098297119140625,192.0,157.0,2038064,327104
DataFrames,Dataframe-Construction,2025-07-24,1.11.6,jeb-kr-amherst,3004b15,1.7.0,43.387783,0.4199378490447998,0.03129911422729492,191.0,185.0,2024224,327300
DataFrames,Dataframe-Construction,2025-07-28,1.11.6,jeb-kr-amherst,3004b15,1.7.0,43.821588,0.4463019371032715,0.031043052673339844,191.0,182.0,2032060,327168
DataFrames,Dataframe-Construction,2025-08-01,1.11.6,jeb-kr-amherst,3004b15,1.7.0,43.921913,0.4149169921875,0.030948162078857422,191.0,186.0,2035132,327232
DataFrames,Dataframe-Construction,2025-08-06,1.11.6,jeb-kr-amherst,3004b15,1.7.0,43.306365,0.44974708557128906,0.031116008758544922,190.0,172.0,2049868,326832
DataFrames,Dataframe-Construction,2025-08-10,1.11.6,jeb-kr-amherst,3004b15,1.7.0,43.457262,0.430325984954834,0.030971050262451172,190.0,184.0,2039112,327276
DataFrames,Dataframe-Construction,2025-08-14,1.11.6,jeb-kr-amherst,3004b15,1.7.0,43.682483,0.4123687744140625,0.030829191207885742,189.0,187.0,2033572,327120
DataFrames,Dataframe-Construction,2025-08-18,1.11.6,jeb-kr-amherst,3004b15,1.7.0,43.301126,0.4522130489349365,0.031135082244873047,190.0,166.0,2024072,327100
DataFrames,Dataframe-Construction,2025-08-22,1.11.6,jeb-kr-amherst,3004b15,1.7.0,43.61316,0.4086740016937256,0.0307769775390625,191.0,187.0,2035704,326688
DataFrames,Dataframe-Construction,2025-08-26,1.11.6,jeb-kr-amherst,3004b15,1.7.0,43.688974,0.4560210704803467,0.03180193901062012,191.0,158.0,2036068,327480
DataFrames,Dataframe-Construction,2025-08-30,1.11.6,jeb-kr-amherst,3004b15,1.7.0,43.617557,0.4236791133880615,0.030354022979736328,191.0,161.0,2034596,327360
DataFrames,Dataframe-Construction,2025-09-03,1.11.6,jeb-kr-amherst,3004b15,1.7.0,43.686297,0.4230329990386963,0.03055119514465332,190.0,185.0,2034512,327096
DataFrames,Dataframe-Construction,2025-09-07,1.11.6,jeb-kr-amherst,3004b15,1.7.0,43.269603,0.44696497917175293,0.030510902404785156,191.0,159.0,2037308,326872
DataFrames,Dataframe-Construction,2025-09-11,1.11.6,jeb-kr-amherst,3004b15,1.7.0,43.706555,0.43380308151245117,0.030263900756835938,191.0,161.0,2037100,327180
DataFrames,Dataframe-Construction,2025-09-15,1.11.6,jeb-kr-amherst,3004b15,1.7.0,43.780155,0.44576406478881836,0.030437946319580078,191.0,159.0,2036932,327012
DataFrames,Dataframe-Construction,2025-09-19,1.11.6,jeb-kr-amherst,3004b15,1.7.0,43.817131,0.40612196922302246,0.030589818954467773,190.0,188.0,2045064,327172
DataFrames,Dataframe-Construction,2025-09-20,1.11.7,jeb-kr-amherst,3004b15,1.7.0,43.593958,0.41349315643310547,0.03122401237487793,190.0,185.0,2042344,332996
DataFrames,Dataframe-Construction,2025-09-24,1.11.7,jeb-kr-amherst,3004b15,1.7.0,44.05176,0.4191608428955078,0.030894041061401367,191.0,169.0,2023124,332844
DataFrames,Dataframe-Construction,2025-09-28,1.11.7,jeb-kr-amherst,3004b15,1.7.0,44.140783,0.4523930549621582,0.030354022979736328,190.0,164.0,2042040,333088
DataFrames,Dataframe-Construction,2025-10-02,1.11.7,jeb-kr-amherst,3004b15,1.7.0,43.878248,0.4149789810180664,0.030400991439819336,191.0,185.0,2054480,333228
DataFrames,Dataframe-Construction,2025-10-03,1.11.7,jeb-kr-amherst,3004b15,1.7.0,43.688708,0.44589686393737793,0.030467987060546875,190.0,171.0,2048092,332968
DataFrames,Dataframe-Construction,2025-10-06,1.11.7,jeb-kr-amherst,3004b15,1.7.0,43.561867,0.45152807235717773,0.030334949493408203,191.0,165.0,2047528,332708
DataFrames,Dataframe-Construction,2025-10-07,1.11.7,jeb-kr-amherst,3004b15,1.8.1,92.362678,0.7146799564361572,0.030486106872558594,192.0,152.0,2061348,377676
DataFrames,Dataframe-Construction,2025-10-10,1.11.7,jeb-kr-amherst,3004b15,1.7.0,43.763139,0.4131131172180176,0.03066396713256836,189.0,185.0,2046960,335288
DataFrames,Dataframe-Construction,2025-10-14,1.11.7,jeb-kr-amherst,3004b15,1.7.0,43.599192,0.4497509002685547,0.030765056610107422,190.0,157.0,2027920,332544
DataFrames,Dataframe-Construction,2025-10-15,1.12.0,jeb-kr-amherst,3004b15,1.7.0,50.345774,0.39641594886779785,0.027559995651245117,182.0,125.0,2133160,385840
DataFrames,Dataframe-Construction,2025-10-19,1.12.0,jeb-kr-amherst,3004b15,1.7.0,49.408444,0.4037768840789795,0.02784895896911621,183.0,125.0,2127204,386132
DataFrames,Dataframe-Construction,2025-10-23,1.12.0,jeb-kr-amherst,3004b15,1.7.0,49.670913,0.40518879890441895,0.028234004974365234,180.0,125.0,2125092,385636
DataFrames,Dataframe-Construction,2025-10-24,1.12.0,jeb-kr-amherst,3004b15,1.7.0,49.08821,0.40244197845458984,0.028728008270263672,181.0,125.0,2132100,385784
DataFrames,Dataframe-Construction,2025-10-25,1.12.1,jeb-kr-amherst,3004b15,1.7.0,49.909234,0.41136693954467773,0.028219938278198242,183.0,125.0,2138988,381256
DataFrames,Dataframe-Construction,2025-10-29,1.12.1,jeb-kr-amherst,3004b15,1.7.0,49.630803,0.39908885955810547,0.027636051177978516,182.0,125.0,2085016,380980
DataFrames,Dataframe-Construction,2025-11-02,1.12.1,jeb-kr-amherst,3004b15,1.7.0,50.686523,0.4034709930419922,0.0289459228515625,184.0,125.0,2087244,380640
DataFrames,Dataframe-Construction,2025-11-06,1.12.1,jeb-kr-amherst,3004b15,1.7.0,49.999478,0.3994879722595215,0.027354001998901367,182.0,125.0,2087608,381320
DataFrames,Dataframe-Construction,2025-11-10,1.12.1,jeb-kr-amherst,3004b15,1.7.0,49.491752,0.40770602226257324,0.02788400650024414,183.0,125.0,2084380,381428
DataFrames,Dataframe-Construction,2025-11-14,1.12.1,jeb-kr-amherst,3004b15,1.7.0,49.512755,0.41083192825317383,0.028352022171020508,183.0,125.0,2086648,381788
DataFrames,Dataframe-Construction,2025-11-18,1.12.1,jeb-kr-amherst,3004b15,1.7.0,49.305298,0.4194319248199463,0.028716087341308594,182.0,125.0,2086356,381828
DataFrames,Dataframe-Construction,2025-11-23,1.12.2,jeb-kr-amherst,3004b15,1.7.0,51.909383,0.39914703369140625,0.02780604362487793,184.0,125.0,2107256,387292
DifferentiationInterface,Jacobian-With-Finite-Differences,2025-10-07,1.11.7,jeb-kr-amherst,3004b15,0.7.12,2.024216,0.012069940567016602,0.7549300193786621,180.0,158.0,2024808,274328
Distributions,Normal-Distribution,2025-07-20,1.11.6,jeb-kr-amherst,3004b15,0.25.120,11.567665,0.3454098701477051,0.3089759349822998,200.0,166.0,2022096,302716
Distributions,Normal-Distribution,2025-07-24,1.11.6,jeb-kr-amherst,3004b15,0.25.120,11.633294,0.3551020622253418,0.30466508865356445,202.0,147.0,2049460,302504
Distributions,Normal-Distribution,2025-07-28,1.11.6,jeb-kr-amherst,3004b15,0.25.120,11.558322,0.3354830741882324,0.30562281608581543,203.0,167.0,2039144,302812
Distributions,Normal-Distribution,2025-08-01,1.11.6,jeb-kr-amherst,3004b15,0.25.120,11.622512,0.34422802925109863,0.30313897132873535,202.0,153.0,2037604,302384
Distributions,Normal-Distribution,2025-08-06,1.11.6,jeb-kr-amherst,3004b15,0.25.120,11.518085,0.3772449493408203,0.31571006774902344,200.0,157.0,2049920,298776
Distributions,Normal-Distribution,2025-08-10,1.11.6,jeb-kr-amherst,3004b15,0.25.120,11.242603,0.33545994758605957,0.30596208572387695,200.0,151.0,2025980,298968
Distributions,Normal-Distribution,2025-08-14,1.11.6,jeb-kr-amherst,3004b15,0.25.120,11.299534,0.33856797218322754,0.3120260238647461,199.0,149.0,2025412,299040
Distributions,Normal-Distribution,2025-08-18,1.11.6,jeb-kr-amherst,3004b15,0.25.120,11.115882,0.32773900032043457,0.3074948787689209,199.0,167.0,2037828,298976
Distributions,Normal-Distribution,2025-08-22,1.11.6,jeb-kr-amherst,3004b15,0.25.120,11.117976,0.32285499572753906,0.3061690330505371,200.0,168.0,2024548,299008
Distributions,Normal-Distribution,2025-08-26,1.11.6,jeb-kr-amherst,3004b15,0.25.120,11.104927,0.3230440616607666,0.3065969944000244,197.0,162.0,2037744,298884
Distributions,Normal-Distribution,2025-08-30,1.11.6,jeb-kr-amherst,3004b15,0.25.120,11.193398,0.35475683212280273,0.30945301055908203,192.0,146.0,2049844,299012
Distributions,Normal-Distribution,2025-09-03,1.11.6,jeb-kr-amherst,3004b15,0.25.120,11.172935,0.32448387145996094,0.3063039779663086,200.0,167.0,2047768,298752
Distributions,Normal-Distribution,2025-09-07,1.11.6,jeb-kr-amherst,3004b15,0.25.120,11.189562,0.33459901809692383,0.3220081329345703,196.0,154.0,2033552,298900
Distributions,Normal-Distribution,2025-09-11,1.11.6,jeb-kr-amherst,3004b15,0.25.120,11.205873,0.3230431079864502,0.30773186683654785,198.0,168.0,2035468,298988
Distributions,Normal-Distribution,2025-09-15,1.11.6,jeb-kr-amherst,3004b15,0.25.120,11.236462,0.3276691436767578,0.3236968517303467,203.0,166.0,2036732,299096
Distributions,Normal-Distribution,2025-09-19,1.11.6,jeb-kr-amherst,3004b15,0.25.120,11.057176,0.34441304206848145,0.30501794815063477,199.0,148.0,2042776,299080
Distributions,Normal-Distribution,2025-09-20,1.11.7,jeb-kr-amherst,3004b15,0.25.120,10.95512,0.33934903144836426,0.30843615531921387,197.0,148.0,2047608,304608
Distributions,Normal-Distribution,2025-09-24,1.11.7,jeb-kr-amherst,3004b15,0.25.120,10.988114,0.3215808868408203,0.30669403076171875,198.0,167.0,2055872,305008
Distributions,Normal-Distribution,2025-09-28,1.11.7,jeb-kr-amherst,3004b15,0.25.120,10.995826,0.3219280242919922,0.3050670623779297,200.0,167.0,2046908,304960
Distributions,Normal-Distribution,2025-10-02,1.11.7,jeb-kr-amherst,3004b15,0.25.120,10.953118,0.32993507385253906,0.3459508419036865,198.0,163.0,2047264,304780
Distributions,Normal-Distribution,2025-10-03,1.11.7,jeb-kr-amherst,3004b15,0.25.120,10.973525,0.3365919589996338,0.3115229606628418,198.0,148.0,2042972,305028
Distributions,Normal-Distribution,2025-10-06,1.11.7,jeb-kr-amherst,3004b15,0.25.120,10.958846,0.34639787673950195,0.30527210235595703,200.0,162.0,2059656,305032
Distributions,Normal-Distribution,2025-10-07,1.11.7,jeb-kr-amherst,3004b15,0.25.122,11.891983,0.36954402923583984,0.3217430114746094,197.0,155.0,2029060,304568
Distributions,Normal-Distribution,2025-10-10,1.11.7,jeb-kr-amherst,3004b15,0.25.120,11.036484,0.3452599048614502,0.30679917335510254,200.0,148.0,2055580,304812
Distributions,Normal-Distribution,2025-10-14,1.11.7,jeb-kr-amherst,3004b15,0.25.120,10.954559,0.32079601287841797,0.30629611015319824,199.0,168.0,2042764,304716
Distributions,Normal-Distribution,2025-10-15,1.12.0,jeb-kr-amherst,3004b15,0.25.120,12.574591,0.28581905364990234,0.21338391304016113,188.0,120.0,2125492,353844
Distributions,Normal-Distribution,2025-10-19,1.12.0,jeb-kr-amherst,3004b15,0.25.120,12.600124,0.2805929183959961,0.2145400047302246,188.0,120.0,2125756,354240
Distributions,Normal-Distribution,2025-10-23,1.12.0,jeb-kr-amherst,3004b15,0.25.120,12.581924,0.2805471420288086,0.21384787559509277,188.0,120.0,2125480,353852
Distributions,Normal-Distribution,2025-10-24,1.12.0,jeb-kr-amherst,3004b15,0.25.120,12.44472,0.280534029006958,0.21367311477661133,189.0,120.0,2129576,354144
Distributions,Normal-Distribution,2025-10-25,1.12.1,jeb-kr-amherst,3004b15,0.25.120,12.596624,0.2804388999938965,0.2121570110321045,189.0,120.0,2098236,349132
Distributions,Normal-Distribution,2025-10-29,1.12.1,jeb-kr-amherst,3004b15,0.25.120,12.525788,0.2866249084472656,0.21610307693481445,188.0,120.0,2087672,349472
Distributions,Normal-Distribution,2025-11-02,1.12.1,jeb-kr-amherst,3004b15,0.25.120,12.545285,0.2912580966949463,0.21763205528259277,189.0,120.0,2145684,349548
Distributions,Normal-Distribution,2025-11-06,1.12.1,jeb-kr-amherst,3004b15,0.25.120,12.403957,0.2866091728210449,0.2135779857635498,188.0,120.0,2088772,349012
Distributions,Normal-Distribution,2025-11-10,1.12.1,jeb-kr-amherst,3004b15,0.25.120,12.635406,0.28791284561157227,0.2122340202331543,189.0,120.0,2088884,348780
Distributions,Normal-Distribution,2025-11-14,1.12.1,jeb-kr-amherst,3004b15,0.25.120,12.473591,0.2819709777832031,0.21238398551940918,189.0,120.0,2087220,349212
Distributions,Normal-Distribution,2025-11-18,1.12.1,jeb-kr-amherst,3004b15,0.25.120,12.679566,0.2894420623779297,0.2161540985107422,189.0,120.0,2090324,349772
Distributions,Normal-Distribution,2025-11-23,1.12.2,jeb-kr-amherst,3004b15,0.25.120,14.366456,0.28141188621520996,0.21271610260009766,191.0,120.0,2104336,356008
Enzyme,Gradient-Of-Square-Norm,2025-07-20,1.11.6,jeb-kr-amherst,3004b15,0.13.61,70.206121,1.0160081386566162,3.000124931335449,227.0,112.0,2302456,482556
Enzyme,Gradient-Of-Square-Norm,2025-07-24,1.11.6,jeb-kr-amherst,3004b15,0.13.62,70.599611,0.9970109462738037,3.0004100799560547,228.0,112.0,2437600,481764
Enzyme,Gradient-Of-Square-Norm,2025-07-28,1.11.6,jeb-kr-amherst,3004b15,0.13.63,70.634298,1.0317001342773438,2.976334810256958,227.0,112.0,2404132,480200
Enzyme,Gradient-Of-Square-Norm,2025-08-01,1.11.6,jeb-kr-amherst,3004b15,0.13.65,71.040816,1.010673999786377,3.0149831771850586,227.0,112.0,2338084,480008
Enzyme,Gradient-Of-Square-Norm,2025-08-06,1.11.6,jeb-kr-amherst,3004b15,0.13.66,72.010853,1.0717918872833252,3.11942195892334,229.0,109.0,2363420,481936
Enzyme,Gradient-Of-Square-Norm,2025-08-10,1.11.6,jeb-kr-amherst,3004b15,0.13.67,70.678371,1.0226709842681885,3.049531936645508,228.0,112.0,2322676,481000
Enzyme,Gradient-Of-Square-Norm,2025-08-14,1.11.6,jeb-kr-amherst,3004b15,0.13.67,70.503967,1.0394790172576904,3.149305820465088,229.0,112.0,2369132,482108
Enzyme,Gradient-Of-Square-Norm,2025-08-18,1.11.6,jeb-kr-amherst,3004b15,0.13.67,71.098471,1.0346620082855225,3.0371217727661133,227.0,111.0,2387228,482448
Enzyme,Gradient-Of-Square-Norm,2025-08-22,1.11.6,jeb-kr-amherst,3004b15,0.13.67,70.351708,1.0466320514678955,3.0171189308166504,227.0,109.0,2340492,482028
Enzyme,Gradient-Of-Square-Norm,2025-08-26,1.11.6,jeb-kr-amherst,3004b15,0.13.67,70.841326,1.022308111190796,2.99625301361084,228.0,112.0,2310628,481116
Enzyme,Gradient-Of-Square-Norm,2025-08-30,1.11.6,jeb-kr-amherst,3004b15,0.13.67,70.175454,0.993955135345459,3.053642988204956,230.0,110.0,2282072,481676
Enzyme,Gradient-Of-Square-Norm,2025-09-03,1.11.6,jeb-kr-amherst,3004b15,0.13.67,71.386085,1.040830135345459,2.9949707984924316,228.0,109.0,2366692,482340
Enzyme,Gradient-Of-Square-Norm,2025-09-07,1.11.6,jeb-kr-amherst,3004b15,0.13.67,71.276351,1.0282201766967773,2.9929959774017334,227.0,111.0,2413960,479336
Enzyme,Gradient-Of-Square-Norm,2025-09-11,1.11.6,jeb-kr-amherst,3004b15,0.13.67,70.15258,1.0051369667053223,2.9881019592285156,228.0,111.0,2355832,479532
Enzyme,Gradient-Of-Square-Norm,2025-09-15,1.11.6,jeb-kr-amherst,3004b15,0.13.67,70.818624,1.0765509605407715,3.046718120574951,227.0,109.0,2371904,481612
Enzyme,Gradient-Of-Square-Norm,2025-09-19,1.11.6,jeb-kr-amherst,3004b15,0.13.67,70.147885,1.0432169437408447,2.997915029525757,228.0,109.0,2264672,481196
Enzyme,Gradient-Of-Square-Norm,2025-09-20,1.11.7,jeb-kr-amherst,3004b15,0.13.67,70.749521,0.9918358325958252,3.0555970668792725,228.0,112.0,2309620,486740
Enzyme,Gradient-Of-Square-Norm,2025-09-24,1.11.7,jeb-kr-amherst,3004b15,0.13.67,70.328441,1.0214240550994873,3.066696882247925,228.0,109.0,2333176,488432
Enzyme,Gradient-Of-Square-Norm,2025-09-28,1.11.7,jeb-kr-amherst,3004b15,0.13.67,71.087795,1.0097951889038086,3.0392229557037354,229.0,112.0,2326984,485500
Enzyme,Gradient-Of-Square-Norm,2025-10-02,1.11.7,jeb-kr-amherst,3004b15,0.13.67,70.992833,1.0041069984436035,3.04459285736084,229.0,110.0,2330976,487788
Enzyme,Gradient-Of-Square-Norm,2025-10-03,1.11.7,jeb-kr-amherst,3004b15,0.13.67,70.6474,1.0203101634979248,3.0734219551086426,227.0,109.0,2295604,488060
Enzyme,Gradient-Of-Square-Norm,2025-10-06,1.11.7,jeb-kr-amherst,3004b15,0.13.67,70.383342,1.083970069885254,3.1045610904693604,228.0,108.0,2337032,488156
Enzyme,Gradient-Of-Square-Norm,2025-10-07,1.11.7,jeb-kr-amherst,3004b15,0.13.107,80.756144,1.0412461757659912,2.4387259483337402,229.0,110.0,2481220,488452
Enzyme,Gradient-Of-Square-Norm,2025-10-10,1.11.7,jeb-kr-amherst,3004b15,0.13.67,71.018861,1.0301179885864258,3.0033271312713623,227.0,109.0,2376956,488100
Enzyme,Gradient-Of-Square-Norm,2025-10-14,1.11.7,jeb-kr-amherst,3004b15,0.13.67,70.604962,1.054671049118042,3.052264928817749,228.0,112.0,2341656,487768
ExplicitImports,Print_Explicit_Imports,2025-07-20,1.11.6,jeb-kr-amherst,3004b15,1.13.0,18.960216,0.49669504165649414,0.43228602409362793,210.0,150.0,2046596,373016
ExplicitImports,Print_Explicit_Imports,2025-07-24,1.11.6,jeb-kr-amherst,3004b15,1.13.1,18.988227,0.541985034942627,0.4385080337524414,212.0,139.0,2033568,373384
ExplicitImports,Print_Explicit_Imports,2025-07-28,1.11.6,jeb-kr-amherst,3004b15,1.13.1,19.059465,0.5487079620361328,0.44211888313293457,212.0,146.0,2037692,373096
ExplicitImports,Print_Explicit_Imports,2025-08-01,1.11.6,jeb-kr-amherst,3004b15,1.13.1,18.903332,0.5572009086608887,0.4311840534210205,211.0,142.0,2041780,372780
ExplicitImports,Print_Explicit_Imports,2025-08-06,1.11.6,jeb-kr-amherst,3004b15,1.13.1,18.687548,0.5239810943603516,0.4336540699005127,212.0,136.0,2025928,372844
ExplicitImports,Print_Explicit_Imports,2025-08-10,1.11.6,jeb-kr-amherst,3004b15,1.13.1,18.664322,0.485245943069458,0.4333031177520752,211.0,151.0,2055540,372868
ExplicitImports,Print_Explicit_Imports,2025-08-14,1.11.6,jeb-kr-amherst,3004b15,1.13.2,19.097959,0.4866330623626709,0.43282604217529297,211.0,151.0,2042756,372220
ExplicitImports,Print_Explicit_Imports,2025-08-18,1.11.6,jeb-kr-amherst,3004b15,1.13.2,18.677061,0.5386948585510254,0.4323899745941162,209.0,136.0,2042672,372460
ExplicitImports,Print_Explicit_Imports,2025-08-22,1.11.6,jeb-kr-amherst,3004b15,1.13.2,19.30041,0.5082519054412842,0.42864513397216797,209.0,150.0,2022828,373152
ExplicitImports,Print_Explicit_Imports,2025-08-26,1.11.6,jeb-kr-amherst,3004b15,1.13.2,18.814071,0.5278489589691162,0.4291679859161377,211.0,140.0,2024696,373688
ExplicitImports,Print_Explicit_Imports,2025-08-30,1.11.6,jeb-kr-amherst,3004b15,1.13.2,18.975903,0.49874305725097656,0.43112707138061523,213.0,150.0,2029828,371952
ExplicitImports,Print_Explicit_Imports,2025-09-03,1.11.6,jeb-kr-amherst,3004b15,1.13.2,18.616786,0.5227320194244385,0.4447810649871826,211.0,148.0,2044920,372560
ExplicitImports,Print_Explicit_Imports,2025-09-07,1.11.6,jeb-kr-amherst,3004b15,1.13.2,18.849593,0.5175929069519043,0.43367815017700195,212.0,136.0,2029708,372796
ExplicitImports,Print_Explicit_Imports,2025-09-11,1.11.6,jeb-kr-amherst,3004b15,1.13.2,18.8273,0.5270428657531738,0.43723201751708984,211.0,140.0,2059864,373012
ExplicitImports,Print_Explicit_Imports,2025-09-15,1.11.6,jeb-kr-amherst,3004b15,1.13.2,18.640735,0.51059889793396,0.43029093742370605,211.0,150.0,2032376,373516
ExplicitImports,Print_Explicit_Imports,2025-09-19,1.11.6,jeb-kr-amherst,3004b15,1.13.2,18.704465,0.5075168609619141,0.4270000457763672,210.0,150.0,2024308,372408
ExplicitImports,Print_Explicit_Imports,2025-09-20,1.11.7,jeb-kr-amherst,3004b15,1.13.2,19.008326,0.49658799171447754,0.43540287017822266,211.0,141.0,2027760,379796
ExplicitImports,Print_Explicit_Imports,2025-09-24,1.11.7,jeb-kr-amherst,3004b15,1.13.2,18.436735,0.49431300163269043,0.434222936630249,210.0,138.0,2054188,378752
ExplicitImports,Print_Explicit_Imports,2025-09-28,1.11.7,jeb-kr-amherst,3004b15,1.13.2,18.710242,0.5282020568847656,0.4404618740081787,211.0,136.0,2029916,378716
ExplicitImports,Print_Explicit_Imports,2025-10-02,1.11.7,jeb-kr-amherst,3004b15,1.13.2,19.007037,0.4950690269470215,0.43230700492858887,211.0,150.0,2029556,379916
ExplicitImports,Print_Explicit_Imports,2025-10-03,1.11.7,jeb-kr-amherst,3004b15,1.13.2,19.079396,0.5072569847106934,0.42664194107055664,210.0,137.0,2050228,378728
ExplicitImports,Print_Explicit_Imports,2025-10-06,1.11.7,jeb-kr-amherst,3004b15,1.13.2,18.911678,0.4937868118286133,0.4306759834289551,212.0,143.0,2025508,378816
ExplicitImports,Print_Explicit_Imports,2025-10-07,1.11.7,jeb-kr-amherst,3004b15,1.14.0,20.29905,0.5566179752349854,0.45648622512817383,209.0,134.0,2048996,378660
ExplicitImports,Print_Explicit_Imports,2025-10-10,1.11.7,jeb-kr-amherst,3004b15,1.13.2,18.94076,0.5245320796966553,0.43685197830200195,210.0,136.0,2061304,378524
ExplicitImports,Print_Explicit_Imports,2025-10-14,1.11.7,jeb-kr-amherst,3004b15,1.13.2,18.807727,0.49133992195129395,0.4335670471191406,210.0,150.0,2008828,379764
ExplicitImports,Print_Explicit_Imports,2025-10-15,1.12.0,jeb-kr-amherst,3004b15,1.13.2,23.210597,0.3265550136566162,0.3733799457550049,197.0,122.0,2126824,406516
ExplicitImports,Print_Explicit_Imports,2025-10-19,1.12.0,jeb-kr-amherst,3004b15,1.13.2,23.523075,0.32566189765930176,0.37630295753479004,195.0,123.0,2128296,407116
ExplicitImports,Print_Explicit_Imports,2025-10-23,1.12.0,jeb-kr-amherst,3004b15,1.13.2,23.846787,0.3474249839782715,0.3890111446380615,197.0,122.0,2127696,407512
ExplicitImports,Print_Explicit_Imports,2025-10-24,1.12.0,jeb-kr-amherst,3004b15,1.13.2,23.348678,0.33657383918762207,0.376708984375,197.0,122.0,2121412,407628
ExplicitImports,Print_Explicit_Imports,2025-10-25,1.12.1,jeb-kr-amherst,3004b15,1.13.2,23.376575,0.34937500953674316,0.3774240016937256,196.0,121.0,2120224,399508
ExplicitImports,Print_Explicit_Imports,2025-10-29,1.12.1,jeb-kr-amherst,3004b15,1.13.2,23.411304,0.35106492042541504,0.37652015686035156,196.0,122.0,2130312,399872
ExplicitImports,Print_Explicit_Imports,2025-11-02,1.12.1,jeb-kr-amherst,3004b15,1.13.2,23.208273,0.33689379692077637,0.37152719497680664,197.0,122.0,2133272,400016
ExplicitImports,Print_Explicit_Imports,2025-11-06,1.12.1,jeb-kr-amherst,3004b15,1.13.2,23.581374,0.3371620178222656,0.3724949359893799,196.0,122.0,2124284,399384
ExplicitImports,Print_Explicit_Imports,2025-11-10,1.12.1,jeb-kr-amherst,3004b15,1.13.2,23.284294,0.35036301612854004,0.37566399574279785,195.0,122.0,2128928,399868
ExplicitImports,Print_Explicit_Imports,2025-11-14,1.12.1,jeb-kr-amherst,3004b15,1.13.2,23.55517,0.33551979064941406,0.37543606758117676,196.0,122.0,2128832,400072
ExplicitImports,Print_Explicit_Imports,2025-11-18,1.12.1,jeb-kr-amherst,3004b15,1.13.2,23.488471,0.33972597122192383,0.37305212020874023,197.0,122.0,2122324,399816
ExplicitImports,Print_Explicit_Imports,2025-11-23,1.12.2,jeb-kr-amherst,3004b15,1.13.2,22.680677,0.3327348232269287,0.37104296684265137,201.0,123.0,2160660,407436
ExplicitImports,Print_Explicit_Imports,2025-04-04,1.11.4,jeb-kr-amherst,8399c9b,1.11.2,17.102879,0.49143385887145996,0.4353010654449463,209.0,143.0,2032456,357360
ExplicitImports,Print_Explicit_Imports,2025-04-05,1.11.4,jeb-kr-amherst,8399c9b,1.11.2,17.052767,0.5070750713348389,0.4432809352874756,210.0,136.0,2034588,357144
ExplicitImports,Print_Explicit_Imports,2025-04-06,1.11.4,jeb-kr-amherst,8399c9b,1.11.2,17.120468,0.4701859951019287,0.43732500076293945,211.0,151.0,2011708,356316
ExplicitImports,Print_Explicit_Imports,2025-04-07,1.11.4,jeb-kr-amherst,8399c9b,1.11.2,17.158526,0.5218300819396973,0.44032979011535645,210.0,137.0,2030796,356804
ExplicitImports,Print_Explicit_Imports,2025-04-08,1.11.4,jeb-kr-amherst,8399c9b,1.11.2,17.170561,0.46367597579956055,0.4383409023284912,210.0,151.0,2024608,355576
ExplicitImports,Print_Explicit_Imports,2025-04-09,1.11.4,jeb-kr-amherst,8399c9b,1.11.2,17.072786,0.4948239326477051,0.4364008903503418,210.0,137.0,2021308,356312
ExplicitImports,Print_Explicit_Imports,2025-04-10,1.11.4,jeb-kr-amherst,8399c9b,1.11.2,17.116812,0.49372386932373047,0.44069814682006836,210.0,137.0,2021932,356676
ExplicitImports,Print_Explicit_Imports,2025-04-11,1.11.4,jeb-kr-amherst,8399c9b,1.11.2,17.113077,0.5142180919647217,0.43613386154174805,210.0,136.0,2021504,356604
ExplicitImports,Print_Explicit_Imports,2025-04-12,1.11.4,jeb-kr-amherst,8399c9b,1.11.2,17.115025,0.48787903785705566,0.43975400924682617,210.0,138.0,2019324,356504
ExplicitImports,Print_Explicit_Imports,2025-04-13,1.11.4,jeb-kr-amherst,8399c9b,1.11.2,20.489198,0.6301789283752441,0.5569601058959961,209.0,133.0,2024212,356588
ExplicitImports,Print_Explicit_Imports,2025-04-14,1.11.4,jeb-kr-amherst,8399c9b,1.11.2,17.92017,0.5192081928253174,0.45123982429504395,210.0,148.0,2024588,356216
ExplicitImports,Print_Explicit_Imports,2025-04-15,1.11.4,jeb-kr-amherst,8399c9b,1.11.2,18.082711,0.5009129047393799,0.449552059173584,209.0,144.0,2022616,356448
ExplicitImports,Print_Explicit_Imports,2025-04-16,1.11.4,jeb-kr-amherst,8399c9b,1.11.2,17.122449,0.5119760036468506,0.43993401527404785,211.0,144.0,2019536,356984
ExplicitImports,Print_Explicit_Imports,2025-04-17,1.11.4,jeb-kr-amherst,8399c9b,1.11.2,17.245494,0.5114281177520752,0.4393289089202881,210.0,144.0,2025712,356612
ExplicitImports,Print_Explicit_Imports,2025-04-18,1.11.4,jeb-kr-amherst,8399c9b,1.11.2,19.005663,0.6316859722137451,0.5306010246276855,210.0,140.0,2011516,355512
ExplicitImports,Print_Explicit_Imports,2025-04-19,1.11.4,jeb-kr-amherst,8399c9b,1.11.2,23.643793,0.6642370223999023,0.6157889366149902,203.0,121.0,2032184,355476
ExplicitImports,Print_Explicit_Imports,2025-04-20,1.11.5,jeb-kr-amherst,8399c9b,1.11.2,19.065335,0.5208768844604492,0.465684175491333,212.0,136.0,2038388,372108
ExplicitImports,Print_Explicit_Imports,2025-04-21,1.11.5,jeb-kr-amherst,8399c9b,1.11.2,17.565108,0.5218760967254639,0.45337796211242676,213.0,139.0,2036700,371956
ExplicitImports,Print_Explicit_Imports,2025-04-22,1.11.5,jeb-kr-amherst,8399c9b,1.11.2,17.589554,0.5047039985656738,0.4494760036468506,212.0,136.0,2033476,372292
ExplicitImports,Print_Explicit_Imports,2025-04-23,1.11.5,jeb-kr-amherst,8399c9b,1.11.2,17.473621,0.5156331062316895,0.45430898666381836,213.0,136.0,2032256,372628
ExplicitImports,Print_Explicit_Imports,2025-04-24,1.11.5,jeb-kr-amherst,8399c9b,1.11.2,17.476733,0.5168840885162354,0.4543170928955078,212.0,136.0,2052568,372620
ExplicitImports,Print_Explicit_Imports,2025-04-25,1.11.5,jeb-kr-amherst,8399c9b,1.11.2,17.593315,0.4859631061553955,0.45472192764282227,212.0,147.0,2051640,372356
ExplicitImports,Print_Explicit_Imports,2025-04-26,1.11.5,jeb-kr-amherst,8399c9b,1.11.2,17.54237,0.4917430877685547,0.45154404640197754,212.0,137.0,2030676,372868
ExplicitImports,Print_Explicit_Imports,2025-04-27,1.11.5,jeb-kr-amherst,8399c9b,1.11.2,17.561579,0.5188889503479004,0.4566168785095215,212.0,136.0,2051020,372312
ExplicitImports,Print_Explicit_Imports,2025-04-28,1.11.5,jeb-kr-amherst,8399c9b,1.11.2,17.540994,0.5107121467590332,0.45414185523986816,213.0,136.0,2035540,372368
ExplicitImports,Print_Explicit_Imports,2025-04-29,1.11.5,jeb-kr-amherst,8399c9b,1.11.2,17.548281,0.5154318809509277,0.4510660171508789,212.0,140.0,2052244,371940
ExplicitImports,Print_Explicit_Imports,2025-04-30,1.11.5,jeb-kr-amherst,8399c9b,1.11.2,17.590685,0.47119903564453125,0.4542429447174072,213.0,150.0,2050012,372024
ExplicitImports,Print_Explicit_Imports,2025-05-01,1.11.5,jeb-kr-amherst,8399c9b,1.11.2,17.581873,0.5057458877563477,0.4516639709472656,212.0,139.0,2047128,372676
ExplicitImports,Print_Explicit_Imports,2025-05-02,1.11.5,jeb-kr-amherst,8399c9b,1.11.2,37.459729,1.1671531200408936,1.1289689540863037,169.0,103.0,2043168,373256
ExplicitImports,Print_Explicit_Imports,2025-05-03,1.11.5,jeb-kr-amherst,8399c9b,1.11.2,20.276315,0.5582399368286133,0.5092370510101318,215.0,144.0,2037872,372816
ExplicitImports,Print_Explicit_Imports,2025-05-04,1.11.5,jeb-kr-amherst,8399c9b,1.11.2,18.188053,0.49926209449768066,0.45911693572998047,213.0,149.0,2043612,372704
ExplicitImports,Print_Explicit_Imports,2025-05-05,1.11.5,jeb-kr-amherst,8399c9b,1.11.2,43.175752,0.7789380550384521,0.7385218143463135,171.0,121.0,2034592,373868
ExplicitImports,Print_Explicit_Imports,2025-05-06,1.11.5,jeb-kr-amherst,8399c9b,1.11.2,42.12458,1.1040380001068115,1.0338749885559082,181.0,112.0,2037424,373640
ExplicitImports,Print_Explicit_Imports,2025-05-07,1.11.5,jeb-kr-amherst,8399c9b,1.11.2,20.284795,0.560492992401123,0.516071081161499,214.0,144.0,2032208,372240
ExplicitImports,Print_Explicit_Imports,2025-05-08,1.11.5,jeb-kr-amherst,8399c9b,1.11.2,18.00978,0.5145628452301025,0.46298813819885254,214.0,145.0,2047812,371868
ExplicitImports,Print_Explicit_Imports,2025-05-09,1.11.5,jeb-kr-amherst,8399c9b,1.11.2,17.66165,0.5257308483123779,0.45297908782958984,212.0,136.0,2037528,372384
ExplicitImports,Print_Explicit_Imports,2025-05-10,1.11.5,jeb-kr-amherst,8399c9b,1.11.2,19.288007,0.5769908428192139,0.49271202087402344,213.0,141.0,2053092,371840
ExplicitImports,Print_Explicit_Imports,2025-05-11,1.11.5,jeb-kr-amherst,8399c9b,1.11.2,31.173658,0.6136729717254639,0.5782110691070557,202.0,136.0,2027016,372148
ExplicitImports,Print_Explicit_Imports,2025-05-12,1.11.5,jeb-kr-amherst,8399c9b,1.11.2,19.174518,0.5600640773773193,0.4761538505554199,215.0,134.0,1996332,371936
ExplicitImports,Print_Explicit_Imports,2025-05-13,1.11.5,jeb-kr-amherst,8399c9b,1.11.2,17.571681,0.47956109046936035,0.45255494117736816,213.0,145.0,2036480,372748
ExplicitImports,Print_Explicit_Imports,2025-05-14,1.11.5,jeb-kr-amherst,8399c9b,1.11.2,17.465288,0.5136539936065674,0.4541819095611572,213.0,139.0,2049440,372052
ExplicitImports,Print_Explicit_Imports,2025-05-15,1.11.5,jeb-kr-amherst,8399c9b,1.11.2,17.594891,0.5106902122497559,0.4501338005065918,212.0,136.0,2040080,372016
ExplicitImports,Print_Explicit_Imports,2025-05-16,1.11.5,jeb-kr-amherst,8399c9b,1.11.2,19.83312,0.5745820999145508,0.49095988273620605,211.0,135.0,2047640,372068
ExplicitImports,Print_Explicit_Imports,2025-05-18,1.11.5,jeb-kr-amherst,8399c9b,1.11.2,17.741341,0.49895310401916504,0.45818400382995605,213.0,149.0,2048216,372128
ExplicitImports,Print_Explicit_Imports,2025-05-19,1.11.5,jeb-kr-amherst,8399c9b,1.11.2,17.425349,0.49881505966186523,0.44958996772766113,212.0,137.0,2039956,371716
ExplicitImports,Print_Explicit_Imports,2025-05-20,1.11.5,jeb-kr-amherst,8399c9b,1.11.2,17.549539,0.4863879680633545,0.45340895652770996,213.0,140.0,2017940,373020
ExplicitImports,Print_Explicit_Imports,2025-05-21,1.11.5,jeb-kr-amherst,8399c9b,1.11.2,17.500803,0.5290718078613281,0.45513105392456055,212.0,136.0,2037812,372268
ExplicitImports,Print_Explicit_Imports,2025-05-22,1.11.5,jeb-kr-amherst,8399c9b,1.11.2,17.487484,0.5279459953308105,0.45267605781555176,213.0,136.0,2050752,372496
ExplicitImports,Print_Explicit_Imports,2025-05-23,1.11.5,jeb-kr-amherst,8399c9b,1.11.2,17.532605,0.47452402114868164,0.4540438652038574,213.0,150.0,2046956,372068
ExplicitImports,Print_Explicit_Imports,2025-05-24,1.11.5,jeb-kr-amherst,8399c9b,1.11.2,17.51795,0.49509096145629883,0.4544849395751953,212.0,139.0,2033956,372384
ExplicitImports,Print_Explicit_Imports,2025-05-25,1.11.5,jeb-kr-amherst,8399c9b,1.11.2,17.548332,0.5013840198516846,0.45502614974975586,213.0,136.0,2051092,372784
ExplicitImports,Print_Explicit_Imports,2025-05-26,1.11.5,jeb-kr-amherst,8399c9b,1.11.2,17.51793,0.5032331943511963,0.458359956741333,212.0,138.0,2049584,372188
ExplicitImports,Print_Explicit_Imports,2025-05-27,1.11.5,jeb-kr-amherst,8399c9b,1.11.2,17.577011,0.4856131076812744,0.4545869827270508,213.0,148.0,2018044,372464
ExplicitImports,Print_Explicit_Imports,2025-05-28,1.11.5,jeb-kr-amherst,8399c9b,1.11.2,17.449824,0.509894847869873,0.45195913314819336,213.0,136.0,2051016,372876
ExplicitImports,Print_Explicit_Imports,2025-05-29,1.11.5,jeb-kr-amherst,8399c9b,1.11.2,17.57363,0.5058119297027588,0.44954705238342285,212.0,137.0,2037620,372724
ExplicitImports,Print_Explicit_Imports,2025-05-30,1.11.5,jeb-kr-amherst,8399c9b,1.11.2,17.551473,0.4777719974517822,0.4477391242980957,213.0,145.0,2038012,372920
ExplicitImports,Print_Explicit_Imports,2025-05-31,1.11.5,jeb-kr-amherst,8399c9b,1.11.2,17.410321,0.5165770053863525,0.455096960067749,213.0,135.0,2049016,372000
ExplicitImports,Print_Explicit_Imports,2025-06-01,1.11.5,jeb-kr-amherst,8399c9b,1.11.2,17.583088,0.5195770263671875,0.4566628932952881,212.0,137.0,2031040,372584
ExplicitImports,Print_Explicit_Imports,2025-06-02,1.11.5,jeb-kr-amherst,8399c9b,1.11.2,17.595021,0.5219309329986572,0.44992995262145996,213.0,136.0,2050456,373000
ExplicitImports,Print_Explicit_Imports,2025-06-03,1.11.5,jeb-kr-amherst,8399c9b,1.11.2,17.483196,0.4720468521118164,0.4491159915924072,213.0,150.0,2027408,372716
ExplicitImports,Print_Explicit_Imports,2025-06-04,1.11.5,jeb-kr-amherst,8399c9b,1.11.2,17.492243,0.49991798400878906,0.4557929039001465,213.0,137.0,2028208,372832
ExplicitImports,Print_Explicit_Imports,2025-06-05,1.11.5,jeb-kr-amherst,8399c9b,1.11.2,17.633281,0.5119998455047607,0.45675110816955566,212.0,136.0,2035392,371936
ExplicitImports,Print_Explicit_Imports,2025-06-06,1.11.5,jeb-kr-amherst,8399c9b,1.11.2,17.639133,0.5021629333496094,0.45223307609558105,212.0,136.0,2049904,372952
ExplicitImports,Print_Explicit_Imports,2025-06-07,1.11.5,jeb-kr-amherst,8399c9b,1.11.2,21.846881,0.5621750354766846,0.5332789421081543,206.0,133.0,2058412,372540
ExplicitImports,Print_Explicit_Imports,2025-06-08,1.11.5,jeb-kr-amherst,8399c9b,1.11.2,39.694944,0.878943920135498,0.657080888748169,191.0,115.0,2042444,373588
ExplicitImports,Print_Explicit_Imports,2025-06-09,1.11.5,jeb-kr-amherst,8399c9b,1.11.2,23.916811,0.5851109027862549,0.6296889781951904,207.0,139.0,2037880,372832
ExplicitImports,Print_Explicit_Imports,2025-06-10,1.11.5,jeb-kr-amherst,8399c9b,1.11.2,19.942519,0.5394949913024902,0.4946160316467285,214.0,146.0,2042108,371472
ExplicitImports,Print_Explicit_Imports,2025-06-11,1.11.5,jeb-kr-amherst,8399c9b,1.11.2,18.061932,0.5482039451599121,0.4608590602874756,212.0,135.0,2029556,372732
ExplicitImports,Print_Explicit_Imports,2025-06-12,1.11.5,jeb-kr-amherst,8399c9b,1.11.2,17.560042,0.5210881233215332,0.4542539119720459,213.0,136.0,2038832,372400
ExplicitImports,Print_Explicit_Imports,2025-06-13,1.11.5,jeb-kr-amherst,8399c9b,1.11.2,17.501991,0.5142009258270264,0.45289111137390137,213.0,140.0,2019676,372548
ExplicitImports,Print_Explicit_Imports,2025-06-14,1.11.5,jeb-kr-amherst,8399c9b,1.11.3,17.420286,0.49038100242614746,0.4585261344909668,213.0,149.0,2049400,372068
ExplicitImports,Print_Explicit_Imports,2025-06-15,1.11.5,jeb-kr-amherst,8399c9b,1.11.3,17.499861,0.508371114730835,0.4562208652496338,213.0,136.0,2050036,371828
ExplicitImports,Print_Explicit_Imports,2025-06-16,1.11.5,jeb-kr-amherst,8399c9b,1.11.3,17.514269,0.5178360939025879,0.44604992866516113,212.0,136.0,2034780,372468
ExplicitImports,Print_Explicit_Imports,2025-06-17,1.11.5,jeb-kr-amherst,8399c9b,1.11.3,17.485018,0.472059965133667,0.4540290832519531,212.0,150.0,2022668,373108
ExplicitImports,Print_Explicit_Imports,2025-06-18,1.11.5,jeb-kr-amherst,8399c9b,1.11.3,17.495975,0.5039079189300537,0.4544949531555176,212.0,137.0,2041328,372952
ExplicitImports,Print_Explicit_Imports,2025-06-19,1.11.5,jeb-kr-amherst,8399c9b,1.12.0,18.119203,0.5254790782928467,0.4695858955383301,213.0,141.0,2035696,377256
ExplicitImports,Print_Explicit_Imports,2025-06-20,1.11.5,jeb-kr-amherst,8399c9b,1.12.0,18.152514,0.48175501823425293,0.47034692764282227,212.0,149.0,2037192,377076
ExplicitImports,Print_Explicit_Imports,2025-06-21,1.11.5,jeb-kr-amherst,8399c9b,1.12.0,45.984064,1.0563900470733643,1.0250039100646973,173.0,109.0,2043016,375548
ExplicitImports,Print_Explicit_Imports,2025-06-22,1.11.5,jeb-kr-amherst,8399c9b,1.12.0,18.193264,0.47977113723754883,0.46326184272766113,213.0,150.0,2033828,376972
ExplicitImports,Print_Explicit_Imports,2025-06-23,1.11.5,jeb-kr-amherst,8399c9b,1.12.0,18.098028,0.5266211032867432,0.4602048397064209,212.0,136.0,2036340,376976
ExplicitImports,Print_Explicit_Imports,2025-06-24,1.11.5,jeb-kr-amherst,8399c9b,1.12.0,18.029208,0.47544193267822266,0.46167421340942383,212.0,150.0,2051964,377316
ExplicitImports,Print_Explicit_Imports,2025-06-25,1.11.5,jeb-kr-amherst,8399c9b,1.12.0,18.06242,0.4844808578491211,0.4628410339355469,212.0,150.0,2031184,376672
ExplicitImports,Print_Explicit_Imports,2025-06-26,1.11.5,jeb-kr-amherst,8399c9b,1.12.0,19.448777,0.5247960090637207,0.4741840362548828,208.0,135.0,2037344,376728
ExplicitImports,Print_Explicit_Imports,2025-06-27,1.11.5,jeb-kr-amherst,8399c9b,1.12.0,26.706476,0.6695940494537354,0.5512950420379639,193.0,140.0,2029172,375392
ExplicitImports,Print_Explicit_Imports,2025-06-28,1.11.5,jeb-kr-amherst,8399c9b,1.12.0,18.964534,0.5458199977874756,0.4676370620727539,210.0,146.0,2019776,376604
ExplicitImports,Print_Explicit_Imports,2025-06-29,1.11.5,jeb-kr-amherst,8399c9b,1.12.0,18.220871,0.5237259864807129,0.4600038528442383,212.0,139.0,2039256,376688
ExplicitImports,Print_Explicit_Imports,2025-06-30,1.11.5,jeb-kr-amherst,8399c9b,1.12.0,18.1064,0.4949629306793213,0.4648141860961914,212.0,138.0,2051284,376436
ExplicitImports,Print_Explicit_Imports,2025-07-01,1.11.5,jeb-kr-amherst,8399c9b,1.12.0,18.182114,0.4783029556274414,0.46161603927612305,212.0,150.0,2051100,376916
ExplicitImports,Print_Explicit_Imports,2025-07-02,1.11.5,jeb-kr-amherst,8399c9b,1.12.0,18.094465,0.4789440631866455,0.4659559726715088,213.0,149.0,2030896,376372
ExplicitImports,Print_Explicit_Imports,2025-07-03,1.11.5,jeb-kr-amherst,8399c9b,1.12.0,18.158348,0.4836540222167969,0.46519994735717773,212.0,149.0,2051984,376344
ExplicitImports,Print_Explicit_Imports,2025-07-04,1.11.5,jeb-kr-amherst,8399c9b,1.12.0,18.075074,0.4819169044494629,0.4617190361022949,212.0,150.0,2050808,377512
ExplicitImports,Print_Explicit_Imports,2025-07-05,1.11.5,jeb-kr-amherst,8399c9b,1.12.0,18.145062,0.5262959003448486,0.46590518951416016,212.0,139.0,2053640,376912
ExplicitImports,Print_Explicit_Imports,2025-07-06,1.11.5,jeb-kr-amherst,8399c9b,1.12.0,18.181677,0.5230629444122314,0.4607419967651367,212.0,136.0,2032780,376760
ExplicitImports,Print_Explicit_Imports,2025-07-07,1.11.5,jeb-kr-amherst,8399c9b,1.12.0,18.231492,0.5295188426971436,0.46630311012268066,212.0,135.0,2032928,377320
ExplicitImports,Print_Explicit_Imports,2025-07-08,1.11.5,jeb-kr-amherst,8399c9b,1.12.0,18.147691,0.5025780200958252,0.4630141258239746,212.0,139.0,2051884,376368
ExplicitImports,Print_Explicit_Imports,2025-07-09,1.11.5,jeb-kr-amherst,8399c9b,1.12.0,18.175958,0.518563985824585,0.46404504776000977,212.0,136.0,2034880,376456
ExplicitImports,Print_Explicit_Imports,2025-07-10,1.11.5,jeb-kr-amherst,8399c9b,1.12.0,18.154116,0.48622679710388184,0.46137499809265137,212.0,148.0,2036896,376476
ExplicitImports,Print_Explicit_Imports,2025-07-11,1.11.5,jeb-kr-amherst,8399c9b,1.12.0,18.308948,0.5023689270019531,0.4663989543914795,212.0,148.0,2038600,376960
ExplicitImports,Print_Explicit_Imports,2025-07-12,1.11.5,jeb-kr-amherst,8399c9b,1.12.0,18.165344,0.5184941291809082,0.46872687339782715,212.0,146.0,2046288,376768
ExplicitImports,Print_Explicit_Imports,2025-07-13,1.11.5,jeb-kr-amherst,8399c9b,1.12.0,18.190454,0.4863698482513428,0.4665791988372803,212.0,149.0,2036792,376688
ExplicitImports,Print_Explicit_Imports,2025-07-14,1.11.5,jeb-kr-amherst,8399c9b,1.12.0,18.240398,0.537578821182251,0.4661741256713867,212.0,135.0,2033136,376532
ExplicitImports,Print_Explicit_Imports,2025-07-15,1.11.5,jeb-kr-amherst,8399c9b,1.12.0,18.17058,0.5133078098297119,0.46429014205932617,212.0,136.0,2051548,377236
ExplicitImports,Print_Explicit_Imports,2025-07-16,1.11.5,jeb-kr-amherst,8399c9b,1.12.0,18.148493,0.5095729827880859,0.4639780521392822,213.0,136.0,2028692,377124
ExplicitImports,Print_Explicit_Imports,2025-07-17,1.11.5,jeb-kr-amherst,8399c9b,1.12.0,18.212514,0.4940640926361084,0.46445488929748535,212.0,139.0,2050424,377028
ExplicitImports,Print_Explicit_Imports,2025-07-18,1.11.5,jeb-kr-amherst,8399c9b,1.12.0,18.624544,0.5023589134216309,0.4732041358947754,214.0,148.0,2052300,376528
ExplicitImports,Print_Explicit_Imports,2025-07-19,1.11.5,jeb-kr-amherst,8399c9b,1.13.0,18.350135,0.4959249496459961,0.42995786666870117,209.0,148.0,2041272,372356
ExplicitImports,Print_Explicit_Imports,2025-10-13,1.12.0,jeb-kr-amherst,8399c9b,1.13.1,23.566643,0.32398390769958496,0.3745279312133789,196.0,122.0,2119520,407324
ExplicitImports,Print_Explicit_Imports,2025-10-13,alpha,jeb-kr-amherst,8399c9b,1.13.1,23.264637,0.3278470039367676,0.3729701042175293,195.0,122.0,2120520,407220
ExplicitImports,Print_Explicit_Imports,2025-10-13,lts,jeb-kr-amherst,8399c9b,1.13.1,14.974039,0.21029901504516602,0.3496527671813965,170.0,157.0,912384,313512
ExplicitImports,Print_Explicit_Imports,2025-10-13,nightly,jeb-kr-amherst,8399c9b,1.13.1,31.727348,0.3163580894470215,0.35497498512268066,185.0,115.0,2569980,390312
ExplicitImports,Print_Explicit_Imports,2025-10-13,release,jeb-kr-amherst,8399c9b,1.13.1,23.699502,0.343656063079834,0.38394689559936523,197.0,122.0,2114960,407296
FiniteDiff,Gradient-Of-Square-Norm,2025-07-20,1.11.6,jeb-kr-amherst,3004b15,2.27.0,3.309708,0.00754094123840332,0.3757438659667969,184.0,196.0,2056136,263576
FiniteDiff,Gradient-Of-Square-Norm,2025-07-24,1.11.6,jeb-kr-amherst,3004b15,2.27.0,3.370099,0.007688999176025391,0.38753294944763184,185.0,172.0,2022000,263560
FiniteDiff,Gradient-Of-Square-Norm,2025-07-28,1.11.6,jeb-kr-amherst,3004b15,2.27.0,3.411211,0.007668018341064453,0.3666830062866211,187.0,203.0,2037564,263916
FiniteDiff,Gradient-Of-Square-Norm,2025-08-01,1.11.6,jeb-kr-amherst,3004b15,2.27.0,3.334522,0.007429838180541992,0.3573760986328125,184.0,195.0,2034660,263912
FiniteDiff,Gradient-Of-Square-Norm,2025-08-06,1.11.6,jeb-kr-amherst,3004b15,2.27.0,3.39748,0.008875131607055664,0.3683300018310547,184.0,187.0,2037132,263852
FiniteDiff,Gradient-Of-Square-Norm,2025-08-10,1.11.6,jeb-kr-amherst,3004b15,2.27.0,3.393203,0.00766301155090332,0.39159393310546875,185.0,171.0,2036072,263812
FiniteDiff,Gradient-Of-Square-Norm,2025-08-14,1.11.6,jeb-kr-amherst,3004b15,2.27.0,3.361459,0.007765054702758789,0.34848785400390625,185.0,207.0,2037652,263748
FiniteDiff,Gradient-Of-Square-Norm,2025-08-18,1.11.6,jeb-kr-amherst,3004b15,2.27.0,3.452277,0.007509946823120117,0.3599059581756592,188.0,189.0,2036084,263908
FiniteDiff,Gradient-Of-Square-Norm,2025-08-22,1.11.6,jeb-kr-amherst,3004b15,2.27.0,3.442764,0.008533000946044922,0.40289807319641113,188.0,169.0,2015520,264088
FiniteDiff,Gradient-Of-Square-Norm,2025-08-26,1.11.6,jeb-kr-amherst,3004b15,2.27.0,3.372973,0.007426023483276367,0.39200687408447266,185.0,171.0,2019880,263708
FiniteDiff,Gradient-Of-Square-Norm,2025-08-30,1.11.6,jeb-kr-amherst,3004b15,2.27.0,3.336737,0.007812023162841797,0.36569690704345703,185.0,186.0,2043876,263852
FiniteDiff,Gradient-Of-Square-Norm,2025-09-03,1.11.6,jeb-kr-amherst,3004b15,2.27.0,3.378221,0.008005857467651367,0.35189318656921387,185.0,205.0,2035324,263724
FiniteDiff,Gradient-Of-Square-Norm,2025-09-07,1.11.6,jeb-kr-amherst,3004b15,2.27.0,3.328911,0.007503032684326172,0.38077807426452637,184.0,173.0,2024652,263780
FiniteDiff,Gradient-Of-Square-Norm,2025-09-11,1.11.6,jeb-kr-amherst,3004b15,2.27.0,3.357171,0.008104085922241211,0.3713679313659668,185.0,173.0,2025528,263888
FiniteDiff,Gradient-Of-Square-Norm,2025-09-15,1.11.6,jeb-kr-amherst,3004b15,2.27.0,3.405934,0.0078089237213134766,0.3993360996246338,184.0,184.0,2051000,263740
FiniteDiff,Gradient-Of-Square-Norm,2025-09-19,1.11.6,jeb-kr-amherst,3004b15,2.27.0,3.321785,0.007682085037231445,0.37072205543518066,182.0,174.0,2036832,263492
FiniteDiff,Gradient-Of-Square-Norm,2025-09-20,1.11.7,jeb-kr-amherst,3004b15,2.27.0,3.330087,0.00792384147644043,0.3612501621246338,185.0,180.0,2054952,269860
FiniteDiff,Gradient-Of-Square-Norm,2025-09-24,1.11.7,jeb-kr-amherst,3004b15,2.27.0,3.356822,0.007697105407714844,0.3474550247192383,185.0,206.0,2059252,270148
FiniteDiff,Gradient-Of-Square-Norm,2025-09-28,1.11.7,jeb-kr-amherst,3004b15,2.27.0,3.380693,0.007790088653564453,0.3591749668121338,184.0,179.0,2060672,270032
FiniteDiff,Gradient-Of-Square-Norm,2025-10-02,1.11.7,jeb-kr-amherst,3004b15,2.27.0,3.391339,0.007810115814208984,0.3969998359680176,183.0,177.0,2055632,270144
FiniteDiff,Gradient-Of-Square-Norm,2025-10-03,1.11.7,jeb-kr-amherst,3004b15,2.27.0,3.344197,0.008384943008422852,0.34729599952697754,184.0,205.0,2055472,270048
FiniteDiff,Gradient-Of-Square-Norm,2025-10-06,1.11.7,jeb-kr-amherst,3004b15,2.27.0,3.397972,0.007737874984741211,0.37435317039489746,184.0,171.0,2054852,269552
FiniteDiff,Gradient-Of-Square-Norm,2025-10-07,1.11.7,jeb-kr-amherst,3004b15,2.29.0,4.477012,0.009505033493041992,0.4219789505004883,189.0,179.0,2039256,270004
FiniteDiff,Gradient-Of-Square-Norm,2025-10-10,1.11.7,jeb-kr-amherst,3004b15,2.27.0,3.356353,0.007764101028442383,0.37233400344848633,186.0,173.0,2048988,270144
FiniteDiff,Gradient-Of-Square-Norm,2025-10-14,1.11.7,jeb-kr-amherst,3004b15,2.27.0,3.337425,0.00780797004699707,0.37503504753112793,183.0,173.0,2028796,270420
FiniteDiff,Gradient-Of-Square-Norm,2025-10-15,1.12.0,jeb-kr-amherst,3004b15,2.27.0,3.485194,0.0036859512329101562,0.33481907844543457,171.0,126.0,2129412,323636
FiniteDiff,Gradient-Of-Square-Norm,2025-10-19,1.12.0,jeb-kr-amherst,3004b15,2.27.0,3.54521,0.0039010047912597656,0.3383491039276123,173.0,126.0,2130552,324032
FiniteDiff,Gradient-Of-Square-Norm,2025-10-23,1.12.0,jeb-kr-amherst,3004b15,2.27.0,3.506113,0.004002809524536133,0.3565981388092041,174.0,125.0,2124056,323648
FiniteDiff,Gradient-Of-Square-Norm,2025-10-24,1.12.0,jeb-kr-amherst,3004b15,2.27.0,3.5221,0.0039479732513427734,0.33801698684692383,173.0,126.0,2125752,323408
FiniteDiff,Gradient-Of-Square-Norm,2025-10-25,1.12.1,jeb-kr-amherst,3004b15,2.27.0,3.408817,0.0035288333892822266,0.3347651958465576,174.0,126.0,2087028,319680
FiniteDiff,Gradient-Of-Square-Norm,2025-10-29,1.12.1,jeb-kr-amherst,3004b15,2.27.0,3.351186,0.0035898685455322266,0.3310971260070801,175.0,126.0,2086344,319548
FiniteDiff,Gradient-Of-Square-Norm,2025-11-02,1.12.1,jeb-kr-amherst,3004b15,2.27.0,3.42953,0.003535032272338867,0.335892915725708,173.0,126.0,2087600,319688
FiniteDiff,Gradient-Of-Square-Norm,2025-11-06,1.12.1,jeb-kr-amherst,3004b15,2.27.0,3.429669,0.003670930862426758,0.3334200382232666,175.0,126.0,2088460,320072
FiniteDiff,Gradient-Of-Square-Norm,2025-11-10,1.12.1,jeb-kr-amherst,3004b15,2.27.0,3.36686,0.0038001537322998047,0.33325791358947754,173.0,126.0,2086856,319884
FiniteDiff,Gradient-Of-Square-Norm,2025-11-14,1.12.1,jeb-kr-amherst,3004b15,2.27.0,3.442311,0.003506183624267578,0.33329200744628906,171.0,126.0,2144592,319400
FiniteDiff,Gradient-Of-Square-Norm,2025-11-18,1.12.1,jeb-kr-amherst,3004b15,2.27.0,3.450493,0.0038318634033203125,0.3389270305633545,173.0,126.0,2086368,319524
FiniteDiff,Gradient-Of-Square-Norm,2025-11-23,1.12.2,jeb-kr-amherst,3004b15,2.27.0,4.208326,0.0038080215454101562,0.3365178108215332,173.0,126.0,2108256,326740
Flux,Basic-Model-Gradient,2025-07-20,1.11.6,jeb-kr-amherst,3004b15,0.16.4,64.644204,1.0280840396881104,8.078994989395142,276.0,107.0,2037608,492596
Flux,Basic-Model-Gradient,2025-07-24,1.11.6,jeb-kr-amherst,3004b15,0.16.5,63.646406,1.0122020244598389,7.967311143875122,276.0,107.0,2025924,496844
Flux,Basic-Model-Gradient,2025-07-28,1.11.6,jeb-kr-amherst,3004b15,0.16.5,64.443547,0.9968199729919434,7.971415042877197,277.0,107.0,2037596,493756
Flux,Basic-Model-Gradient,2025-08-01,1.11.6,jeb-kr-amherst,3004b15,0.16.5,64.811553,1.0234620571136475,8.108129024505615,276.0,105.0,2018652,493052
Flux,Basic-Model-Gradient,2025-08-06,1.11.6,jeb-kr-amherst,3004b15,0.16.5,64.485955,1.0334980487823486,8.035765886306763,276.0,105.0,2051184,498540
Flux,Basic-Model-Gradient,2025-08-10,1.11.6,jeb-kr-amherst,3004b15,0.16.5,64.743452,1.0405809879302979,8.015711069107056,276.0,105.0,2045132,496564
Flux,Basic-Model-Gradient,2025-08-14,1.11.6,jeb-kr-amherst,3004b15,0.16.5,65.316757,1.0569570064544678,8.167155027389526,279.0,106.0,2038036,490904
Flux,Basic-Model-Gradient,2025-08-18,1.11.6,jeb-kr-amherst,3004b15,0.16.5,64.570539,1.0498449802398682,8.182307004928589,277.0,105.0,2023480,498360
Flux,Basic-Model-Gradient,2025-08-22,1.11.6,jeb-kr-amherst,3004b15,0.16.5,64.780586,1.0438809394836426,7.994051933288574,277.0,105.0,2055224,494304
Flux,Basic-Model-Gradient,2025-08-26,1.11.6,jeb-kr-amherst,3004b15,0.16.5,65.229663,1.0277678966522217,7.97255802154541,278.0,105.0,2055080,492572
Flux,Basic-Model-Gradient,2025-08-30,1.11.6,jeb-kr-amherst,3004b15,0.16.5,64.393086,1.0298240184783936,7.935559034347534,278.0,105.0,2029920,490440
Flux,Basic-Model-Gradient,2025-09-03,1.11.6,jeb-kr-amherst,3004b15,0.16.5,64.350504,1.036957025527954,8.094100952148438,277.0,107.0,2019884,497888
Flux,Basic-Model-Gradient,2025-09-07,1.11.6,jeb-kr-amherst,3004b15,0.16.5,64.868282,1.032909870147705,7.956143140792847,277.0,105.0,2022908,492112
Flux,Basic-Model-Gradient,2025-09-11,1.11.6,jeb-kr-amherst,3004b15,0.16.5,64.036247,1.0447909832000732,7.965954065322876,278.0,105.0,2038852,491948
Flux,Basic-Model-Gradient,2025-09-15,1.11.6,jeb-kr-amherst,3004b15,0.16.5,63.919316,1.0332920551300049,8.183298826217651,277.0,105.0,2031552,491976
Flux,Basic-Model-Gradient,2025-09-19,1.11.6,jeb-kr-amherst,3004b15,0.16.5,65.014286,1.0029699802398682,7.919222116470337,277.0,107.0,2038368,495792
Flux,Basic-Model-Gradient,2025-09-20,1.11.7,jeb-kr-amherst,3004b15,0.16.5,64.592065,1.017042875289917,7.919409990310669,277.0,105.0,2057344,498336
Flux,Basic-Model-Gradient,2025-09-24,1.11.7,jeb-kr-amherst,3004b15,0.16.5,64.20231,1.0219368934631348,8.08025598526001,278.0,107.0,2052916,495324
Flux,Basic-Model-Gradient,2025-09-28,1.11.7,jeb-kr-amherst,3004b15,0.16.5,64.195149,1.0246829986572266,7.916466951370239,277.0,105.0,2048952,497384
Flux,Basic-Model-Gradient,2025-10-02,1.11.7,jeb-kr-amherst,3004b15,0.16.5,63.941186,1.0322761535644531,7.981324911117554,277.0,105.0,2036336,505268
Flux,Basic-Model-Gradient,2025-10-03,1.11.7,jeb-kr-amherst,3004b15,0.16.5,64.712933,1.0059919357299805,7.9784369468688965,277.0,105.0,2056304,498524
Flux,Basic-Model-Gradient,2025-10-06,1.11.7,jeb-kr-amherst,3004b15,0.16.5,64.510957,0.9967048168182373,8.038295030593872,278.0,107.0,2027520,505876
Flux,Basic-Model-Gradient,2025-10-07,1.11.7,jeb-kr-amherst,3004b15,0.16.5,135.521828,2.276017189025879,18.908581018447876,219.0,101.0,2033668,512868
Flux,Basic-Model-Gradient,2025-10-10,1.11.7,jeb-kr-amherst,3004b15,0.16.5,64.30793,1.0428071022033691,7.9053449630737305,278.0,106.0,2061144,497124
Flux,Basic-Model-Gradient,2025-10-14,1.11.7,jeb-kr-amherst,3004b15,0.16.5,64.605202,1.0015130043029785,8.037845134735107,277.0,107.0,2055232,499660
Flux,Basic-Model-Gradient,2025-10-15,1.12.0,jeb-kr-amherst,3004b15,0.16.5,79.338127,0.919929027557373,12.085066080093384,266.0,105.0,2132732,607844
Flux,Basic-Model-Gradient,2025-10-19,1.12.0,jeb-kr-amherst,3004b15,0.16.5,78.920797,0.9056000709533691,11.923249006271362,267.0,106.0,2132824,607020
Flux,Basic-Model-Gradient,2025-10-23,1.12.0,jeb-kr-amherst,3004b15,0.16.5,79.043769,0.8957350254058838,11.850403070449829,268.0,106.0,2139136,609396
Flux,Basic-Model-Gradient,2025-10-24,1.12.0,jeb-kr-amherst,3004b15,0.16.5,78.829284,0.9011569023132324,11.922815084457397,268.0,106.0,2138268,610444
Flux,Basic-Model-Gradient,2025-10-25,1.12.1,jeb-kr-amherst,3004b15,0.16.5,78.530538,0.9313950538635254,11.97741413116455,268.0,106.0,2087176,624956
Flux,Basic-Model-Gradient,2025-10-29,1.12.1,jeb-kr-amherst,3004b15,0.16.5,78.544562,0.9464960098266602,11.976820945739746,268.0,105.0,2090500,623404
Flux,Basic-Model-Gradient,2025-11-02,1.12.1,jeb-kr-amherst,3004b15,0.16.5,79.324433,0.9034581184387207,12.033374786376953,269.0,106.0,2087792,620144
Flux,Basic-Model-Gradient,2025-11-06,1.12.1,jeb-kr-amherst,3004b15,0.16.5,79.443872,0.9068400859832764,12.016155004501343,269.0,106.0,2089292,618392
Flux,Basic-Model-Gradient,2025-11-10,1.12.1,jeb-kr-amherst,3004b15,0.16.5,78.829277,0.9302361011505127,11.960608005523682,269.0,105.0,2088152,629076
Flux,Basic-Model-Gradient,2025-11-14,1.12.1,jeb-kr-amherst,3004b15,0.16.5,78.681877,0.8943328857421875,11.890571117401123,269.0,105.0,2087424,627768
Flux,Basic-Model-Gradient,2025-11-18,1.12.1,jeb-kr-amherst,3004b15,0.16.5,79.418662,0.9139139652252197,11.961179971694946,269.0,105.0,2138860,623820
Flux,Basic-Model-Gradient,2025-11-23,1.12.2,jeb-kr-amherst,3004b15,0.16.5,90.847824,0.9005789756774902,11.933028936386108,274.0,106.0,2109164,630532
ForwardDiff,Gradient-Of-Square-Norm,2025-07-20,1.11.6,jeb-kr-amherst,3004b15,1.0.1,7.131847,0.17082691192626953,0.5519320964813232,185.0,144.0,2037524,282788
ForwardDiff,Gradient-Of-Square-Norm,2025-07-24,1.11.6,jeb-kr-amherst,3004b15,1.0.1,6.980907,0.14614415168762207,0.5551807880401611,184.0,157.0,2047360,282572
ForwardDiff,Gradient-Of-Square-Norm,2025-07-28,1.11.6,jeb-kr-amherst,3004b15,1.0.1,6.863615,0.1649160385131836,0.5533039569854736,183.0,158.0,2050568,282712
ForwardDiff,Gradient-Of-Square-Norm,2025-08-01,1.11.6,jeb-kr-amherst,3004b15,1.0.1,7.003717,0.18012690544128418,0.5577270984649658,185.0,144.0,2034572,282596
ForwardDiff,Gradient-Of-Square-Norm,2025-08-06,1.11.6,jeb-kr-amherst,3004b15,1.0.1,6.912324,0.1664881706237793,0.5427379608154297,185.0,145.0,2019000,282708
ForwardDiff,Gradient-Of-Square-Norm,2025-08-10,1.11.6,jeb-kr-amherst,3004b15,1.0.1,6.866854,0.14300203323364258,0.547368049621582,183.0,163.0,2034792,282356
ForwardDiff,Gradient-Of-Square-Norm,2025-08-14,1.11.6,jeb-kr-amherst,3004b15,1.0.1,6.910914,0.14438700675964355,0.5467779636383057,185.0,163.0,2034716,282748
ForwardDiff,Gradient-Of-Square-Norm,2025-08-18,1.11.6,jeb-kr-amherst,3004b15,1.0.1,6.895063,0.1717360019683838,0.5391860008239746,184.0,149.0,2021716,281764
ForwardDiff,Gradient-Of-Square-Norm,2025-08-22,1.11.6,jeb-kr-amherst,3004b15,1.0.1,7.013041,0.18319916725158691,0.546271800994873,184.0,149.0,2053780,282668
ForwardDiff,Gradient-Of-Square-Norm,2025-08-26,1.11.6,jeb-kr-amherst,3004b15,1.0.1,6.951077,0.1615619659423828,0.550767183303833,185.0,145.0,2048480,282276
ForwardDiff,Gradient-Of-Square-Norm,2025-08-30,1.11.6,jeb-kr-amherst,3004b15,1.0.1,6.860044,0.14417409896850586,0.5453660488128662,182.0,163.0,2037692,282472
ForwardDiff,Gradient-Of-Square-Norm,2025-09-03,1.11.6,jeb-kr-amherst,3004b15,1.0.1,6.870267,0.14144492149353027,0.5458569526672363,184.0,163.0,2034784,282400
ForwardDiff,Gradient-Of-Square-Norm,2025-09-07,1.11.6,jeb-kr-amherst,3004b15,1.0.1,6.90647,0.16718411445617676,0.5443930625915527,184.0,158.0,2024992,282444
ForwardDiff,Gradient-Of-Square-Norm,2025-09-11,1.11.6,jeb-kr-amherst,3004b15,1.0.1,6.914157,0.1802968978881836,0.5458362102508545,185.0,144.0,2038548,282348
ForwardDiff,Gradient-Of-Square-Norm,2025-09-15,1.11.6,jeb-kr-amherst,3004b15,1.0.1,6.858494,0.18094396591186523,0.5400440692901611,183.0,144.0,2037552,282800
ForwardDiff,Gradient-Of-Square-Norm,2025-09-19,1.11.6,jeb-kr-amherst,3004b15,1.0.1,6.889187,0.1397688388824463,0.5429351329803467,183.0,164.0,2038116,282240
ForwardDiff,Gradient-Of-Square-Norm,2025-09-20,1.11.7,jeb-kr-amherst,3004b15,1.0.1,6.909777,0.14537501335144043,0.5449008941650391,185.0,162.0,2043100,288692
ForwardDiff,Gradient-Of-Square-Norm,2025-09-24,1.11.7,jeb-kr-amherst,3004b15,1.0.1,6.893752,0.1429309844970703,0.5500009059906006,185.0,162.0,2061256,288740
ForwardDiff,Gradient-Of-Square-Norm,2025-09-28,1.11.7,jeb-kr-amherst,3004b15,1.0.1,6.80784,0.14248394966125488,0.5524990558624268,184.0,162.0,2029188,288720
ForwardDiff,Gradient-Of-Square-Norm,2025-10-02,1.11.7,jeb-kr-amherst,3004b15,1.0.1,6.913425,0.1476290225982666,0.5580999851226807,184.0,156.0,2042776,288320
ForwardDiff,Gradient-Of-Square-Norm,2025-10-03,1.11.7,jeb-kr-amherst,3004b15,1.0.1,6.892897,0.1794590950012207,0.5552570819854736,185.0,143.0,2041224,288328
ForwardDiff,Gradient-Of-Square-Norm,2025-10-06,1.11.7,jeb-kr-amherst,3004b15,1.0.1,6.778132,0.14175105094909668,0.5423498153686523,184.0,163.0,2047316,288572
ForwardDiff,Gradient-Of-Square-Norm,2025-10-10,1.11.7,jeb-kr-amherst,3004b15,1.0.1,6.772016,0.14251995086669922,0.5511291027069092,185.0,162.0,2056996,288548
ForwardDiff,Gradient-Of-Square-Norm,2025-10-14,1.11.7,jeb-kr-amherst,3004b15,1.0.1,6.924223,0.14373397827148438,0.5556409358978271,184.0,162.0,2047448,287968
ForwardDiff,Gradient-Of-Square-Norm,2025-10-15,1.12.0,jeb-kr-amherst,3004b15,1.0.1,7.987156,0.0632469654083252,0.5766799449920654,174.0,118.0,2125640,337168
ForwardDiff,Gradient-Of-Square-Norm,2025-10-19,1.12.0,jeb-kr-amherst,3004b15,1.0.1,7.981577,0.0640099048614502,0.5821549892425537,171.0,117.0,2124220,337768
ForwardDiff,Gradient-Of-Square-Norm,2025-10-23,1.12.0,jeb-kr-amherst,3004b15,1.0.1,8.077758,0.06346416473388672,0.5780630111694336,173.0,117.0,2132816,336960
ForwardDiff,Gradient-Of-Square-Norm,2025-10-24,1.12.0,jeb-kr-amherst,3004b15,1.0.1,8.027029,0.06711697578430176,0.5757341384887695,174.0,118.0,2125056,336832
ForwardDiff,Gradient-Of-Square-Norm,2025-10-25,1.12.1,jeb-kr-amherst,3004b15,1.0.1,8.040081,0.06567001342773438,0.5799908638000488,174.0,117.0,2085352,333092
ForwardDiff,Gradient-Of-Square-Norm,2025-10-29,1.12.1,jeb-kr-amherst,3004b15,1.0.1,8.065811,0.06399202346801758,0.5818498134613037,172.0,118.0,2085368,333392
ForwardDiff,Gradient-Of-Square-Norm,2025-11-02,1.12.1,jeb-kr-amherst,3004b15,1.0.1,8.021021,0.06753396987915039,0.5900349617004395,174.0,117.0,2090128,333128
ForwardDiff,Gradient-Of-Square-Norm,2025-11-06,1.12.1,jeb-kr-amherst,3004b15,1.0.1,8.027308,0.06357908248901367,0.5831239223480225,174.0,118.0,2084276,333512
ForwardDiff,Gradient-Of-Square-Norm,2025-11-10,1.12.1,jeb-kr-amherst,3004b15,1.0.1,8.059304,0.0664680004119873,0.5760540962219238,174.0,117.0,2086968,332948
ForwardDiff,Gradient-Of-Square-Norm,2025-11-14,1.12.1,jeb-kr-amherst,3004b15,1.0.1,8.593494,0.06907391548156738,0.6174070835113525,179.0,118.0,2087984,334536
ForwardDiff,Gradient-Of-Square-Norm,2025-11-18,1.12.1,jeb-kr-amherst,3004b15,1.0.1,8.316784,0.06308197975158691,0.589972972869873,175.0,117.0,2086176,332360
ForwardDiff,Gradient-Of-Square-Norm,2025-11-23,1.12.2,jeb-kr-amherst,3004b15,1.0.1,9.195141,0.06534886360168457,0.5838351249694824,173.0,117.0,2103504,339804
GMT,Create-A-Xy-Plot,2025-07-20,1.11.6,jeb-kr-amherst,3004b15,1.30.0,119.671573,1.2786619663238525,4.615448951721191,238.0,110.0,3940300,725852
GMT,Create-A-Xy-Plot,2025-07-24,1.11.6,jeb-kr-amherst,3004b15,1.31.0,121.251524,1.314932107925415,4.599358081817627,241.0,112.0,4010952,724380
GMT,Create-A-Xy-Plot,2025-07-28,1.11.6,jeb-kr-amherst,3004b15,1.31.0,118.927219,1.283735990524292,4.582025051116943,239.0,111.0,4001436,723708
GMT,Create-A-Xy-Plot,2025-08-01,1.11.6,jeb-kr-amherst,3004b15,1.31.1,121.476254,1.3196468353271484,4.499144077301025,241.0,112.0,3972016,725132
GMT,Create-A-Xy-Plot,2025-08-06,1.11.6,jeb-kr-amherst,3004b15,1.31.1,119.941432,1.3409569263458252,4.544631004333496,238.0,112.0,4029788,725328
GMT,Create-A-Xy-Plot,2025-08-10,1.11.6,jeb-kr-amherst,3004b15,1.31.1,119.216952,1.272430181503296,4.5083417892456055,239.0,112.0,3972316,724856
GMT,Create-A-Xy-Plot,2025-08-14,1.11.6,jeb-kr-amherst,3004b15,1.31.1,118.627091,1.304006814956665,4.505455017089844,239.0,110.0,3966512,731152
GMT,Create-A-Xy-Plot,2025-08-18,1.11.6,jeb-kr-amherst,3004b15,1.31.1,119.832663,1.3000149726867676,4.499538898468018,239.0,112.0,3961388,723720
GMT,Create-A-Xy-Plot,2025-08-22,1.11.6,jeb-kr-amherst,3004b15,1.31.1,152.97032,2.973057985305786,11.458128213882446,259.0,103.0,4019904,778328
GMT,Create-A-Xy-Plot,2025-08-26,1.11.6,jeb-kr-amherst,3004b15,1.31.1,120.354295,1.3279449939727783,4.507420063018799,237.0,112.0,3993948,724676
GMT,Create-A-Xy-Plot,2025-08-30,1.11.6,jeb-kr-amherst,3004b15,1.31.1,119.201081,1.317716121673584,4.5386998653411865,239.0,109.0,3973136,730052
GMT,Create-A-Xy-Plot,2025-09-03,1.11.6,jeb-kr-amherst,3004b15,1.31.1,120.341063,1.2778749465942383,4.550526142120361,238.0,110.0,4027852,726948
GMT,Create-A-Xy-Plot,2025-09-07,1.11.6,jeb-kr-amherst,3004b15,1.31.1,120.07613,1.350154161453247,4.521193981170654,238.0,111.0,4014484,730292
GMT,Create-A-Xy-Plot,2025-09-11,1.11.6,jeb-kr-amherst,3004b15,1.31.1,118.445445,1.3330268859863281,4.46068811416626,240.0,112.0,4014216,723988
GMT,Create-A-Xy-Plot,2025-09-15,1.11.6,jeb-kr-amherst,3004b15,1.31.1,118.877233,1.3031508922576904,4.563138961791992,239.0,110.0,4022932,731408
GMT,Create-A-Xy-Plot,2025-09-19,1.11.6,jeb-kr-amherst,3004b15,1.31.1,118.935795,1.3014779090881348,4.519783020019531,241.0,112.0,3974376,727072
GMT,Create-A-Xy-Plot,2025-09-20,1.11.7,jeb-kr-amherst,3004b15,1.31.1,120.02783,1.3367280960083008,4.575026988983154,239.0,110.0,3973884,731744
GMT,Create-A-Xy-Plot,2025-09-24,1.11.7,jeb-kr-amherst,3004b15,1.31.1,119.791342,1.2578561305999756,4.416062831878662,239.0,112.0,4022860,735440
GMT,Create-A-Xy-Plot,2025-09-28,1.11.7,jeb-kr-amherst,3004b15,1.31.1,119.510211,1.3066949844360352,4.570382118225098,240.0,112.0,4016264,735288
GMT,Create-A-Xy-Plot,2025-10-02,1.11.7,jeb-kr-amherst,3004b15,1.31.1,120.653962,1.265181064605713,4.63557505607605,237.0,112.0,3970352,729756
GMT,Create-A-Xy-Plot,2025-10-03,1.11.7,jeb-kr-amherst,3004b15,1.31.1,119.342644,1.277235984802246,4.577108144760132,238.0,112.0,3972156,730128
GMT,Create-A-Xy-Plot,2025-10-06,1.11.7,jeb-kr-amherst,3004b15,1.31.1,119.136263,1.2939820289611816,4.466628074645996,239.0,110.0,4019412,735808
GMT,Create-A-Xy-Plot,2025-10-10,1.11.7,jeb-kr-amherst,3004b15,1.31.1,119.950473,1.2785799503326416,4.5959508419036865,239.0,112.0,3972520,729804
GMT,Create-A-Xy-Plot,2025-10-14,1.11.7,jeb-kr-amherst,3004b15,1.31.1,119.539158,1.3350088596343994,4.5852179527282715,237.0,109.0,3977436,729804
GMT,Create-A-Xy-Plot,2025-10-15,1.12.0,jeb-kr-amherst,3004b15,1.31.1,121.920187,1.0525381565093994,0.20363998413085938,232.0,117.0,3136604,576344
GMT,Create-A-Xy-Plot,2025-10-19,1.12.0,jeb-kr-amherst,3004b15,1.31.1,122.607247,1.0510849952697754,0.20363092422485352,232.0,117.0,3126308,574256
GMT,Create-A-Xy-Plot,2025-10-23,1.12.0,jeb-kr-amherst,3004b15,1.31.1,122.486809,1.0614478588104248,0.20480108261108398,232.0,117.0,3137468,575244
GMT,Create-A-Xy-Plot,2025-10-24,1.12.0,jeb-kr-amherst,3004b15,1.31.1,123.830108,1.0861070156097412,0.2067110538482666,230.0,118.0,3125468,574944
GMT,Create-A-Xy-Plot,2025-10-25,1.12.1,jeb-kr-amherst,3004b15,1.31.1,124.399283,1.057140827178955,0.20525503158569336,231.0,118.0,3126976,569212
GMT,Create-A-Xy-Plot,2025-10-29,1.12.1,jeb-kr-amherst,3004b15,1.31.1,124.31698,1.0747089385986328,0.20405197143554688,230.0,122.0,3122044,569144
GMT,Create-A-Xy-Plot,2025-11-02,1.12.1,jeb-kr-amherst,3004b15,1.31.1,124.916011,1.065281867980957,0.20338892936706543,231.0,117.0,3114512,568632
GMT,Create-A-Xy-Plot,2025-11-06,1.12.1,jeb-kr-amherst,3004b15,1.31.1,124.686449,1.0751938819885254,0.2059180736541748,231.0,117.0,3094704,568560
GMT,Create-A-Xy-Plot,2025-11-10,1.12.1,jeb-kr-amherst,3004b15,1.31.1,123.553902,1.0580909252166748,0.2045269012451172,232.0,117.0,3110324,569380
GMT,Create-A-Xy-Plot,2025-11-14,1.12.1,jeb-kr-amherst,3004b15,1.31.1,124.283032,1.0630998611450195,0.20380115509033203,232.0,117.0,3157640,570048
GMT,Create-A-Xy-Plot,2025-11-18,1.12.1,jeb-kr-amherst,3004b15,1.31.1,126.214054,1.058255910873413,0.20426106452941895,232.0,117.0,3069004,569884
GMT,Create-A-Xy-Plot,2025-11-23,1.12.2,jeb-kr-amherst,3004b15,1.31.1,124.330624,1.0739078521728516,0.20567107200622559,234.0,117.0,3118612,577904
GMT,Create-A-Xy-Plot,2025-04-24,1.11.5,jeb-kr-amherst,8399c9b,1.28.2,116.64533,1.2640600204467773,4.60470986366272,237.0,109.0,3904700,710140
GMT,Create-A-Xy-Plot,2025-04-25,1.11.5,jeb-kr-amherst,8399c9b,1.28.2,114.777197,1.2250258922576904,4.6119771003723145,237.0,112.0,3898112,705352
GMT,Create-A-Xy-Plot,2025-04-26,1.11.5,jeb-kr-amherst,8399c9b,1.28.2,115.94996,1.2616899013519287,4.602415084838867,237.0,109.0,3896064,711080
GMT,Create-A-Xy-Plot,2025-04-27,1.11.5,jeb-kr-amherst,8399c9b,1.28.2,115.24704,1.2433969974517822,4.60501503944397,237.0,112.0,3895848,708276
GMT,Create-A-Xy-Plot,2025-04-28,1.11.5,jeb-kr-amherst,8399c9b,1.28.2,115.197923,1.2567429542541504,4.601975917816162,237.0,109.0,3899832,707276
GMT,Create-A-Xy-Plot,2025-04-29,1.11.5,jeb-kr-amherst,8399c9b,1.28.2,115.759711,1.2361490726470947,4.681926965713501,237.0,110.0,3904388,711572
GMT,Create-A-Xy-Plot,2025-04-30,1.11.5,jeb-kr-amherst,8399c9b,1.28.2,115.640565,1.2598869800567627,4.612720012664795,237.0,111.0,3905016,709712
GMT,Create-A-Xy-Plot,2025-05-01,1.11.5,jeb-kr-amherst,8399c9b,1.28.2,114.788982,1.2601919174194336,4.60061502456665,238.0,109.0,3903792,714388
GMT,Create-A-Xy-Plot,2025-05-02,1.11.5,jeb-kr-amherst,8399c9b,1.28.2,312.276175,2.862135887145996,13.007062911987305,180.0,103.0,3883040,732772
GMT,Create-A-Xy-Plot,2025-05-03,1.11.5,jeb-kr-amherst,8399c9b,1.28.2,127.044834,1.30637788772583,4.773751974105835,232.0,111.0,3900584,725508
GMT,Create-A-Xy-Plot,2025-05-04,1.11.5,jeb-kr-amherst,8399c9b,1.28.2,116.569177,1.2502679824829102,4.606062889099121,236.0,109.0,3903400,711180
GMT,Create-A-Xy-Plot,2025-05-05,1.11.5,jeb-kr-amherst,8399c9b,1.28.2,275.022055,2.4918341636657715,9.090358972549438,195.0,105.0,3887604,767884
GMT,Create-A-Xy-Plot,2025-05-06,1.11.5,jeb-kr-amherst,8399c9b,1.28.2,251.9563,2.8986010551452637,12.647447109222412,205.0,101.0,3930780,763916
GMT,Create-A-Xy-Plot,2025-05-07,1.11.5,jeb-kr-amherst,8399c9b,1.28.2,127.125399,1.4460480213165283,5.073988914489746,237.0,109.0,3902992,728116
GMT,Create-A-Xy-Plot,2025-05-08,1.11.5,jeb-kr-amherst,8399c9b,1.28.2,118.602508,1.323075771331787,4.815409183502197,237.0,111.0,3909688,722632
GMT,Create-A-Xy-Plot,2025-05-09,1.11.5,jeb-kr-amherst,8399c9b,1.28.2,115.607447,1.2704870700836182,4.61749792098999,237.0,111.0,3902524,705112
GMT,Create-A-Xy-Plot,2025-05-10,1.11.5,jeb-kr-amherst,8399c9b,1.28.2,148.537666,1.7336218357086182,6.57268214225769,228.0,105.0,3928900,739276
GMT,Create-A-Xy-Plot,2025-05-11,1.11.5,jeb-kr-amherst,8399c9b,1.28.2,180.259118,1.8203132152557373,7.6933228969573975,229.0,106.0,3908092,715848
GMT,Create-A-Xy-Plot,2025-05-12,1.11.5,jeb-kr-amherst,8399c9b,1.28.2,125.940704,1.3912968635559082,5.081730127334595,240.0,109.0,3900696,710040
GMT,Create-A-Xy-Plot,2025-05-13,1.11.5,jeb-kr-amherst,8399c9b,1.28.2,115.577646,1.2644588947296143,4.6095499992370605,238.0,109.0,3895952,706612
GMT,Create-A-Xy-Plot,2025-05-14,1.11.5,jeb-kr-amherst,8399c9b,1.28.2,114.46426,1.264042854309082,4.614480972290039,238.0,109.0,3901460,714256
GMT,Create-A-Xy-Plot,2025-05-15,1.11.5,jeb-kr-amherst,8399c9b,1.29.0,258.944253,2.8714699745178223,12.873703002929688,200.0,101.0,3911020,764860
GMT,Create-A-Xy-Plot,2025-05-16,1.11.5,jeb-kr-amherst,8399c9b,1.29.0,263.23691,1.5583910942077637,7.100296974182129,193.0,109.0,3933204,715996
GMT,Create-A-Xy-Plot,2025-05-18,1.11.5,jeb-kr-amherst,8399c9b,1.29.0,115.408058,1.285032033920288,4.594163179397583,239.0,111.0,3914100,708568
GMT,Create-A-Xy-Plot,2025-05-19,1.11.5,jeb-kr-amherst,8399c9b,1.29.1,115.078206,1.260735034942627,4.589385986328125,239.0,111.0,3912564,706964
GMT,Create-A-Xy-Plot,2025-05-20,1.11.5,jeb-kr-amherst,8399c9b,1.29.1,115.543165,1.2707629203796387,4.609477996826172,238.0,110.0,3919172,712524
GMT,Create-A-Xy-Plot,2025-05-21,1.11.5,jeb-kr-amherst,8399c9b,1.29.2,115.330921,1.2870361804962158,4.61327600479126,238.0,109.0,3910416,714504
GMT,Create-A-Xy-Plot,2025-05-22,1.11.5,jeb-kr-amherst,8399c9b,1.29.2,116.031958,1.2588520050048828,4.6285340785980225,238.0,111.0,3911136,713644
GMT,Create-A-Xy-Plot,2025-05-23,1.11.5,jeb-kr-amherst,8399c9b,1.29.2,115.270936,1.2638208866119385,4.617522954940796,239.0,111.0,3909648,707592
GMT,Create-A-Xy-Plot,2025-05-24,1.11.5,jeb-kr-amherst,8399c9b,1.29.2,115.734274,1.258735179901123,4.6743550300598145,238.0,112.0,3915328,715644
GMT,Create-A-Xy-Plot,2025-05-25,1.11.5,jeb-kr-amherst,8399c9b,1.29.2,115.757036,1.2566769123077393,4.642734050750732,238.0,109.0,3909892,708672
GMT,Create-A-Xy-Plot,2025-05-26,1.11.5,jeb-kr-amherst,8399c9b,1.29.2,115.409648,1.231245994567871,4.582974910736084,238.0,111.0,3918192,713816
GMT,Create-A-Xy-Plot,2025-05-27,1.11.5,jeb-kr-amherst,8399c9b,1.29.2,115.786108,1.3143141269683838,4.623036861419678,238.0,111.0,3910276,712828
GMT,Create-A-Xy-Plot,2025-05-28,1.11.5,jeb-kr-amherst,8399c9b,1.29.2,116.194186,1.2768590450286865,4.641978979110718,238.0,110.0,3912352,707272
GMT,Create-A-Xy-Plot,2025-05-29,1.11.5,jeb-kr-amherst,8399c9b,1.29.2,115.699702,1.2499589920043945,4.630492925643921,237.0,110.0,3916112,707876
GMT,Create-A-Xy-Plot,2025-05-30,1.11.5,jeb-kr-amherst,8399c9b,1.29.2,115.619844,1.2326068878173828,4.608654022216797,238.0,112.0,3908724,706800
GMT,Create-A-Xy-Plot,2025-05-31,1.11.5,jeb-kr-amherst,8399c9b,1.29.2,115.163153,1.2331199645996094,4.6000330448150635,239.0,112.0,3907176,716068
GMT,Create-A-Xy-Plot,2025-06-01,1.11.5,jeb-kr-amherst,8399c9b,1.29.2,116.666635,1.2916059494018555,4.665805101394653,239.0,111.0,3912640,713800
GMT,Create-A-Xy-Plot,2025-06-02,1.11.5,jeb-kr-amherst,8399c9b,1.29.2,118.691154,1.2515220642089844,4.649013996124268,235.0,112.0,3913100,708804
GMT,Create-A-Xy-Plot,2025-06-03,1.11.5,jeb-kr-amherst,8399c9b,1.29.2,114.900869,1.2724189758300781,4.571525812149048,239.0,109.0,3916124,707084
GMT,Create-A-Xy-Plot,2025-06-04,1.11.5,jeb-kr-amherst,8399c9b,1.29.2,114.789526,1.3090541362762451,4.612370014190674,239.0,109.0,3908500,710336
GMT,Create-A-Xy-Plot,2025-06-05,1.11.5,jeb-kr-amherst,8399c9b,1.29.2,116.099054,1.3037559986114502,4.601567983627319,238.0,109.0,3915780,711104
GMT,Create-A-Xy-Plot,2025-06-06,1.11.5,jeb-kr-amherst,8399c9b,1.29.2,116.192239,1.2578959465026855,4.551478147506714,238.0,112.0,3903932,709348
GMT,Create-A-Xy-Plot,2025-06-07,1.11.5,jeb-kr-amherst,8399c9b,1.29.2,133.064206,1.4146459102630615,5.120545148849487,237.0,111.0,3907964,724716
GMT,Create-A-Xy-Plot,2025-06-08,1.11.5,jeb-kr-amherst,8399c9b,1.29.2,298.12276,2.8095529079437256,12.349849939346313,200.0,102.0,3916224,765688
GMT,Create-A-Xy-Plot,2025-06-09,1.11.5,jeb-kr-amherst,8399c9b,1.29.2,147.262623,1.360619068145752,5.1552958488464355,225.0,111.0,3915660,727908
GMT,Create-A-Xy-Plot,2025-06-10,1.11.5,jeb-kr-amherst,8399c9b,1.29.2,131.232276,1.388962984085083,5.775179147720337,238.0,108.0,3910644,728452
GMT,Create-A-Xy-Plot,2025-06-11,1.11.5,jeb-kr-amherst,8399c9b,1.29.2,120.660326,1.4042348861694336,4.862066984176636,236.0,109.0,3912024,718916
GMT,Create-A-Xy-Plot,2025-06-12,1.11.5,jeb-kr-amherst,8399c9b,1.29.2,115.983655,1.2824320793151855,4.601424932479858,238.0,109.0,3916796,710116
GMT,Create-A-Xy-Plot,2025-06-13,1.11.5,jeb-kr-amherst,8399c9b,1.29.2,115.148017,1.2155909538269043,4.594071865081787,239.0,112.0,3917004,714272
GMT,Create-A-Xy-Plot,2025-06-14,1.11.5,jeb-kr-amherst,8399c9b,1.29.2,115.059671,1.2711961269378662,4.698377847671509,238.0,109.0,3911892,705776
GMT,Create-A-Xy-Plot,2025-06-15,1.11.5,jeb-kr-amherst,8399c9b,1.29.2,114.844958,1.25636887550354,4.775159120559692,239.0,111.0,3922548,721828
GMT,Create-A-Xy-Plot,2025-06-16,1.11.5,jeb-kr-amherst,8399c9b,1.29.2,115.437818,1.2592339515686035,4.598668098449707,238.0,110.0,3919284,707316
GMT,Create-A-Xy-Plot,2025-06-17,1.11.5,jeb-kr-amherst,8399c9b,1.29.2,114.998468,1.283400058746338,4.6195149421691895,238.0,110.0,3911672,719004
GMT,Create-A-Xy-Plot,2025-06-18,1.11.5,jeb-kr-amherst,8399c9b,1.29.2,115.605784,1.2377369403839111,4.613199949264526,238.0,112.0,3902908,707448
GMT,Create-A-Xy-Plot,2025-06-19,1.11.5,jeb-kr-amherst,8399c9b,1.29.2,115.512786,1.2394509315490723,4.639007091522217,238.0,111.0,3904448,714368
GMT,Create-A-Xy-Plot,2025-06-20,1.11.5,jeb-kr-amherst,8399c9b,1.29.2,115.521603,1.2713561058044434,4.608036994934082,239.0,110.0,3903416,707316
GMT,Create-A-Xy-Plot,2025-06-21,1.11.5,jeb-kr-amherst,8399c9b,1.29.2,160.496733,1.4548780918121338,5.54153299331665,220.0,109.0,3889836,727900
GMT,Create-A-Xy-Plot,2025-06-22,1.11.5,jeb-kr-amherst,8399c9b,1.29.2,115.168685,1.2640199661254883,4.634365081787109,238.0,110.0,3909004,709232
GMT,Create-A-Xy-Plot,2025-06-23,1.11.5,jeb-kr-amherst,8399c9b,1.29.2,114.941273,1.2938342094421387,4.621333837509155,239.0,111.0,3896360,713468
GMT,Create-A-Xy-Plot,2025-06-24,1.11.5,jeb-kr-amherst,8399c9b,1.29.2,115.259282,1.2589750289916992,4.620203018188477,238.0,112.0,3914612,713536
GMT,Create-A-Xy-Plot,2025-06-25,1.11.5,jeb-kr-amherst,8399c9b,1.29.2,115.617996,1.236755132675171,4.644100904464722,238.0,111.0,3914228,708524
GMT,Create-A-Xy-Plot,2025-06-26,1.11.5,jeb-kr-amherst,8399c9b,1.29.2,184.290737,1.4586870670318604,5.314541816711426,213.0,110.0,3932804,727808
GMT,Create-A-Xy-Plot,2025-06-27,1.11.5,jeb-kr-amherst,8399c9b,1.29.2,195.157085,1.9443581104278564,7.1920530796051025,216.0,105.0,3877012,728680
GMT,Create-A-Xy-Plot,2025-06-28,1.11.5,jeb-kr-amherst,8399c9b,1.29.2,119.918623,1.2514410018920898,4.780419826507568,235.0,111.0,3912088,711256
GMT,Create-A-Xy-Plot,2025-06-29,1.11.5,jeb-kr-amherst,8399c9b,1.29.2,116.032534,1.28712797164917,4.605133056640625,238.0,110.0,3906100,707012
GMT,Create-A-Xy-Plot,2025-06-30,1.11.5,jeb-kr-amherst,8399c9b,1.29.2,115.940129,1.2194311618804932,4.573354005813599,238.0,112.0,3918604,717184
GMT,Create-A-Xy-Plot,2025-07-01,1.11.5,jeb-kr-amherst,8399c9b,1.30.0,115.834556,1.2727270126342773,4.639955997467041,240.0,109.0,3921312,716012
GMT,Create-A-Xy-Plot,2025-07-02,1.11.5,jeb-kr-amherst,8399c9b,1.30.0,116.114726,1.241441011428833,4.6186559200286865,239.0,110.0,3914328,720004
GMT,Create-A-Xy-Plot,2025-07-03,1.11.5,jeb-kr-amherst,8399c9b,1.30.0,116.47071,1.247291088104248,4.5968639850616455,239.0,110.0,3942732,723496
GMT,Create-A-Xy-Plot,2025-07-04,1.11.5,jeb-kr-amherst,8399c9b,1.30.0,115.744818,1.2659709453582764,4.6102728843688965,239.0,109.0,3912972,714840
GMT,Create-A-Xy-Plot,2025-07-05,1.11.5,jeb-kr-amherst,8399c9b,1.30.0,117.19866,1.2843279838562012,4.660250902175903,238.0,109.0,3918668,717332
GMT,Create-A-Xy-Plot,2025-07-06,1.11.5,jeb-kr-amherst,8399c9b,1.30.0,116.188581,1.2811717987060547,4.555627107620239,239.0,111.0,3926900,720176
GMT,Create-A-Xy-Plot,2025-07-07,1.11.5,jeb-kr-amherst,8399c9b,1.30.0,116.738609,1.254094123840332,4.677872896194458,239.0,111.0,3921076,714488
GMT,Create-A-Xy-Plot,2025-07-08,1.11.5,jeb-kr-amherst,8399c9b,1.30.0,115.660684,1.2557950019836426,4.696599006652832,240.0,112.0,3920856,717968
GMT,Create-A-Xy-Plot,2025-07-09,1.11.5,jeb-kr-amherst,8399c9b,1.30.0,116.852067,1.228391170501709,4.629502773284912,239.0,112.0,3908668,714348
GMT,Create-A-Xy-Plot,2025-07-10,1.11.5,jeb-kr-amherst,8399c9b,1.30.0,116.79308,1.2738749980926514,4.610085964202881,239.0,110.0,3917620,714160
GMT,Create-A-Xy-Plot,2025-07-11,1.11.5,jeb-kr-amherst,8399c9b,1.30.0,116.989763,1.2318840026855469,4.6748948097229,238.0,112.0,3917080,720676
GMT,Create-A-Xy-Plot,2025-07-12,1.11.5,jeb-kr-amherst,8399c9b,1.30.0,117.016548,1.272373914718628,4.640398025512695,239.0,109.0,3924832,715872
GMT,Create-A-Xy-Plot,2025-07-13,1.11.5,jeb-kr-amherst,8399c9b,1.30.0,116.321788,1.2764148712158203,4.6667890548706055,239.0,111.0,3922248,715472
GMT,Create-A-Xy-Plot,2025-07-14,1.11.5,jeb-kr-amherst,8399c9b,1.30.0,116.69261,1.2313249111175537,4.668730020523071,238.0,112.0,3930312,717200
GMT,Create-A-Xy-Plot,2025-07-15,1.11.5,jeb-kr-amherst,8399c9b,1.30.0,116.515221,1.2616400718688965,4.682111024856567,239.0,111.0,3912332,720660
GMT,Create-A-Xy-Plot,2025-07-16,1.11.5,jeb-kr-amherst,8399c9b,1.30.0,116.728743,1.2689509391784668,4.656907081604004,239.0,109.0,3947080,721224
GMT,Create-A-Xy-Plot,2025-07-17,1.11.5,jeb-kr-amherst,8399c9b,1.30.0,116.538466,1.2854039669036865,4.61260199546814,239.0,109.0,3920652,716112
GMT,Create-A-Xy-Plot,2025-07-18,1.11.5,jeb-kr-amherst,8399c9b,1.30.0,116.505081,1.298292875289917,4.615403175354004,238.0,109.0,3928520,724988
GMT,Create-A-Xy-Plot,2025-07-19,1.11.5,jeb-kr-amherst,8399c9b,1.30.0,117.224108,1.2571358680725098,4.548289060592651,238.0,110.0,3926156,714792
GMT,Create-A-Xy-Plot,2025-10-13,1.12.0,jeb-kr-amherst,8399c9b,1.31.1,123.674991,1.0612220764160156,0.20490598678588867,230.0,117.0,3140876,576228
GMT,Create-A-Xy-Plot,2025-10-13,alpha,jeb-kr-amherst,8399c9b,1.31.1,122.906704,1.0504941940307617,0.20388388633728027,230.0,118.0,3135400,575460
GMT,Create-A-Xy-Plot,2025-10-13,lts,jeb-kr-amherst,8399c9b,1.31.1,92.202881,0.786829948425293,3.1081039905548096,241.0,112.0,3144368,588360
GMT,Create-A-Xy-Plot,2025-10-13,nightly,jeb-kr-amherst,8399c9b,1.31.1,129.435684,1.106048822402954,0.15687203407287598,219.0,117.0,3618164,563020
GMT,Create-A-Xy-Plot,2025-10-13,release,jeb-kr-amherst,8399c9b,1.31.1,123.966946,1.056330919265747,0.20711302757263184,229.0,117.0,3126468,574720
Graphs,Graph-Construction,2025-07-20,1.11.6,jeb-kr-amherst,3004b15,1.13.0,11.715243,0.3483610153198242,0.14136385917663574,194.0,162.0,2054720,302368
Graphs,Graph-Construction,2025-07-24,1.11.6,jeb-kr-amherst,3004b15,1.13.0,11.706288,0.339047908782959,0.14205193519592285,197.0,184.0,2037084,302360
Graphs,Graph-Construction,2025-07-28,1.11.6,jeb-kr-amherst,3004b15,1.13.0,11.646012,0.34378600120544434,0.1412808895111084,195.0,161.0,2036948,301868
Graphs,Graph-Construction,2025-08-01,1.11.6,jeb-kr-amherst,3004b15,1.13.0,11.530299,0.33675098419189453,0.14168119430541992,195.0,185.0,2036824,302016
Graphs,Graph-Construction,2025-08-06,1.11.6,jeb-kr-amherst,3004b15,1.13.0,11.728023,0.3670361042022705,0.14101290702819824,194.0,175.0,2035600,302052
Graphs,Graph-Construction,2025-08-10,1.11.6,jeb-kr-amherst,3004b15,1.13.0,11.687913,0.36008405685424805,0.1427018642425537,196.0,158.0,2036360,302100
Graphs,Graph-Construction,2025-08-14,1.11.6,jeb-kr-amherst,3004b15,1.13.0,11.743173,0.37814998626708984,0.14280414581298828,196.0,163.0,2035284,301764
Graphs,Graph-Construction,2025-08-18,1.11.6,jeb-kr-amherst,3004b15,1.13.0,11.655786,0.38123297691345215,0.14083099365234375,196.0,170.0,2036516,302116
Graphs,Graph-Construction,2025-08-22,1.11.6,jeb-kr-amherst,3004b15,1.13.0,12.600329,0.3735811710357666,0.1528639793395996,181.0,175.0,2056920,302428
Graphs,Graph-Construction,2025-08-26,1.11.6,jeb-kr-amherst,3004b15,1.13.0,11.565898,0.38407421112060547,0.14177179336547852,197.0,169.0,2035448,302256
Graphs,Graph-Construction,2025-08-30,1.11.6,jeb-kr-amherst,3004b15,1.13.0,11.852066,0.35303187370300293,0.14208602905273438,195.0,160.0,2023052,301764
Graphs,Graph-Construction,2025-09-03,1.11.6,jeb-kr-amherst,3004b15,1.13.0,12.106578,0.34111809730529785,0.14496183395385742,196.0,183.0,2037108,302412
Graphs,Graph-Construction,2025-09-07,1.11.6,jeb-kr-amherst,3004b15,1.13.0,11.574904,0.3374669551849365,0.14046692848205566,197.0,185.0,2022220,302016
Graphs,Graph-Construction,2025-09-11,1.11.6,jeb-kr-amherst,3004b15,1.13.0,11.635111,0.3423440456390381,0.14160394668579102,195.0,183.0,2043764,302080
Graphs,Graph-Construction,2025-09-15,1.11.6,jeb-kr-amherst,3004b15,1.13.0,11.717532,0.3373880386352539,0.14330601692199707,196.0,184.0,2039188,302360
Graphs,Graph-Construction,2025-09-19,1.11.6,jeb-kr-amherst,3004b15,1.13.0,11.670822,0.3366689682006836,0.1417219638824463,195.0,182.0,2036788,302212
Graphs,Graph-Construction,2025-09-20,1.11.7,jeb-kr-amherst,3004b15,1.13.0,11.533998,0.3458521366119385,0.14238500595092773,195.0,168.0,2054804,308468
Graphs,Graph-Construction,2025-09-24,1.11.7,jeb-kr-amherst,3004b15,1.13.0,11.803864,0.3554558753967285,0.14041614532470703,195.0,159.0,2044288,308232
Graphs,Graph-Construction,2025-09-28,1.11.7,jeb-kr-amherst,3004b15,1.13.0,11.614537,0.37008094787597656,0.14206504821777344,196.0,158.0,2054084,307544
Graphs,Graph-Construction,2025-10-02,1.11.7,jeb-kr-amherst,3004b15,1.13.0,11.540427,0.3497898578643799,0.1431732177734375,195.0,162.0,2029248,308200
Graphs,Graph-Construction,2025-10-03,1.11.7,jeb-kr-amherst,3004b15,1.13.0,11.546401,0.337352991104126,0.14146208763122559,194.0,184.0,2057760,307968
Graphs,Graph-Construction,2025-10-06,1.11.7,jeb-kr-amherst,3004b15,1.13.0,11.579881,0.3381309509277344,0.1434340476989746,195.0,182.0,2046520,308080
Graphs,Graph-Construction,2025-10-10,1.11.7,jeb-kr-amherst,3004b15,1.13.0,11.711645,0.3508729934692383,0.14177918434143066,195.0,159.0,2056740,307988
Graphs,Graph-Construction,2025-10-14,1.11.7,jeb-kr-amherst,3004b15,1.13.0,11.556819,0.35271692276000977,0.1410350799560547,195.0,179.0,2026628,307548
Graphs,Graph-Construction,2025-10-15,1.12.0,jeb-kr-amherst,3004b15,1.13.0,12.759362,0.3940129280090332,0.13936805725097656,183.0,120.0,2142444,362152
Graphs,Graph-Construction,2025-10-19,1.12.0,jeb-kr-amherst,3004b15,1.13.0,12.892182,0.3821730613708496,0.13586783409118652,182.0,120.0,2126068,360292
Graphs,Graph-Construction,2025-10-23,1.12.0,jeb-kr-amherst,3004b15,1.13.0,12.912546,0.3868889808654785,0.13748812675476074,183.0,120.0,2127948,360384
Graphs,Graph-Construction,2025-10-24,1.12.0,jeb-kr-amherst,3004b15,1.13.0,12.9052,0.38530993461608887,0.13379693031311035,183.0,121.0,2128580,358596
Graphs,Graph-Construction,2025-10-25,1.12.1,jeb-kr-amherst,3004b15,1.13.0,12.965535,0.394960880279541,0.13493704795837402,183.0,119.0,2085224,353996
Graphs,Graph-Construction,2025-10-29,1.12.1,jeb-kr-amherst,3004b15,1.13.0,13.131113,0.39374399185180664,0.14007902145385742,183.0,120.0,2137848,355628
Graphs,Graph-Construction,2025-11-02,1.12.1,jeb-kr-amherst,3004b15,1.13.0,13.160684,0.3867499828338623,0.13736605644226074,183.0,120.0,2087172,355400
Graphs,Graph-Construction,2025-11-06,1.12.1,jeb-kr-amherst,3004b15,1.13.0,13.169315,0.3861830234527588,0.13758087158203125,183.0,121.0,2082032,355564
Graphs,Graph-Construction,2025-11-10,1.12.1,jeb-kr-amherst,3004b15,1.13.0,13.099555,0.3952181339263916,0.13793706893920898,184.0,120.0,2133084,355656
Graphs,Graph-Construction,2025-11-14,1.12.1,jeb-kr-amherst,3004b15,1.13.0,12.977312,0.38704991340637207,0.1362760066986084,183.0,120.0,2088376,355912
Graphs,Graph-Construction,2025-11-18,1.12.1,jeb-kr-amherst,3004b15,1.13.0,13.134545,0.3884291648864746,0.13776493072509766,183.0,120.0,2083480,354124
Graphs,Graph-Construction,2025-11-23,1.12.2,jeb-kr-amherst,3004b15,1.13.0,16.170366,0.38840317726135254,0.1343228816986084,184.0,121.0,2105752,360052
HiddenMarkovModels,Estimate-Hmm-With-Baum-Welch,2025-07-20,1.11.6,jeb-kr-amherst,3004b15,0.7.0,14.855677,0.39989495277404785,2.512136936187744,221.0,118.0,2034524,356688
HiddenMarkovModels,Estimate-Hmm-With-Baum-Welch,2025-07-24,1.11.6,jeb-kr-amherst,3004b15,0.7.0,14.751465,0.41050100326538086,2.537571907043457,219.0,118.0,2038544,356172
HiddenMarkovModels,Estimate-Hmm-With-Baum-Welch,2025-07-28,1.11.6,jeb-kr-amherst,3004b15,0.7.0,14.920686,0.44455504417419434,2.5199429988861084,220.0,113.0,2054712,356260
HiddenMarkovModels,Estimate-Hmm-With-Baum-Welch,2025-08-01,1.11.6,jeb-kr-amherst,3004b15,0.7.0,14.885738,0.43672895431518555,2.5044870376586914,220.0,116.0,2052844,353428
HiddenMarkovModels,Estimate-Hmm-With-Baum-Welch,2025-08-06,1.11.6,jeb-kr-amherst,3004b15,0.7.0,14.978748,0.4008629322052002,2.520749092102051,220.0,118.0,2051756,360952
HiddenMarkovModels,Estimate-Hmm-With-Baum-Welch,2025-08-10,1.11.6,jeb-kr-amherst,3004b15,0.7.0,15.021168,0.445004940032959,2.513953924179077,220.0,115.0,2038160,362836
HiddenMarkovModels,Estimate-Hmm-With-Baum-Welch,2025-08-14,1.11.6,jeb-kr-amherst,3004b15,0.7.0,15.03768,0.43027687072753906,2.524125099182129,221.0,117.0,2023060,356472
HiddenMarkovModels,Estimate-Hmm-With-Baum-Welch,2025-08-18,1.11.6,jeb-kr-amherst,3004b15,0.7.0,15.043208,0.44185304641723633,2.548914909362793,219.0,113.0,2056152,356788
HiddenMarkovModels,Estimate-Hmm-With-Baum-Welch,2025-08-22,1.11.6,jeb-kr-amherst,3004b15,0.7.0,15.706093,0.4214920997619629,2.6706409454345703,221.0,117.0,2001020,356036
HiddenMarkovModels,Estimate-Hmm-With-Baum-Welch,2025-08-26,1.11.6,jeb-kr-amherst,3004b15,0.7.0,14.975849,0.40126609802246094,2.5121099948883057,220.0,116.0,2054628,362992
HiddenMarkovModels,Estimate-Hmm-With-Baum-Welch,2025-08-30,1.11.6,jeb-kr-amherst,3004b15,0.7.0,14.927129,0.43610405921936035,2.499910831451416,221.0,113.0,2053200,360772
HiddenMarkovModels,Estimate-Hmm-With-Baum-Welch,2025-09-03,1.11.6,jeb-kr-amherst,3004b15,0.7.0,14.989561,0.40033602714538574,2.5126469135284424,220.0,118.0,2053284,356664
HiddenMarkovModels,Estimate-Hmm-With-Baum-Welch,2025-09-07,1.11.6,jeb-kr-amherst,3004b15,0.7.0,15.005089,0.4046001434326172,2.527751922607422,219.0,118.0,2023520,360280
HiddenMarkovModels,Estimate-Hmm-With-Baum-Welch,2025-09-11,1.11.6,jeb-kr-amherst,3004b15,0.7.0,14.980291,0.4032740592956543,2.4908010959625244,221.0,118.0,2037344,357312
HiddenMarkovModels,Estimate-Hmm-With-Baum-Welch,2025-09-15,1.11.6,jeb-kr-amherst,3004b15,0.7.0,14.891953,0.43724799156188965,2.5076258182525635,220.0,113.0,2036072,355368
HiddenMarkovModels,Estimate-Hmm-With-Baum-Welch,2025-09-19,1.11.6,jeb-kr-amherst,3004b15,0.7.0,14.934485,0.41014599800109863,2.5557191371917725,218.0,114.0,2036736,355920
HiddenMarkovModels,Estimate-Hmm-With-Baum-Welch,2025-09-20,1.11.7,jeb-kr-amherst,3004b15,0.7.0,14.849672,0.43773484230041504,2.521071195602417,220.0,113.0,2048456,366584
HiddenMarkovModels,Estimate-Hmm-With-Baum-Welch,2025-09-24,1.11.7,jeb-kr-amherst,3004b15,0.7.0,14.704901,0.4289238452911377,2.5302112102508545,221.0,113.0,2029268,369160
HiddenMarkovModels,Estimate-Hmm-With-Baum-Welch,2025-09-28,1.11.7,jeb-kr-amherst,3004b15,0.7.0,14.958826,0.4421579837799072,2.5272369384765625,221.0,113.0,2054420,368636
HiddenMarkovModels,Estimate-Hmm-With-Baum-Welch,2025-10-02,1.11.7,jeb-kr-amherst,3004b15,0.7.0,14.956096,0.44352102279663086,2.499898910522461,220.0,115.0,2026720,365796
HiddenMarkovModels,Estimate-Hmm-With-Baum-Welch,2025-10-03,1.11.7,jeb-kr-amherst,3004b15,0.7.0,14.789359,0.40004706382751465,2.548142910003662,222.0,118.0,2053692,363332
HiddenMarkovModels,Estimate-Hmm-With-Baum-Welch,2025-10-06,1.11.7,jeb-kr-amherst,3004b15,0.7.0,14.931416,0.40024280548095703,2.5105020999908447,221.0,118.0,2033532,365696
HiddenMarkovModels,Estimate-Hmm-With-Baum-Welch,2025-10-10,1.11.7,jeb-kr-amherst,3004b15,0.7.0,14.846764,0.4011111259460449,2.519713878631592,220.0,118.0,2046564,359520
HiddenMarkovModels,Estimate-Hmm-With-Baum-Welch,2025-10-14,1.11.7,jeb-kr-amherst,3004b15,0.7.0,15.371685,0.4380679130554199,2.6174819469451904,222.0,113.0,2034176,361908
HiddenMarkovModels,Estimate-Hmm-With-Baum-Welch,2025-10-15,1.12.0,jeb-kr-amherst,3004b15,0.7.0,17.215136,0.41478395462036133,2.119055986404419,207.0,110.0,2134276,419388
HiddenMarkovModels,Estimate-Hmm-With-Baum-Welch,2025-10-19,1.12.0,jeb-kr-amherst,3004b15,0.7.0,17.025017,0.40758705139160156,2.1551918983459473,207.0,110.0,2127484,424604
HiddenMarkovModels,Estimate-Hmm-With-Baum-Welch,2025-10-23,1.12.0,jeb-kr-amherst,3004b15,0.7.0,17.13292,0.4076979160308838,2.0965890884399414,208.0,111.0,2130132,422588
HiddenMarkovModels,Estimate-Hmm-With-Baum-Welch,2025-10-24,1.12.0,jeb-kr-amherst,3004b15,0.7.0,17.186813,0.40814208984375,2.1134159564971924,206.0,111.0,2125608,421500
HiddenMarkovModels,Estimate-Hmm-With-Baum-Welch,2025-10-25,1.12.1,jeb-kr-amherst,3004b15,0.7.0,17.014581,0.40996813774108887,2.0866010189056396,209.0,111.0,2084156,423928
HiddenMarkovModels,Estimate-Hmm-With-Baum-Welch,2025-10-29,1.12.1,jeb-kr-amherst,3004b15,0.7.0,17.323849,0.41949009895324707,2.093540906906128,208.0,111.0,2081708,422968
HiddenMarkovModels,Estimate-Hmm-With-Baum-Welch,2025-11-02,1.12.1,jeb-kr-amherst,3004b15,0.7.0,17.01743,0.404742956161499,2.126918077468872,209.0,111.0,2083164,422640
HiddenMarkovModels,Estimate-Hmm-With-Baum-Welch,2025-11-06,1.12.1,jeb-kr-amherst,3004b15,0.7.0,17.329518,0.4147000312805176,2.1126279830932617,209.0,111.0,2087692,421104
HiddenMarkovModels,Estimate-Hmm-With-Baum-Welch,2025-11-10,1.12.1,jeb-kr-amherst,3004b15,0.7.0,16.821431,0.4204239845275879,2.113780975341797,207.0,111.0,2082372,423168
HiddenMarkovModels,Estimate-Hmm-With-Baum-Welch,2025-11-14,1.12.1,jeb-kr-amherst,3004b15,0.7.0,17.174998,0.4032571315765381,2.116705894470215,209.0,111.0,2086364,421204
HiddenMarkovModels,Estimate-Hmm-With-Baum-Welch,2025-11-18,1.12.1,jeb-kr-amherst,3004b15,0.7.0,17.134393,0.40887904167175293,2.112769842147827,208.0,111.0,2088676,423048
HiddenMarkovModels,Estimate-Hmm-With-Baum-Welch,2025-11-23,1.12.2,jeb-kr-amherst,3004b15,0.7.0,20.947671,0.40674805641174316,2.1073999404907227,212.0,111.0,2108684,432688
HiddenMarkovModels,Estimate-Hmm-With-Baum-Welch,2025-03-13,1.11.3,jeb-kr-amherst,8399c9b,0.6.1,14.812326,0.41697001457214355,2.4864261150360107,217.0,114.0,2000484,369560
HiddenMarkovModels,Estimate-Hmm-With-Baum-Welch,2025-03-14,1.11.3,jeb-kr-amherst,8399c9b,0.6.1,14.847037,0.42113685607910156,2.471734046936035,217.0,114.0,2020420,370760
HiddenMarkovModels,Estimate-Hmm-With-Baum-Welch,2025-03-15,1.11.3,jeb-kr-amherst,8399c9b,0.6.1,14.944262,0.43151092529296875,2.486525058746338,217.0,114.0,2003140,370032
HiddenMarkovModels,Estimate-Hmm-With-Baum-Welch,2025-03-16,1.11.3,jeb-kr-amherst,8399c9b,0.6.1,14.771839,0.3985710144042969,2.4723758697509766,218.0,118.0,2004308,371028
HiddenMarkovModels,Estimate-Hmm-With-Baum-Welch,2025-03-17,1.11.3,jeb-kr-amherst,8399c9b,0.6.1,14.8621,0.4454951286315918,2.4734628200531006,218.0,114.0,2004592,370852
HiddenMarkovModels,Estimate-Hmm-With-Baum-Welch,2025-03-18,1.11.3,jeb-kr-amherst,8399c9b,0.6.1,22.018494,0.9548461437225342,6.768303871154785,182.0,102.0,2011756,362712
HiddenMarkovModels,Estimate-Hmm-With-Baum-Welch,2025-03-19,1.11.3,jeb-kr-amherst,8399c9b,0.6.1,31.291299,0.8700060844421387,6.326013803482056,177.0,101.0,2030052,373276
HiddenMarkovModels,Estimate-Hmm-With-Baum-Welch,2025-03-20,1.11.4,jeb-kr-amherst,8399c9b,0.6.1,15.530164,0.43288302421569824,2.655284881591797,209.0,117.0,2030624,368892
HiddenMarkovModels,Estimate-Hmm-With-Baum-Welch,2025-03-21,1.11.4,jeb-kr-amherst,8399c9b,0.6.1,25.960704,0.5954108238220215,3.7503249645233154,178.0,107.0,2021292,368564
HiddenMarkovModels,Estimate-Hmm-With-Baum-Welch,2025-03-22,1.11.4,jeb-kr-amherst,8399c9b,0.6.1,20.400358,0.6005589962005615,3.9084219932556152,210.0,112.0,2019116,365672
HiddenMarkovModels,Estimate-Hmm-With-Baum-Welch,2025-03-23,1.11.4,jeb-kr-amherst,8399c9b,0.6.1,16.673161,0.4940509796142578,2.93369197845459,217.0,114.0,2026780,366296
HiddenMarkovModels,Estimate-Hmm-With-Baum-Welch,2025-03-24,1.11.4,jeb-kr-amherst,8399c9b,0.6.1,15.929056,0.4477880001068115,2.7232229709625244,223.0,113.0,2022668,366492
HiddenMarkovModels,Estimate-Hmm-With-Baum-Welch,2025-03-25,1.11.4,jeb-kr-amherst,8399c9b,0.6.1,14.749849,0.4337940216064453,2.456979990005493,219.0,117.0,2005244,369132
HiddenMarkovModels,Estimate-Hmm-With-Baum-Welch,2025-03-26,1.11.4,jeb-kr-amherst,8399c9b,0.6.1,14.860194,0.4189929962158203,2.473388910293579,219.0,114.0,2014484,369252
HiddenMarkovModels,Estimate-Hmm-With-Baum-Welch,2025-03-27,1.11.4,jeb-kr-amherst,8399c9b,0.6.1,14.899401,0.44597601890563965,2.5099430084228516,218.0,116.0,2019476,366452
HiddenMarkovModels,Estimate-Hmm-With-Baum-Welch,2025-03-28,1.11.4,jeb-kr-amherst,8399c9b,0.6.2,14.85088,0.43256282806396484,2.484070062637329,218.0,117.0,2003428,369204
HiddenMarkovModels,Estimate-Hmm-With-Baum-Welch,2025-03-29,1.11.4,jeb-kr-amherst,8399c9b,0.6.2,14.733556,0.4042651653289795,2.4711759090423584,218.0,114.0,2022936,362808
HiddenMarkovModels,Estimate-Hmm-With-Baum-Welch,2025-03-30,1.11.4,jeb-kr-amherst,8399c9b,0.6.2,14.787943,0.3924870491027832,2.4687490463256836,218.0,118.0,2005380,364264
HiddenMarkovModels,Estimate-Hmm-With-Baum-Welch,2025-03-31,1.11.4,jeb-kr-amherst,8399c9b,0.6.2,14.616829,0.3885951042175293,2.4719038009643555,218.0,118.0,2004856,362668
HiddenMarkovModels,Estimate-Hmm-With-Baum-Welch,2025-04-01,1.11.4,jeb-kr-amherst,8399c9b,0.6.2,14.696283,0.4013969898223877,2.4836628437042236,218.0,117.0,2021624,362636
HiddenMarkovModels,Estimate-Hmm-With-Baum-Welch,2025-04-02,1.11.4,jeb-kr-amherst,8399c9b,0.6.2,14.768389,0.3865480422973633,2.450701951980591,218.0,118.0,2003924,363868
HiddenMarkovModels,Estimate-Hmm-With-Baum-Welch,2025-04-03,1.11.4,jeb-kr-amherst,8399c9b,0.6.2,14.691821,0.4237189292907715,2.462153911590576,218.0,114.0,2009164,363552
HiddenMarkovModels,Estimate-Hmm-With-Baum-Welch,2025-04-04,1.11.4,jeb-kr-amherst,8399c9b,0.6.2,14.77669,0.3968009948730469,2.484800100326538,217.0,118.0,2021148,363788
HiddenMarkovModels,Estimate-Hmm-With-Baum-Welch,2025-04-05,1.11.4,jeb-kr-amherst,8399c9b,0.6.2,14.684039,0.41586995124816895,2.4686319828033447,218.0,114.0,2022588,363848
HiddenMarkovModels,Estimate-Hmm-With-Baum-Welch,2025-04-06,1.11.4,jeb-kr-amherst,8399c9b,0.6.2,14.681458,0.38970208168029785,2.477205991744995,219.0,118.0,2004188,363768
HiddenMarkovModels,Estimate-Hmm-With-Baum-Welch,2025-04-07,1.11.4,jeb-kr-amherst,8399c9b,0.6.2,14.94248,0.410872220993042,2.5179879665374756,219.0,118.0,2004384,364020
HiddenMarkovModels,Estimate-Hmm-With-Baum-Welch,2025-04-08,1.11.4,jeb-kr-amherst,8399c9b,0.6.2,14.856998,0.4292891025543213,2.538252830505371,217.0,113.0,2004516,364784
HiddenMarkovModels,Estimate-Hmm-With-Baum-Welch,2025-04-09,1.11.4,jeb-kr-amherst,8399c9b,0.6.2,14.770912,0.40047693252563477,2.4937641620635986,218.0,118.0,2004232,361996
HiddenMarkovModels,Estimate-Hmm-With-Baum-Welch,2025-04-10,1.11.4,jeb-kr-amherst,8399c9b,0.6.2,14.758923,0.43075990676879883,2.477252960205078,218.0,117.0,2003800,362172
HiddenMarkovModels,Estimate-Hmm-With-Baum-Welch,2025-04-11,1.11.4,jeb-kr-amherst,8399c9b,0.6.2,14.744064,0.38808202743530273,2.4607808589935303,219.0,118.0,2007244,362876
HiddenMarkovModels,Estimate-Hmm-With-Baum-Welch,2025-04-12,1.11.4,jeb-kr-amherst,8399c9b,0.6.2,14.797797,0.430955171585083,2.476409912109375,219.0,115.0,2022000,364440
HiddenMarkovModels,Estimate-Hmm-With-Baum-Welch,2025-04-13,1.11.4,jeb-kr-amherst,8399c9b,0.6.2,36.013013,0.9117419719696045,6.310506105422974,167.0,101.0,2019364,358776
HiddenMarkovModels,Estimate-Hmm-With-Baum-Welch,2025-04-14,1.11.4,jeb-kr-amherst,8399c9b,0.6.2,15.113095,0.4404618740081787,2.7195801734924316,217.0,112.0,2011040,361456
HiddenMarkovModels,Estimate-Hmm-With-Baum-Welch,2025-04-15,1.11.4,jeb-kr-amherst,8399c9b,0.6.2,15.021134,0.4288339614868164,2.523953914642334,218.0,113.0,2006152,363912
HiddenMarkovModels,Estimate-Hmm-With-Baum-Welch,2025-04-16,1.11.4,jeb-kr-amherst,8399c9b,0.6.2,14.775478,0.42466092109680176,2.4769561290740967,218.0,114.0,2000248,363852
HiddenMarkovModels,Estimate-Hmm-With-Baum-Welch,2025-04-17,1.11.4,jeb-kr-amherst,8399c9b,0.6.2,14.782822,0.40981197357177734,2.4884190559387207,218.0,116.0,2021108,364676
HiddenMarkovModels,Estimate-Hmm-With-Baum-Welch,2025-04-18,1.11.4,jeb-kr-amherst,8399c9b,0.6.2,35.384391,0.8857247829437256,6.566999197006226,186.0,101.0,2025512,354740
HiddenMarkovModels,Estimate-Hmm-With-Baum-Welch,2025-04-19,1.11.4,jeb-kr-amherst,8399c9b,0.6.2,17.628027,0.5541160106658936,3.473043918609619,209.0,107.0,2030256,359760
HiddenMarkovModels,Estimate-Hmm-With-Baum-Welch,2025-04-20,1.11.5,jeb-kr-amherst,8399c9b,0.6.2,15.146374,0.4361460208892822,2.4924559593200684,220.0,115.0,2034772,356840
HiddenMarkovModels,Estimate-Hmm-With-Baum-Welch,2025-04-21,1.11.5,jeb-kr-amherst,8399c9b,0.6.2,14.83572,0.4102909564971924,2.527778148651123,221.0,118.0,2028604,356568
HiddenMarkovModels,Estimate-Hmm-With-Baum-Welch,2025-04-22,1.11.5,jeb-kr-amherst,8399c9b,0.6.2,14.818365,0.3981759548187256,2.482326030731201,220.0,114.0,2026964,355748
HiddenMarkovModels,Estimate-Hmm-With-Baum-Welch,2025-04-23,1.11.5,jeb-kr-amherst,8399c9b,0.6.2,14.927878,0.4120190143585205,2.4849469661712646,220.0,117.0,2010548,356848
HiddenMarkovModels,Estimate-Hmm-With-Baum-Welch,2025-04-24,1.11.5,jeb-kr-amherst,8399c9b,0.6.2,14.879936,0.412045955657959,2.4841201305389404,220.0,117.0,2014184,358036
HiddenMarkovModels,Estimate-Hmm-With-Baum-Welch,2025-04-25,1.11.5,jeb-kr-amherst,8399c9b,0.6.2,15.008264,0.42499399185180664,2.4729790687561035,221.0,114.0,2045164,355992
HiddenMarkovModels,Estimate-Hmm-With-Baum-Welch,2025-04-26,1.11.5,jeb-kr-amherst,8399c9b,0.6.2,14.902166,0.38649702072143555,2.4724090099334717,220.0,118.0,2030264,363032
HiddenMarkovModels,Estimate-Hmm-With-Baum-Welch,2025-04-27,1.11.5,jeb-kr-amherst,8399c9b,0.6.2,14.963048,0.40482115745544434,2.4720640182495117,220.0,114.0,2031976,356860
HiddenMarkovModels,Estimate-Hmm-With-Baum-Welch,2025-04-28,1.11.5,jeb-kr-amherst,8399c9b,0.6.2,14.850526,0.40036988258361816,2.475564956665039,220.0,116.0,2032468,355800
HiddenMarkovModels,Estimate-Hmm-With-Baum-Welch,2025-04-29,1.11.5,jeb-kr-amherst,8399c9b,0.6.2,14.924506,0.4225430488586426,2.488752841949463,220.0,113.0,2033304,357128
HiddenMarkovModels,Estimate-Hmm-With-Baum-Welch,2025-04-30,1.11.5,jeb-kr-amherst,8399c9b,0.6.2,14.864637,0.42090916633605957,2.4621469974517822,220.0,114.0,2013388,357908
HiddenMarkovModels,Estimate-Hmm-With-Baum-Welch,2025-05-01,1.11.5,jeb-kr-amherst,8399c9b,0.6.2,14.913698,0.3943040370941162,2.4933338165283203,221.0,118.0,2014916,356152
HiddenMarkovModels,Estimate-Hmm-With-Baum-Welch,2025-05-02,1.11.5,jeb-kr-amherst,8399c9b,0.6.2,31.574494,0.8407220840454102,5.5874199867248535,182.0,103.0,2041960,363192
HiddenMarkovModels,Estimate-Hmm-With-Baum-Welch,2025-05-03,1.11.5,jeb-kr-amherst,8399c9b,0.6.2,15.170653,0.41202402114868164,2.598526954650879,216.0,117.0,2036764,357828
HiddenMarkovModels,Estimate-Hmm-With-Baum-Welch,2025-05-04,1.11.5,jeb-kr-amherst,8399c9b,0.6.2,15.143461,0.40706896781921387,2.526716947555542,220.0,118.0,2012832,360104
HiddenMarkovModels,Estimate-Hmm-With-Baum-Welch,2025-05-05,1.11.5,jeb-kr-amherst,8399c9b,0.6.3,36.0543,0.7898659706115723,6.301076173782349,180.0,102.0,2042300,353288
HiddenMarkovModels,Estimate-Hmm-With-Baum-Welch,2025-05-06,1.11.5,jeb-kr-amherst,8399c9b,0.6.3,34.18361,0.8474018573760986,5.869203090667725,170.0,102.0,2066056,363340
HiddenMarkovModels,Estimate-Hmm-With-Baum-Welch,2025-05-07,1.11.5,jeb-kr-amherst,8399c9b,0.7.0,16.773147,0.4373040199279785,2.869123935699463,221.0,116.0,2036712,354204
HiddenMarkovModels,Estimate-Hmm-With-Baum-Welch,2025-05-08,1.11.5,jeb-kr-amherst,8399c9b,0.7.0,15.068329,0.39711713790893555,2.535501003265381,219.0,118.0,2030612,356484
HiddenMarkovModels,Estimate-Hmm-With-Baum-Welch,2025-05-09,1.11.5,jeb-kr-amherst,8399c9b,0.7.0,14.843319,0.39797210693359375,2.4716689586639404,220.0,116.0,2045712,362976
HiddenMarkovModels,Estimate-Hmm-With-Baum-Welch,2025-05-10,1.11.5,jeb-kr-amherst,8399c9b,0.7.0,15.441357,0.416795015335083,2.6215739250183105,209.0,117.0,2027176,356052
HiddenMarkovModels,Estimate-Hmm-With-Baum-Welch,2025-05-11,1.11.5,jeb-kr-amherst,8399c9b,0.7.0,22.646968,0.8160979747772217,6.2531208992004395,204.0,103.0,2019048,359540
HiddenMarkovModels,Estimate-Hmm-With-Baum-Welch,2025-05-12,1.11.5,jeb-kr-amherst,8399c9b,0.7.0,15.974584,0.4425170421600342,2.6999149322509766,223.0,113.0,1999280,356224
HiddenMarkovModels,Estimate-Hmm-With-Baum-Welch,2025-05-13,1.11.5,jeb-kr-amherst,8399c9b,0.7.0,14.827468,0.40189218521118164,2.4835548400878906,220.0,116.0,2034308,353728
HiddenMarkovModels,Estimate-Hmm-With-Baum-Welch,2025-05-14,1.11.5,jeb-kr-amherst,8399c9b,0.7.0,14.908924,0.42664504051208496,2.500178813934326,220.0,114.0,2032000,356448
HiddenMarkovModels,Estimate-Hmm-With-Baum-Welch,2025-05-15,1.11.5,jeb-kr-amherst,8399c9b,0.7.0,37.763687,0.8720810413360596,6.4550018310546875,166.0,101.0,2061272,360168
HiddenMarkovModels,Estimate-Hmm-With-Baum-Welch,2025-05-16,1.11.5,jeb-kr-amherst,8399c9b,0.7.0,34.392143,0.8575708866119385,6.372482061386108,168.0,102.0,2063104,360868
HiddenMarkovModels,Estimate-Hmm-With-Baum-Welch,2025-05-18,1.11.5,jeb-kr-amherst,8399c9b,0.7.0,14.816525,0.38242316246032715,2.490468978881836,221.0,118.0,2025972,356280
HiddenMarkovModels,Estimate-Hmm-With-Baum-Welch,2025-05-19,1.11.5,jeb-kr-amherst,8399c9b,0.7.0,14.846182,0.3834860324859619,2.4806861877441406,220.0,118.0,2043888,360872
HiddenMarkovModels,Estimate-Hmm-With-Baum-Welch,2025-05-20,1.11.5,jeb-kr-amherst,8399c9b,0.7.0,14.874975,0.4206240177154541,2.4663970470428467,221.0,114.0,2046140,356028
HiddenMarkovModels,Estimate-Hmm-With-Baum-Welch,2025-05-21,1.11.5,jeb-kr-amherst,8399c9b,0.7.0,14.915396,0.41465306282043457,2.486546039581299,220.0,114.0,2035960,356292
HiddenMarkovModels,Estimate-Hmm-With-Baum-Welch,2025-05-22,1.11.5,jeb-kr-amherst,8399c9b,0.7.0,14.743287,0.4185149669647217,2.4805870056152344,220.0,114.0,2029896,355764
HiddenMarkovModels,Estimate-Hmm-With-Baum-Welch,2025-05-23,1.11.5,jeb-kr-amherst,8399c9b,0.7.0,14.847925,0.38982510566711426,2.492729902267456,220.0,118.0,2033264,356136
HiddenMarkovModels,Estimate-Hmm-With-Baum-Welch,2025-05-24,1.11.5,jeb-kr-amherst,8399c9b,0.7.0,14.87171,0.41722607612609863,2.47680401802063,220.0,114.0,2030440,354416
HiddenMarkovModels,Estimate-Hmm-With-Baum-Welch,2025-05-25,1.11.5,jeb-kr-amherst,8399c9b,0.7.0,14.863077,0.3822338581085205,2.4833011627197266,220.0,118.0,2012528,356148
HiddenMarkovModels,Estimate-Hmm-With-Baum-Welch,2025-05-26,1.11.5,jeb-kr-amherst,8399c9b,0.7.0,14.852956,0.38837504386901855,2.4772651195526123,221.0,117.0,2046012,353420
HiddenMarkovModels,Estimate-Hmm-With-Baum-Welch,2025-05-27,1.11.5,jeb-kr-amherst,8399c9b,0.7.0,14.88346,0.4080188274383545,2.4758780002593994,221.0,114.0,2047296,360356
HiddenMarkovModels,Estimate-Hmm-With-Baum-Welch,2025-05-28,1.11.5,jeb-kr-amherst,8399c9b,0.7.0,14.834043,0.413006067276001,2.484534978866577,220.0,114.0,2015520,353228
HiddenMarkovModels,Estimate-Hmm-With-Baum-Welch,2025-05-29,1.11.5,jeb-kr-amherst,8399c9b,0.7.0,14.79329,0.38210082054138184,2.4880361557006836,221.0,118.0,2024408,353728
HiddenMarkovModels,Estimate-Hmm-With-Baum-Welch,2025-05-30,1.11.5,jeb-kr-amherst,8399c9b,0.7.0,14.833861,0.4005000591278076,2.509446144104004,221.0,118.0,2013300,356332
HiddenMarkovModels,Estimate-Hmm-With-Baum-Welch,2025-05-31,1.11.5,jeb-kr-amherst,8399c9b,0.7.0,14.855822,0.38916802406311035,2.4749698638916016,220.0,117.0,2029244,356168
HiddenMarkovModels,Estimate-Hmm-With-Baum-Welch,2025-06-01,1.11.5,jeb-kr-amherst,8399c9b,0.7.0,14.805868,0.4296720027923584,2.485927104949951,220.0,116.0,2031124,356468
HiddenMarkovModels,Estimate-Hmm-With-Baum-Welch,2025-06-02,1.11.5,jeb-kr-amherst,8399c9b,0.7.0,14.817384,0.4046790599822998,2.476508855819702,220.0,115.0,2048736,357352
HiddenMarkovModels,Estimate-Hmm-With-Baum-Welch,2025-06-03,1.11.5,jeb-kr-amherst,8399c9b,0.7.0,14.819168,0.3961210250854492,2.477735996246338,220.0,115.0,2036640,356156
HiddenMarkovModels,Estimate-Hmm-With-Baum-Welch,2025-06-04,1.11.5,jeb-kr-amherst,8399c9b,0.7.0,14.874031,0.38785791397094727,2.4942779541015625,220.0,118.0,2036784,356812
HiddenMarkovModels,Estimate-Hmm-With-Baum-Welch,2025-06-05,1.11.5,jeb-kr-amherst,8399c9b,0.7.0,14.975876,0.40457797050476074,2.559145927429199,221.0,118.0,2030220,356024
HiddenMarkovModels,Estimate-Hmm-With-Baum-Welch,2025-06-06,1.11.5,jeb-kr-amherst,8399c9b,0.7.0,14.851497,0.38219714164733887,2.486562967300415,220.0,118.0,2044700,357120
HiddenMarkovModels,Estimate-Hmm-With-Baum-Welch,2025-06-07,1.11.5,jeb-kr-amherst,8399c9b,0.7.0,16.366296,0.4350399971008301,3.1058528423309326,222.0,115.0,2053472,354640
HiddenMarkovModels,Estimate-Hmm-With-Baum-Welch,2025-06-08,1.11.5,jeb-kr-amherst,8399c9b,0.7.0,25.014717,0.8674640655517578,4.9004738330841064,193.0,104.0,2027024,362404
HiddenMarkovModels,Estimate-Hmm-With-Baum-Welch,2025-06-09,1.11.5,jeb-kr-amherst,8399c9b,0.7.0,15.517494,0.41633009910583496,2.636681079864502,221.0,115.0,2030324,356392
HiddenMarkovModels,Estimate-Hmm-With-Baum-Welch,2025-06-10,1.11.5,jeb-kr-amherst,8399c9b,0.7.0,16.137688,0.4154510498046875,2.738403081893921,220.0,117.0,2043288,355552
HiddenMarkovModels,Estimate-Hmm-With-Baum-Welch,2025-06-11,1.11.5,jeb-kr-amherst,8399c9b,0.7.0,15.031809,0.3970980644226074,2.527420997619629,218.0,118.0,2037896,353952
HiddenMarkovModels,Estimate-Hmm-With-Baum-Welch,2025-06-12,1.11.5,jeb-kr-amherst,8399c9b,0.7.0,14.904351,0.3840038776397705,2.481234073638916,220.0,118.0,2032984,356552
HiddenMarkovModels,Estimate-Hmm-With-Baum-Welch,2025-06-13,1.11.5,jeb-kr-amherst,8399c9b,0.7.0,14.934153,0.417680025100708,2.4755678176879883,218.0,114.0,2047656,356132
HiddenMarkovModels,Estimate-Hmm-With-Baum-Welch,2025-06-14,1.11.5,jeb-kr-amherst,8399c9b,0.7.0,14.879474,0.38472700119018555,2.4868698120117188,220.0,118.0,2031336,353624
HiddenMarkovModels,Estimate-Hmm-With-Baum-Welch,2025-06-15,1.11.5,jeb-kr-amherst,8399c9b,0.7.0,14.825995,0.43552398681640625,2.47869610786438,217.0,115.0,2029104,356244
HiddenMarkovModels,Estimate-Hmm-With-Baum-Welch,2025-06-16,1.11.5,jeb-kr-amherst,8399c9b,0.7.0,14.801295,0.4068300724029541,2.469028949737549,220.0,114.0,2012692,362668
HiddenMarkovModels,Estimate-Hmm-With-Baum-Welch,2025-06-17,1.11.5,jeb-kr-amherst,8399c9b,0.7.0,14.872973,0.39726781845092773,2.472644090652466,220.0,115.0,2052524,353484
HiddenMarkovModels,Estimate-Hmm-With-Baum-Welch,2025-06-18,1.11.5,jeb-kr-amherst,8399c9b,0.7.0,14.826531,0.4150090217590332,2.459709882736206,220.0,114.0,2044920,356296
HiddenMarkovModels,Estimate-Hmm-With-Baum-Welch,2025-06-19,1.11.5,jeb-kr-amherst,8399c9b,0.7.0,14.829437,0.4123070240020752,2.485157012939453,221.0,114.0,2031848,353976
HiddenMarkovModels,Estimate-Hmm-With-Baum-Welch,2025-06-20,1.11.5,jeb-kr-amherst,8399c9b,0.7.0,14.809826,0.3891751766204834,2.4731030464172363,220.0,118.0,2032452,356128
HiddenMarkovModels,Estimate-Hmm-With-Baum-Welch,2025-06-21,1.11.5,jeb-kr-amherst,8399c9b,0.7.0,19.70951,0.5982120037078857,3.659299850463867,228.0,110.0,2049968,378932
HiddenMarkovModels,Estimate-Hmm-With-Baum-Welch,2025-06-22,1.11.5,jeb-kr-amherst,8399c9b,0.7.0,14.866786,0.39332008361816406,2.4939680099487305,220.0,118.0,2029848,356052
HiddenMarkovModels,Estimate-Hmm-With-Baum-Welch,2025-06-23,1.11.5,jeb-kr-amherst,8399c9b,0.7.0,14.844516,0.4154071807861328,2.478696823120117,220.0,114.0,2012648,360392
HiddenMarkovModels,Estimate-Hmm-With-Baum-Welch,2025-06-24,1.11.5,jeb-kr-amherst,8399c9b,0.7.0,14.925404,0.3987390995025635,2.4899308681488037,220.0,115.0,2013492,355548
HiddenMarkovModels,Estimate-Hmm-With-Baum-Welch,2025-06-25,1.11.5,jeb-kr-amherst,8399c9b,0.7.0,31.61551,0.511462926864624,3.429380178451538,198.0,112.0,2057496,353868
HiddenMarkovModels,Estimate-Hmm-With-Baum-Welch,2025-06-26,1.11.5,jeb-kr-amherst,8399c9b,0.7.0,24.174163,0.5112359523773193,3.800230026245117,216.0,111.0,2007248,358252
HiddenMarkovModels,Estimate-Hmm-With-Baum-Welch,2025-06-27,1.11.5,jeb-kr-amherst,8399c9b,0.7.0,17.206471,0.4434659481048584,3.1457719802856445,223.0,115.0,2031060,356296
HiddenMarkovModels,Estimate-Hmm-With-Baum-Welch,2025-06-28,1.11.5,jeb-kr-amherst,8399c9b,0.7.0,14.964478,0.4438321590423584,2.60284686088562,220.0,113.0,2052024,356484
HiddenMarkovModels,Estimate-Hmm-With-Baum-Welch,2025-06-29,1.11.5,jeb-kr-amherst,8399c9b,0.7.0,14.814445,0.39496588706970215,2.4673659801483154,220.0,116.0,2015364,362424
HiddenMarkovModels,Estimate-Hmm-With-Baum-Welch,2025-06-30,1.11.5,jeb-kr-amherst,8399c9b,0.7.0,14.926226,0.3826618194580078,2.484251022338867,220.0,118.0,2031840,353720
HiddenMarkovModels,Estimate-Hmm-With-Baum-Welch,2025-07-01,1.11.5,jeb-kr-amherst,8399c9b,0.7.0,14.861359,0.38856005668640137,2.468533992767334,220.0,117.0,2011576,363124
HiddenMarkovModels,Estimate-Hmm-With-Baum-Welch,2025-07-02,1.11.5,jeb-kr-amherst,8399c9b,0.7.0,14.842843,0.38537001609802246,2.4843759536743164,220.0,118.0,2033876,360448
HiddenMarkovModels,Estimate-Hmm-With-Baum-Welch,2025-07-03,1.11.5,jeb-kr-amherst,8399c9b,0.7.0,14.873472,0.39328908920288086,2.483458995819092,220.0,118.0,2030728,356380
HiddenMarkovModels,Estimate-Hmm-With-Baum-Welch,2025-07-04,1.11.5,jeb-kr-amherst,8399c9b,0.7.0,14.891967,0.3915088176727295,2.4817190170288086,220.0,118.0,2010140,356936
HiddenMarkovModels,Estimate-Hmm-With-Baum-Welch,2025-07-05,1.11.5,jeb-kr-amherst,8399c9b,0.7.0,14.885592,0.3849070072174072,2.480755090713501,220.0,118.0,2031552,356864
HiddenMarkovModels,Estimate-Hmm-With-Baum-Welch,2025-07-06,1.11.5,jeb-kr-amherst,8399c9b,0.7.0,14.939031,0.42694997787475586,2.46858811378479,220.0,115.0,2016296,356676
HiddenMarkovModels,Estimate-Hmm-With-Baum-Welch,2025-07-07,1.11.5,jeb-kr-amherst,8399c9b,0.7.0,14.902814,0.4164698123931885,2.4842820167541504,220.0,117.0,2031228,356440
HiddenMarkovModels,Estimate-Hmm-With-Baum-Welch,2025-07-08,1.11.5,jeb-kr-amherst,8399c9b,0.7.0,14.940747,0.40720415115356445,2.4874088764190674,220.0,118.0,2033232,356208
HiddenMarkovModels,Estimate-Hmm-With-Baum-Welch,2025-07-09,1.11.5,jeb-kr-amherst,8399c9b,0.7.0,15.011281,0.4163022041320801,2.4899399280548096,220.0,114.0,2046356,356568
HiddenMarkovModels,Estimate-Hmm-With-Baum-Welch,2025-07-10,1.11.5,jeb-kr-amherst,8399c9b,0.7.0,14.985511,0.4084329605102539,2.4995551109313965,220.0,117.0,2011796,356564
HiddenMarkovModels,Estimate-Hmm-With-Baum-Welch,2025-07-11,1.11.5,jeb-kr-amherst,8399c9b,0.7.0,14.941879,0.4245319366455078,2.500822067260742,220.0,113.0,2045960,356552
HiddenMarkovModels,Estimate-Hmm-With-Baum-Welch,2025-07-12,1.11.5,jeb-kr-amherst,8399c9b,0.7.0,14.896291,0.4213120937347412,2.498180866241455,220.0,114.0,2031040,356956
HiddenMarkovModels,Estimate-Hmm-With-Baum-Welch,2025-07-13,1.11.5,jeb-kr-amherst,8399c9b,0.7.0,14.879049,0.3930041790008545,2.4740560054779053,220.0,118.0,2033932,362852
HiddenMarkovModels,Estimate-Hmm-With-Baum-Welch,2025-07-14,1.11.5,jeb-kr-amherst,8399c9b,0.7.0,14.913176,0.43394899368286133,2.491020917892456,220.0,114.0,2032024,356072
HiddenMarkovModels,Estimate-Hmm-With-Baum-Welch,2025-07-15,1.11.5,jeb-kr-amherst,8399c9b,0.7.0,14.916469,0.4271240234375,2.4799249172210693,220.0,114.0,2004964,355772
HiddenMarkovModels,Estimate-Hmm-With-Baum-Welch,2025-07-16,1.11.5,jeb-kr-amherst,8399c9b,0.7.0,14.970073,0.3823661804199219,2.480952024459839,221.0,118.0,2015100,356636
HiddenMarkovModels,Estimate-Hmm-With-Baum-Welch,2025-07-17,1.11.5,jeb-kr-amherst,8399c9b,0.7.0,14.9739,0.3820610046386719,2.475332021713257,220.0,118.0,2030216,356208
HiddenMarkovModels,Estimate-Hmm-With-Baum-Welch,2025-07-18,1.11.5,jeb-kr-amherst,8399c9b,0.7.0,15.037362,0.4124019145965576,2.489744186401367,220.0,113.0,2048656,360820
HiddenMarkovModels,Estimate-Hmm-With-Baum-Welch,2025-07-19,1.11.5,jeb-kr-amherst,8399c9b,0.7.0,14.970745,0.38607311248779297,2.479339838027954,220.0,118.0,2032284,356156
HiddenMarkovModels,Estimate-Hmm-With-Baum-Welch,2025-10-13,1.12.0,jeb-kr-amherst,8399c9b,0.7.0,16.916935,0.40055203437805176,2.119223117828369,208.0,111.0,2132164,423092
HiddenMarkovModels,Estimate-Hmm-With-Baum-Welch,2025-10-13,alpha,jeb-kr-amherst,8399c9b,0.7.0,16.886967,0.4013228416442871,2.1307711601257324,208.0,111.0,2128360,421792
HiddenMarkovModels,Estimate-Hmm-With-Baum-Welch,2025-10-13,lts,jeb-kr-amherst,8399c9b,0.7.0,15.260005,0.4019129276275635,2.1013410091400146,305.0,114.0,387004,359300
HiddenMarkovModels,Estimate-Hmm-With-Baum-Welch,2025-10-13,nightly,jeb-kr-amherst,8399c9b,0.7.0,18.166622,0.40097999572753906,1.85298490524292,195.0,112.0,2534156,417276
HiddenMarkovModels,Estimate-Hmm-With-Baum-Welch,2025-10-13,release,jeb-kr-amherst,8399c9b,0.7.0,16.951745,0.400784969329834,2.1399240493774414,208.0,110.0,2125584,422832
IterativeSolvers,Conjugate-Gradient-Solve,2025-10-15,1.12.0,jeb-kr-amherst,3004b15,0.9.4,5.051973,0.15990900993347168,0.9207510948181152,168.0,112.0,2136640,341380
IterativeSolvers,Conjugate-Gradient-Solve,2025-10-19,1.12.0,jeb-kr-amherst,3004b15,0.9.4,5.038627,0.1627490520477295,0.9209299087524414,169.0,112.0,2145148,339356
IterativeSolvers,Conjugate-Gradient-Solve,2025-10-23,1.12.0,jeb-kr-amherst,3004b15,0.9.4,5.008699,0.15943384170532227,0.9430980682373047,171.0,111.0,2131684,341056
IterativeSolvers,Conjugate-Gradient-Solve,2025-10-24,1.12.0,jeb-kr-amherst,3004b15,0.9.4,5.028272,0.1598529815673828,0.9252920150756836,169.0,112.0,2129260,338600
IterativeSolvers,Conjugate-Gradient-Solve,2025-10-25,1.12.1,jeb-kr-amherst,3004b15,0.9.4,5.04097,0.1609809398651123,0.9204580783843994,170.0,112.0,2097956,335100
IterativeSolvers,Conjugate-Gradient-Solve,2025-10-29,1.12.1,jeb-kr-amherst,3004b15,0.9.4,5.075556,0.16371798515319824,0.970149040222168,171.0,117.0,2130104,340840
IterativeSolvers,Conjugate-Gradient-Solve,2025-11-02,1.12.1,jeb-kr-amherst,3004b15,0.9.4,5.043494,0.16063499450683594,0.924875020980835,170.0,112.0,2082352,335648
IterativeSolvers,Conjugate-Gradient-Solve,2025-11-06,1.12.1,jeb-kr-amherst,3004b15,0.9.4,5.04361,0.1611919403076172,0.9223909378051758,171.0,112.0,2086724,335364
IterativeSolvers,Conjugate-Gradient-Solve,2025-11-10,1.12.1,jeb-kr-amherst,3004b15,0.9.4,5.065914,0.1647319793701172,0.9179821014404297,171.0,111.0,2088208,334820
IterativeSolvers,Conjugate-Gradient-Solve,2025-11-14,1.12.1,jeb-kr-amherst,3004b15,0.9.4,5.065528,0.16020703315734863,0.9261379241943359,171.0,112.0,2086788,336252
IterativeSolvers,Conjugate-Gradient-Solve,2025-11-18,1.12.1,jeb-kr-amherst,3004b15,0.9.4,5.076531,0.1612710952758789,0.9285759925842285,171.0,112.0,2087132,333748
IterativeSolvers,Conjugate-Gradient-Solve,2025-11-23,1.12.2,jeb-kr-amherst,3004b15,0.9.4,6.611712,0.16307401657104492,0.9200198650360107,169.0,112.0,2149788,342056
JET,Type-Stability-Analysis,2025-07-20,1.11.6,jeb-kr-amherst,3004b15,0.9.19,20.539654,0.5147140026092529,10.202238082885742,237.0,107.0,2031576,620356
JET,Type-Stability-Analysis,2025-07-24,1.11.6,jeb-kr-amherst,3004b15,0.9.19,20.437164,0.49612998962402344,10.097485065460205,237.0,106.0,2052944,603800
JET,Type-Stability-Analysis,2025-07-28,1.11.6,jeb-kr-amherst,3004b15,0.9.19,20.454209,0.47966694831848145,10.268720149993896,238.0,108.0,2054516,620140
JET,Type-Stability-Analysis,2025-08-01,1.11.6,jeb-kr-amherst,3004b15,0.9.19,20.57845,0.5034308433532715,10.140140056610107,235.0,106.0,2053548,603872
JET,Type-Stability-Analysis,2025-08-06,1.11.6,jeb-kr-amherst,3004b15,0.9.19,20.357602,0.48018598556518555,10.227198123931885,238.0,108.0,2023412,604748
JET,Type-Stability-Analysis,2025-08-10,1.11.6,jeb-kr-amherst,3004b15,0.9.19,20.200739,0.5124878883361816,10.17756700515747,238.0,107.0,2055068,602148
JET,Type-Stability-Analysis,2025-08-14,1.11.6,jeb-kr-amherst,3004b15,0.9.19,20.282155,0.5063860416412354,10.09778904914856,239.0,106.0,2027880,606628
JET,Type-Stability-Analysis,2025-08-18,1.11.6,jeb-kr-amherst,3004b15,0.9.19,20.214937,0.4714360237121582,10.363425970077515,237.0,108.0,2058512,626008
JET,Type-Stability-Analysis,2025-08-22,1.11.6,jeb-kr-amherst,3004b15,0.9.19,34.26663,0.9964489936828613,26.49043893814087,228.0,103.0,2046452,629652
JET,Type-Stability-Analysis,2025-08-26,1.11.6,jeb-kr-amherst,3004b15,0.9.19,21.052283,0.525352954864502,10.318233966827393,240.0,107.0,2044844,627984
JET,Type-Stability-Analysis,2025-08-30,1.11.6,jeb-kr-amherst,3004b15,0.9.19,20.516393,0.4756131172180176,10.12785792350769,238.0,107.0,2053028,604092
JET,Type-Stability-Analysis,2025-09-03,1.11.6,jeb-kr-amherst,3004b15,0.9.19,20.358692,0.4777028560638428,10.079868078231812,237.0,107.0,2040476,627264
JET,Type-Stability-Analysis,2025-09-07,1.11.6,jeb-kr-amherst,3004b15,0.9.19,20.226828,0.5109789371490479,10.404170036315918,239.0,106.0,2042748,618816
JET,Type-Stability-Analysis,2025-09-11,1.11.6,jeb-kr-amherst,3004b15,0.9.19,20.308921,0.49184608459472656,10.156942129135132,240.0,106.0,2037384,623220
JET,Type-Stability-Analysis,2025-09-15,1.11.6,jeb-kr-amherst,3004b15,0.9.19,20.248885,0.4932880401611328,10.107225894927979,238.0,106.0,2036480,603512
JET,Type-Stability-Analysis,2025-09-19,1.11.6,jeb-kr-amherst,3004b15,0.9.19,20.277246,0.5027260780334473,10.45779800415039,238.0,106.0,2036796,618696
JET,Type-Stability-Analysis,2025-09-20,1.11.7,jeb-kr-amherst,3004b15,0.9.19,20.933436,0.508936882019043,10.122519969940186,235.0,106.0,2054076,610036
JET,Type-Stability-Analysis,2025-09-24,1.11.7,jeb-kr-amherst,3004b15,0.9.19,20.363626,0.4835059642791748,10.094050168991089,238.0,106.0,2027664,609032
JET,Type-Stability-Analysis,2025-09-28,1.11.7,jeb-kr-amherst,3004b15,0.9.19,20.276506,0.48503684997558594,10.19873595237732,238.0,106.0,2052644,610708
JET,Type-Stability-Analysis,2025-10-02,1.11.7,jeb-kr-amherst,3004b15,0.9.19,20.552474,0.4689369201660156,10.087804079055786,238.0,108.0,2046652,611108
JET,Type-Stability-Analysis,2025-10-03,1.11.7,jeb-kr-amherst,3004b15,0.9.19,20.332535,0.4825918674468994,10.44983196258545,238.0,107.0,2025352,609960
JET,Type-Stability-Analysis,2025-10-06,1.11.7,jeb-kr-amherst,3004b15,0.9.19,20.495791,0.48864221572875977,10.177235841751099,237.0,106.0,2061144,610500
JET,Type-Stability-Analysis,2025-10-10,1.11.7,jeb-kr-amherst,3004b15,0.9.19,20.363436,0.4922828674316406,10.21144700050354,235.0,106.0,2048620,610312
JET,Type-Stability-Analysis,2025-10-14,1.11.7,jeb-kr-amherst,3004b15,0.9.19,20.902262,0.5048520565032959,10.08501410484314,238.0,107.0,2030688,609648
JET,Type-Stability-Analysis,2025-10-15,1.12.0,jeb-kr-amherst,3004b15,0.10.6,19.04287,0.35538387298583984,14.990412950515747,232.0,108.0,2127736,710612
JET,Type-Stability-Analysis,2025-10-19,1.12.0,jeb-kr-amherst,3004b15,0.10.6,19.793069,0.3495469093322754,14.917431116104126,233.0,108.0,2121852,707044
JET,Type-Stability-Analysis,2025-10-23,1.12.0,jeb-kr-amherst,3004b15,0.10.6,19.971216,0.35749077796936035,15.018314123153687,232.0,108.0,2121736,715332
JET,Type-Stability-Analysis,2025-10-24,1.12.0,jeb-kr-amherst,3004b15,0.10.6,19.729236,0.35242199897766113,15.172182083129883,232.0,108.0,2121312,709420
JET,Type-Stability-Analysis,2025-10-25,1.12.1,jeb-kr-amherst,3004b15,0.10.6,19.882623,0.3498349189758301,15.084100008010864,233.0,107.0,2126324,715244
JET,Type-Stability-Analysis,2025-10-29,1.12.1,jeb-kr-amherst,3004b15,0.10.6,19.975963,0.36956000328063965,15.195816993713379,232.0,107.0,2151220,725668
JET,Type-Stability-Analysis,2025-11-02,1.12.1,jeb-kr-amherst,3004b15,0.10.6,19.806533,0.347257137298584,15.059732913970947,233.0,107.0,2133508,722016
JET,Type-Stability-Analysis,2025-11-06,1.12.1,jeb-kr-amherst,3004b15,0.10.6,19.938857,0.35683393478393555,14.907975912094116,232.0,107.0,2146944,723052
JET,Type-Stability-Analysis,2025-11-10,1.12.1,jeb-kr-amherst,3004b15,0.10.6,19.690772,0.3531150817871094,15.107261896133423,232.0,107.0,2125516,722556
JET,Type-Stability-Analysis,2025-11-14,1.12.1,jeb-kr-amherst,3004b15,0.10.6,19.97586,0.36013078689575195,15.16667914390564,231.0,107.0,2127276,726084
JET,Type-Stability-Analysis,2025-11-18,1.12.1,jeb-kr-amherst,3004b15,0.10.6,19.744719,0.3507959842681885,15.10822606086731,233.0,107.0,2127416,725028
JET,Type-Stability-Analysis,2025-11-23,1.12.2,jeb-kr-amherst,3004b15,0.10.6,19.805902,0.3875439167022705,14.839421033859253,235.0,107.0,2155160,720624
JLArrays,Matrix-Multiplication-On-Gpu-Like-Arrays,2025-07-20,1.11.6,jeb-kr-amherst,3004b15,0.2.0,15.157355,0.6430079936981201,0.7385959625244141,232.0,128.0,2041156,392604
JLArrays,Matrix-Multiplication-On-Gpu-Like-Arrays,2025-07-24,1.11.6,jeb-kr-amherst,3004b15,0.2.0,15.247641,0.6327319145202637,0.7237920761108398,231.0,129.0,2049860,392308
JLArrays,Matrix-Multiplication-On-Gpu-Like-Arrays,2025-07-28,1.11.6,jeb-kr-amherst,3004b15,0.2.0,15.328825,0.6273131370544434,0.7128398418426514,228.0,129.0,2030684,392396
JLArrays,Matrix-Multiplication-On-Gpu-Like-Arrays,2025-08-01,1.11.6,jeb-kr-amherst,3004b15,0.2.0,15.356483,0.6064920425415039,0.7201700210571289,231.0,134.0,2055136,392656
JLArrays,Matrix-Multiplication-On-Gpu-Like-Arrays,2025-08-06,1.11.6,jeb-kr-amherst,3004b15,0.2.0,15.460022,0.6166698932647705,0.7259089946746826,229.0,129.0,2050920,392228
JLArrays,Matrix-Multiplication-On-Gpu-Like-Arrays,2025-08-10,1.11.6,jeb-kr-amherst,3004b15,0.2.0,15.387812,0.6397128105163574,0.710716962814331,232.0,129.0,2032936,392216
JLArrays,Matrix-Multiplication-On-Gpu-Like-Arrays,2025-08-14,1.11.6,jeb-kr-amherst,3004b15,0.2.0,15.467126,0.6181778907775879,0.7131950855255127,230.0,129.0,2058360,392460
JLArrays,Matrix-Multiplication-On-Gpu-Like-Arrays,2025-08-18,1.11.6,jeb-kr-amherst,3004b15,0.2.0,15.23769,0.6041109561920166,0.7205810546875,232.0,130.0,2038588,391892
JLArrays,Matrix-Multiplication-On-Gpu-Like-Arrays,2025-08-22,1.11.6,jeb-kr-amherst,3004b15,0.2.0,25.711111,0.9873428344726562,1.2531239986419678,207.0,118.0,2063064,396760
JLArrays,Matrix-Multiplication-On-Gpu-Like-Arrays,2025-08-26,1.11.6,jeb-kr-amherst,3004b15,0.2.0,15.276828,0.6037209033966064,0.723168134689331,230.0,136.0,2057932,392332
JLArrays,Matrix-Multiplication-On-Gpu-Like-Arrays,2025-08-30,1.11.6,jeb-kr-amherst,3004b15,0.2.0,15.219567,0.6060030460357666,0.7314229011535645,232.0,139.0,2032836,392676
JLArrays,Matrix-Multiplication-On-Gpu-Like-Arrays,2025-09-03,1.11.6,jeb-kr-amherst,3004b15,0.2.0,15.253943,0.5968151092529297,0.7061769962310791,234.0,133.0,2017452,391428
JLArrays,Matrix-Multiplication-On-Gpu-Like-Arrays,2025-09-07,1.11.6,jeb-kr-amherst,3004b15,0.2.0,15.095003,0.620297908782959,0.7088510990142822,232.0,129.0,2032484,392332
JLArrays,Matrix-Multiplication-On-Gpu-Like-Arrays,2025-09-11,1.11.6,jeb-kr-amherst,3004b15,0.2.0,15.215925,0.6481361389160156,0.7182080745697021,232.0,129.0,2053056,392596
JLArrays,Matrix-Multiplication-On-Gpu-Like-Arrays,2025-09-15,1.11.6,jeb-kr-amherst,3004b15,0.2.0,15.407643,0.5964188575744629,0.7225379943847656,232.0,139.0,2034424,391800
JLArrays,Matrix-Multiplication-On-Gpu-Like-Arrays,2025-09-19,1.11.6,jeb-kr-amherst,3004b15,0.2.0,15.419418,0.5996119976043701,0.7264649868011475,230.0,139.0,2041716,392232
JLArrays,Matrix-Multiplication-On-Gpu-Like-Arrays,2025-09-20,1.11.7,jeb-kr-amherst,3004b15,0.2.0,15.234024,0.5984320640563965,0.7388088703155518,230.0,135.0,2066976,398236
JLArrays,Matrix-Multiplication-On-Gpu-Like-Arrays,2025-09-24,1.11.7,jeb-kr-amherst,3004b15,0.2.0,15.237125,0.59340500831604,0.7255511283874512,232.0,139.0,2044832,398136
JLArrays,Matrix-Multiplication-On-Gpu-Like-Arrays,2025-09-28,1.11.7,jeb-kr-amherst,3004b15,0.2.0,15.115292,0.6312699317932129,0.7168371677398682,231.0,130.0,2027208,399072
JLArrays,Matrix-Multiplication-On-Gpu-Like-Arrays,2025-10-02,1.11.7,jeb-kr-amherst,3004b15,0.2.0,15.28479,0.6354348659515381,0.7317910194396973,232.0,129.0,2027664,397996
JLArrays,Matrix-Multiplication-On-Gpu-Like-Arrays,2025-10-03,1.11.7,jeb-kr-amherst,3004b15,0.2.0,15.104452,0.5915780067443848,0.719796895980835,231.0,139.0,2024784,398368
JLArrays,Matrix-Multiplication-On-Gpu-Like-Arrays,2025-10-06,1.11.7,jeb-kr-amherst,3004b15,0.2.0,15.269892,0.6322629451751709,0.7250561714172363,231.0,129.0,2056904,398552
JLArrays,Matrix-Multiplication-On-Gpu-Like-Arrays,2025-10-10,1.11.7,jeb-kr-amherst,3004b15,0.2.0,15.205397,0.6187818050384521,0.7120909690856934,230.0,130.0,2059136,398920
JLArrays,Matrix-Multiplication-On-Gpu-Like-Arrays,2025-10-14,1.11.7,jeb-kr-amherst,3004b15,0.2.0,15.933766,0.6102399826049805,0.7414019107818604,231.0,134.0,2022888,399320
JLArrays,Matrix-Multiplication-On-Gpu-Like-Arrays,2025-10-15,1.12.0,jeb-kr-amherst,3004b15,0.2.0,18.331754,0.6190130710601807,1.3112819194793701,219.0,119.0,2129120,465136
JLArrays,Matrix-Multiplication-On-Gpu-Like-Arrays,2025-10-19,1.12.0,jeb-kr-amherst,3004b15,0.2.0,18.470933,0.6265599727630615,1.3341519832611084,219.0,118.0,2120628,464828
JLArrays,Matrix-Multiplication-On-Gpu-Like-Arrays,2025-10-23,1.12.0,jeb-kr-amherst,3004b15,0.2.0,18.154675,0.6286258697509766,1.3022830486297607,218.0,119.0,2126004,466120
JLArrays,Matrix-Multiplication-On-Gpu-Like-Arrays,2025-10-24,1.12.0,jeb-kr-amherst,3004b15,0.2.0,18.48051,0.6259148120880127,1.3694441318511963,217.0,119.0,2118100,469116
JLArrays,Matrix-Multiplication-On-Gpu-Like-Arrays,2025-10-25,1.12.1,jeb-kr-amherst,3004b15,0.2.0,18.342979,0.6242899894714355,1.3263328075408936,219.0,118.0,2126916,463200
JLArrays,Matrix-Multiplication-On-Gpu-Like-Arrays,2025-10-29,1.12.1,jeb-kr-amherst,3004b15,0.2.0,18.401378,0.6367249488830566,1.306077003479004,219.0,118.0,2135604,463776
JLArrays,Matrix-Multiplication-On-Gpu-Like-Arrays,2025-11-02,1.12.1,jeb-kr-amherst,3004b15,0.2.0,18.389017,0.6153149604797363,1.320302963256836,220.0,119.0,2129456,464380
JLArrays,Matrix-Multiplication-On-Gpu-Like-Arrays,2025-11-06,1.12.1,jeb-kr-amherst,3004b15,0.2.0,18.461225,0.6377871036529541,1.2967689037322998,218.0,118.0,2129232,462388
JLArrays,Matrix-Multiplication-On-Gpu-Like-Arrays,2025-11-10,1.12.1,jeb-kr-amherst,3004b15,0.2.0,18.295987,0.6215550899505615,1.3199949264526367,218.0,119.0,2126744,462188
JLArrays,Matrix-Multiplication-On-Gpu-Like-Arrays,2025-11-14,1.12.1,jeb-kr-amherst,3004b15,0.2.0,18.442372,0.6371028423309326,1.3024921417236328,219.0,118.0,2124192,463640
JLArrays,Matrix-Multiplication-On-Gpu-Like-Arrays,2025-11-18,1.12.1,jeb-kr-amherst,3004b15,0.2.0,18.370712,0.6556100845336914,1.3426530361175537,219.0,118.0,2125504,464084
JLArrays,Matrix-Multiplication-On-Gpu-Like-Arrays,2025-11-23,1.12.2,jeb-kr-amherst,3004b15,0.2.0,20.223731,0.6299560070037842,1.298882007598877,222.0,119.0,2157040,468704
JuliaFormatter,Format-Text,2025-07-20,1.11.6,jeb-kr-amherst,3004b15,2.1.2,29.252367,0.2166910171508789,0.015597105026245117,196.0,200.0,2043072,277016
JuliaFormatter,Format-Text,2025-07-24,1.11.6,jeb-kr-amherst,3004b15,2.1.2,29.082459,0.1835169792175293,0.015269994735717773,197.0,241.0,2049524,277476
JuliaFormatter,Format-Text,2025-07-28,1.11.6,jeb-kr-amherst,3004b15,2.1.2,28.958598,0.2164778709411621,0.015009164810180664,197.0,200.0,2028532,277428
JuliaFormatter,Format-Text,2025-08-01,1.11.6,jeb-kr-amherst,3004b15,2.1.5,29.222917,0.1939699649810791,0.015141963958740234,198.0,207.0,2025368,277196
JuliaFormatter,Format-Text,2025-08-06,1.11.6,jeb-kr-amherst,3004b15,2.1.6,29.701197,0.18128490447998047,0.015822887420654297,198.0,231.0,2048084,277280
JuliaFormatter,Format-Text,2025-08-10,1.11.6,jeb-kr-amherst,3004b15,2.1.6,29.223665,0.18630599975585938,0.014993906021118164,198.0,224.0,2039944,277368
JuliaFormatter,Format-Text,2025-08-14,1.11.6,jeb-kr-amherst,3004b15,2.1.6,29.00155,0.18206286430358887,0.015082120895385742,196.0,254.0,2043560,277596
JuliaFormatter,Format-Text,2025-08-18,1.11.6,jeb-kr-amherst,3004b15,2.1.6,29.205333,0.22032904624938965,0.014981985092163086,197.0,211.0,2047136,277320
JuliaFormatter,Format-Text,2025-08-22,1.11.6,jeb-kr-amherst,3004b15,2.1.6,31.252459,0.20880484580993652,0.015319108963012695,189.0,202.0,2050164,277504
JuliaFormatter,Format-Text,2025-08-26,1.11.6,jeb-kr-amherst,3004b15,2.1.6,28.829708,0.21281790733337402,0.015169143676757812,199.0,201.0,2041520,277520
JuliaFormatter,Format-Text,2025-08-30,1.11.6,jeb-kr-amherst,3004b15,2.1.6,30.543057,0.21494507789611816,0.015938997268676758,199.0,200.0,2041868,277188
JuliaFormatter,Format-Text,2025-09-03,1.11.6,jeb-kr-amherst,3004b15,2.1.6,29.069939,0.20123910903930664,0.014954805374145508,197.0,238.0,2042632,276912
JuliaFormatter,Format-Text,2025-09-07,1.11.6,jeb-kr-amherst,3004b15,2.1.6,28.991381,0.18324899673461914,0.014990091323852539,198.0,226.0,2037788,277100
JuliaFormatter,Format-Text,2025-09-11,1.11.6,jeb-kr-amherst,3004b15,2.1.6,28.99784,0.21221089363098145,0.015082120895385742,197.0,201.0,2035844,277420
JuliaFormatter,Format-Text,2025-09-15,1.11.6,jeb-kr-amherst,3004b15,2.1.6,29.552531,0.2175309658050537,0.01509714126586914,196.0,211.0,2037632,277588
JuliaFormatter,Format-Text,2025-09-19,1.11.6,jeb-kr-amherst,3004b15,2.1.6,29.536736,0.17543792724609375,0.015012979507446289,197.0,256.0,2042796,277180
JuliaFormatter,Format-Text,2025-09-20,1.11.7,jeb-kr-amherst,3004b15,2.1.6,29.240757,0.19532418251037598,0.015133857727050781,196.0,204.0,2040752,284060
JuliaFormatter,Format-Text,2025-09-24,1.11.7,jeb-kr-amherst,3004b15,2.1.6,29.357847,0.19771814346313477,0.015005826950073242,197.0,206.0,2033960,283568
JuliaFormatter,Format-Text,2025-09-28,1.11.7,jeb-kr-amherst,3004b15,2.1.6,29.555523,0.1775519847869873,0.015073060989379883,197.0,252.0,2041736,283888
JuliaFormatter,Format-Text,2025-10-02,1.11.7,jeb-kr-amherst,3004b15,2.1.6,28.821844,0.17918896675109863,0.015417098999023438,198.0,252.0,2036200,283820
JuliaFormatter,Format-Text,2025-10-03,1.11.7,jeb-kr-amherst,3004b15,2.1.6,28.997084,0.21446609497070312,0.014886856079101562,197.0,194.0,2043256,282900
JuliaFormatter,Format-Text,2025-10-06,1.11.7,jeb-kr-amherst,3004b15,2.1.6,29.675944,0.1829509735107422,0.015110015869140625,198.0,250.0,2027620,283236
JuliaFormatter,Format-Text,2025-10-10,1.11.7,jeb-kr-amherst,3004b15,2.1.6,29.171697,0.1762828826904297,0.015058040618896484,197.0,253.0,2040272,283748
JuliaFormatter,Format-Text,2025-10-14,1.11.7,jeb-kr-amherst,3004b15,2.1.6,29.362515,0.20588898658752441,0.015254020690917969,199.0,202.0,2064392,283548
JuliaFormatter,Format-Text,2025-10-15,1.12.0,jeb-kr-amherst,3004b15,2.1.6,29.762397,0.10535883903503418,0.006106138229370117,181.0,125.0,2131028,314392
JuliaFormatter,Format-Text,2025-10-19,1.12.0,jeb-kr-amherst,3004b15,2.1.6,29.517272,0.10186219215393066,0.006208896636962891,181.0,125.0,2139476,314160
JuliaFormatter,Format-Text,2025-10-23,1.12.0,jeb-kr-amherst,3004b15,2.1.6,29.59423,0.10494804382324219,0.006137847900390625,182.0,125.0,2130988,314684
JuliaFormatter,Format-Text,2025-10-24,1.12.0,jeb-kr-amherst,3004b15,2.1.6,29.888839,0.10216999053955078,0.006106138229370117,180.0,125.0,2137640,314212
JuliaFormatter,Format-Text,2025-10-25,1.12.1,jeb-kr-amherst,3004b15,2.1.6,29.914285,0.10429811477661133,0.006207942962646484,180.0,125.0,2138940,310504
JuliaFormatter,Format-Text,2025-10-29,1.12.1,jeb-kr-amherst,3004b15,2.1.6,30.932287,0.10338997840881348,0.006067037582397461,184.0,125.0,2084564,310520
JuliaFormatter,Format-Text,2025-11-02,1.12.1,jeb-kr-amherst,3004b15,2.1.6,29.8211,0.1086580753326416,0.006440877914428711,181.0,125.0,2134896,310348
JuliaFormatter,Format-Text,2025-11-06,1.12.1,jeb-kr-amherst,3004b15,2.1.6,29.661122,0.10180902481079102,0.006082057952880859,182.0,126.0,2087992,310088
JuliaFormatter,Format-Text,2025-11-10,1.12.1,jeb-kr-amherst,3004b15,2.1.6,29.590793,0.10688591003417969,0.0063741207122802734,182.0,125.0,2087860,310724
JuliaFormatter,Format-Text,2025-11-14,1.12.1,jeb-kr-amherst,3004b15,2.1.6,29.790546,0.10450911521911621,0.006088972091674805,181.0,125.0,2084760,311084
JuliaFormatter,Format-Text,2025-11-18,1.12.1,jeb-kr-amherst,3004b15,2.1.6,30.330195,0.10274910926818848,0.006057024002075195,180.0,126.0,2085672,310344
JuliaFormatter,Format-Text,2025-11-23,1.12.2,jeb-kr-amherst,3004b15,2.1.6,31.10877,0.10510802268981934,0.006348133087158203,180.0,125.0,2108532,317480
KangarooTwelve,Hash-Nothing,2025-07-20,1.11.6,jeb-kr-amherst,3004b15,1.0.0,14.006884,0.10326695442199707,0.006093025207519531,180.0,316.0,2042116,249344
KangarooTwelve,Hash-Nothing,2025-07-24,1.11.6,jeb-kr-amherst,3004b15,1.0.0,13.920103,0.11723184585571289,0.006072044372558594,180.0,252.0,2049096,249472
KangarooTwelve,Hash-Nothing,2025-07-28,1.11.6,jeb-kr-amherst,3004b15,1.0.0,14.011059,0.10941195487976074,0.0061800479888916016,178.0,307.0,2050048,248960
KangarooTwelve,Hash-Nothing,2025-08-01,1.11.6,jeb-kr-amherst,3004b15,1.0.0,13.979709,0.1376798152923584,0.006016969680786133,180.0,234.0,2038064,249472
KangarooTwelve,Hash-Nothing,2025-08-06,1.11.6,jeb-kr-amherst,3004b15,1.0.0,14.076058,0.14798998832702637,0.0060160160064697266,178.0,259.0,2049604,249216
KangarooTwelve,Hash-Nothing,2025-08-10,1.11.6,jeb-kr-amherst,3004b15,1.0.0,14.151732,0.12359404563903809,0.006076812744140625,178.0,241.0,2050916,249088
KangarooTwelve,Hash-Nothing,2025-08-14,1.11.6,jeb-kr-amherst,3004b15,1.0.0,13.893469,0.1368398666381836,0.006051063537597656,179.0,234.0,2047324,249088
KangarooTwelve,Hash-Nothing,2025-08-18,1.11.6,jeb-kr-amherst,3004b15,1.0.0,13.982959,0.1467759609222412,0.00598907470703125,179.0,229.0,2018992,249344
KangarooTwelve,Hash-Nothing,2025-08-22,1.11.6,jeb-kr-amherst,3004b15,1.0.0,19.825456,0.1397688388824463,0.008126974105834961,183.0,216.0,2023212,249088
KangarooTwelve,Hash-Nothing,2025-08-26,1.11.6,jeb-kr-amherst,3004b15,1.0.0,14.022816,0.12452888488769531,0.006036043167114258,179.0,240.0,2021752,249208
KangarooTwelve,Hash-Nothing,2025-08-30,1.11.6,jeb-kr-amherst,3004b15,1.0.0,13.916649,0.1296100616455078,0.006015777587890625,178.0,239.0,2048660,249320
KangarooTwelve,Hash-Nothing,2025-09-03,1.11.6,jeb-kr-amherst,3004b15,1.0.0,14.035239,0.13291597366333008,0.006008148193359375,179.0,237.0,2051052,249216
KangarooTwelve,Hash-Nothing,2025-09-07,1.11.6,jeb-kr-amherst,3004b15,1.0.0,13.889469,0.14597010612487793,0.0060160160064697266,178.0,262.0,2041624,248960
KangarooTwelve,Hash-Nothing,2025-09-11,1.11.6,jeb-kr-amherst,3004b15,1.0.0,13.927902,0.1270129680633545,0.007027149200439453,180.0,239.0,2049004,249088
KangarooTwelve,Hash-Nothing,2025-09-15,1.11.6,jeb-kr-amherst,3004b15,1.0.0,13.924457,0.14100003242492676,0.0060269832611083984,180.0,233.0,2024308,249728
KangarooTwelve,Hash-Nothing,2025-09-19,1.11.6,jeb-kr-amherst,3004b15,1.0.0,13.965126,0.1569521427154541,0.006050825119018555,178.0,254.0,2047888,249472
KangarooTwelve,Hash-Nothing,2025-09-20,1.11.7,jeb-kr-amherst,3004b15,1.0.0,13.865974,0.11388015747070312,0.006284952163696289,179.0,260.0,2041444,256256
KangarooTwelve,Hash-Nothing,2025-09-24,1.11.7,jeb-kr-amherst,3004b15,1.0.0,13.909712,0.10890984535217285,0.00608515739440918,178.0,302.0,2042516,255744
KangarooTwelve,Hash-Nothing,2025-09-28,1.11.7,jeb-kr-amherst,3004b15,1.0.0,14.021371,0.09120702743530273,0.006060123443603516,177.0,302.0,2041728,256128
KangarooTwelve,Hash-Nothing,2025-10-02,1.11.7,jeb-kr-amherst,3004b15,1.0.0,13.949416,0.11837410926818848,0.006022930145263672,181.0,243.0,2042948,255872
KangarooTwelve,Hash-Nothing,2025-10-03,1.11.7,jeb-kr-amherst,3004b15,1.0.0,13.890411,0.14960813522338867,0.006042003631591797,177.0,250.0,2040372,256128
KangarooTwelve,Hash-Nothing,2025-10-06,1.11.7,jeb-kr-amherst,3004b15,1.0.0,13.767918,0.10726499557495117,0.0060269832611083984,180.0,300.0,2041844,256256
KangarooTwelve,Hash-Nothing,2025-10-10,1.11.7,jeb-kr-amherst,3004b15,1.0.0,13.988168,0.14500093460083008,0.006045103073120117,179.0,243.0,2039812,255980
KangarooTwelve,Hash-Nothing,2025-10-14,1.11.7,jeb-kr-amherst,3004b15,1.0.0,13.876565,0.15041613578796387,0.006031990051269531,180.0,237.0,2060928,256120
KangarooTwelve,Hash-Nothing,2025-10-15,1.12.0,jeb-kr-amherst,3004b15,1.0.0,16.537718,0.07026004791259766,0.00029587745666503906,168.0,129.0,2133756,296532
KangarooTwelve,Hash-Nothing,2025-10-19,1.12.0,jeb-kr-amherst,3004b15,1.0.0,16.332386,0.07154297828674316,0.0003180503845214844,169.0,128.0,2138112,297092
KangarooTwelve,Hash-Nothing,2025-10-23,1.12.0,jeb-kr-amherst,3004b15,1.0.0,16.50269,0.07210302352905273,0.0002970695495605469,168.0,128.0,2125804,296896
KangarooTwelve,Hash-Nothing,2025-10-24,1.12.0,jeb-kr-amherst,3004b15,1.0.0,16.487201,0.07338690757751465,0.0002989768981933594,169.0,129.0,2140040,296916
KangarooTwelve,Hash-Nothing,2025-10-25,1.12.1,jeb-kr-amherst,3004b15,1.0.0,16.414264,0.07166218757629395,0.0003018379211425781,167.0,130.0,2082976,292516
KangarooTwelve,Hash-Nothing,2025-10-29,1.12.1,jeb-kr-amherst,3004b15,1.0.0,16.593825,0.07130193710327148,0.00028514862060546875,168.0,129.0,2134160,293036
KangarooTwelve,Hash-Nothing,2025-11-02,1.12.1,jeb-kr-amherst,3004b15,1.0.0,16.495421,0.07150578498840332,0.0002911090850830078,169.0,129.0,2086668,292812
KangarooTwelve,Hash-Nothing,2025-11-06,1.12.1,jeb-kr-amherst,3004b15,1.0.0,16.581592,0.07292318344116211,0.00029087066650390625,168.0,129.0,2087328,292800
KangarooTwelve,Hash-Nothing,2025-11-10,1.12.1,jeb-kr-amherst,3004b15,1.0.0,16.480194,0.0748138427734375,0.0003311634063720703,169.0,129.0,2087220,293320
KangarooTwelve,Hash-Nothing,2025-11-14,1.12.1,jeb-kr-amherst,3004b15,1.0.0,16.408197,0.07120299339294434,0.00028896331787109375,167.0,129.0,2087728,292912
KangarooTwelve,Hash-Nothing,2025-11-18,1.12.1,jeb-kr-amherst,3004b15,1.0.0,16.591142,0.0688018798828125,0.00028705596923828125,168.0,130.0,2082592,292932
KangarooTwelve,Hash-Nothing,2025-11-23,1.12.2,jeb-kr-amherst,3004b15,1.0.0,16.62981,0.07409095764160156,0.00030684471130371094,167.0,128.0,2146820,298936
KangarooTwelve,Hash-Nothing,2023-11-09,1.9.3,jeb-kr-amherst,8399c9b,1.0.0,30.576113,0.12164688110351562,0.005087137222290039,101.0,272.0,592096,260276
KangarooTwelve,Hash-Nothing,2023-11-10,1.9.3,jeb-kr-amherst,8399c9b,1.0.0,19.8802,0.15154290199279785,0.005063056945800781,102.0,240.0,595960,259888
KangarooTwelve,Hash-Nothing,2023-11-11,1.9.3,jeb-kr-amherst,8399c9b,1.0.0,19.95957,0.10689496994018555,0.005094051361083984,102.0,285.0,592696,259916
KangarooTwelve,Hash-Nothing,2023-11-12,1.9.3,jeb-kr-amherst,8399c9b,1.0.0,19.904297,0.1048438549041748,0.005073070526123047,102.0,290.0,594692,260076
KangarooTwelve,Hash-Nothing,2023-11-13,1.9.3,jeb-kr-amherst,8399c9b,1.0.0,19.982398,0.15103793144226074,0.004971981048583984,101.0,216.0,593084,260328
KangarooTwelve,Hash-Nothing,2023-11-14,1.9.3,jeb-kr-amherst,8399c9b,1.0.0,20.249988,0.12875795364379883,0.0051250457763671875,102.0,267.0,592888,260272
KangarooTwelve,Hash-Nothing,2023-11-15,1.9.3,jeb-kr-amherst,8399c9b,1.0.0,19.945135,0.13586997985839844,0.0050830841064453125,102.0,223.0,596232,259944
KangarooTwelve,Hash-Nothing,2023-11-16,1.9.3,jeb-kr-amherst,8399c9b,1.0.0,19.955473,0.10424995422363281,0.0049779415130615234,102.0,294.0,604988,260028
KangarooTwelve,Hash-Nothing,2023-11-17,1.9.3,jeb-kr-amherst,8399c9b,1.0.0,19.914706,0.13662314414978027,0.005106925964355469,102.0,220.0,604572,259960
KangarooTwelve,Hash-Nothing,2023-11-18,1.9.3,jeb-kr-amherst,8399c9b,1.0.0,19.917429,0.1291210651397705,0.005105018615722656,102.0,227.0,593204,260440
KangarooTwelve,Hash-Nothing,2023-11-19,1.9.3,jeb-kr-amherst,8399c9b,1.0.0,19.767771,0.11552596092224121,0.004930019378662109,102.0,253.0,590552,260332
KangarooTwelve,Hash-Nothing,2023-11-20,1.9.4,jeb-kr-amherst,8399c9b,1.0.0,19.848513,0.1718900203704834,0.004984855651855469,101.0,228.0,660300,260200
KangarooTwelve,Hash-Nothing,2023-11-21,1.9.4,jeb-kr-amherst,8399c9b,1.0.0,19.804241,0.1461169719696045,0.0051059722900390625,102.0,232.0,626596,259588
KangarooTwelve,Hash-Nothing,2023-11-22,1.9.4,jeb-kr-amherst,8399c9b,1.0.0,19.768466,0.10294604301452637,0.004996061325073242,102.0,292.0,660900,259496
KangarooTwelve,Hash-Nothing,2023-11-23,1.9.4,jeb-kr-amherst,8399c9b,1.0.0,19.729255,0.13735508918762207,0.005223989486694336,102.0,221.0,661540,260016
KangarooTwelve,Hash-Nothing,2023-11-24,1.9.4,jeb-kr-amherst,8399c9b,1.0.0,19.692515,0.10604095458984375,0.00498509407043457,102.0,290.0,626456,259340
KangarooTwelve,Hash-Nothing,2023-11-25,1.9.4,jeb-kr-amherst,8399c9b,1.0.0,19.850198,0.10459089279174805,0.005095005035400391,102.0,291.0,661096,259492
KangarooTwelve,Hash-Nothing,2023-11-26,1.9.4,jeb-kr-amherst,8399c9b,1.0.0,19.765232,0.10441207885742188,0.005061149597167969,102.0,293.0,624976,259160
KangarooTwelve,Hash-Nothing,2023-11-27,1.9.4,jeb-kr-amherst,8399c9b,1.0.0,19.806313,0.14835214614868164,0.004936933517456055,102.0,241.0,661636,259832
KangarooTwelve,Hash-Nothing,2023-11-28,1.9.4,jeb-kr-amherst,8399c9b,1.0.0,19.753221,0.11527800559997559,0.0049839019775390625,102.0,246.0,626288,259180
KangarooTwelve,Hash-Nothing,2023-11-29,1.9.4,jeb-kr-amherst,8399c9b,1.0.0,19.873982,0.10778594017028809,0.005129098892211914,102.0,288.0,661860,259944
KangarooTwelve,Hash-Nothing,2023-11-30,1.9.4,jeb-kr-amherst,8399c9b,1.0.0,19.709609,0.1433238983154297,0.005003213882446289,102.0,254.0,660996,259708
KangarooTwelve,Hash-Nothing,2023-12-01,1.9.4,jeb-kr-amherst,8399c9b,1.0.0,19.786237,0.14645791053771973,0.005032062530517578,102.0,251.0,662732,259388
KangarooTwelve,Hash-Nothing,2023-12-02,1.9.4,jeb-kr-amherst,8399c9b,1.0.0,19.864859,0.1474599838256836,0.004951000213623047,101.0,216.0,661748,259704
KangarooTwelve,Hash-Nothing,2023-12-03,1.9.4,jeb-kr-amherst,8399c9b,1.0.0,19.725461,0.11457395553588867,0.00503993034362793,101.0,257.0,626768,259368
KangarooTwelve,Hash-Nothing,2023-12-04,1.9.4,jeb-kr-amherst,8399c9b,1.0.0,19.818075,0.13774394989013672,0.004958152770996094,102.0,224.0,661792,259660
KangarooTwelve,Hash-Nothing,2023-12-05,1.9.4,jeb-kr-amherst,8399c9b,1.0.0,19.883087,0.10486102104187012,0.005056142807006836,102.0,291.0,658788,259480
KangarooTwelve,Hash-Nothing,2023-12-06,1.9.4,jeb-kr-amherst,8399c9b,1.0.0,47.430819,0.2754371166229248,0.009358882904052734,100.0,127.0,661908,260224
KangarooTwelve,Hash-Nothing,2023-12-07,1.9.4,jeb-kr-amherst,8399c9b,1.0.0,23.272835,0.1350088119506836,0.005640983581542969,101.0,226.0,660744,259980
KangarooTwelve,Hash-Nothing,2023-12-08,1.9.4,jeb-kr-amherst,8399c9b,1.0.0,20.328465,0.12501096725463867,0.00503993034362793,101.0,276.0,630500,259644
KangarooTwelve,Hash-Nothing,2023-12-09,1.9.4,jeb-kr-amherst,8399c9b,1.0.0,20.119559,0.12373709678649902,0.005079984664916992,101.0,278.0,661824,259596
KangarooTwelve,Hash-Nothing,2023-12-10,1.9.4,jeb-kr-amherst,8399c9b,1.0.0,20.434655,0.12852811813354492,0.0051708221435546875,102.0,257.0,659644,260044
KangarooTwelve,Hash-Nothing,2023-12-11,1.9.4,jeb-kr-amherst,8399c9b,1.0.0,24.47392,0.14569306373596191,0.0050890445709228516,100.0,215.0,665872,259980
KangarooTwelve,Hash-Nothing,2023-12-12,1.9.4,jeb-kr-amherst,8399c9b,1.0.0,19.829331,0.14316678047180176,0.005244016647338867,102.0,220.0,662388,259696
KangarooTwelve,Hash-Nothing,2023-12-13,1.9.4,jeb-kr-amherst,8399c9b,1.0.0,19.779485,0.1061711311340332,0.004951953887939453,102.0,291.0,662928,259936
KangarooTwelve,Hash-Nothing,2023-12-14,1.9.4,jeb-kr-amherst,8399c9b,1.0.0,19.885132,0.14349818229675293,0.005157947540283203,101.0,244.0,660676,259780
KangarooTwelve,Hash-Nothing,2023-12-15,1.9.4,jeb-kr-amherst,8399c9b,1.0.0,19.870031,0.13035893440246582,0.004950046539306641,102.0,226.0,659804,259728
KangarooTwelve,Hash-Nothing,2023-12-16,1.9.4,jeb-kr-amherst,8399c9b,1.0.0,19.796173,0.10466694831848145,0.00498509407043457,102.0,288.0,661516,259804
KangarooTwelve,Hash-Nothing,2023-12-17,1.9.4,jeb-kr-amherst,8399c9b,1.0.0,19.832469,0.10478687286376953,0.00510406494140625,101.0,291.0,661924,259408
KangarooTwelve,Hash-Nothing,2023-12-18,1.9.4,jeb-kr-amherst,8399c9b,1.0.0,19.897197,0.16335511207580566,0.005162954330444336,102.0,221.0,661416,259936
KangarooTwelve,Hash-Nothing,2023-12-19,1.9.4,jeb-kr-amherst,8399c9b,1.0.0,19.745418,0.10416889190673828,0.004988193511962891,102.0,292.0,623556,259548
KangarooTwelve,Hash-Nothing,2023-12-20,1.9.4,jeb-kr-amherst,8399c9b,1.0.0,19.76224,0.14407801628112793,0.005033969879150391,101.0,218.0,660044,259764
KangarooTwelve,Hash-Nothing,2023-12-21,1.9.4,jeb-kr-amherst,8399c9b,1.0.0,20.158894,0.14237403869628906,0.0051839351654052734,102.0,217.0,625984,259644
KangarooTwelve,Hash-Nothing,2023-12-22,1.9.4,jeb-kr-amherst,8399c9b,1.0.0,19.912309,0.1106119155883789,0.005034923553466797,101.0,266.0,661576,259892
KangarooTwelve,Hash-Nothing,2023-12-23,1.9.4,jeb-kr-amherst,8399c9b,1.0.0,19.858285,0.10197806358337402,0.0049591064453125,101.0,295.0,663292,259584
KangarooTwelve,Hash-Nothing,2023-12-24,1.9.4,jeb-kr-amherst,8399c9b,1.0.0,20.111566,0.13918018341064453,0.004944801330566406,101.0,220.0,665556,259448
KangarooTwelve,Hash-Nothing,2023-12-25,1.9.4,jeb-kr-amherst,8399c9b,1.0.0,19.879042,0.1513359546661377,0.005073070526123047,101.0,240.0,659668,259668
KangarooTwelve,Hash-Nothing,2023-12-26,1.9.4,jeb-kr-amherst,8399c9b,1.0.0,19.894002,0.13306784629821777,0.004981040954589844,101.0,224.0,661132,259580
KangarooTwelve,Hash-Nothing,2023-12-27,1.9.4,jeb-kr-amherst,8399c9b,1.0.0,19.784973,0.1104121208190918,0.004951953887939453,102.0,268.0,660656,259404
KangarooTwelve,Hash-Nothing,2023-12-28,1.9.4,jeb-kr-amherst,8399c9b,1.0.0,19.884102,0.1340620517730713,0.00498509407043457,101.0,224.0,660832,259600
KangarooTwelve,Hash-Nothing,2023-12-29,1.9.4,jeb-kr-amherst,8399c9b,1.0.0,19.858858,0.10254502296447754,0.005082130432128906,102.0,295.0,666888,259588
KangarooTwelve,Hash-Nothing,2023-12-30,1.10.0,jeb-kr-amherst,8399c9b,1.0.0,14.255089,0.0791010856628418,0.00456690788269043,157.0,311.0,726100,266476
KangarooTwelve,Hash-Nothing,2023-12-31,1.10.0,jeb-kr-amherst,8399c9b,1.0.0,14.377359,0.07854104042053223,0.004550933837890625,157.0,311.0,729048,265908
KangarooTwelve,Hash-Nothing,2024-01-01,1.10.0,jeb-kr-amherst,8399c9b,1.0.0,14.253213,0.11901283264160156,0.004595041275024414,158.0,225.0,726844,266296
KangarooTwelve,Hash-Nothing,2024-01-02,1.10.0,jeb-kr-amherst,8399c9b,1.0.0,14.263003,0.11762499809265137,0.00460505485534668,158.0,228.0,727700,266192
KangarooTwelve,Hash-Nothing,2024-01-03,1.10.0,jeb-kr-amherst,8399c9b,1.0.0,14.247821,0.12284994125366211,0.004752159118652344,158.0,261.0,728388,266596
KangarooTwelve,Hash-Nothing,2024-01-04,1.10.0,jeb-kr-amherst,8399c9b,1.0.0,14.405509,0.12271499633789062,0.004594087600708008,157.0,245.0,732260,266068
KangarooTwelve,Hash-Nothing,2024-01-05,1.10.0,jeb-kr-amherst,8399c9b,1.0.0,14.303656,0.11791205406188965,0.004580020904541016,157.0,228.0,729648,266412
KangarooTwelve,Hash-Nothing,2024-01-06,1.10.0,jeb-kr-amherst,8399c9b,1.0.0,14.293461,0.1073148250579834,0.004559993743896484,158.0,233.0,732824,266100
KangarooTwelve,Hash-Nothing,2024-01-07,1.10.0,jeb-kr-amherst,8399c9b,1.0.0,14.36616,0.120697021484375,0.0045659542083740234,158.0,226.0,740296,265992
KangarooTwelve,Hash-Nothing,2024-01-08,1.10.0,jeb-kr-amherst,8399c9b,1.0.0,14.227185,0.08093905448913574,0.0046269893646240234,158.0,305.0,727584,266580
KangarooTwelve,Hash-Nothing,2024-01-09,1.10.0,jeb-kr-amherst,8399c9b,1.0.0,14.245982,0.08313703536987305,0.0048220157623291016,158.0,302.0,724368,265956
KangarooTwelve,Hash-Nothing,2024-01-10,1.10.0,jeb-kr-amherst,8399c9b,1.0.0,14.283367,0.11634111404418945,0.0047149658203125,158.0,227.0,728232,266368
KangarooTwelve,Hash-Nothing,2024-01-11,1.10.0,jeb-kr-amherst,8399c9b,1.0.0,14.278467,0.07895994186401367,0.004580020904541016,157.0,308.0,728844,266132
KangarooTwelve,Hash-Nothing,2024-01-12,1.10.0,jeb-kr-amherst,8399c9b,1.0.0,14.32209,0.10248780250549316,0.00463414192199707,157.0,236.0,726584,266248
KangarooTwelve,Hash-Nothing,2024-01-13,1.10.0,jeb-kr-amherst,8399c9b,1.0.0,14.355064,0.08316993713378906,0.004597902297973633,157.0,288.0,727008,266164
KangarooTwelve,Hash-Nothing,2024-01-14,1.10.0,jeb-kr-amherst,8399c9b,1.0.0,14.510306,0.1043241024017334,0.004621982574462891,158.0,283.0,726732,265792
KangarooTwelve,Hash-Nothing,2024-01-15,1.10.0,jeb-kr-amherst,8399c9b,1.0.0,14.265434,0.08012080192565918,0.004602193832397461,157.0,306.0,727588,266460
KangarooTwelve,Hash-Nothing,2024-01-16,1.10.0,jeb-kr-amherst,8399c9b,1.0.0,14.295304,0.11269688606262207,0.004698038101196289,157.0,228.0,728660,266156
KangarooTwelve,Hash-Nothing,2024-01-17,1.10.0,jeb-kr-amherst,8399c9b,1.0.0,14.333429,0.0958549976348877,0.004586935043334961,157.0,248.0,730584,266004
KangarooTwelve,Hash-Nothing,2024-01-18,1.10.0,jeb-kr-amherst,8399c9b,1.0.0,14.354181,0.10988593101501465,0.00465703010559082,158.0,232.0,735284,266508
KangarooTwelve,Hash-Nothing,2024-01-19,1.10.0,jeb-kr-amherst,8399c9b,1.0.0,14.308471,0.10588788986206055,0.004564046859741211,157.0,233.0,728092,266664
KangarooTwelve,Hash-Nothing,2024-01-20,1.10.0,jeb-kr-amherst,8399c9b,1.0.0,14.224998,0.07912397384643555,0.00458216667175293,158.0,308.0,724496,266460
KangarooTwelve,Hash-Nothing,2024-01-21,1.10.0,jeb-kr-amherst,8399c9b,1.0.0,14.32674,0.11548399925231934,0.005375862121582031,158.0,265.0,729460,266504
KangarooTwelve,Hash-Nothing,2024-01-22,1.10.0,jeb-kr-amherst,8399c9b,1.0.0,14.255384,0.1159520149230957,0.004576921463012695,158.0,228.0,731296,266184
KangarooTwelve,Hash-Nothing,2024-01-23,1.10.0,jeb-kr-amherst,8399c9b,1.0.0,14.287843,0.11578202247619629,0.0045850276947021484,158.0,229.0,730332,266188
KangarooTwelve,Hash-Nothing,2024-01-24,1.10.0,jeb-kr-amherst,8399c9b,1.0.0,14.306418,0.07979989051818848,0.0046269893646240234,157.0,295.0,729740,266252
KangarooTwelve,Hash-Nothing,2024-01-25,1.10.0,jeb-kr-amherst,8399c9b,1.0.0,14.301147,0.12242913246154785,0.004580974578857422,157.0,248.0,729952,266520
KangarooTwelve,Hash-Nothing,2024-01-26,1.10.0,jeb-kr-amherst,8399c9b,1.0.0,14.375621,0.07865595817565918,0.004616975784301758,157.0,306.0,726452,266624
KangarooTwelve,Hash-Nothing,2024-01-27,1.10.0,jeb-kr-amherst,8399c9b,1.0.0,14.338997,0.07871890068054199,0.0047149658203125,158.0,309.0,723328,266388
KangarooTwelve,Hash-Nothing,2024-01-28,1.10.0,jeb-kr-amherst,8399c9b,1.0.0,14.291379,0.07846307754516602,0.0045909881591796875,157.0,310.0,731536,266340
KangarooTwelve,Hash-Nothing,2024-01-29,1.10.0,jeb-kr-amherst,8399c9b,1.0.0,14.351466,0.08621597290039062,0.004647970199584961,157.0,268.0,727940,266092
KangarooTwelve,Hash-Nothing,2024-01-30,1.10.0,jeb-kr-amherst,8399c9b,1.0.0,14.29006,0.12234115600585938,0.004575014114379883,157.0,225.0,727228,266260
KangarooTwelve,Hash-Nothing,2024-01-31,1.10.0,jeb-kr-amherst,8399c9b,1.0.0,14.198983,0.08076000213623047,0.004579782485961914,158.0,302.0,731020,266264
KangarooTwelve,Hash-Nothing,2024-02-01,1.10.0,jeb-kr-amherst,8399c9b,1.0.0,14.252645,0.08078598976135254,0.004745960235595703,157.0,306.0,732116,266168
KangarooTwelve,Hash-Nothing,2024-02-02,1.10.0,jeb-kr-amherst,8399c9b,1.0.0,14.256023,0.08242988586425781,0.004728078842163086,157.0,304.0,729028,266292
KangarooTwelve,Hash-Nothing,2024-02-03,1.10.0,jeb-kr-amherst,8399c9b,1.0.0,14.219755,0.079010009765625,0.0045969486236572266,158.0,309.0,731980,265912
KangarooTwelve,Hash-Nothing,2024-02-04,1.10.0,jeb-kr-amherst,8399c9b,1.0.0,14.352514,0.09347677230834961,0.0045931339263916016,157.0,256.0,728360,266124
KangarooTwelve,Hash-Nothing,2024-02-05,1.10.0,jeb-kr-amherst,8399c9b,1.0.0,14.271396,0.11431097984313965,0.00458216667175293,158.0,229.0,730548,266276
KangarooTwelve,Hash-Nothing,2024-02-06,1.10.0,jeb-kr-amherst,8399c9b,1.0.0,14.255853,0.07932901382446289,0.004584074020385742,157.0,308.0,730844,266316
KangarooTwelve,Hash-Nothing,2024-02-07,1.10.0,jeb-kr-amherst,8399c9b,1.0.0,14.300798,0.12427711486816406,0.004606008529663086,157.0,260.0,730796,266416
KangarooTwelve,Hash-Nothing,2024-02-08,1.10.0,jeb-kr-amherst,8399c9b,1.0.0,14.273813,0.08205294609069824,0.004742860794067383,157.0,302.0,727620,265988
KangarooTwelve,Hash-Nothing,2024-02-09,1.10.0,jeb-kr-amherst,8399c9b,1.0.0,14.282625,0.11086606979370117,0.004628896713256836,158.0,231.0,726092,266408
KangarooTwelve,Hash-Nothing,2024-02-10,1.10.0,jeb-kr-amherst,8399c9b,1.0.0,14.341364,0.09198498725891113,0.004559993743896484,157.0,251.0,727568,266228
KangarooTwelve,Hash-Nothing,2024-02-11,1.10.0,jeb-kr-amherst,8399c9b,1.0.0,14.321412,0.10561990737915039,0.00465703010559082,157.0,231.0,728328,266324
KangarooTwelve,Hash-Nothing,2024-02-12,1.10.0,jeb-kr-amherst,8399c9b,1.0.0,14.280593,0.1188509464263916,0.004624128341674805,158.0,227.0,726200,266664
KangarooTwelve,Hash-Nothing,2024-02-13,1.10.0,jeb-kr-amherst,8399c9b,1.0.0,14.357171,0.10262680053710938,0.004607200622558594,157.0,235.0,732896,266356
KangarooTwelve,Hash-Nothing,2024-02-14,1.10.0,jeb-kr-amherst,8399c9b,1.0.0,14.35145,0.1015479564666748,0.0046541690826416016,157.0,234.0,728520,266160
KangarooTwelve,Hash-Nothing,2024-02-15,1.10.0,jeb-kr-amherst,8399c9b,1.0.0,22.008082,0.14482903480529785,0.0058820247650146484,148.0,208.0,731536,266368
KangarooTwelve,Hash-Nothing,2024-02-16,1.10.0,jeb-kr-amherst,8399c9b,1.0.0,19.128363,0.13931584358215332,0.00554203987121582,160.0,201.0,730832,266564
KangarooTwelve,Hash-Nothing,2024-02-17,1.10.0,jeb-kr-amherst,8399c9b,1.0.0,14.303758,0.07892203330993652,0.004567861557006836,158.0,309.0,727020,266416
KangarooTwelve,Hash-Nothing,2024-02-18,1.10.0,jeb-kr-amherst,8399c9b,1.0.0,14.249146,0.0822288990020752,0.004599094390869141,158.0,300.0,729912,266556
KangarooTwelve,Hash-Nothing,2024-02-19,1.10.0,jeb-kr-amherst,8399c9b,1.0.0,33.229591,0.20303082466125488,0.008162975311279297,143.0,115.0,729520,266728
KangarooTwelve,Hash-Nothing,2024-02-20,1.10.1,jeb-kr-amherst,8399c9b,1.0.0,15.86315,0.12867403030395508,0.004765033721923828,157.0,220.0,718208,258788
KangarooTwelve,Hash-Nothing,2024-02-21,1.10.1,jeb-kr-amherst,8399c9b,1.0.0,15.031753,0.08157801628112793,0.004751920700073242,156.0,300.0,730028,258864
KangarooTwelve,Hash-Nothing,2024-02-22,1.10.1,jeb-kr-amherst,8399c9b,1.0.0,14.246386,0.0779271125793457,0.004648923873901367,158.0,313.0,730724,258888
KangarooTwelve,Hash-Nothing,2024-02-23,1.10.1,jeb-kr-amherst,8399c9b,1.0.0,14.285562,0.08086514472961426,0.004575014114379883,157.0,308.0,721700,258840
KangarooTwelve,Hash-Nothing,2024-02-24,1.10.1,jeb-kr-amherst,8399c9b,1.0.0,14.326218,0.08416008949279785,0.004708051681518555,158.0,306.0,726240,258704
KangarooTwelve,Hash-Nothing,2024-02-25,1.10.1,jeb-kr-amherst,8399c9b,1.0.0,14.350229,0.1179041862487793,0.004578828811645508,158.0,243.0,723272,259076
KangarooTwelve,Hash-Nothing,2024-02-26,1.10.1,jeb-kr-amherst,8399c9b,1.0.0,14.286457,0.11801600456237793,0.0053730010986328125,157.0,264.0,732284,259176
KangarooTwelve,Hash-Nothing,2024-02-27,1.10.1,jeb-kr-amherst,8399c9b,1.0.0,14.347713,0.07833099365234375,0.0045659542083740234,157.0,310.0,728288,258896
KangarooTwelve,Hash-Nothing,2024-02-28,1.10.1,jeb-kr-amherst,8399c9b,1.0.0,14.329712,0.0968008041381836,0.0046579837799072266,157.0,244.0,729884,258860
KangarooTwelve,Hash-Nothing,2024-02-29,1.10.1,jeb-kr-amherst,8399c9b,1.0.0,14.374414,0.07816290855407715,0.004589080810546875,157.0,310.0,718016,259000
KangarooTwelve,Hash-Nothing,2024-03-01,1.10.1,jeb-kr-amherst,8399c9b,1.0.0,14.241504,0.079833984375,0.00472712516784668,158.0,299.0,729488,258772
KangarooTwelve,Hash-Nothing,2024-03-02,1.10.1,jeb-kr-amherst,8399c9b,1.0.0,14.240864,0.08740401268005371,0.004564046859741211,157.0,259.0,717632,258624
KangarooTwelve,Hash-Nothing,2024-03-03,1.10.1,jeb-kr-amherst,8399c9b,1.0.0,38.776618,0.18466496467590332,0.008954048156738281,134.0,109.0,724564,258868
KangarooTwelve,Hash-Nothing,2024-03-04,1.10.1,jeb-kr-amherst,8399c9b,1.0.0,16.901185,0.1015310287475586,0.004782915115356445,156.0,281.0,719880,259012
KangarooTwelve,Hash-Nothing,2024-03-05,1.10.1,jeb-kr-amherst,8399c9b,1.0.0,15.659913,0.11503791809082031,0.0048711299896240234,156.0,277.0,720692,258464
KangarooTwelve,Hash-Nothing,2024-03-06,1.10.1,jeb-kr-amherst,8399c9b,1.0.0,14.792793,0.1013038158416748,0.004815101623535156,157.0,290.0,731420,258780
KangarooTwelve,Hash-Nothing,2024-03-07,1.10.1,jeb-kr-amherst,8399c9b,1.0.0,14.871243,0.13994193077087402,0.006170034408569336,156.0,247.0,723384,259180
KangarooTwelve,Hash-Nothing,2024-03-08,1.10.1,jeb-kr-amherst,8399c9b,1.0.0,14.820175,0.1263589859008789,0.0045909881591796875,156.0,225.0,724052,258940
KangarooTwelve,Hash-Nothing,2024-03-09,1.10.1,jeb-kr-amherst,8399c9b,1.0.0,14.488627,0.10130500793457031,0.004577159881591797,158.0,237.0,721352,258620
KangarooTwelve,Hash-Nothing,2024-03-10,1.10.2,jeb-kr-amherst,8399c9b,1.0.0,14.287434,0.09016799926757812,0.004642009735107422,158.0,259.0,732684,266644
KangarooTwelve,Hash-Nothing,2024-03-11,1.10.2,jeb-kr-amherst,8399c9b,1.0.0,14.516495,0.1092679500579834,0.004569053649902344,156.0,232.0,735432,266644
KangarooTwelve,Hash-Nothing,2024-03-12,1.10.2,jeb-kr-amherst,8399c9b,1.0.0,14.276138,0.12274408340454102,0.0045468807220458984,158.0,227.0,733168,266192
KangarooTwelve,Hash-Nothing,2024-03-13,1.10.2,jeb-kr-amherst,8399c9b,1.0.0,14.19225,0.10075497627258301,0.004587888717651367,158.0,237.0,728336,266532
KangarooTwelve,Hash-Nothing,2024-03-14,1.10.2,jeb-kr-amherst,8399c9b,1.0.0,14.201922,0.09316492080688477,0.004585981369018555,158.0,251.0,726624,266084
KangarooTwelve,Hash-Nothing,2024-03-15,1.10.2,jeb-kr-amherst,8399c9b,1.0.0,14.346248,0.10361099243164062,0.004694938659667969,157.0,236.0,733220,266300
KangarooTwelve,Hash-Nothing,2024-03-16,1.10.2,jeb-kr-amherst,8399c9b,1.0.0,14.221675,0.07992100715637207,0.0047359466552734375,158.0,305.0,728856,266164
KangarooTwelve,Hash-Nothing,2024-03-17,1.10.2,jeb-kr-amherst,8399c9b,1.0.0,14.395405,0.11575603485107422,0.0045719146728515625,157.0,231.0,734656,266856
KangarooTwelve,Hash-Nothing,2024-03-18,1.10.2,jeb-kr-amherst,8399c9b,1.0.0,14.413755,0.07827997207641602,0.004579067230224609,157.0,308.0,734308,266592
KangarooTwelve,Hash-Nothing,2024-03-19,1.10.2,jeb-kr-amherst,8399c9b,1.0.0,14.326121,0.07787704467773438,0.0047359466552734375,158.0,310.0,726940,266532
KangarooTwelve,Hash-Nothing,2024-03-20,1.10.2,jeb-kr-amherst,8399c9b,1.0.0,14.356945,0.12392091751098633,0.004580020904541016,158.0,250.0,735608,266336
KangarooTwelve,Hash-Nothing,2024-03-21,1.10.2,jeb-kr-amherst,8399c9b,1.0.0,14.314977,0.09782910346984863,0.004585981369018555,157.0,244.0,735724,266600
KangarooTwelve,Hash-Nothing,2024-03-22,1.10.2,jeb-kr-amherst,8399c9b,1.0.0,14.242854,0.11028695106506348,0.004631996154785156,158.0,232.0,723396,266056
KangarooTwelve,Hash-Nothing,2024-03-23,1.10.2,jeb-kr-amherst,8399c9b,1.0.0,14.327369,0.09723711013793945,0.004604816436767578,157.0,239.0,732224,266716
KangarooTwelve,Hash-Nothing,2024-03-24,1.10.2,jeb-kr-amherst,8399c9b,1.0.0,14.726288,0.10468697547912598,0.00457000732421875,155.0,250.0,736772,266232
KangarooTwelve,Hash-Nothing,2024-03-25,1.10.2,jeb-kr-amherst,8399c9b,1.0.0,14.323367,0.11095809936523438,0.004599809646606445,157.0,231.0,732572,266568
KangarooTwelve,Hash-Nothing,2024-03-26,1.10.2,jeb-kr-amherst,8399c9b,1.0.0,14.348308,0.08211398124694824,0.004583835601806641,157.0,304.0,724892,266504
KangarooTwelve,Hash-Nothing,2024-03-27,1.10.2,jeb-kr-amherst,8399c9b,1.0.0,14.283293,0.12106800079345703,0.004597902297973633,157.0,253.0,726556,266784
KangarooTwelve,Hash-Nothing,2024-03-28,1.10.2,jeb-kr-amherst,8399c9b,1.0.0,14.296489,0.09240412712097168,0.004601955413818359,158.0,252.0,726380,266288
KangarooTwelve,Hash-Nothing,2024-03-29,1.10.2,jeb-kr-amherst,8399c9b,1.0.0,14.32615,0.11807894706726074,0.005496025085449219,158.0,265.0,726232,266748
KangarooTwelve,Hash-Nothing,2024-03-30,1.10.2,jeb-kr-amherst,8399c9b,1.0.0,14.387186,0.0810699462890625,0.004821062088012695,157.0,304.0,732836,266888
KangarooTwelve,Hash-Nothing,2024-03-31,1.10.2,jeb-kr-amherst,8399c9b,1.0.0,14.39193,0.09040403366088867,0.004683971405029297,157.0,261.0,725824,266712
KangarooTwelve,Hash-Nothing,2024-04-01,1.10.2,jeb-kr-amherst,8399c9b,1.0.0,14.433397,0.10886096954345703,0.004616975784301758,156.0,233.0,734656,266496
KangarooTwelve,Hash-Nothing,2024-04-02,1.10.2,jeb-kr-amherst,8399c9b,1.0.0,14.322783,0.0847930908203125,0.004635810852050781,158.0,277.0,726400,266620
KangarooTwelve,Hash-Nothing,2024-04-03,1.10.2,jeb-kr-amherst,8399c9b,1.0.0,14.451044,0.1061708927154541,0.004557132720947266,157.0,233.0,725316,266528
KangarooTwelve,Hash-Nothing,2024-04-04,1.10.2,jeb-kr-amherst,8399c9b,1.0.0,14.373442,0.0781710147857666,0.004597902297973633,157.0,309.0,738044,266936
KangarooTwelve,Hash-Nothing,2024-04-05,1.10.2,jeb-kr-amherst,8399c9b,1.0.0,14.299208,0.1226799488067627,0.004564046859741211,157.0,225.0,734104,266872
KangarooTwelve,Hash-Nothing,2024-04-06,1.10.2,jeb-kr-amherst,8399c9b,1.0.0,14.295303,0.12277507781982422,0.0045909881591796875,157.0,251.0,734824,266204
KangarooTwelve,Hash-Nothing,2024-04-07,1.10.2,jeb-kr-amherst,8399c9b,1.0.0,14.434543,0.11478900909423828,0.004673957824707031,157.0,231.0,732968,266488
KangarooTwelve,Hash-Nothing,2024-04-08,1.10.2,jeb-kr-amherst,8399c9b,1.0.0,14.317661,0.1176609992980957,0.0053408145904541016,158.0,265.0,733348,266448
KangarooTwelve,Hash-Nothing,2024-04-09,1.10.2,jeb-kr-amherst,8399c9b,1.0.0,14.367664,0.09023189544677734,0.004585981369018555,157.0,259.0,730592,266408
KangarooTwelve,Hash-Nothing,2024-04-10,1.10.2,jeb-kr-amherst,8399c9b,1.0.0,14.438289,0.12465405464172363,0.004600048065185547,158.0,255.0,727696,266468
KangarooTwelve,Hash-Nothing,2024-04-11,1.10.2,jeb-kr-amherst,8399c9b,1.0.0,14.268957,0.1071920394897461,0.004597902297973633,159.0,233.0,727096,266476
KangarooTwelve,Hash-Nothing,2024-04-12,1.10.2,jeb-kr-amherst,8399c9b,1.0.0,14.215199,0.08887195587158203,0.004572153091430664,158.0,269.0,724636,266304
KangarooTwelve,Hash-Nothing,2024-04-13,1.10.2,jeb-kr-amherst,8399c9b,1.0.0,14.29864,0.09377384185791016,0.004588127136230469,158.0,242.0,726824,266732
KangarooTwelve,Hash-Nothing,2024-04-14,1.10.2,jeb-kr-amherst,8399c9b,1.0.0,14.345401,0.08053898811340332,0.004750967025756836,157.0,305.0,736248,266352
KangarooTwelve,Hash-Nothing,2024-04-15,1.10.2,jeb-kr-amherst,8399c9b,1.0.0,14.559029,0.09426403045654297,0.004558086395263672,156.0,245.0,740440,266252
KangarooTwelve,Hash-Nothing,2024-04-16,1.10.2,jeb-kr-amherst,8399c9b,1.0.0,14.285398,0.09205102920532227,0.004579067230224609,158.0,257.0,734188,266812
KangarooTwelve,Hash-Nothing,2024-04-17,1.10.2,jeb-kr-amherst,8399c9b,1.0.0,14.391587,0.11105799674987793,0.004578828811645508,158.0,232.0,725676,266368
KangarooTwelve,Hash-Nothing,2024-04-18,1.10.2,jeb-kr-amherst,8399c9b,1.0.0,14.331038,0.1109459400177002,0.004612922668457031,157.0,233.0,725340,266812
KangarooTwelve,Hash-Nothing,2024-04-19,1.10.2,jeb-kr-amherst,8399c9b,1.0.0,14.410419,0.09919404983520508,0.004594087600708008,157.0,236.0,735456,266464
KangarooTwelve,Hash-Nothing,2024-04-20,1.10.2,jeb-kr-amherst,8399c9b,1.0.0,37.11239,0.23181390762329102,0.008193016052246094,136.0,115.0,725364,266812
KangarooTwelve,Hash-Nothing,2024-04-21,1.10.2,jeb-kr-amherst,8399c9b,1.0.0,19.775046,0.13492798805236816,0.00577998161315918,154.0,237.0,725216,266732
KangarooTwelve,Hash-Nothing,2024-04-22,1.10.2,jeb-kr-amherst,8399c9b,1.0.0,35.074937,0.15955090522766113,0.008801937103271484,140.0,134.0,725036,266924
KangarooTwelve,Hash-Nothing,2024-04-23,1.10.2,jeb-kr-amherst,8399c9b,1.0.0,15.991728,0.10670995712280273,0.00539088249206543,158.0,279.0,726236,266508
KangarooTwelve,Hash-Nothing,2024-04-24,1.10.2,jeb-kr-amherst,8399c9b,1.0.0,15.379292,0.11767888069152832,0.0045871734619140625,156.0,223.0,727036,266320
KangarooTwelve,Hash-Nothing,2024-04-25,1.10.2,jeb-kr-amherst,8399c9b,1.0.0,15.475404,0.10530591011047363,0.00480198860168457,155.0,283.0,734136,266664
KangarooTwelve,Hash-Nothing,2024-04-26,1.10.2,jeb-kr-amherst,8399c9b,1.0.0,15.606445,0.12089800834655762,0.004606962203979492,156.0,268.0,733544,266544
KangarooTwelve,Hash-Nothing,2024-04-27,1.10.2,jeb-kr-amherst,8399c9b,1.0.0,15.647453,0.10427093505859375,0.004801034927368164,154.0,280.0,725920,266744
KangarooTwelve,Hash-Nothing,2024-04-28,1.10.2,jeb-kr-amherst,8399c9b,1.0.0,14.843637,0.10091185569763184,0.004670143127441406,155.0,289.0,731160,266336
KangarooTwelve,Hash-Nothing,2024-04-29,1.10.2,jeb-kr-amherst,8399c9b,1.0.0,16.670342,0.10353803634643555,0.0048367977142333984,164.0,286.0,724632,266452
KangarooTwelve,Hash-Nothing,2024-04-30,1.10.2,jeb-kr-amherst,8399c9b,1.0.0,14.273545,0.11169099807739258,0.004588127136230469,158.0,230.0,733340,266776
KangarooTwelve,Hash-Nothing,2024-05-01,1.10.2,jeb-kr-amherst,8399c9b,1.0.0,14.403498,0.09334802627563477,0.004724025726318359,158.0,287.0,726696,266224
KangarooTwelve,Hash-Nothing,2024-05-02,1.10.2,jeb-kr-amherst,8399c9b,1.0.0,14.26086,0.1098480224609375,0.004584074020385742,158.0,232.0,727376,266516
KangarooTwelve,Hash-Nothing,2024-05-03,1.10.2,jeb-kr-amherst,8399c9b,1.0.0,14.354789,0.1162099838256836,0.004626035690307617,158.0,229.0,726016,266388
KangarooTwelve,Hash-Nothing,2024-05-04,1.10.2,jeb-kr-amherst,8399c9b,1.0.0,14.349571,0.12063002586364746,0.004588127136230469,158.0,229.0,726640,266592
KangarooTwelve,Hash-Nothing,2024-05-05,1.10.2,jeb-kr-amherst,8399c9b,1.0.0,14.568071,0.12074899673461914,0.005156040191650391,156.0,264.0,734120,266340
KangarooTwelve,Hash-Nothing,2024-05-06,1.10.2,jeb-kr-amherst,8399c9b,1.0.0,14.265379,0.10703802108764648,0.0045948028564453125,158.0,234.0,724296,266576
KangarooTwelve,Hash-Nothing,2024-05-07,1.10.2,jeb-kr-amherst,8399c9b,1.0.0,34.181985,0.23161983489990234,0.010131120681762695,144.0,132.0,735336,266660
KangarooTwelve,Hash-Nothing,2024-05-08,1.10.2,jeb-kr-amherst,8399c9b,1.0.0,25.296537,0.1130530834197998,0.005476951599121094,152.0,271.0,737064,266828
KangarooTwelve,Hash-Nothing,2024-05-09,1.10.2,jeb-kr-amherst,8399c9b,1.0.0,15.268056,0.10280990600585938,0.0047261714935302734,155.0,288.0,724900,266320
KangarooTwelve,Hash-Nothing,2024-05-10,1.10.3,jeb-kr-amherst,8399c9b,1.0.0,15.439877,0.10491609573364258,0.005012989044189453,154.0,282.0,739160,269340
KangarooTwelve,Hash-Nothing,2024-05-11,1.10.3,jeb-kr-amherst,8399c9b,1.0.0,14.893944,0.09954595565795898,0.004611015319824219,156.0,288.0,739032,269336
KangarooTwelve,Hash-Nothing,2024-05-12,1.10.3,jeb-kr-amherst,8399c9b,1.0.0,14.672562,0.10088801383972168,0.0047490596771240234,156.0,287.0,733564,269648
KangarooTwelve,Hash-Nothing,2024-05-13,1.10.3,jeb-kr-amherst,8399c9b,1.0.0,14.379933,0.11146903038024902,0.0045928955078125,158.0,233.0,739372,269524
KangarooTwelve,Hash-Nothing,2024-05-14,1.10.3,jeb-kr-amherst,8399c9b,1.0.0,14.42507,0.08126211166381836,0.0046999454498291016,157.0,307.0,741456,269524
KangarooTwelve,Hash-Nothing,2024-05-15,1.10.3,jeb-kr-amherst,8399c9b,1.0.0,14.368671,0.10444188117980957,0.0046100616455078125,157.0,235.0,733584,269016
KangarooTwelve,Hash-Nothing,2024-05-16,1.10.3,jeb-kr-amherst,8399c9b,1.0.0,14.507843,0.12278199195861816,0.004564046859741211,156.0,252.0,740416,269384
KangarooTwelve,Hash-Nothing,2024-05-17,1.10.3,jeb-kr-amherst,8399c9b,1.0.0,14.432329,0.10312700271606445,0.004582881927490234,156.0,233.0,737368,268728
KangarooTwelve,Hash-Nothing,2024-05-18,1.10.3,jeb-kr-amherst,8399c9b,1.0.0,30.301696,0.17920708656311035,0.009002923965454102,153.0,129.0,730368,269580
KangarooTwelve,Hash-Nothing,2024-05-19,1.10.3,jeb-kr-amherst,8399c9b,1.0.0,17.003048,0.10811114311218262,0.004933834075927734,159.0,279.0,735200,269552
KangarooTwelve,Hash-Nothing,2024-05-20,1.10.3,jeb-kr-amherst,8399c9b,1.0.0,17.725964,0.1434938907623291,0.004776954650878906,151.0,238.0,729076,269572
KangarooTwelve,Hash-Nothing,2024-05-21,1.10.3,jeb-kr-amherst,8399c9b,1.0.0,14.936404,0.09864187240600586,0.004667997360229492,156.0,291.0,740428,269736
KangarooTwelve,Hash-Nothing,2024-05-22,1.10.3,jeb-kr-amherst,8399c9b,1.0.0,14.422045,0.11360406875610352,0.0046880245208740234,156.0,231.0,731700,269800
KangarooTwelve,Hash-Nothing,2024-05-23,1.10.3,jeb-kr-amherst,8399c9b,1.0.0,14.431856,0.09420299530029297,0.00470280647277832,156.0,251.0,739612,269024
KangarooTwelve,Hash-Nothing,2024-05-24,1.10.3,jeb-kr-amherst,8399c9b,1.0.0,14.428838,0.08819198608398438,0.004602193832397461,156.0,268.0,740732,268900
KangarooTwelve,Hash-Nothing,2024-05-25,1.10.3,jeb-kr-amherst,8399c9b,1.0.0,14.440777,0.11500191688537598,0.004581928253173828,157.0,230.0,737996,269060
KangarooTwelve,Hash-Nothing,2024-05-26,1.10.3,jeb-kr-amherst,8399c9b,1.0.0,14.435929,0.08714985847473145,0.004575967788696289,156.0,272.0,739768,269716
KangarooTwelve,Hash-Nothing,2024-05-27,1.10.3,jeb-kr-amherst,8399c9b,1.0.0,14.345411,0.11923885345458984,0.004615068435668945,157.0,227.0,732392,269628
KangarooTwelve,Hash-Nothing,2024-05-28,1.10.3,jeb-kr-amherst,8399c9b,1.0.0,14.440901,0.08071398735046387,0.004651069641113281,156.0,293.0,738532,269568
KangarooTwelve,Hash-Nothing,2024-05-29,1.10.3,jeb-kr-amherst,8399c9b,1.0.0,14.371296,0.11770510673522949,0.0046198368072509766,158.0,228.0,742732,269868
KangarooTwelve,Hash-Nothing,2024-05-30,1.10.3,jeb-kr-amherst,8399c9b,1.0.0,14.361318,0.11680197715759277,0.004565000534057617,157.0,228.0,737820,268772
KangarooTwelve,Hash-Nothing,2024-05-31,1.10.3,jeb-kr-amherst,8399c9b,1.0.0,14.412744,0.11095499992370605,0.0045909881591796875,156.0,233.0,743544,269644
KangarooTwelve,Hash-Nothing,2024-06-01,1.10.3,jeb-kr-amherst,8399c9b,1.0.0,14.296521,0.10145092010498047,0.004613161087036133,158.0,236.0,733020,269868
KangarooTwelve,Hash-Nothing,2024-06-02,1.10.3,jeb-kr-amherst,8399c9b,1.0.0,14.3919,0.10748910903930664,0.004572868347167969,157.0,232.0,732452,269600
KangarooTwelve,Hash-Nothing,2024-06-03,1.10.3,jeb-kr-amherst,8399c9b,1.0.0,14.412294,0.11454987525939941,0.005393028259277344,157.0,267.0,732588,269440
KangarooTwelve,Hash-Nothing,2024-06-04,1.10.3,jeb-kr-amherst,8399c9b,1.0.0,14.339211,0.0944821834564209,0.0045909881591796875,157.0,250.0,733544,269044
KangarooTwelve,Hash-Nothing,2024-06-05,1.10.3,jeb-kr-amherst,8399c9b,1.0.0,14.53365,0.11699581146240234,0.00458216667175293,156.0,228.0,731224,269752
KangarooTwelve,Hash-Nothing,2024-06-06,1.10.3,jeb-kr-amherst,8399c9b,1.0.0,14.426594,0.12233996391296387,0.004583120346069336,156.0,225.0,738952,268904
KangarooTwelve,Hash-Nothing,2024-06-07,1.10.3,jeb-kr-amherst,8399c9b,1.0.0,14.481115,0.08271980285644531,0.004577159881591797,156.0,294.0,739340,269784
KangarooTwelve,Hash-Nothing,2024-06-08,1.10.3,jeb-kr-amherst,8399c9b,1.0.0,14.433741,0.09556698799133301,0.004578828811645508,156.0,247.0,741700,269704
KangarooTwelve,Hash-Nothing,2024-06-09,1.10.3,jeb-kr-amherst,8399c9b,1.0.0,14.547108,0.11349010467529297,0.004648923873901367,156.0,230.0,730032,269424
KangarooTwelve,Hash-Nothing,2024-06-10,1.10.4,jeb-kr-amherst,8399c9b,1.0.0,14.378585,0.12211394309997559,0.0045969486236572266,157.0,251.0,730988,268512
KangarooTwelve,Hash-Nothing,2024-06-11,1.10.4,jeb-kr-amherst,8399c9b,1.0.0,14.323544,0.11748194694519043,0.004580974578857422,157.0,227.0,733880,268560
KangarooTwelve,Hash-Nothing,2024-06-12,1.10.4,jeb-kr-amherst,8399c9b,1.0.0,14.534394,0.09781813621520996,0.004572868347167969,156.0,238.0,737748,269212
KangarooTwelve,Hash-Nothing,2024-06-13,1.10.4,jeb-kr-amherst,8399c9b,1.0.0,14.597599,0.08099699020385742,0.004585981369018555,156.0,308.0,734372,269280
KangarooTwelve,Hash-Nothing,2024-06-14,1.10.4,jeb-kr-amherst,8399c9b,1.0.0,14.521115,0.08260798454284668,0.004712104797363281,157.0,303.0,730928,268436
KangarooTwelve,Hash-Nothing,2024-06-15,1.10.4,jeb-kr-amherst,8399c9b,1.0.0,14.46481,0.11884808540344238,0.005220890045166016,157.0,265.0,737376,269020
KangarooTwelve,Hash-Nothing,2024-06-16,1.10.4,jeb-kr-amherst,8399c9b,1.0.0,14.6196,0.10039305686950684,0.0047380924224853516,156.0,239.0,735164,269012
KangarooTwelve,Hash-Nothing,2024-06-17,1.10.4,jeb-kr-amherst,8399c9b,1.0.0,14.343205,0.08029985427856445,0.00472712516784668,157.0,297.0,738168,268348
KangarooTwelve,Hash-Nothing,2024-06-18,1.10.4,jeb-kr-amherst,8399c9b,1.0.0,14.486271,0.12043309211730957,0.004565000534057617,156.0,227.0,735888,268948
KangarooTwelve,Hash-Nothing,2024-06-19,1.10.4,jeb-kr-amherst,8399c9b,1.0.0,14.462897,0.11858916282653809,0.0045928955078125,157.0,227.0,736860,268792
KangarooTwelve,Hash-Nothing,2024-06-20,1.10.4,jeb-kr-amherst,8399c9b,1.0.0,14.528232,0.09935712814331055,0.004582881927490234,156.0,237.0,739140,268808
KangarooTwelve,Hash-Nothing,2024-06-21,1.10.4,jeb-kr-amherst,8399c9b,1.0.0,14.557513,0.0912160873413086,0.004606962203979492,156.0,260.0,731632,268960
KangarooTwelve,Hash-Nothing,2024-06-22,1.10.4,jeb-kr-amherst,8399c9b,1.0.0,14.56392,0.08058500289916992,0.004581928253173828,156.0,307.0,736256,269024
KangarooTwelve,Hash-Nothing,2024-06-23,1.10.4,jeb-kr-amherst,8399c9b,1.0.0,14.51461,0.0949399471282959,0.00461888313293457,156.0,250.0,732436,268704
KangarooTwelve,Hash-Nothing,2024-06-24,1.10.4,jeb-kr-amherst,8399c9b,1.0.0,14.464157,0.0801699161529541,0.004609107971191406,156.0,307.0,734448,268028
KangarooTwelve,Hash-Nothing,2024-06-25,1.10.4,jeb-kr-amherst,8399c9b,1.0.0,14.39109,0.09840106964111328,0.0045888423919677734,157.0,242.0,733832,268872
KangarooTwelve,Hash-Nothing,2024-06-26,1.10.4,jeb-kr-amherst,8399c9b,1.0.0,14.54932,0.09331297874450684,0.0046520233154296875,156.0,249.0,735676,269244
KangarooTwelve,Hash-Nothing,2024-06-27,1.10.4,jeb-kr-amherst,8399c9b,1.0.0,14.495225,0.11840200424194336,0.00457000732421875,156.0,226.0,731684,268248
KangarooTwelve,Hash-Nothing,2024-06-28,1.10.4,jeb-kr-amherst,8399c9b,1.0.0,14.499406,0.07883810997009277,0.004575014114379883,156.0,309.0,737800,268932
KangarooTwelve,Hash-Nothing,2024-06-29,1.10.4,jeb-kr-amherst,8399c9b,1.0.0,14.532351,0.12138104438781738,0.004553794860839844,156.0,227.0,734244,268448
KangarooTwelve,Hash-Nothing,2024-06-30,1.10.4,jeb-kr-amherst,8399c9b,1.0.0,14.440392,0.12058496475219727,0.0045850276947021484,157.0,252.0,735884,269060
KangarooTwelve,Hash-Nothing,2024-07-01,1.10.4,jeb-kr-amherst,8399c9b,1.0.0,14.509459,0.11103200912475586,0.004684925079345703,156.0,232.0,737612,268976
KangarooTwelve,Hash-Nothing,2024-07-02,1.10.4,jeb-kr-amherst,8399c9b,1.0.0,14.531468,0.12141084671020508,0.004616975784301758,156.0,225.0,730812,268716
KangarooTwelve,Hash-Nothing,2024-07-03,1.10.4,jeb-kr-amherst,8399c9b,1.0.0,14.467602,0.11882495880126953,0.004600048065185547,157.0,241.0,731784,269120
KangarooTwelve,Hash-Nothing,2024-07-04,1.10.4,jeb-kr-amherst,8399c9b,1.0.0,14.391134,0.11627388000488281,0.004703998565673828,157.0,227.0,731304,268348
KangarooTwelve,Hash-Nothing,2024-07-05,1.10.4,jeb-kr-amherst,8399c9b,1.0.0,14.541426,0.11914587020874023,0.0051882266998291016,157.0,264.0,731040,269028
KangarooTwelve,Hash-Nothing,2024-07-06,1.10.4,jeb-kr-amherst,8399c9b,1.0.0,14.602766,0.11661195755004883,0.00454401969909668,156.0,230.0,737452,268832
KangarooTwelve,Hash-Nothing,2024-07-07,1.10.4,jeb-kr-amherst,8399c9b,1.0.0,14.502078,0.10474991798400879,0.00460505485534668,157.0,235.0,741596,268892
KangarooTwelve,Hash-Nothing,2024-07-08,1.10.4,jeb-kr-amherst,8399c9b,1.0.0,14.456843,0.09611296653747559,0.00456690788269043,157.0,251.0,735116,268972
KangarooTwelve,Hash-Nothing,2024-07-09,1.10.4,jeb-kr-amherst,8399c9b,1.0.0,14.471242,0.07920384407043457,0.004714012145996094,156.0,307.0,740176,269084
KangarooTwelve,Hash-Nothing,2024-07-10,1.10.4,jeb-kr-amherst,8399c9b,1.0.0,14.5106,0.11294412612915039,0.004575014114379883,156.0,231.0,731144,268708
KangarooTwelve,Hash-Nothing,2024-07-11,1.10.4,jeb-kr-amherst,8399c9b,1.0.0,14.443044,0.11354207992553711,0.005383968353271484,157.0,268.0,746288,269212
KangarooTwelve,Hash-Nothing,2024-07-12,1.10.4,jeb-kr-amherst,8399c9b,1.0.0,14.405607,0.08162593841552734,0.00475311279296875,157.0,304.0,731892,268724
KangarooTwelve,Hash-Nothing,2024-07-13,1.10.4,jeb-kr-amherst,8399c9b,1.0.0,14.370499,0.1205759048461914,0.004649162292480469,158.0,241.0,731440,269044
KangarooTwelve,Hash-Nothing,2024-07-14,1.10.4,jeb-kr-amherst,8399c9b,1.0.0,14.494541,0.09093999862670898,0.004578113555908203,157.0,263.0,736324,268356
KangarooTwelve,Hash-Nothing,2024-07-15,1.10.4,jeb-kr-amherst,8399c9b,1.0.0,14.524513,0.08133316040039062,0.004724025726318359,157.0,305.0,731628,268996
KangarooTwelve,Hash-Nothing,2024-07-16,1.10.4,jeb-kr-amherst,8399c9b,1.0.0,14.44415,0.09764695167541504,0.00459599494934082,156.0,243.0,731668,269064
KangarooTwelve,Hash-Nothing,2024-07-17,1.10.4,jeb-kr-amherst,8399c9b,1.0.0,14.271777,0.1188819408416748,0.004832029342651367,158.0,225.0,731224,269488
KangarooTwelve,Hash-Nothing,2024-07-18,1.10.4,jeb-kr-amherst,8399c9b,1.0.0,14.366361,0.0996100902557373,0.0046389102935791016,158.0,237.0,729944,268516
KangarooTwelve,Hash-Nothing,2024-07-19,1.10.4,jeb-kr-amherst,8399c9b,1.0.0,14.502873,0.0803978443145752,0.0045850276947021484,156.0,307.0,734876,269068
KangarooTwelve,Hash-Nothing,2024-07-20,1.10.4,jeb-kr-amherst,8399c9b,1.0.0,14.428875,0.08908605575561523,0.004884004592895508,157.0,278.0,733328,268936
KangarooTwelve,Hash-Nothing,2024-07-21,1.10.4,jeb-kr-amherst,8399c9b,1.0.0,14.411772,0.07989716529846191,0.004683017730712891,157.0,307.0,729640,268844
KangarooTwelve,Hash-Nothing,2024-07-22,1.10.4,jeb-kr-amherst,8399c9b,1.0.0,14.767607,0.13350296020507812,0.004745006561279297,155.0,231.0,739956,269044
KangarooTwelve,Hash-Nothing,2024-07-23,1.10.4,jeb-kr-amherst,8399c9b,1.0.0,14.531903,0.11831402778625488,0.004575014114379883,156.0,228.0,735852,269148
KangarooTwelve,Hash-Nothing,2024-07-24,1.10.4,jeb-kr-amherst,8399c9b,1.0.0,14.325148,0.1249089241027832,0.004625082015991211,158.0,244.0,731016,268272
KangarooTwelve,Hash-Nothing,2024-07-25,1.10.4,jeb-kr-amherst,8399c9b,1.0.0,14.539592,0.08256697654724121,0.004725933074951172,156.0,304.0,731388,269096
KangarooTwelve,Hash-Nothing,2024-07-26,1.10.4,jeb-kr-amherst,8399c9b,1.0.0,14.36715,0.09032797813415527,0.004589080810546875,157.0,263.0,731084,268320
KangarooTwelve,Hash-Nothing,2024-07-27,1.10.4,jeb-kr-amherst,8399c9b,1.0.0,14.463056,0.12619614601135254,0.004720926284790039,157.0,235.0,738584,269208
KangarooTwelve,Hash-Nothing,2024-07-28,1.10.4,jeb-kr-amherst,8399c9b,1.0.0,14.490394,0.12695598602294922,0.004579067230224609,156.0,237.0,746788,268848
KangarooTwelve,Hash-Nothing,2024-07-29,1.10.4,jeb-kr-amherst,8399c9b,1.0.0,14.552262,0.10557794570922852,0.004526853561401367,156.0,233.0,735672,268128
KangarooTwelve,Hash-Nothing,2024-07-30,1.10.4,jeb-kr-amherst,8399c9b,1.0.0,14.615794,0.13437700271606445,0.004565000534057617,156.0,233.0,744936,268408
KangarooTwelve,Hash-Nothing,2024-07-31,1.10.4,jeb-kr-amherst,8399c9b,1.0.0,14.419311,0.09947896003723145,0.004579067230224609,156.0,239.0,737956,269108
KangarooTwelve,Hash-Nothing,2024-08-01,1.10.4,jeb-kr-amherst,8399c9b,1.0.0,14.467769,0.08779311180114746,0.0048809051513671875,156.0,285.0,738500,268636
KangarooTwelve,Hash-Nothing,2024-08-02,1.10.4,jeb-kr-amherst,8399c9b,1.0.0,14.370949,0.08426594734191895,0.0047948360443115234,157.0,282.0,730152,269124
KangarooTwelve,Hash-Nothing,2024-08-03,1.10.4,jeb-kr-amherst,8399c9b,1.0.0,14.436062,0.1240239143371582,0.004600048065185547,157.0,261.0,740700,269088
KangarooTwelve,Hash-Nothing,2024-08-04,1.10.4,jeb-kr-amherst,8399c9b,1.0.0,14.490042,0.1190328598022461,0.0046122074127197266,156.0,225.0,732244,268328
KangarooTwelve,Hash-Nothing,2024-08-05,1.10.4,jeb-kr-amherst,8399c9b,1.0.0,14.368799,0.10406303405761719,0.0045909881591796875,158.0,234.0,730180,268376
KangarooTwelve,Hash-Nothing,2024-08-06,1.10.4,jeb-kr-amherst,8399c9b,1.0.0,14.50723,0.11670398712158203,0.005427837371826172,156.0,267.0,737172,268448
KangarooTwelve,Hash-Nothing,2024-08-07,1.10.4,jeb-kr-amherst,8399c9b,1.0.0,14.437465,0.1228780746459961,0.005112886428833008,157.0,261.0,731724,268968
KangarooTwelve,Hash-Nothing,2024-08-08,1.10.4,jeb-kr-amherst,8399c9b,1.0.0,14.353403,0.07953906059265137,0.0045909881591796875,157.0,308.0,732212,268568
KangarooTwelve,Hash-Nothing,2024-08-09,1.10.4,jeb-kr-amherst,8399c9b,1.0.0,14.601663,0.11044812202453613,0.004575967788696289,156.0,230.0,738516,268216
KangarooTwelve,Hash-Nothing,2024-08-10,1.10.4,jeb-kr-amherst,8399c9b,1.0.0,14.603257,0.08092784881591797,0.004597187042236328,157.0,304.0,740208,268872
KangarooTwelve,Hash-Nothing,2024-08-11,1.10.4,jeb-kr-amherst,8399c9b,1.0.0,14.490926,0.07873201370239258,0.004580020904541016,156.0,307.0,737472,268544
KangarooTwelve,Hash-Nothing,2024-08-12,1.10.4,jeb-kr-amherst,8399c9b,1.0.0,14.527609,0.10129904747009277,0.0047719478607177734,156.0,235.0,730256,268980
KangarooTwelve,Hash-Nothing,2024-08-13,1.10.4,jeb-kr-amherst,8399c9b,1.0.0,14.387159,0.0802910327911377,0.00459599494934082,157.0,307.0,731888,268292
KangarooTwelve,Hash-Nothing,2024-08-14,1.10.4,jeb-kr-amherst,8399c9b,1.0.0,14.456671,0.07900190353393555,0.004592180252075195,156.0,308.0,738248,269056
KangarooTwelve,Hash-Nothing,2024-08-15,1.10.4,jeb-kr-amherst,8399c9b,1.0.0,14.536919,0.08273601531982422,0.004599809646606445,156.0,304.0,729380,268440
KangarooTwelve,Hash-Nothing,2024-08-16,1.10.4,jeb-kr-amherst,8399c9b,1.0.0,14.370424,0.08104896545410156,0.0051000118255615234,157.0,304.0,740316,268344
KangarooTwelve,Hash-Nothing,2024-08-17,1.10.4,jeb-kr-amherst,8399c9b,1.0.0,14.539166,0.10144710540771484,0.004633903503417969,156.0,235.0,737264,269096
KangarooTwelve,Hash-Nothing,2024-08-18,1.10.4,jeb-kr-amherst,8399c9b,1.0.0,14.474049,0.10927796363830566,0.0045659542083740234,157.0,234.0,737816,269104
KangarooTwelve,Hash-Nothing,2024-08-19,1.10.4,jeb-kr-amherst,8399c9b,1.0.0,14.327898,0.10729002952575684,0.004601955413818359,157.0,233.0,733820,269172
KangarooTwelve,Hash-Nothing,2024-08-20,1.10.4,jeb-kr-amherst,8399c9b,1.0.0,14.495899,0.07847118377685547,0.004614830017089844,156.0,308.0,732292,269388
KangarooTwelve,Hash-Nothing,2024-08-21,1.10.4,jeb-kr-amherst,8399c9b,1.0.0,14.397153,0.0882730484008789,0.004656076431274414,158.0,273.0,731948,268944
KangarooTwelve,Hash-Nothing,2024-08-22,1.10.4,jeb-kr-amherst,8399c9b,1.0.0,14.428866,0.0807809829711914,0.004705905914306641,157.0,307.0,731408,268472
KangarooTwelve,Hash-Nothing,2024-08-23,1.10.4,jeb-kr-amherst,8399c9b,1.0.0,14.485174,0.08399605751037598,0.004598855972290039,157.0,297.0,730228,268316
KangarooTwelve,Hash-Nothing,2024-08-24,1.10.4,jeb-kr-amherst,8399c9b,1.0.0,14.507401,0.1028130054473877,0.004929780960083008,156.0,233.0,728664,269216
KangarooTwelve,Hash-Nothing,2024-08-25,1.10.4,jeb-kr-amherst,8399c9b,1.0.0,14.476483,0.11858892440795898,0.005175113677978516,156.0,264.0,734900,269240
KangarooTwelve,Hash-Nothing,2024-08-26,1.10.4,jeb-kr-amherst,8399c9b,1.0.0,14.929203,0.10661697387695312,0.004759073257446289,155.0,258.0,733528,269292
KangarooTwelve,Hash-Nothing,2024-08-27,1.10.4,jeb-kr-amherst,8399c9b,1.0.0,14.509066,0.12650799751281738,0.0046710968017578125,156.0,225.0,730400,268140
KangarooTwelve,Hash-Nothing,2024-08-28,1.10.4,jeb-kr-amherst,8399c9b,1.0.0,14.532936,0.11256790161132812,0.004557132720947266,156.0,231.0,738976,268396
KangarooTwelve,Hash-Nothing,2024-08-29,1.10.4,jeb-kr-amherst,8399c9b,1.0.0,14.444543,0.09490013122558594,0.00463104248046875,157.0,249.0,730972,268580
KangarooTwelve,Hash-Nothing,2024-08-30,1.10.5,jeb-kr-amherst,8399c9b,1.0.0,14.593467,0.11211085319519043,0.0045490264892578125,157.0,232.0,731420,270384
KangarooTwelve,Hash-Nothing,2024-08-31,1.10.5,jeb-kr-amherst,8399c9b,1.0.0,14.481028,0.07886600494384766,0.004601001739501953,156.0,300.0,730696,269916
KangarooTwelve,Hash-Nothing,2024-09-01,1.10.5,jeb-kr-amherst,8399c9b,1.0.0,14.61687,0.12294292449951172,0.004597902297973633,156.0,240.0,738968,270044
KangarooTwelve,Hash-Nothing,2024-09-02,1.10.5,jeb-kr-amherst,8399c9b,1.0.0,14.429152,0.08842110633850098,0.0046079158782958984,156.0,270.0,737440,270060
KangarooTwelve,Hash-Nothing,2024-09-03,1.10.5,jeb-kr-amherst,8399c9b,1.0.0,14.915933,0.10146617889404297,0.0047609806060791016,155.0,279.0,739540,269740
KangarooTwelve,Hash-Nothing,2024-09-04,1.10.5,jeb-kr-amherst,8399c9b,1.0.0,14.493409,0.09642910957336426,0.004616975784301758,157.0,242.0,734392,270008
KangarooTwelve,Hash-Nothing,2024-09-05,1.10.5,jeb-kr-amherst,8399c9b,1.0.0,14.549892,0.10646510124206543,0.004549980163574219,157.0,232.0,740996,270016
KangarooTwelve,Hash-Nothing,2024-09-06,1.10.5,jeb-kr-amherst,8399c9b,1.0.0,14.598065,0.1004948616027832,0.0045490264892578125,157.0,241.0,731804,269924
KangarooTwelve,Hash-Nothing,2024-09-07,1.10.5,jeb-kr-amherst,8399c9b,1.0.0,14.577268,0.08074307441711426,0.004600048065185547,156.0,308.0,739780,269988
KangarooTwelve,Hash-Nothing,2024-09-08,1.10.5,jeb-kr-amherst,8399c9b,1.0.0,14.524168,0.09335517883300781,0.004567861557006836,156.0,263.0,737688,270164
KangarooTwelve,Hash-Nothing,2024-09-09,1.10.5,jeb-kr-amherst,8399c9b,1.0.0,14.543404,0.07874178886413574,0.00459599494934082,157.0,305.0,739236,270328
KangarooTwelve,Hash-Nothing,2024-09-10,1.10.5,jeb-kr-amherst,8399c9b,1.0.0,14.587469,0.10724496841430664,0.004553079605102539,157.0,234.0,732908,270552
KangarooTwelve,Hash-Nothing,2024-09-11,1.10.5,jeb-kr-amherst,8399c9b,1.0.0,14.662485,0.08046412467956543,0.00459599494934082,156.0,300.0,740096,270184
KangarooTwelve,Hash-Nothing,2024-09-12,1.10.5,jeb-kr-amherst,8399c9b,1.0.0,14.52698,0.08245086669921875,0.0046651363372802734,157.0,302.0,736664,270528
KangarooTwelve,Hash-Nothing,2024-09-13,1.10.5,jeb-kr-amherst,8399c9b,1.0.0,14.495095,0.0846259593963623,0.004786968231201172,157.0,288.0,744448,270096
KangarooTwelve,Hash-Nothing,2024-09-14,1.10.5,jeb-kr-amherst,8399c9b,1.0.0,14.385234,0.08682394027709961,0.004641056060791016,157.0,287.0,726836,270592
KangarooTwelve,Hash-Nothing,2024-09-15,1.10.5,jeb-kr-amherst,8399c9b,1.0.0,14.61939,0.09048008918762207,0.004553079605102539,156.0,262.0,726768,269636
KangarooTwelve,Hash-Nothing,2024-09-16,1.10.5,jeb-kr-amherst,8399c9b,1.0.0,14.620294,0.08490705490112305,0.004621028900146484,156.0,277.0,740564,270360
KangarooTwelve,Hash-Nothing,2024-09-17,1.10.5,jeb-kr-amherst,8399c9b,1.0.0,14.472648,0.08033895492553711,0.004637002944946289,157.0,295.0,729728,269948
KangarooTwelve,Hash-Nothing,2024-09-18,1.10.5,jeb-kr-amherst,8399c9b,1.0.0,14.652404,0.07861495018005371,0.004578113555908203,156.0,307.0,733640,270252
KangarooTwelve,Hash-Nothing,2024-09-19,1.10.5,jeb-kr-amherst,8399c9b,1.0.0,14.616091,0.07892704010009766,0.004580974578857422,157.0,308.0,740580,270324
KangarooTwelve,Hash-Nothing,2024-09-20,1.10.5,jeb-kr-amherst,8399c9b,1.0.0,14.577862,0.08122706413269043,0.004726886749267578,156.0,307.0,739928,269792
KangarooTwelve,Hash-Nothing,2024-09-21,1.10.5,jeb-kr-amherst,8399c9b,1.0.0,14.555977,0.11288309097290039,0.004581928253173828,157.0,231.0,728404,269660
KangarooTwelve,Hash-Nothing,2024-09-22,1.10.5,jeb-kr-amherst,8399c9b,1.0.0,14.7091,0.10100507736206055,0.004551887512207031,156.0,235.0,746080,269996
KangarooTwelve,Hash-Nothing,2024-09-23,1.10.5,jeb-kr-amherst,8399c9b,1.0.0,14.509262,0.11346197128295898,0.004560947418212891,156.0,230.0,736492,269360
KangarooTwelve,Hash-Nothing,2024-09-24,1.10.5,jeb-kr-amherst,8399c9b,1.0.0,14.577633,0.12106704711914062,0.0045659542083740234,156.0,241.0,731092,269884
KangarooTwelve,Hash-Nothing,2024-09-25,1.10.5,jeb-kr-amherst,8399c9b,1.0.0,14.973322,0.13672208786010742,0.004542827606201172,155.0,245.0,736356,270040
KangarooTwelve,Hash-Nothing,2024-09-26,1.10.5,jeb-kr-amherst,8399c9b,1.0.0,14.633608,0.09329891204833984,0.004569053649902344,156.0,256.0,730920,270412
KangarooTwelve,Hash-Nothing,2024-09-27,1.10.5,jeb-kr-amherst,8399c9b,1.0.0,14.574232,0.11656308174133301,0.004572868347167969,157.0,228.0,737008,269644
KangarooTwelve,Hash-Nothing,2024-09-28,1.10.5,jeb-kr-amherst,8399c9b,1.0.0,14.867154,0.12592005729675293,0.004750967025756836,155.0,225.0,732888,270048
KangarooTwelve,Hash-Nothing,2024-09-29,1.10.5,jeb-kr-amherst,8399c9b,1.0.0,14.492631,0.09205389022827148,0.0045740604400634766,157.0,261.0,736856,270644
KangarooTwelve,Hash-Nothing,2024-09-30,1.10.5,jeb-kr-amherst,8399c9b,1.0.0,14.587859,0.08071279525756836,0.004618167877197266,156.0,298.0,736212,270136
KangarooTwelve,Hash-Nothing,2024-10-01,1.10.5,jeb-kr-amherst,8399c9b,1.0.0,14.522942,0.1211700439453125,0.004590034484863281,157.0,252.0,734408,270284
KangarooTwelve,Hash-Nothing,2024-10-02,1.10.5,jeb-kr-amherst,8399c9b,1.0.0,14.514082,0.10415196418762207,0.004580974578857422,156.0,233.0,733048,270296
KangarooTwelve,Hash-Nothing,2024-10-03,1.10.5,jeb-kr-amherst,8399c9b,1.0.0,14.563112,0.12169194221496582,0.0045511722564697266,157.0,239.0,730596,270304
KangarooTwelve,Hash-Nothing,2024-10-04,1.10.5,jeb-kr-amherst,8399c9b,1.0.0,14.619978,0.12143206596374512,0.004580974578857422,155.0,227.0,739940,269812
KangarooTwelve,Hash-Nothing,2024-10-05,1.10.5,jeb-kr-amherst,8399c9b,1.0.0,14.580298,0.12112188339233398,0.004611968994140625,157.0,225.0,742812,270076
KangarooTwelve,Hash-Nothing,2024-10-06,1.10.5,jeb-kr-amherst,8399c9b,1.0.0,14.525788,0.10893702507019043,0.004685163497924805,156.0,232.0,729416,270436
KangarooTwelve,Hash-Nothing,2024-10-07,1.10.5,jeb-kr-amherst,8399c9b,1.0.0,14.705417,0.10122919082641602,0.004556894302368164,156.0,236.0,731804,270280
KangarooTwelve,Hash-Nothing,2024-10-08,1.10.5,jeb-kr-amherst,8399c9b,1.0.0,14.565663,0.12245297431945801,0.0045468807220458984,157.0,226.0,735564,269740
KangarooTwelve,Hash-Nothing,2024-10-09,1.10.5,jeb-kr-amherst,8399c9b,1.0.0,14.47776,0.1058800220489502,0.004564046859741211,157.0,235.0,738176,270704
KangarooTwelve,Hash-Nothing,2024-10-10,1.11.0,jeb-kr-amherst,8399c9b,1.0.0,14.897102,0.131087064743042,0.0060100555419921875,168.0,225.0,2039840,275968
KangarooTwelve,Hash-Nothing,2024-10-11,1.11.0,jeb-kr-amherst,8399c9b,1.0.0,14.891169,0.1278219223022461,0.006062030792236328,168.0,227.0,2057132,276480
KangarooTwelve,Hash-Nothing,2024-10-12,1.11.0,jeb-kr-amherst,8399c9b,1.0.0,14.86206,0.10548591613769531,0.00617218017578125,168.0,243.0,2042900,276480
KangarooTwelve,Hash-Nothing,2024-10-13,1.11.0,jeb-kr-amherst,8399c9b,1.0.0,14.786402,0.13902807235717773,0.005966901779174805,168.0,223.0,2034224,276224
KangarooTwelve,Hash-Nothing,2024-10-14,1.11.0,jeb-kr-amherst,8399c9b,1.0.0,14.904302,0.13736200332641602,0.006019115447998047,168.0,244.0,2035264,276224
KangarooTwelve,Hash-Nothing,2024-10-15,1.11.0,jeb-kr-amherst,8399c9b,1.0.0,14.960782,0.13920903205871582,0.0060389041900634766,168.0,223.0,2038892,276096
KangarooTwelve,Hash-Nothing,2024-10-16,1.11.0,jeb-kr-amherst,8399c9b,1.0.0,14.794519,0.13428092002868652,0.006000041961669922,168.0,226.0,2034376,276224
KangarooTwelve,Hash-Nothing,2024-10-17,1.11.0,jeb-kr-amherst,8399c9b,1.0.0,14.976443,0.09593582153320312,0.00602412223815918,168.0,268.0,2035800,276480
KangarooTwelve,Hash-Nothing,2024-10-18,1.11.0,jeb-kr-amherst,8399c9b,1.0.0,14.78522,0.09224581718444824,0.0060272216796875,168.0,278.0,2040208,276224
KangarooTwelve,Hash-Nothing,2024-10-19,1.11.0,jeb-kr-amherst,8399c9b,1.0.0,14.818407,0.14049196243286133,0.005991935729980469,168.0,243.0,2023328,276084
KangarooTwelve,Hash-Nothing,2024-10-20,1.11.1,jeb-kr-amherst,8399c9b,1.0.0,14.426576,0.09020590782165527,0.005995988845825195,170.0,325.0,2030716,252288
KangarooTwelve,Hash-Nothing,2024-10-21,1.11.1,jeb-kr-amherst,8399c9b,1.0.0,14.465467,0.10079383850097656,0.005999088287353516,170.0,289.0,2025896,252288
KangarooTwelve,Hash-Nothing,2024-10-22,1.11.1,jeb-kr-amherst,8399c9b,1.0.0,14.534984,0.13507294654846191,0.006158113479614258,170.0,255.0,2041804,253044
KangarooTwelve,Hash-Nothing,2024-10-23,1.11.1,jeb-kr-amherst,8399c9b,1.0.0,14.449724,0.09121417999267578,0.005959987640380859,170.0,326.0,2031464,252416
KangarooTwelve,Hash-Nothing,2024-10-24,1.11.1,jeb-kr-amherst,8399c9b,1.0.0,14.465249,0.10179615020751953,0.006072998046875,170.0,283.0,2031260,252800
KangarooTwelve,Hash-Nothing,2024-10-25,1.11.1,jeb-kr-amherst,8399c9b,1.0.0,14.500435,0.11514687538146973,0.0060040950775146484,170.0,251.0,2041020,252928
KangarooTwelve,Hash-Nothing,2024-10-26,1.11.1,jeb-kr-amherst,8399c9b,1.0.0,14.428235,0.0926370620727539,0.00598597526550293,170.0,324.0,2031516,252288
KangarooTwelve,Hash-Nothing,2024-10-27,1.11.1,jeb-kr-amherst,8399c9b,1.0.0,14.511068,0.08800411224365234,0.006163835525512695,170.0,331.0,2037932,252272
KangarooTwelve,Hash-Nothing,2024-10-28,1.11.1,jeb-kr-amherst,8399c9b,1.0.0,14.430178,0.09001588821411133,0.006242990493774414,170.0,328.0,2021724,252288
KangarooTwelve,Hash-Nothing,2024-10-29,1.11.1,jeb-kr-amherst,8399c9b,1.0.0,14.508787,0.0893239974975586,0.006000995635986328,169.0,329.0,2042328,252928
KangarooTwelve,Hash-Nothing,2024-10-30,1.11.1,jeb-kr-amherst,8399c9b,1.0.0,14.496556,0.1327979564666748,0.005966901779174805,170.0,269.0,2045636,252800
KangarooTwelve,Hash-Nothing,2024-10-31,1.11.1,jeb-kr-amherst,8399c9b,1.0.0,14.477664,0.08926796913146973,0.0060520172119140625,170.0,329.0,2025884,252672
KangarooTwelve,Hash-Nothing,2024-11-01,1.11.1,jeb-kr-amherst,8399c9b,1.0.0,14.462527,0.08880805969238281,0.005968809127807617,170.0,331.0,2029488,252800
KangarooTwelve,Hash-Nothing,2024-11-02,1.11.1,jeb-kr-amherst,8399c9b,1.0.0,14.486198,0.10088610649108887,0.00603795051574707,170.0,293.0,2022564,252928
KangarooTwelve,Hash-Nothing,2024-11-03,1.11.1,jeb-kr-amherst,8399c9b,1.0.0,14.466762,0.09018206596374512,0.0062639713287353516,170.0,325.0,2031636,252780
KangarooTwelve,Hash-Nothing,2024-11-04,1.11.1,jeb-kr-amherst,8399c9b,1.0.0,14.390608,0.09319496154785156,0.006131887435913086,169.0,322.0,2030956,252544
KangarooTwelve,Hash-Nothing,2024-11-05,1.11.1,jeb-kr-amherst,8399c9b,1.0.0,14.574901,0.13558411598205566,0.0060079097747802734,169.0,252.0,2021632,252800
KangarooTwelve,Hash-Nothing,2024-11-06,1.11.1,jeb-kr-amherst,8399c9b,1.0.0,14.491971,0.12157893180847168,0.006027936935424805,169.0,245.0,2031760,252800
KangarooTwelve,Hash-Nothing,2024-11-07,1.11.1,jeb-kr-amherst,8399c9b,1.0.0,14.459618,0.08849000930786133,0.005937099456787109,170.0,330.0,2026288,252672
KangarooTwelve,Hash-Nothing,2024-11-08,1.11.1,jeb-kr-amherst,8399c9b,1.0.0,14.516592,0.09226799011230469,0.005962848663330078,170.0,317.0,2028304,252384
KangarooTwelve,Hash-Nothing,2024-11-09,1.11.1,jeb-kr-amherst,8399c9b,1.0.0,14.524413,0.0950019359588623,0.006097078323364258,170.0,319.0,2042164,252384
KangarooTwelve,Hash-Nothing,2024-11-10,1.11.1,jeb-kr-amherst,8399c9b,1.0.0,14.509109,0.09028196334838867,0.0059931278228759766,170.0,327.0,2025700,252544
KangarooTwelve,Hash-Nothing,2024-11-11,1.11.1,jeb-kr-amherst,8399c9b,1.0.0,14.538384,0.09241914749145508,0.006096839904785156,169.0,324.0,2010844,252544
KangarooTwelve,Hash-Nothing,2024-11-12,1.11.1,jeb-kr-amherst,8399c9b,1.0.0,14.505972,0.12163996696472168,0.006217002868652344,170.0,244.0,2027108,252520
KangarooTwelve,Hash-Nothing,2024-11-13,1.11.1,jeb-kr-amherst,8399c9b,1.0.0,14.517584,0.1345071792602539,0.00606083869934082,169.0,252.0,2028860,252276
KangarooTwelve,Hash-Nothing,2024-11-14,1.11.1,jeb-kr-amherst,8399c9b,1.0.0,14.35246,0.08850502967834473,0.0059680938720703125,170.0,326.0,2028904,252416
KangarooTwelve,Hash-Nothing,2024-11-15,1.11.1,jeb-kr-amherst,8399c9b,1.0.0,14.422543,0.1356370449066162,0.005998849868774414,170.0,251.0,2026212,252544
KangarooTwelve,Hash-Nothing,2024-11-16,1.11.1,jeb-kr-amherst,8399c9b,1.0.0,14.557045,0.12584304809570312,0.005941867828369141,169.0,239.0,2027964,252544
KangarooTwelve,Hash-Nothing,2024-11-17,1.11.1,jeb-kr-amherst,8399c9b,1.0.0,14.528246,0.09207606315612793,0.006181955337524414,169.0,323.0,2018896,252800
KangarooTwelve,Hash-Nothing,2024-11-18,1.11.1,jeb-kr-amherst,8399c9b,1.0.0,14.463559,0.08919501304626465,0.0060460567474365234,170.0,326.0,2023132,252780
KangarooTwelve,Hash-Nothing,2024-11-19,1.11.1,jeb-kr-amherst,8399c9b,1.0.0,14.508974,0.09172606468200684,0.006103992462158203,170.0,324.0,2026848,252800
KangarooTwelve,Hash-Nothing,2024-11-20,1.11.1,jeb-kr-amherst,8399c9b,1.0.0,14.524157,0.09232807159423828,0.00616908073425293,170.0,326.0,2027104,252544
KangarooTwelve,Hash-Nothing,2024-11-21,1.11.1,jeb-kr-amherst,8399c9b,1.0.0,14.318984,0.09134197235107422,0.006022930145263672,170.0,326.0,2031308,252928
KangarooTwelve,Hash-Nothing,2024-11-22,1.11.1,jeb-kr-amherst,8399c9b,1.0.0,17.011388,0.14824199676513672,0.0063169002532958984,177.0,227.0,2032356,252544
KangarooTwelve,Hash-Nothing,2024-11-23,1.11.1,jeb-kr-amherst,8399c9b,1.0.0,15.263357,0.09183502197265625,0.006114959716796875,168.0,322.0,2026636,252672
KangarooTwelve,Hash-Nothing,2024-11-24,1.11.1,jeb-kr-amherst,8399c9b,1.0.0,38.50149,0.2576320171356201,0.01267099380493164,139.0,101.0,2053472,252928
KangarooTwelve,Hash-Nothing,2024-11-25,1.11.1,jeb-kr-amherst,8399c9b,1.0.0,21.373931,0.1557919979095459,0.00931096076965332,164.0,177.0,2046896,252800
KangarooTwelve,Hash-Nothing,2024-11-26,1.11.1,jeb-kr-amherst,8399c9b,1.0.0,28.420271,0.1322159767150879,0.007390022277832031,159.0,245.0,2036220,252416
KangarooTwelve,Hash-Nothing,2024-11-27,1.11.1,jeb-kr-amherst,8399c9b,1.0.0,38.105035,0.2627229690551758,0.012150049209594727,138.0,96.0,2035224,252544
KangarooTwelve,Hash-Nothing,2024-11-28,1.11.1,jeb-kr-amherst,8399c9b,1.0.0,16.431557,0.11838603019714355,0.006495952606201172,172.0,296.0,2043124,252416
KangarooTwelve,Hash-Nothing,2024-11-29,1.11.1,jeb-kr-amherst,8399c9b,1.0.0,17.207084,0.1431598663330078,0.006182193756103516,169.0,226.0,2035252,252672
KangarooTwelve,Hash-Nothing,2024-11-30,1.11.1,jeb-kr-amherst,8399c9b,1.0.0,16.345733,0.10770297050476074,0.006165981292724609,170.0,305.0,2044428,252544
KangarooTwelve,Hash-Nothing,2024-12-01,1.11.1,jeb-kr-amherst,8399c9b,1.0.0,18.959886,0.12209296226501465,0.007450103759765625,173.0,214.0,2029680,252664
KangarooTwelve,Hash-Nothing,2024-12-02,1.11.1,jeb-kr-amherst,8399c9b,1.0.0,14.317048,0.11026406288146973,0.006118059158325195,170.0,253.0,2028132,252544
KangarooTwelve,Hash-Nothing,2024-12-03,1.11.1,jeb-kr-amherst,8399c9b,1.0.0,14.506149,0.09261608123779297,0.006029844284057617,170.0,325.0,2028784,252640
KangarooTwelve,Hash-Nothing,2024-12-04,1.11.1,jeb-kr-amherst,8399c9b,1.0.0,14.536646,0.09314584732055664,0.005975008010864258,170.0,315.0,2028096,252664
KangarooTwelve,Hash-Nothing,2024-12-05,1.11.1,jeb-kr-amherst,8399c9b,1.0.0,14.465275,0.1333789825439453,0.006047964096069336,170.0,264.0,2024500,252668
KangarooTwelve,Hash-Nothing,2024-12-06,1.11.1,jeb-kr-amherst,8399c9b,1.0.0,14.537772,0.08966302871704102,0.00605010986328125,170.0,328.0,2040612,252928
KangarooTwelve,Hash-Nothing,2024-12-07,1.11.1,jeb-kr-amherst,8399c9b,1.0.0,14.372467,0.12875699996948242,0.0059452056884765625,170.0,240.0,2027004,252800
KangarooTwelve,Hash-Nothing,2024-12-08,1.11.1,jeb-kr-amherst,8399c9b,1.0.0,14.477483,0.09389996528625488,0.006129026412963867,170.0,324.0,2051944,252544
KangarooTwelve,Hash-Nothing,2024-12-09,1.11.1,jeb-kr-amherst,8399c9b,1.0.0,14.45127,0.10953116416931152,0.0059659481048583984,170.0,257.0,2049444,252544
KangarooTwelve,Hash-Nothing,2024-12-10,1.11.2,jeb-kr-amherst,8399c9b,1.0.0,14.634705,0.13976001739501953,0.0062220096588134766,174.0,234.0,2027920,249212
KangarooTwelve,Hash-Nothing,2024-12-11,1.11.2,jeb-kr-amherst,8399c9b,1.0.0,17.395632,0.110382080078125,0.006365060806274414,163.0,302.0,2037000,249344
KangarooTwelve,Hash-Nothing,2024-12-12,1.11.2,jeb-kr-amherst,8399c9b,1.0.0,13.638006,0.11877894401550293,0.006036043167114258,174.0,246.0,2007480,249460
KangarooTwelve,Hash-Nothing,2024-12-13,1.11.2,jeb-kr-amherst,8399c9b,1.0.0,13.651388,0.12090706825256348,0.006644010543823242,174.0,288.0,2035408,249200
KangarooTwelve,Hash-Nothing,2024-12-14,1.11.2,jeb-kr-amherst,8399c9b,1.0.0,13.655006,0.09242391586303711,0.006165981292724609,174.0,321.0,2026572,249088
KangarooTwelve,Hash-Nothing,2024-12-15,1.11.2,jeb-kr-amherst,8399c9b,1.0.0,13.629927,0.12479519844055176,0.00594782829284668,175.0,242.0,2034188,249344
KangarooTwelve,Hash-Nothing,2024-12-16,1.11.2,jeb-kr-amherst,8399c9b,1.0.0,13.58484,0.13228678703308105,0.006000995635986328,174.0,237.0,2003600,248960
KangarooTwelve,Hash-Nothing,2024-12-17,1.11.2,jeb-kr-amherst,8399c9b,1.0.0,13.591207,0.10953712463378906,0.00600886344909668,174.0,255.0,2016500,249204
KangarooTwelve,Hash-Nothing,2024-12-18,1.11.2,jeb-kr-amherst,8399c9b,1.0.0,13.657233,0.13022899627685547,0.006212949752807617,174.0,240.0,2021124,249344
KangarooTwelve,Hash-Nothing,2024-12-19,1.11.2,jeb-kr-amherst,8399c9b,1.0.0,13.743856,0.12379908561706543,0.0060617923736572266,174.0,242.0,2026104,249084
KangarooTwelve,Hash-Nothing,2024-12-20,1.11.2,jeb-kr-amherst,8399c9b,1.0.0,13.662276,0.09385180473327637,0.006049156188964844,174.0,312.0,2026528,249332
KangarooTwelve,Hash-Nothing,2024-12-21,1.11.2,jeb-kr-amherst,8399c9b,1.0.0,13.616861,0.09942197799682617,0.0059719085693359375,175.0,276.0,2015892,249088
KangarooTwelve,Hash-Nothing,2024-12-22,1.11.2,jeb-kr-amherst,8399c9b,1.0.0,13.749328,0.13564205169677734,0.006079912185668945,174.0,238.0,2030968,249076
KangarooTwelve,Hash-Nothing,2024-12-23,1.11.2,jeb-kr-amherst,8399c9b,1.0.0,13.585071,0.1249551773071289,0.005945920944213867,174.0,242.0,1998028,249468
KangarooTwelve,Hash-Nothing,2024-12-24,1.11.2,jeb-kr-amherst,8399c9b,1.0.0,13.693452,0.13158011436462402,0.006223917007446289,174.0,237.0,2026632,249200
KangarooTwelve,Hash-Nothing,2024-12-25,1.11.2,jeb-kr-amherst,8399c9b,1.0.0,13.55774,0.12239909172058105,0.0059740543365478516,174.0,244.0,2023204,249340
KangarooTwelve,Hash-Nothing,2024-12-26,1.11.2,jeb-kr-amherst,8399c9b,1.0.0,13.682651,0.13187479972839355,0.006042003631591797,174.0,240.0,2027308,249216
KangarooTwelve,Hash-Nothing,2024-12-27,1.11.2,jeb-kr-amherst,8399c9b,1.0.0,13.65948,0.1013801097869873,0.006057024002075195,174.0,267.0,2008260,249200
KangarooTwelve,Hash-Nothing,2024-12-28,1.11.2,jeb-kr-amherst,8399c9b,1.0.0,27.860296,0.21830415725708008,0.01046299934387207,149.0,133.0,2021504,249344
KangarooTwelve,Hash-Nothing,2024-12-29,1.11.2,jeb-kr-amherst,8399c9b,1.0.0,26.937159,0.18509697914123535,0.012363910675048828,175.0,169.0,2060072,249728
KangarooTwelve,Hash-Nothing,2024-12-30,1.11.2,jeb-kr-amherst,8399c9b,1.0.0,16.160497,0.13997292518615723,0.006392002105712891,172.0,229.0,2017296,249336
KangarooTwelve,Hash-Nothing,2024-12-31,1.11.2,jeb-kr-amherst,8399c9b,1.0.0,16.130038,0.11050701141357422,0.006207942962646484,173.0,298.0,2027556,249344
KangarooTwelve,Hash-Nothing,2025-01-01,1.11.2,jeb-kr-amherst,8399c9b,1.0.0,13.960992,0.11321592330932617,0.00609898567199707,176.0,276.0,2025324,249600
KangarooTwelve,Hash-Nothing,2025-01-02,1.11.2,jeb-kr-amherst,8399c9b,1.0.0,14.04403,0.12413406372070312,0.006031036376953125,175.0,291.0,2016636,249336
KangarooTwelve,Hash-Nothing,2025-01-03,1.11.2,jeb-kr-amherst,8399c9b,1.0.0,13.674096,0.12115597724914551,0.006041049957275391,174.0,244.0,2027860,249216
KangarooTwelve,Hash-Nothing,2025-01-04,1.11.2,jeb-kr-amherst,8399c9b,1.0.0,13.664816,0.09188389778137207,0.006001949310302734,174.0,326.0,2026556,249728
KangarooTwelve,Hash-Nothing,2025-01-05,1.11.2,jeb-kr-amherst,8399c9b,1.0.0,13.62223,0.09039902687072754,0.006021022796630859,174.0,325.0,2027628,249344
KangarooTwelve,Hash-Nothing,2025-01-06,1.11.2,jeb-kr-amherst,8399c9b,1.0.0,13.662261,0.11557388305664062,0.006030082702636719,174.0,248.0,2017980,249456
KangarooTwelve,Hash-Nothing,2025-01-07,1.11.2,jeb-kr-amherst,8399c9b,1.0.0,13.68738,0.14385294914245605,0.005944013595581055,174.0,246.0,2027480,249088
KangarooTwelve,Hash-Nothing,2025-01-08,1.11.2,jeb-kr-amherst,8399c9b,1.0.0,13.540267,0.13561081886291504,0.005980968475341797,175.0,239.0,2026608,249328
KangarooTwelve,Hash-Nothing,2025-01-09,1.11.2,jeb-kr-amherst,8399c9b,1.0.0,13.596672,0.11722898483276367,0.0059239864349365234,175.0,247.0,2026480,249216
KangarooTwelve,Hash-Nothing,2025-01-10,1.11.2,jeb-kr-amherst,8399c9b,1.0.0,13.690787,0.08957695960998535,0.006030082702636719,174.0,329.0,2026124,249472
KangarooTwelve,Hash-Nothing,2025-01-11,1.11.2,jeb-kr-amherst,8399c9b,1.0.0,13.630795,0.1170499324798584,0.007035017013549805,175.0,290.0,2027176,249216
KangarooTwelve,Hash-Nothing,2025-01-12,1.11.2,jeb-kr-amherst,8399c9b,1.0.0,13.670836,0.12119197845458984,0.005972146987915039,174.0,244.0,2016216,249464
KangarooTwelve,Hash-Nothing,2025-01-13,1.11.2,jeb-kr-amherst,8399c9b,1.0.0,13.658076,0.09035396575927734,0.0060350894927978516,174.0,326.0,2012232,249344
KangarooTwelve,Hash-Nothing,2025-01-14,1.11.2,jeb-kr-amherst,8399c9b,1.0.0,13.630292,0.13599705696105957,0.00598597526550293,174.0,251.0,2027776,249344
KangarooTwelve,Hash-Nothing,2025-01-15,1.11.2,jeb-kr-amherst,8399c9b,1.0.0,13.587419,0.12323713302612305,0.00598597526550293,175.0,244.0,2026452,249344
KangarooTwelve,Hash-Nothing,2025-01-16,1.11.2,jeb-kr-amherst,8399c9b,1.0.0,13.690166,0.12877988815307617,0.00599217414855957,174.0,240.0,2026784,249580
KangarooTwelve,Hash-Nothing,2025-01-17,1.11.2,jeb-kr-amherst,8399c9b,1.0.0,13.680544,0.12934088706970215,0.0059659481048583984,174.0,238.0,2016796,249216
KangarooTwelve,Hash-Nothing,2025-01-18,1.11.2,jeb-kr-amherst,8399c9b,1.0.0,13.658403,0.1291520595550537,0.0059909820556640625,174.0,240.0,2027016,248832
KangarooTwelve,Hash-Nothing,2025-01-19,1.11.2,jeb-kr-amherst,8399c9b,1.0.0,13.582857,0.1305389404296875,0.0059740543365478516,174.0,240.0,2020444,249344
KangarooTwelve,Hash-Nothing,2025-01-20,1.11.2,jeb-kr-amherst,8399c9b,1.0.0,13.641974,0.1075599193572998,0.006002902984619141,174.0,264.0,2014012,249460
KangarooTwelve,Hash-Nothing,2025-01-21,1.11.2,jeb-kr-amherst,8399c9b,1.0.0,13.649843,0.12340617179870605,0.006237983703613281,175.0,240.0,2017392,249216
KangarooTwelve,Hash-Nothing,2025-01-22,1.11.2,jeb-kr-amherst,8399c9b,1.0.0,13.758543,0.09378886222839355,0.00617218017578125,174.0,320.0,2027972,249464
KangarooTwelve,Hash-Nothing,2025-01-23,1.11.2,jeb-kr-amherst,8399c9b,1.0.0,13.636828,0.09312009811401367,0.006268024444580078,174.0,323.0,2018036,249332
KangarooTwelve,Hash-Nothing,2025-01-24,1.11.2,jeb-kr-amherst,8399c9b,1.0.0,13.622899,0.09798789024353027,0.006062030792236328,175.0,295.0,2032884,249076
KangarooTwelve,Hash-Nothing,2025-01-25,1.11.2,jeb-kr-amherst,8399c9b,1.0.0,13.580061,0.1060948371887207,0.0060291290283203125,174.0,267.0,2035088,249344
KangarooTwelve,Hash-Nothing,2025-01-26,1.11.2,jeb-kr-amherst,8399c9b,1.0.0,13.685869,0.09062910079956055,0.006005048751831055,174.0,325.0,2029048,249212
KangarooTwelve,Hash-Nothing,2025-01-27,1.11.2,jeb-kr-amherst,8399c9b,1.0.0,13.573252,0.11203789710998535,0.005964994430541992,174.0,250.0,2025672,249464
KangarooTwelve,Hash-Nothing,2025-01-28,1.11.2,jeb-kr-amherst,8399c9b,1.0.0,13.586948,0.12697792053222656,0.00598597526550293,174.0,240.0,2028832,249216
KangarooTwelve,Hash-Nothing,2025-01-29,1.11.2,jeb-kr-amherst,8399c9b,1.0.0,13.559428,0.10982084274291992,0.005970001220703125,174.0,252.0,2028732,249216
KangarooTwelve,Hash-Nothing,2025-01-30,1.11.3,jeb-kr-amherst,8399c9b,1.0.0,13.689807,0.0869441032409668,0.006039857864379883,174.0,332.0,1979860,247296
KangarooTwelve,Hash-Nothing,2025-01-31,1.11.3,jeb-kr-amherst,8399c9b,1.0.0,13.657907,0.08548688888549805,0.005975961685180664,174.0,332.0,2007524,246912
KangarooTwelve,Hash-Nothing,2025-02-01,1.11.3,jeb-kr-amherst,8399c9b,1.0.0,13.656965,0.08546900749206543,0.00604701042175293,174.0,333.0,2019264,247276
KangarooTwelve,Hash-Nothing,2025-02-02,1.11.3,jeb-kr-amherst,8399c9b,1.0.0,13.570734,0.08751797676086426,0.006131887435913086,174.0,330.0,1986432,247040
KangarooTwelve,Hash-Nothing,2025-02-03,1.11.3,jeb-kr-amherst,8399c9b,1.0.0,13.689509,0.08678293228149414,0.006062030792236328,174.0,330.0,2007816,247296
KangarooTwelve,Hash-Nothing,2025-02-04,1.11.3,jeb-kr-amherst,8399c9b,1.0.0,13.706861,0.08483409881591797,0.005975008010864258,174.0,320.0,2018648,247168
KangarooTwelve,Hash-Nothing,2025-02-05,1.11.3,jeb-kr-amherst,8399c9b,1.0.0,13.679371,0.09750699996948242,0.006049156188964844,174.0,284.0,2018736,247040
KangarooTwelve,Hash-Nothing,2025-02-06,1.11.3,jeb-kr-amherst,8399c9b,1.0.0,13.682786,0.10898804664611816,0.006012916564941406,174.0,251.0,2016804,246784
KangarooTwelve,Hash-Nothing,2025-02-08,1.11.3,jeb-kr-amherst,8399c9b,1.0.0,13.626603,0.10587811470031738,0.0059909820556640625,174.0,256.0,2018524,246912
KangarooTwelve,Hash-Nothing,2025-02-09,1.11.3,jeb-kr-amherst,8399c9b,1.0.0,13.647902,0.12966418266296387,0.005964994430541992,174.0,273.0,2017288,246784
KangarooTwelve,Hash-Nothing,2025-02-10,1.11.3,jeb-kr-amherst,8399c9b,1.0.0,15.609582,0.10752391815185547,0.006172895431518555,176.0,307.0,2026232,247040
KangarooTwelve,Hash-Nothing,2025-02-11,1.11.3,jeb-kr-amherst,8399c9b,1.0.0,13.712079,0.11226892471313477,0.007241964340209961,174.0,292.0,2018596,246656
KangarooTwelve,Hash-Nothing,2025-02-13,1.11.3,jeb-kr-amherst,8399c9b,1.0.0,13.669192,0.12155008316040039,0.006086826324462891,174.0,244.0,2006860,247040
KangarooTwelve,Hash-Nothing,2025-02-14,1.11.3,jeb-kr-amherst,8399c9b,1.0.0,13.767072,0.12404108047485352,0.005964994430541992,174.0,245.0,2018548,247168
KangarooTwelve,Hash-Nothing,2025-02-15,1.11.3,jeb-kr-amherst,8399c9b,1.0.0,13.728646,0.09924483299255371,0.006061077117919922,174.0,279.0,2000056,247296
KangarooTwelve,Hash-Nothing,2025-02-16,1.11.3,jeb-kr-amherst,8399c9b,1.0.0,13.612923,0.1327979564666748,0.005959987640380859,174.0,272.0,2023688,246912
KangarooTwelve,Hash-Nothing,2025-02-17,1.11.3,jeb-kr-amherst,8399c9b,1.0.0,13.61796,0.08791804313659668,0.006192922592163086,174.0,331.0,2026428,247168
KangarooTwelve,Hash-Nothing,2025-02-18,1.11.3,jeb-kr-amherst,8399c9b,1.0.0,13.642383,0.08980298042297363,0.006067037582397461,174.0,315.0,2018652,247040
KangarooTwelve,Hash-Nothing,2025-02-19,1.11.3,jeb-kr-amherst,8399c9b,1.0.0,13.670742,0.13081598281860352,0.005975008010864258,175.0,240.0,2005292,246656
KangarooTwelve,Hash-Nothing,2025-02-20,1.11.3,jeb-kr-amherst,8399c9b,1.0.0,34.108148,0.22346282005310059,0.01141810417175293,149.0,124.0,2023296,247424
KangarooTwelve,Hash-Nothing,2025-02-21,1.11.3,jeb-kr-amherst,8399c9b,1.0.0,18.528457,0.13113117218017578,0.0076978206634521484,170.0,265.0,2021712,247016
KangarooTwelve,Hash-Nothing,2025-02-23,1.11.3,jeb-kr-amherst,8399c9b,1.0.0,13.730042,0.08617806434631348,0.005997896194458008,174.0,334.0,2019008,247168
KangarooTwelve,Hash-Nothing,2025-02-24,1.11.3,jeb-kr-amherst,8399c9b,1.0.0,13.649685,0.08838605880737305,0.006106853485107422,174.0,329.0,2012156,247040
KangarooTwelve,Hash-Nothing,2025-02-26,1.11.3,jeb-kr-amherst,8399c9b,1.0.0,13.69709,0.09507298469543457,0.006198883056640625,174.0,300.0,2019800,246912
KangarooTwelve,Hash-Nothing,2025-02-27,1.11.3,jeb-kr-amherst,8399c9b,1.0.0,13.592078,0.12375712394714355,0.0060389041900634766,175.0,244.0,2018572,247412
KangarooTwelve,Hash-Nothing,2025-03-01,1.11.3,jeb-kr-amherst,8399c9b,1.0.0,13.73992,0.08511805534362793,0.0059969425201416016,174.0,331.0,2019124,246912
KangarooTwelve,Hash-Nothing,2025-03-02,1.11.3,jeb-kr-amherst,8399c9b,1.0.0,13.768812,0.10644388198852539,0.006027936935424805,174.0,262.0,2006256,247040
KangarooTwelve,Hash-Nothing,2025-03-03,1.11.3,jeb-kr-amherst,8399c9b,1.0.0,13.589532,0.12006115913391113,0.0059888362884521484,174.0,245.0,2017272,246896
KangarooTwelve,Hash-Nothing,2025-03-04,1.11.3,jeb-kr-amherst,8399c9b,1.0.0,13.753738,0.0892021656036377,0.006189823150634766,174.0,329.0,2018624,246912
KangarooTwelve,Hash-Nothing,2025-03-05,1.11.3,jeb-kr-amherst,8399c9b,1.0.0,13.7864,0.1261439323425293,0.00605010986328125,174.0,281.0,2018972,247168
KangarooTwelve,Hash-Nothing,2025-03-06,1.11.3,jeb-kr-amherst,8399c9b,1.0.0,13.69397,0.12025094032287598,0.005995035171508789,174.0,245.0,2007608,247032
KangarooTwelve,Hash-Nothing,2025-03-08,1.11.3,jeb-kr-amherst,8399c9b,1.0.0,13.609072,0.0846700668334961,0.006011962890625,174.0,334.0,2017084,246912
KangarooTwelve,Hash-Nothing,2025-03-09,1.11.3,jeb-kr-amherst,8399c9b,1.0.0,13.660187,0.11580896377563477,0.005975008010864258,174.0,247.0,2018600,247020
KangarooTwelve,Hash-Nothing,2025-03-10,1.11.3,jeb-kr-amherst,8399c9b,1.0.0,13.651637,0.08818507194519043,0.006024837493896484,174.0,330.0,2006092,246912
KangarooTwelve,Hash-Nothing,2025-03-11,1.11.3,jeb-kr-amherst,8399c9b,1.0.0,13.832336,0.08962392807006836,0.005987882614135742,174.0,325.0,2010396,246912
KangarooTwelve,Hash-Nothing,2025-03-12,1.11.3,jeb-kr-amherst,8399c9b,1.0.0,13.584036,0.12448000907897949,0.006026029586791992,174.0,241.0,2011196,247016
KangarooTwelve,Hash-Nothing,2025-03-13,1.11.3,jeb-kr-amherst,8399c9b,1.0.0,13.695456,0.08540797233581543,0.006003856658935547,174.0,333.0,2021100,246912
KangarooTwelve,Hash-Nothing,2025-03-14,1.11.3,jeb-kr-amherst,8399c9b,1.0.0,13.64082,0.08879399299621582,0.0061550140380859375,174.0,304.0,2012976,247424
KangarooTwelve,Hash-Nothing,2025-03-15,1.11.3,jeb-kr-amherst,8399c9b,1.0.0,13.611436,0.08487892150878906,0.0060350894927978516,174.0,335.0,2019680,247296
KangarooTwelve,Hash-Nothing,2025-03-16,1.11.3,jeb-kr-amherst,8399c9b,1.0.0,13.738408,0.08539795875549316,0.006018161773681641,173.0,333.0,2003408,246912
KangarooTwelve,Hash-Nothing,2025-03-17,1.11.3,jeb-kr-amherst,8399c9b,1.0.0,13.588255,0.08551597595214844,0.006019115447998047,174.0,333.0,2005692,247168
KangarooTwelve,Hash-Nothing,2025-03-18,1.11.3,jeb-kr-amherst,8399c9b,1.0.0,36.182871,0.21861004829406738,0.011750936508178711,144.0,130.0,2031920,247168
KangarooTwelve,Hash-Nothing,2025-03-19,1.11.3,jeb-kr-amherst,8399c9b,1.0.0,33.858342,0.1809830665588379,0.01343393325805664,155.0,140.0,2028512,247168
KangarooTwelve,Hash-Nothing,2025-03-20,1.11.4,jeb-kr-amherst,8399c9b,1.0.0,14.414567,0.14063310623168945,0.006111860275268555,175.0,243.0,2012392,247808
KangarooTwelve,Hash-Nothing,2025-03-21,1.11.4,jeb-kr-amherst,8399c9b,1.0.0,34.753203,0.17267513275146484,0.011216878890991211,167.0,154.0,2026352,248064
KangarooTwelve,Hash-Nothing,2025-03-22,1.11.4,jeb-kr-amherst,8399c9b,1.0.0,19.929084,0.16889595985412598,0.00859689712524414,170.0,231.0,2014736,247040
KangarooTwelve,Hash-Nothing,2025-03-23,1.11.4,jeb-kr-amherst,8399c9b,1.0.0,16.352134,0.1242830753326416,0.006155967712402344,175.0,239.0,2019024,248192
KangarooTwelve,Hash-Nothing,2025-03-24,1.11.4,jeb-kr-amherst,8399c9b,1.0.0,15.033338,0.10868215560913086,0.006350040435791016,176.0,307.0,2012840,248192
KangarooTwelve,Hash-Nothing,2025-03-25,1.11.4,jeb-kr-amherst,8399c9b,1.0.0,13.525217,0.08691596984863281,0.005984067916870117,175.0,333.0,2031700,247936
KangarooTwelve,Hash-Nothing,2025-03-26,1.11.4,jeb-kr-amherst,8399c9b,1.0.0,13.544566,0.0873560905456543,0.006146907806396484,174.0,332.0,2019816,247808
KangarooTwelve,Hash-Nothing,2025-03-27,1.11.4,jeb-kr-amherst,8399c9b,1.0.0,13.518944,0.08678388595581055,0.0059909820556640625,175.0,333.0,2013048,247664
KangarooTwelve,Hash-Nothing,2025-03-28,1.11.4,jeb-kr-amherst,8399c9b,1.0.0,13.519784,0.08542490005493164,0.006019115447998047,175.0,336.0,2017244,248064
KangarooTwelve,Hash-Nothing,2025-03-29,1.11.4,jeb-kr-amherst,8399c9b,1.0.0,13.522686,0.08533406257629395,0.005986928939819336,175.0,332.0,2018356,247796
KangarooTwelve,Hash-Nothing,2025-03-30,1.11.4,jeb-kr-amherst,8399c9b,1.0.0,13.545371,0.08884906768798828,0.006124019622802734,175.0,327.0,2027404,248064
KangarooTwelve,Hash-Nothing,2025-03-31,1.11.4,jeb-kr-amherst,8399c9b,1.0.0,13.484131,0.08752202987670898,0.006025075912475586,175.0,331.0,2020296,247680
KangarooTwelve,Hash-Nothing,2025-04-01,1.11.4,jeb-kr-amherst,8399c9b,1.0.0,13.509049,0.12512803077697754,0.005970954895019531,175.0,243.0,2018952,247936
KangarooTwelve,Hash-Nothing,2025-04-02,1.11.4,jeb-kr-amherst,8399c9b,1.0.0,13.492842,0.09021782875061035,0.006163120269775391,175.0,329.0,2011232,248064
KangarooTwelve,Hash-Nothing,2025-04-03,1.11.4,jeb-kr-amherst,8399c9b,1.0.0,13.515237,0.13144278526306152,0.005970001220703125,175.0,255.0,2030376,247936
KangarooTwelve,Hash-Nothing,2025-04-04,1.11.4,jeb-kr-amherst,8399c9b,1.0.0,13.432343,0.08571100234985352,0.029738903045654297,175.0,297.0,2018980,247552
KangarooTwelve,Hash-Nothing,2025-04-05,1.11.4,jeb-kr-amherst,8399c9b,1.0.0,13.486606,0.0877988338470459,0.006025075912475586,175.0,329.0,2016392,247680
KangarooTwelve,Hash-Nothing,2025-04-06,1.11.4,jeb-kr-amherst,8399c9b,1.0.0,13.442581,0.12659096717834473,0.005967140197753906,175.0,240.0,2018508,247916
KangarooTwelve,Hash-Nothing,2025-04-07,1.11.4,jeb-kr-amherst,8399c9b,1.0.0,13.419268,0.11225700378417969,0.007066011428833008,175.0,295.0,2009040,248064
KangarooTwelve,Hash-Nothing,2025-04-09,1.11.4,jeb-kr-amherst,8399c9b,1.0.0,13.485589,0.08693289756774902,0.005957126617431641,176.0,333.0,2007860,247552
KangarooTwelve,Hash-Nothing,2025-04-10,1.11.4,jeb-kr-amherst,8399c9b,1.0.0,13.43992,0.08904600143432617,0.006095170974731445,175.0,327.0,2017352,248064
KangarooTwelve,Hash-Nothing,2025-04-11,1.11.4,jeb-kr-amherst,8399c9b,1.0.0,13.506223,0.08528804779052734,0.005940914154052734,175.0,334.0,2028856,247808
KangarooTwelve,Hash-Nothing,2025-04-12,1.11.4,jeb-kr-amherst,8399c9b,1.0.0,13.580468,0.13564109802246094,0.005989789962768555,175.0,252.0,2017172,247936
KangarooTwelve,Hash-Nothing,2025-04-13,1.11.4,jeb-kr-amherst,8399c9b,1.0.0,34.89282,0.2700948715209961,0.014904022216796875,146.0,104.0,2029928,247936
KangarooTwelve,Hash-Nothing,2025-04-14,1.11.4,jeb-kr-amherst,8399c9b,1.0.0,14.194858,0.10674309730529785,0.00638580322265625,175.0,309.0,2017912,247936
KangarooTwelve,Hash-Nothing,2025-04-15,1.11.4,jeb-kr-amherst,8399c9b,1.0.0,14.604157,0.11127901077270508,0.0060269832611083984,176.0,264.0,2010936,247552
KangarooTwelve,Hash-Nothing,2025-04-16,1.11.4,jeb-kr-amherst,8399c9b,1.0.0,13.444277,0.08920717239379883,0.006166934967041016,175.0,327.0,2017440,248192
KangarooTwelve,Hash-Nothing,2025-04-17,1.11.4,jeb-kr-amherst,8399c9b,1.0.0,13.555846,0.08807611465454102,0.00599980354309082,176.0,329.0,2007988,247936
KangarooTwelve,Hash-Nothing,2025-04-18,1.11.4,jeb-kr-amherst,8399c9b,1.0.0,34.163387,0.2158830165863037,0.012866973876953125,147.0,116.0,2028968,247936
KangarooTwelve,Hash-Nothing,2025-04-19,1.11.4,jeb-kr-amherst,8399c9b,1.0.0,15.042604,0.1150519847869873,0.00644993782043457,171.0,285.0,2018428,247936
KangarooTwelve,Hash-Nothing,2025-04-20,1.11.5,jeb-kr-amherst,8399c9b,1.0.0,13.937493,0.12055611610412598,0.006086111068725586,179.0,245.0,2025580,249340
KangarooTwelve,Hash-Nothing,2025-04-21,1.11.5,jeb-kr-amherst,8399c9b,1.0.0,13.601133,0.13448405265808105,0.006078958511352539,177.0,269.0,2028900,249340
KangarooTwelve,Hash-Nothing,2025-04-22,1.11.5,jeb-kr-amherst,8399c9b,1.0.0,13.55509,0.09782910346984863,0.006021976470947266,178.0,305.0,2036208,249340
KangarooTwelve,Hash-Nothing,2025-04-23,1.11.5,jeb-kr-amherst,8399c9b,1.0.0,13.611026,0.11464405059814453,0.006062984466552734,177.0,251.0,2017852,249340
KangarooTwelve,Hash-Nothing,2025-04-24,1.11.5,jeb-kr-amherst,8399c9b,1.0.0,13.587138,0.10753083229064941,0.005988121032714844,177.0,260.0,2032896,249212
KangarooTwelve,Hash-Nothing,2025-04-25,1.11.5,jeb-kr-amherst,8399c9b,1.0.0,13.683898,0.11528706550598145,0.007148027420043945,177.0,293.0,2017812,249344
KangarooTwelve,Hash-Nothing,2025-04-26,1.11.5,jeb-kr-amherst,8399c9b,1.0.0,13.735139,0.13863706588745117,0.006003856658935547,177.0,266.0,2047964,249344
KangarooTwelve,Hash-Nothing,2025-04-27,1.11.5,jeb-kr-amherst,8399c9b,1.0.0,13.683274,0.1338498592376709,0.006740093231201172,177.0,237.0,2035788,249472
KangarooTwelve,Hash-Nothing,2025-04-28,1.11.5,jeb-kr-amherst,8399c9b,1.0.0,13.593466,0.1348710060119629,0.006018877029418945,178.0,253.0,2050084,248832
KangarooTwelve,Hash-Nothing,2025-04-29,1.11.5,jeb-kr-amherst,8399c9b,1.0.0,13.676668,0.11523890495300293,0.005994081497192383,177.0,252.0,2027540,248704
KangarooTwelve,Hash-Nothing,2025-04-30,1.11.5,jeb-kr-amherst,8399c9b,1.0.0,13.617128,0.12978100776672363,0.005994081497192383,178.0,240.0,2018728,249088
KangarooTwelve,Hash-Nothing,2025-05-01,1.11.5,jeb-kr-amherst,8399c9b,1.0.0,13.638373,0.11288809776306152,0.0060079097747802734,178.0,253.0,2020816,249336
KangarooTwelve,Hash-Nothing,2025-05-02,1.11.5,jeb-kr-amherst,8399c9b,1.0.0,33.056234,0.22785496711730957,0.010362863540649414,159.0,130.0,2046824,249316
KangarooTwelve,Hash-Nothing,2025-05-03,1.11.5,jeb-kr-amherst,8399c9b,1.0.0,14.148318,0.14832711219787598,0.0060350894927978516,177.0,260.0,2017836,248832
KangarooTwelve,Hash-Nothing,2025-05-04,1.11.5,jeb-kr-amherst,8399c9b,1.0.0,13.59758,0.13561201095581055,0.006011962890625,177.0,255.0,2046988,249340
KangarooTwelve,Hash-Nothing,2025-05-05,1.11.5,jeb-kr-amherst,8399c9b,1.0.0,32.760648,0.20755696296691895,0.011460065841674805,160.0,157.0,2034184,249216
KangarooTwelve,Hash-Nothing,2025-05-06,1.11.5,jeb-kr-amherst,8399c9b,1.0.0,32.531932,0.2304699420928955,0.012476205825805664,152.0,131.0,2029952,249208
KangarooTwelve,Hash-Nothing,2025-05-07,1.11.5,jeb-kr-amherst,8399c9b,1.0.0,15.007948,0.11998915672302246,0.0062448978424072266,178.0,252.0,2047136,249340
KangarooTwelve,Hash-Nothing,2025-05-08,1.11.5,jeb-kr-amherst,8399c9b,1.0.0,14.454929,0.10845708847045898,0.006259918212890625,176.0,309.0,2052144,249340
KangarooTwelve,Hash-Nothing,2025-05-09,1.11.5,jeb-kr-amherst,8399c9b,1.0.0,37.266591,0.23938202857971191,0.011550188064575195,165.0,96.0,2027716,249592
KangarooTwelve,Hash-Nothing,2025-05-10,1.11.5,jeb-kr-amherst,8399c9b,1.0.0,14.249993,0.13506007194519043,0.00602412223815918,175.0,239.0,2047252,249344
KangarooTwelve,Hash-Nothing,2025-05-11,1.11.5,jeb-kr-amherst,8399c9b,1.0.0,20.794897,0.1463170051574707,0.0071909427642822266,165.0,217.0,2028380,249340
KangarooTwelve,Hash-Nothing,2025-05-12,1.11.5,jeb-kr-amherst,8399c9b,1.0.0,14.291262,0.13115978240966797,0.006019115447998047,179.0,237.0,2052580,249060
KangarooTwelve,Hash-Nothing,2025-05-13,1.11.5,jeb-kr-amherst,8399c9b,1.0.0,13.604906,0.13224220275878906,0.005995988845825195,177.0,255.0,2014296,249208
KangarooTwelve,Hash-Nothing,2025-05-14,1.11.5,jeb-kr-amherst,8399c9b,1.0.0,13.555896,0.11645698547363281,0.007049083709716797,178.0,295.0,2035164,248832
KangarooTwelve,Hash-Nothing,2025-05-15,1.11.5,jeb-kr-amherst,8399c9b,1.0.0,35.144139,0.20002198219299316,0.011775016784667969,147.0,124.0,2057932,249208
KangarooTwelve,Hash-Nothing,2025-05-16,1.11.5,jeb-kr-amherst,8399c9b,1.0.0,36.808391,0.21314287185668945,0.010816097259521484,142.0,115.0,2062312,249600
KangarooTwelve,Hash-Nothing,2025-05-18,1.11.5,jeb-kr-amherst,8399c9b,1.0.0,13.644761,0.09270787239074707,0.0060291290283203125,178.0,324.0,2046916,249216
KangarooTwelve,Hash-Nothing,2025-05-19,1.11.5,jeb-kr-amherst,8399c9b,1.0.0,13.580614,0.09125900268554688,0.006439924240112305,177.0,327.0,2046076,248956
KangarooTwelve,Hash-Nothing,2025-05-20,1.11.5,jeb-kr-amherst,8399c9b,1.0.0,13.627184,0.11673688888549805,0.00711512565612793,177.0,292.0,2037584,249084
KangarooTwelve,Hash-Nothing,2025-05-21,1.11.5,jeb-kr-amherst,8399c9b,1.0.0,13.638767,0.10191106796264648,0.006342887878417969,178.0,275.0,2045916,249080
KangarooTwelve,Hash-Nothing,2025-05-23,1.11.5,jeb-kr-amherst,8399c9b,1.0.0,13.674292,0.1329660415649414,0.006021022796630859,178.0,271.0,2046632,248960
KangarooTwelve,Hash-Nothing,2025-05-24,1.11.5,jeb-kr-amherst,8399c9b,1.0.0,13.603713,0.14102602005004883,0.0060291290283203125,178.0,264.0,2045624,249216
KangarooTwelve,Hash-Nothing,2025-05-25,1.11.5,jeb-kr-amherst,8399c9b,1.0.0,13.590036,0.0910189151763916,0.006022214889526367,178.0,327.0,2052968,249344
KangarooTwelve,Hash-Nothing,2025-05-26,1.11.5,jeb-kr-amherst,8399c9b,1.0.0,13.571525,0.11074686050415039,0.005996227264404297,178.0,252.0,2036124,249084
KangarooTwelve,Hash-Nothing,2025-05-27,1.11.5,jeb-kr-amherst,8399c9b,1.0.0,13.601832,0.13273406028747559,0.006078958511352539,178.0,260.0,2046120,249336
KangarooTwelve,Hash-Nothing,2025-05-28,1.11.5,jeb-kr-amherst,8399c9b,1.0.0,13.660279,0.13361883163452148,0.00598597526550293,177.0,256.0,2034912,249216
KangarooTwelve,Hash-Nothing,2025-05-29,1.11.5,jeb-kr-amherst,8399c9b,1.0.0,13.55972,0.1292421817779541,0.006491899490356445,177.0,242.0,2018768,249212
KangarooTwelve,Hash-Nothing,2025-05-30,1.11.5,jeb-kr-amherst,8399c9b,1.0.0,13.612134,0.12125086784362793,0.006006002426147461,178.0,245.0,2017252,249344
KangarooTwelve,Hash-Nothing,2025-05-31,1.11.5,jeb-kr-amherst,8399c9b,1.0.0,13.625632,0.12517094612121582,0.0059909820556640625,178.0,245.0,2046528,249216
KangarooTwelve,Hash-Nothing,2025-06-01,1.11.5,jeb-kr-amherst,8399c9b,1.0.0,13.563063,0.09273600578308105,0.006188869476318359,177.0,321.0,2017856,249472
KangarooTwelve,Hash-Nothing,2025-06-02,1.11.5,jeb-kr-amherst,8399c9b,1.0.0,14.968596,0.13822484016418457,0.0059909820556640625,179.0,267.0,2047940,248960
KangarooTwelve,Hash-Nothing,2025-06-03,1.11.5,jeb-kr-amherst,8399c9b,1.0.0,13.680121,0.12024092674255371,0.005990028381347656,177.0,246.0,2037672,249336
KangarooTwelve,Hash-Nothing,2025-06-04,1.11.5,jeb-kr-amherst,8399c9b,1.0.0,13.719354,0.13207507133483887,0.006073951721191406,176.0,277.0,2027760,249468
KangarooTwelve,Hash-Nothing,2025-06-05,1.11.5,jeb-kr-amherst,8399c9b,1.0.0,13.67265,0.1295149326324463,0.006021976470947266,177.0,240.0,2019316,249344
KangarooTwelve,Hash-Nothing,2025-06-06,1.11.5,jeb-kr-amherst,8399c9b,1.0.0,13.472481,0.1368730068206787,0.0060689449310302734,178.0,237.0,2048036,249472
KangarooTwelve,Hash-Nothing,2025-06-07,1.11.5,jeb-kr-amherst,8399c9b,1.0.0,15.570567,0.13805699348449707,0.006118059158325195,181.0,233.0,2055100,249724
KangarooTwelve,Hash-Nothing,2025-06-08,1.11.5,jeb-kr-amherst,8399c9b,1.0.0,18.401582,0.1353151798248291,0.006412982940673828,167.0,227.0,2032116,249336
KangarooTwelve,Hash-Nothing,2025-06-09,1.11.5,jeb-kr-amherst,8399c9b,1.0.0,27.518884,0.12063384056091309,0.006283998489379883,187.0,270.0,2038856,248704
KangarooTwelve,Hash-Nothing,2025-06-10,1.11.5,jeb-kr-amherst,8399c9b,1.0.0,15.238417,0.134660005569458,0.006247997283935547,178.0,236.0,2054352,249216
KangarooTwelve,Hash-Nothing,2025-06-11,1.11.5,jeb-kr-amherst,8399c9b,1.0.0,13.988489,0.13861393928527832,0.006034135818481445,178.0,276.0,2048316,249088
KangarooTwelve,Hash-Nothing,2025-06-12,1.11.5,jeb-kr-amherst,8399c9b,1.0.0,13.623874,0.13177704811096191,0.006035804748535156,177.0,238.0,2044932,249208
KangarooTwelve,Hash-Nothing,2025-06-13,1.11.5,jeb-kr-amherst,8399c9b,1.0.0,13.586502,0.12630319595336914,0.005980014801025391,178.0,242.0,2038608,249344
KangarooTwelve,Hash-Nothing,2025-06-14,1.11.5,jeb-kr-amherst,8399c9b,1.0.0,13.650112,0.10338091850280762,0.006309986114501953,178.0,273.0,2016536,249468
KangarooTwelve,Hash-Nothing,2025-06-15,1.11.5,jeb-kr-amherst,8399c9b,1.0.0,13.689665,0.13304591178894043,0.00607609748840332,177.0,255.0,2048524,249472
KangarooTwelve,Hash-Nothing,2025-06-16,1.11.5,jeb-kr-amherst,8399c9b,1.0.0,13.555585,0.08880209922790527,0.006031990051269531,178.0,330.0,2016328,249460
KangarooTwelve,Hash-Nothing,2025-06-17,1.11.5,jeb-kr-amherst,8399c9b,1.0.0,13.48395,0.13505911827087402,0.006114959716796875,178.0,253.0,2016996,249216
KangarooTwelve,Hash-Nothing,2025-06-18,1.11.5,jeb-kr-amherst,8399c9b,1.0.0,14.063343,0.1440279483795166,0.006163120269775391,177.0,245.0,2036540,249336
KangarooTwelve,Hash-Nothing,2025-06-19,1.11.5,jeb-kr-amherst,8399c9b,1.0.0,13.588519,0.09259700775146484,0.006080150604248047,178.0,324.0,2021448,248960
KangarooTwelve,Hash-Nothing,2025-06-20,1.11.5,jeb-kr-amherst,8399c9b,1.0.0,13.633214,0.13826894760131836,0.006025075912475586,177.0,271.0,2021912,249344
KangarooTwelve,Hash-Nothing,2025-06-21,1.11.5,jeb-kr-amherst,8399c9b,1.0.0,15.399395,0.11413192749023438,0.006453037261962891,172.0,302.0,2027072,249212
KangarooTwelve,Hash-Nothing,2025-06-22,1.11.5,jeb-kr-amherst,8399c9b,1.0.0,13.653152,0.09091687202453613,0.006103992462158203,178.0,330.0,2043700,249344
KangarooTwelve,Hash-Nothing,2025-06-23,1.11.5,jeb-kr-amherst,8399c9b,1.0.0,13.674393,0.13105106353759766,0.006294965744018555,177.0,254.0,2017444,249468
KangarooTwelve,Hash-Nothing,2025-06-24,1.11.5,jeb-kr-amherst,8399c9b,1.0.0,13.686684,0.13467907905578613,0.006027936935424805,177.0,272.0,2045904,249084
KangarooTwelve,Hash-Nothing,2025-06-25,1.11.5,jeb-kr-amherst,8399c9b,1.0.0,36.478497,0.23337697982788086,0.013223886489868164,145.0,122.0,2053728,249464
KangarooTwelve,Hash-Nothing,2025-06-26,1.11.5,jeb-kr-amherst,8399c9b,1.0.0,18.026047,0.11282706260681152,0.006514072418212891,166.0,298.0,2055904,249216
KangarooTwelve,Hash-Nothing,2025-06-27,1.11.5,jeb-kr-amherst,8399c9b,1.0.0,16.421512,0.13602089881896973,0.006417989730834961,179.0,233.0,2046140,249344
KangarooTwelve,Hash-Nothing,2025-06-28,1.11.5,jeb-kr-amherst,8399c9b,1.0.0,14.100883,0.14079999923706055,0.006047964096069336,177.0,234.0,2038008,249596
KangarooTwelve,Hash-Nothing,2025-06-29,1.11.5,jeb-kr-amherst,8399c9b,1.0.0,13.590346,0.11972999572753906,0.006409168243408203,178.0,291.0,2003872,248448
KangarooTwelve,Hash-Nothing,2025-06-30,1.11.5,jeb-kr-amherst,8399c9b,1.0.0,13.696086,0.12374496459960938,0.005991935729980469,177.0,246.0,2041028,249072
KangarooTwelve,Hash-Nothing,2025-07-01,1.11.5,jeb-kr-amherst,8399c9b,1.0.0,14.019298,0.1278362274169922,0.006046772003173828,178.0,286.0,2037388,249468
KangarooTwelve,Hash-Nothing,2025-07-02,1.11.5,jeb-kr-amherst,8399c9b,1.0.0,13.69238,0.11814999580383301,0.0066149234771728516,178.0,291.0,2002008,249344
KangarooTwelve,Hash-Nothing,2025-07-03,1.11.5,jeb-kr-amherst,8399c9b,1.0.0,13.503803,0.13535284996032715,0.005999088287353516,178.0,237.0,2022720,249212
KangarooTwelve,Hash-Nothing,2025-07-04,1.11.5,jeb-kr-amherst,8399c9b,1.0.0,13.696057,0.13381004333496094,0.006044149398803711,177.0,238.0,2020780,249216
KangarooTwelve,Hash-Nothing,2025-07-05,1.11.5,jeb-kr-amherst,8399c9b,1.0.0,13.68519,0.09091401100158691,0.006043910980224609,177.0,326.0,2047992,249464
KangarooTwelve,Hash-Nothing,2025-07-06,1.11.5,jeb-kr-amherst,8399c9b,1.0.0,13.711738,0.09056901931762695,0.006049156188964844,177.0,329.0,2018820,249340
KangarooTwelve,Hash-Nothing,2025-07-07,1.11.5,jeb-kr-amherst,8399c9b,1.0.0,13.674428,0.13471293449401855,0.006040096282958984,177.0,239.0,2035388,249088
KangarooTwelve,Hash-Nothing,2025-07-08,1.11.5,jeb-kr-amherst,8399c9b,1.0.0,13.756551,0.13253307342529297,0.006028890609741211,177.0,257.0,2047872,249208
KangarooTwelve,Hash-Nothing,2025-07-09,1.11.5,jeb-kr-amherst,8399c9b,1.0.0,13.691112,0.11776494979858398,0.006966829299926758,177.0,292.0,2040472,248960
KangarooTwelve,Hash-Nothing,2025-07-10,1.11.5,jeb-kr-amherst,8399c9b,1.0.0,13.690714,0.13860583305358887,0.006244182586669922,177.0,252.0,2047156,249344
KangarooTwelve,Hash-Nothing,2025-07-11,1.11.5,jeb-kr-amherst,8399c9b,1.0.0,13.760153,0.13433098793029785,0.006021022796630859,177.0,254.0,2017656,249216
KangarooTwelve,Hash-Nothing,2025-07-12,1.11.5,jeb-kr-amherst,8399c9b,1.0.0,13.723605,0.11722993850708008,0.00604701042175293,177.0,250.0,2021720,249464
KangarooTwelve,Hash-Nothing,2025-07-13,1.11.5,jeb-kr-amherst,8399c9b,1.0.0,13.630419,0.13024401664733887,0.006165981292724609,178.0,239.0,2034180,249208
KangarooTwelve,Hash-Nothing,2025-07-14,1.11.5,jeb-kr-amherst,8399c9b,1.0.0,13.73925,0.1339881420135498,0.005975961685180664,177.0,255.0,2023408,249212
KangarooTwelve,Hash-Nothing,2025-07-15,1.11.5,jeb-kr-amherst,8399c9b,1.0.0,13.679026,0.12284612655639648,0.006192922592163086,177.0,288.0,2019064,248832
KangarooTwelve,Hash-Nothing,2025-07-16,1.11.5,jeb-kr-amherst,8399c9b,1.0.0,13.628832,0.13131499290466309,0.006031990051269531,177.0,272.0,2040316,249340
KangarooTwelve,Hash-Nothing,2025-07-17,1.11.5,jeb-kr-amherst,8399c9b,1.0.0,13.752345,0.09193015098571777,0.00619196891784668,177.0,326.0,2046012,249344
KangarooTwelve,Hash-Nothing,2025-07-18,1.11.5,jeb-kr-amherst,8399c9b,1.0.0,13.715023,0.12770509719848633,0.006000041961669922,178.0,243.0,2033892,249344
KangarooTwelve,Hash-Nothing,2025-07-19,1.11.5,jeb-kr-amherst,8399c9b,1.0.0,13.676551,0.12351107597351074,0.005995035171508789,177.0,244.0,2036632,249344
KangarooTwelve,Hash-Nothing,2025-10-13,1.12.0,jeb-kr-amherst,8399c9b,1.0.0,16.24906,0.07178497314453125,0.0002961158752441406,168.0,129.0,2129932,297028
KangarooTwelve,Hash-Nothing,2025-10-13,alpha,jeb-kr-amherst,8399c9b,1.0.0,16.354493,0.0688619613647461,0.0002980232238769531,168.0,130.0,2130716,296896
KangarooTwelve,Hash-Nothing,2025-10-13,lts,jeb-kr-amherst,8399c9b,1.0.0,14.753038,0.10102200508117676,0.004559040069580078,156.0,234.0,734060,269896
KangarooTwelve,Hash-Nothing,2025-10-13,nightly,jeb-kr-amherst,8399c9b,1.0.0,18.493994,0.08065199851989746,0.00031113624572753906,158.0,100.0,2497016,296536
KangarooTwelve,Hash-Nothing,2025-10-13,release,jeb-kr-amherst,8399c9b,1.0.0,16.528594,0.0731360912322998,0.0003330707550048828,169.0,129.0,2128720,296644
Krylov,Conjugate-Gradient-Solve,2025-10-15,1.12.0,jeb-kr-amherst,3004b15,0.10.1,8.922036,0.15117216110229492,1.4053759574890137,163.0,109.0,2139368,346792
Krylov,Conjugate-Gradient-Solve,2025-10-19,1.12.0,jeb-kr-amherst,3004b15,0.10.1,9.026961,0.14745688438415527,1.4329140186309814,166.0,109.0,2128520,345768
Krylov,Conjugate-Gradient-Solve,2025-10-23,1.12.0,jeb-kr-amherst,3004b15,0.10.1,8.881492,0.14690399169921875,1.4044430255889893,164.0,109.0,2125572,347116
Krylov,Conjugate-Gradient-Solve,2025-10-24,1.12.0,jeb-kr-amherst,3004b15,0.10.1,8.788566,0.14789509773254395,1.3986599445343018,163.0,109.0,2132768,346772
Krylov,Conjugate-Gradient-Solve,2025-10-25,1.12.1,jeb-kr-amherst,3004b15,0.10.1,8.924685,0.1541461944580078,1.4133188724517822,163.0,109.0,2083352,340068
Krylov,Conjugate-Gradient-Solve,2025-10-29,1.12.1,jeb-kr-amherst,3004b15,0.10.1,8.943889,0.15091800689697266,1.4112801551818848,163.0,109.0,2086024,341924
Krylov,Conjugate-Gradient-Solve,2025-11-02,1.12.1,jeb-kr-amherst,3004b15,0.10.1,8.9196,0.15152311325073242,1.3968288898468018,164.0,109.0,2087592,339996
Krylov,Conjugate-Gradient-Solve,2025-11-06,1.12.1,jeb-kr-amherst,3004b15,0.10.1,8.933948,0.14939212799072266,1.4138879776000977,163.0,109.0,2088712,339960
Krylov,Conjugate-Gradient-Solve,2025-11-10,1.12.1,jeb-kr-amherst,3004b15,0.10.1,8.915456,0.1543130874633789,1.4054880142211914,164.0,109.0,2088616,339876
Krylov,Conjugate-Gradient-Solve,2025-11-14,1.12.1,jeb-kr-amherst,3004b15,0.10.1,8.994711,0.14963507652282715,1.3908660411834717,164.0,109.0,2085992,340060
Krylov,Conjugate-Gradient-Solve,2025-11-18,1.12.1,jeb-kr-amherst,3004b15,0.10.1,9.011712,0.1499619483947754,1.3895089626312256,165.0,109.0,2087964,340256
Krylov,Conjugate-Gradient-Solve,2025-11-23,1.12.2,jeb-kr-amherst,3004b15,0.10.1,9.656453,0.15341997146606445,1.4238390922546387,163.0,109.0,2104576,346288
LoopVectorization,Dot-Product,2025-07-20,1.11.6,jeb-kr-amherst,3004b15,0.12.172,25.639978,0.2560749053955078,1.3043580055236816,187.0,128.0,2021028,316752
LoopVectorization,Dot-Product,2025-07-24,1.11.6,jeb-kr-amherst,3004b15,0.12.172,25.303466,0.2843899726867676,1.291166067123413,190.0,122.0,2026844,317348
LoopVectorization,Dot-Product,2025-07-28,1.11.6,jeb-kr-amherst,3004b15,0.12.172,25.366381,0.2968919277191162,1.2978951930999756,188.0,123.0,2026464,316884
LoopVectorization,Dot-Product,2025-08-01,1.11.6,jeb-kr-amherst,3004b15,0.12.172,25.441017,0.2801649570465088,1.2932970523834229,188.0,122.0,2023320,316952
LoopVectorization,Dot-Product,2025-08-06,1.11.6,jeb-kr-amherst,3004b15,0.12.172,25.474122,0.27137088775634766,1.2994670867919922,190.0,122.0,2035264,317480
LoopVectorization,Dot-Product,2025-08-10,1.11.6,jeb-kr-amherst,3004b15,0.12.172,25.270611,0.24379515647888184,1.2852199077606201,190.0,131.0,2034988,318976
LoopVectorization,Dot-Product,2025-08-14,1.11.6,jeb-kr-amherst,3004b15,0.12.172,25.487744,0.26732420921325684,1.3290259838104248,189.0,123.0,2018732,319864
LoopVectorization,Dot-Product,2025-08-18,1.11.6,jeb-kr-amherst,3004b15,0.12.172,25.204201,0.27730703353881836,1.2987849712371826,187.0,122.0,2037760,318832
LoopVectorization,Dot-Product,2025-08-22,1.11.6,jeb-kr-amherst,3004b15,0.12.172,26.987055,0.25895118713378906,1.3861668109893799,187.0,128.0,2036624,318700
LoopVectorization,Dot-Product,2025-08-26,1.11.6,jeb-kr-amherst,3004b15,0.12.172,25.378633,0.2738659381866455,1.2790729999542236,188.0,123.0,2035132,318244
LoopVectorization,Dot-Product,2025-08-30,1.11.6,jeb-kr-amherst,3004b15,0.12.172,25.255715,0.2752711772918701,1.2727079391479492,190.0,122.0,2041144,318440
LoopVectorization,Dot-Product,2025-09-03,1.11.6,jeb-kr-amherst,3004b15,0.12.172,25.469781,0.24594521522521973,1.288991928100586,188.0,131.0,2034980,318668
LoopVectorization,Dot-Product,2025-09-07,1.11.6,jeb-kr-amherst,3004b15,0.12.172,25.565152,0.2817199230194092,1.2875211238861084,189.0,122.0,2018376,318560
LoopVectorization,Dot-Product,2025-09-11,1.11.6,jeb-kr-amherst,3004b15,0.12.172,25.30687,0.26685595512390137,1.283064842224121,190.0,123.0,2037032,318788
LoopVectorization,Dot-Product,2025-09-15,1.11.6,jeb-kr-amherst,3004b15,0.12.172,25.563848,0.27107691764831543,1.289186954498291,189.0,129.0,2046060,318532
LoopVectorization,Dot-Product,2025-09-19,1.11.6,jeb-kr-amherst,3004b15,0.12.172,25.21219,0.2855100631713867,1.2994568347930908,190.0,122.0,2050584,318520
LoopVectorization,Dot-Product,2025-09-20,1.11.7,jeb-kr-amherst,3004b15,0.12.172,25.207827,0.27875304222106934,1.3038480281829834,190.0,122.0,2026532,323348
LoopVectorization,Dot-Product,2025-09-24,1.11.7,jeb-kr-amherst,3004b15,0.12.172,25.148699,0.2559020519256592,1.3102209568023682,187.0,126.0,2026020,323328
LoopVectorization,Dot-Product,2025-09-28,1.11.7,jeb-kr-amherst,3004b15,0.12.172,25.299222,0.28420495986938477,1.3013999462127686,189.0,124.0,2054292,323500
LoopVectorization,Dot-Product,2025-10-02,1.11.7,jeb-kr-amherst,3004b15,0.12.172,25.258091,0.2799849510192871,1.2951791286468506,191.0,122.0,2058148,323020
LoopVectorization,Dot-Product,2025-10-03,1.11.7,jeb-kr-amherst,3004b15,0.12.172,25.007898,0.2590000629425049,1.2983129024505615,189.0,122.0,2055740,323388
LoopVectorization,Dot-Product,2025-10-06,1.11.7,jeb-kr-amherst,3004b15,0.12.172,24.995653,0.27536606788635254,1.272718906402588,190.0,123.0,2054832,324676
LoopVectorization,Dot-Product,2025-10-10,1.11.7,jeb-kr-amherst,3004b15,0.12.172,25.433283,0.262423038482666,1.2705891132354736,188.0,123.0,2043248,324712
LoopVectorization,Dot-Product,2025-10-14,1.11.7,jeb-kr-amherst,3004b15,0.12.172,25.260877,0.2529139518737793,1.2912251949310303,189.0,123.0,2054788,324656
LoopVectorization,Dot-Product,2025-10-15,1.12.0,jeb-kr-amherst,3004b15,0.12.172,41.230591,0.283322811126709,0.8809220790863037,181.0,112.0,2133088,374572
LoopVectorization,Dot-Product,2025-10-19,1.12.0,jeb-kr-amherst,3004b15,0.12.172,41.031269,0.2666740417480469,0.8763720989227295,181.0,112.0,2125088,375024
LoopVectorization,Dot-Product,2025-10-23,1.12.0,jeb-kr-amherst,3004b15,0.12.172,40.700834,0.2727210521697998,0.8642370700836182,180.0,113.0,2127476,374716
LoopVectorization,Dot-Product,2025-10-24,1.12.0,jeb-kr-amherst,3004b15,0.12.172,42.339119,0.26935410499572754,0.8808670043945312,181.0,112.0,2129068,375276
LoopVectorization,Dot-Product,2025-10-25,1.12.1,jeb-kr-amherst,3004b15,0.12.172,41.282771,0.2647569179534912,0.8626880645751953,180.0,113.0,2086052,369564
LoopVectorization,Dot-Product,2025-10-29,1.12.1,jeb-kr-amherst,3004b15,0.12.172,40.91518,0.26229095458984375,0.8653721809387207,180.0,112.0,2101300,370168
LoopVectorization,Dot-Product,2025-11-02,1.12.1,jeb-kr-amherst,3004b15,0.12.172,41.037855,0.26787495613098145,0.8614020347595215,180.0,112.0,2084852,370040
LoopVectorization,Dot-Product,2025-11-06,1.12.1,jeb-kr-amherst,3004b15,0.12.172,40.829685,0.26977086067199707,0.866192102432251,180.0,112.0,2086732,370068
LoopVectorization,Dot-Product,2025-11-10,1.12.1,jeb-kr-amherst,3004b15,0.12.172,41.136679,0.2708301544189453,0.8722050189971924,180.0,112.0,2133680,369428
LoopVectorization,Dot-Product,2025-11-14,1.12.1,jeb-kr-amherst,3004b15,0.12.172,41.115679,0.2649369239807129,0.869563102722168,179.0,112.0,2095392,370260
LoopVectorization,Dot-Product,2025-11-18,1.12.1,jeb-kr-amherst,3004b15,0.12.172,41.299728,0.2740440368652344,0.8628990650177002,180.0,112.0,2136956,369700
LoopVectorization,Dot-Product,2025-11-23,1.12.2,jeb-kr-amherst,3004b15,0.12.172,43.505659,0.27256298065185547,0.8815720081329346,179.0,112.0,2105484,377124
Manifolds,Geodesic-On-Sphere,2025-07-20,1.11.6,jeb-kr-amherst,3004b15,0.10.23,24.165791,0.6359539031982422,0.5758390426635742,216.0,136.0,2023196,341952
Manifolds,Geodesic-On-Sphere,2025-07-24,1.11.6,jeb-kr-amherst,3004b15,0.10.23,24.319045,0.628591775894165,0.5765731334686279,217.0,130.0,2027880,342240
Manifolds,Geodesic-On-Sphere,2025-07-28,1.11.6,jeb-kr-amherst,3004b15,0.10.23,24.411702,0.6383330821990967,0.57669997215271,215.0,136.0,2034808,341312
Manifolds,Geodesic-On-Sphere,2025-08-01,1.11.6,jeb-kr-amherst,3004b15,0.10.23,24.48269,0.6088969707489014,0.5717439651489258,216.0,135.0,2034884,341576
Manifolds,Geodesic-On-Sphere,2025-08-06,1.11.6,jeb-kr-amherst,3004b15,0.10.23,24.266639,0.6356768608093262,0.5935790538787842,216.0,136.0,2038932,341432
Manifolds,Geodesic-On-Sphere,2025-08-10,1.11.6,jeb-kr-amherst,3004b15,0.10.23,24.139877,0.6441199779510498,0.6003968715667725,217.0,131.0,2032904,341392
Manifolds,Geodesic-On-Sphere,2025-08-14,1.11.6,jeb-kr-amherst,3004b15,0.10.23,24.244404,0.6039421558380127,0.5755288600921631,217.0,141.0,2035500,341588
Manifolds,Geodesic-On-Sphere,2025-08-18,1.11.6,jeb-kr-amherst,3004b15,0.10.23,24.200337,0.6054558753967285,0.5792191028594971,216.0,134.0,2033848,341864
Manifolds,Geodesic-On-Sphere,2025-08-22,1.11.6,jeb-kr-amherst,3004b15,0.10.23,31.864173,0.7202911376953125,0.6965749263763428,216.0,127.0,2025508,341836
Manifolds,Geodesic-On-Sphere,2025-08-26,1.11.6,jeb-kr-amherst,3004b15,0.10.23,24.584136,0.5978879928588867,0.574272871017456,217.0,141.0,2019444,341204
Manifolds,Geodesic-On-Sphere,2025-08-30,1.11.6,jeb-kr-amherst,3004b15,0.10.23,24.277979,0.594404935836792,0.5744311809539795,217.0,141.0,2035900,341932
Manifolds,Geodesic-On-Sphere,2025-09-03,1.11.6,jeb-kr-amherst,3004b15,0.10.23,24.167426,0.6330661773681641,0.5711770057678223,215.0,130.0,2019816,341784
Manifolds,Geodesic-On-Sphere,2025-09-07,1.11.6,jeb-kr-amherst,3004b15,0.10.23,24.37524,0.6105408668518066,0.5766210556030273,216.0,134.0,2036460,341892
Manifolds,Geodesic-On-Sphere,2025-09-11,1.11.6,jeb-kr-amherst,3004b15,0.10.23,24.34351,0.6402468681335449,0.5729260444641113,217.0,136.0,2021816,341728
Manifolds,Geodesic-On-Sphere,2025-09-15,1.11.6,jeb-kr-amherst,3004b15,0.10.23,24.112834,0.6064808368682861,0.5652871131896973,216.0,132.0,2034800,341444
Manifolds,Geodesic-On-Sphere,2025-09-19,1.11.6,jeb-kr-amherst,3004b15,0.10.23,24.350253,0.6043200492858887,0.5788090229034424,216.0,135.0,2027440,341984
Manifolds,Geodesic-On-Sphere,2025-09-20,1.11.7,jeb-kr-amherst,3004b15,0.10.23,23.725564,0.6051409244537354,0.5714550018310547,217.0,135.0,2028012,347568
Manifolds,Geodesic-On-Sphere,2025-09-24,1.11.7,jeb-kr-amherst,3004b15,0.10.23,23.859018,0.6356949806213379,0.5669310092926025,214.0,133.0,2054716,347744
Manifolds,Geodesic-On-Sphere,2025-09-28,1.11.7,jeb-kr-amherst,3004b15,0.10.23,23.988126,0.6271789073944092,0.5748870372772217,217.0,130.0,2043996,347808
Manifolds,Geodesic-On-Sphere,2025-10-02,1.11.7,jeb-kr-amherst,3004b15,0.10.23,24.084563,0.6105389595031738,0.5861129760742188,216.0,133.0,2049440,347460
Manifolds,Geodesic-On-Sphere,2025-10-03,1.11.7,jeb-kr-amherst,3004b15,0.10.23,23.870897,0.6315281391143799,0.5715720653533936,216.0,135.0,2055152,347620
Manifolds,Geodesic-On-Sphere,2025-10-06,1.11.7,jeb-kr-amherst,3004b15,0.10.23,23.976645,0.6064310073852539,0.5788769721984863,217.0,138.0,2055356,347188
Manifolds,Geodesic-On-Sphere,2025-10-10,1.11.7,jeb-kr-amherst,3004b15,0.10.23,24.052719,0.6411170959472656,0.5728609561920166,216.0,136.0,2028428,347512
Manifolds,Geodesic-On-Sphere,2025-10-14,1.11.7,jeb-kr-amherst,3004b15,0.10.23,24.383465,0.5970458984375,0.5922181606292725,218.0,141.0,2055912,347228
Manifolds,Geodesic-On-Sphere,2025-10-15,1.12.0,jeb-kr-amherst,3004b15,0.10.23,28.85876,0.6084339618682861,0.505587100982666,208.0,114.0,2129924,400576
Manifolds,Geodesic-On-Sphere,2025-10-19,1.12.0,jeb-kr-amherst,3004b15,0.10.23,27.914056,0.6038801670074463,0.497316837310791,205.0,114.0,2120196,400216
Manifolds,Geodesic-On-Sphere,2025-10-23,1.12.0,jeb-kr-amherst,3004b15,0.10.23,28.179568,0.6019790172576904,0.49235987663269043,206.0,114.0,2128572,400056
Manifolds,Geodesic-On-Sphere,2025-10-24,1.12.0,jeb-kr-amherst,3004b15,0.10.23,28.229364,0.5944759845733643,0.49349117279052734,206.0,114.0,2134640,400312
Manifolds,Geodesic-On-Sphere,2025-10-25,1.12.1,jeb-kr-amherst,3004b15,0.10.23,28.40929,0.6110630035400391,0.4817159175872803,205.0,114.0,2085768,399720
Manifolds,Geodesic-On-Sphere,2025-10-29,1.12.1,jeb-kr-amherst,3004b15,0.10.23,28.187498,0.6064491271972656,0.4934508800506592,204.0,114.0,2088744,396100
Manifolds,Geodesic-On-Sphere,2025-11-02,1.12.1,jeb-kr-amherst,3004b15,0.10.23,28.281326,0.6093449592590332,0.4929630756378174,205.0,114.0,2086256,397388
Manifolds,Geodesic-On-Sphere,2025-11-06,1.12.1,jeb-kr-amherst,3004b15,0.10.23,28.22884,0.609140157699585,0.502722978591919,206.0,114.0,2144284,396232
Manifolds,Geodesic-On-Sphere,2025-11-10,1.12.1,jeb-kr-amherst,3004b15,0.10.23,28.866721,0.6271328926086426,0.49533915519714355,207.0,117.0,2138284,401244
Manifolds,Geodesic-On-Sphere,2025-11-14,1.12.1,jeb-kr-amherst,3004b15,0.10.23,28.204332,0.5985848903656006,0.49173998832702637,205.0,114.0,2089420,396540
Manifolds,Geodesic-On-Sphere,2025-11-18,1.12.1,jeb-kr-amherst,3004b15,0.10.23,28.203692,0.6128270626068115,0.49681878089904785,206.0,114.0,2086396,397104
Manifolds,Geodesic-On-Sphere,2025-11-23,1.12.2,jeb-kr-amherst,3004b15,0.10.23,35.595677,0.6028661727905273,0.4873168468475342,211.0,114.0,2126856,402136
Measurements,Addition-With-Uncertainties,2025-07-20,1.11.6,jeb-kr-amherst,3004b15,2.14.0,1.422032,0.012224912643432617,0.07337808609008789,181.0,307.0,2022976,227712
Measurements,Addition-With-Uncertainties,2025-07-24,1.11.6,jeb-kr-amherst,3004b15,2.14.0,1.387392,0.012243032455444336,0.06407403945922852,182.0,352.0,2054000,226944
Measurements,Addition-With-Uncertainties,2025-07-28,1.11.6,jeb-kr-amherst,3004b15,2.14.0,1.39288,0.012458086013793945,0.06410384178161621,182.0,355.0,2037972,227708
Measurements,Addition-With-Uncertainties,2025-08-06,1.11.6,jeb-kr-amherst,3004b15,2.14.0,1.41185,0.012622833251953125,0.09814000129699707,183.0,253.0,2019192,227328
Measurements,Addition-With-Uncertainties,2025-08-10,1.11.6,jeb-kr-amherst,3004b15,2.14.0,1.420575,0.01258397102355957,0.08493995666503906,183.0,263.0,2017568,227328
Measurements,Addition-With-Uncertainties,2025-08-14,1.11.6,jeb-kr-amherst,3004b15,2.14.0,1.40935,0.013132810592651367,0.10655713081359863,182.0,252.0,2034928,227200
Measurements,Addition-With-Uncertainties,2025-08-18,1.11.6,jeb-kr-amherst,3004b15,2.14.0,1.408272,0.012601137161254883,0.10365605354309082,180.0,253.0,2049544,227200
Measurements,Addition-With-Uncertainties,2025-08-22,1.11.6,jeb-kr-amherst,3004b15,2.14.0,1.492825,0.014045000076293945,0.10599184036254883,171.0,248.0,2059008,227200
Measurements,Addition-With-Uncertainties,2025-08-26,1.11.6,jeb-kr-amherst,3004b15,2.14.0,1.390905,0.012350082397460938,0.09810400009155273,180.0,252.0,2054232,227456
Measurements,Addition-With-Uncertainties,2025-08-30,1.11.6,jeb-kr-amherst,3004b15,2.14.0,1.413555,0.012734174728393555,0.08588981628417969,182.0,262.0,2003204,227192
Measurements,Addition-With-Uncertainties,2025-09-03,1.11.6,jeb-kr-amherst,3004b15,2.14.0,1.426973,0.012743949890136719,0.06530618667602539,183.0,349.0,2026768,227584
Measurements,Addition-With-Uncertainties,2025-09-07,1.11.6,jeb-kr-amherst,3004b15,2.14.0,1.391567,0.012289047241210938,0.06396007537841797,180.0,312.0,2036440,227328
Measurements,Addition-With-Uncertainties,2025-09-11,1.11.6,jeb-kr-amherst,3004b15,2.14.0,1.414533,0.013290882110595703,0.06500101089477539,181.0,315.0,2024252,227456
Measurements,Addition-With-Uncertainties,2025-09-15,1.11.6,jeb-kr-amherst,3004b15,2.14.0,1.407477,0.012943029403686523,0.06973814964294434,182.0,323.0,2025440,227560
Measurements,Addition-With-Uncertainties,2025-09-19,1.11.6,jeb-kr-amherst,3004b15,2.14.0,1.388913,0.012820959091186523,0.10191202163696289,181.0,254.0,2050736,227576
Measurements,Addition-With-Uncertainties,2025-09-20,1.11.7,jeb-kr-amherst,3004b15,2.14.0,1.41277,0.012859106063842773,0.10415291786193848,182.0,262.0,2059664,233088
Measurements,Addition-With-Uncertainties,2025-09-24,1.11.7,jeb-kr-amherst,3004b15,2.14.0,1.375092,0.012674093246459961,0.06426191329956055,181.0,340.0,2055384,233344
Measurements,Addition-With-Uncertainties,2025-09-28,1.11.7,jeb-kr-amherst,3004b15,2.14.0,1.374029,0.012420892715454102,0.10614395141601562,183.0,277.0,2052096,233088
Measurements,Addition-With-Uncertainties,2025-10-02,1.11.7,jeb-kr-amherst,3004b15,2.14.0,1.39928,0.012465953826904297,0.06416010856628418,180.0,344.0,2054948,233196
Measurements,Addition-With-Uncertainties,2025-10-03,1.11.7,jeb-kr-amherst,3004b15,2.14.0,1.387179,0.012421846389770508,0.06426620483398438,179.0,343.0,2046632,233216
Measurements,Addition-With-Uncertainties,2025-10-06,1.11.7,jeb-kr-amherst,3004b15,2.14.0,1.388342,0.012786865234375,0.10234713554382324,183.0,246.0,2056264,233200
Measurements,Addition-With-Uncertainties,2025-10-10,1.11.7,jeb-kr-amherst,3004b15,2.14.0,1.385381,0.01254892349243164,0.07325196266174316,182.0,291.0,2024940,233344
Measurements,Addition-With-Uncertainties,2025-10-14,1.11.7,jeb-kr-amherst,3004b15,2.14.0,1.408458,0.01246500015258789,0.09689903259277344,181.0,248.0,2031768,233216
Measurements,Addition-With-Uncertainties,2025-10-15,1.12.0,jeb-kr-amherst,3004b15,2.14.0,1.225704,0.0082550048828125,0.06627511978149414,169.0,130.0,2124976,288316
Measurements,Addition-With-Uncertainties,2025-10-19,1.12.0,jeb-kr-amherst,3004b15,2.14.0,1.260039,0.008326053619384766,0.06756401062011719,170.0,129.0,2122728,287972
Measurements,Addition-With-Uncertainties,2025-10-23,1.12.0,jeb-kr-amherst,3004b15,2.14.0,1.249454,0.008243083953857422,0.06731486320495605,169.0,129.0,2126296,288312
Measurements,Addition-With-Uncertainties,2025-10-24,1.12.0,jeb-kr-amherst,3004b15,2.14.0,1.256188,0.008255958557128906,0.06671595573425293,169.0,129.0,2127712,288452
Measurements,Addition-With-Uncertainties,2025-10-25,1.12.1,jeb-kr-amherst,3004b15,2.14.0,1.255463,0.008926153182983398,0.07091093063354492,170.0,128.0,2088248,283976
Measurements,Addition-With-Uncertainties,2025-10-29,1.12.1,jeb-kr-amherst,3004b15,2.14.0,1.24938,0.00884103775024414,0.06717109680175781,171.0,129.0,2088220,283736
Measurements,Addition-With-Uncertainties,2025-11-02,1.12.1,jeb-kr-amherst,3004b15,2.14.0,1.247956,0.00835108757019043,0.06765890121459961,170.0,129.0,2089836,283376
Measurements,Addition-With-Uncertainties,2025-11-06,1.12.1,jeb-kr-amherst,3004b15,2.14.0,1.266018,0.008910894393920898,0.06664609909057617,171.0,130.0,2089496,283692
Measurements,Addition-With-Uncertainties,2025-11-10,1.12.1,jeb-kr-amherst,3004b15,2.14.0,1.260895,0.008894920349121094,0.06773710250854492,170.0,129.0,2137156,283484
Measurements,Addition-With-Uncertainties,2025-11-14,1.12.1,jeb-kr-amherst,3004b15,2.14.0,1.247484,0.008784055709838867,0.06732702255249023,169.0,129.0,2086536,283436
Measurements,Addition-With-Uncertainties,2025-11-18,1.12.1,jeb-kr-amherst,3004b15,2.14.0,1.25226,0.008369207382202148,0.06653189659118652,170.0,130.0,2088144,283096
Measurements,Addition-With-Uncertainties,2025-11-23,1.12.2,jeb-kr-amherst,3004b15,2.14.0,1.174374,0.009405136108398438,0.06761884689331055,168.0,128.0,2109276,289736
Mendeleev,Get-Properties-Of-A-Chemical-Element,2025-07-20,1.11.6,jeb-kr-amherst,3004b15,1.0.1,19.777768,0.2540719509124756,2.4390761852264404,171.0,116.0,2027416,316384
Mendeleev,Get-Properties-Of-A-Chemical-Element,2025-07-24,1.11.6,jeb-kr-amherst,3004b15,1.0.1,19.770294,0.23144292831420898,2.39410400390625,171.0,116.0,2043644,321872
Mendeleev,Get-Properties-Of-A-Chemical-Element,2025-07-28,1.11.6,jeb-kr-amherst,3004b15,1.0.1,20.288138,0.22679495811462402,2.443248987197876,173.0,116.0,2037108,323132
Mendeleev,Get-Properties-Of-A-Chemical-Element,2025-08-01,1.11.6,jeb-kr-amherst,3004b15,1.0.1,19.499372,0.24516701698303223,2.4123189449310303,172.0,115.0,2049864,320508
Mendeleev,Get-Properties-Of-A-Chemical-Element,2025-08-06,1.11.6,jeb-kr-amherst,3004b15,1.0.1,19.847424,0.25227999687194824,2.427649974822998,172.0,115.0,2036736,320780
Mendeleev,Get-Properties-Of-A-Chemical-Element,2025-08-10,1.11.6,jeb-kr-amherst,3004b15,1.0.1,19.816229,0.25502896308898926,2.4363811016082764,170.0,115.0,2035992,321660
Mendeleev,Get-Properties-Of-A-Chemical-Element,2025-08-14,1.11.6,jeb-kr-amherst,3004b15,1.0.1,19.63231,0.21961402893066406,2.4446020126342773,171.0,120.0,2036120,320900
Mendeleev,Get-Properties-Of-A-Chemical-Element,2025-08-18,1.11.6,jeb-kr-amherst,3004b15,1.0.1,19.95125,0.21702194213867188,2.428352117538452,171.0,117.0,2017628,320788
Mendeleev,Get-Properties-Of-A-Chemical-Element,2025-08-22,1.11.6,jeb-kr-amherst,3004b15,1.0.1,21.305849,0.24060583114624023,2.672619104385376,169.0,114.0,2032340,326268
Mendeleev,Get-Properties-Of-A-Chemical-Element,2025-08-26,1.11.6,jeb-kr-amherst,3004b15,1.0.1,19.813099,0.25743794441223145,2.4097530841827393,172.0,116.0,2038204,320044
Mendeleev,Get-Properties-Of-A-Chemical-Element,2025-08-30,1.11.6,jeb-kr-amherst,3004b15,1.0.1,20.205093,0.21712303161621094,2.5322680473327637,172.0,119.0,2021616,319772
Mendeleev,Get-Properties-Of-A-Chemical-Element,2025-09-03,1.11.6,jeb-kr-amherst,3004b15,1.0.1,19.679152,0.25611209869384766,2.474097967147827,171.0,116.0,2025688,321248
Mendeleev,Get-Properties-Of-A-Chemical-Element,2025-09-07,1.11.6,jeb-kr-amherst,3004b15,1.0.1,19.80848,0.24945688247680664,2.438908100128174,171.0,115.0,2036128,320672
Mendeleev,Get-Properties-Of-A-Chemical-Element,2025-09-11,1.11.6,jeb-kr-amherst,3004b15,1.0.1,19.622905,0.23069381713867188,2.4435150623321533,172.0,115.0,2023424,319988
Mendeleev,Get-Properties-Of-A-Chemical-Element,2025-09-15,1.11.6,jeb-kr-amherst,3004b15,1.0.1,19.610163,0.2259528636932373,2.4814140796661377,172.0,117.0,2023048,323652
Mendeleev,Get-Properties-Of-A-Chemical-Element,2025-09-19,1.11.6,jeb-kr-amherst,3004b15,1.0.1,19.727357,0.22272419929504395,2.46317982673645,172.0,120.0,2036468,321016
Mendeleev,Get-Properties-Of-A-Chemical-Element,2025-09-20,1.11.7,jeb-kr-amherst,3004b15,1.0.1,19.676561,0.25073695182800293,2.4181129932403564,172.0,115.0,2054584,326656
Mendeleev,Get-Properties-Of-A-Chemical-Element,2025-09-24,1.11.7,jeb-kr-amherst,3004b15,1.0.1,19.800545,0.22925209999084473,2.448715925216675,171.0,115.0,2025040,326748
Mendeleev,Get-Properties-Of-A-Chemical-Element,2025-09-28,1.11.7,jeb-kr-amherst,3004b15,1.0.1,19.784247,0.23314785957336426,2.4449961185455322,172.0,115.0,2051116,326872
Mendeleev,Get-Properties-Of-A-Chemical-Element,2025-10-02,1.11.7,jeb-kr-amherst,3004b15,1.0.1,19.733574,0.22246599197387695,2.4318618774414062,171.0,116.0,2045000,327244
Mendeleev,Get-Properties-Of-A-Chemical-Element,2025-10-03,1.11.7,jeb-kr-amherst,3004b15,1.0.1,19.821376,0.2223830223083496,2.4065489768981934,172.0,118.0,2026808,328200
Mendeleev,Get-Properties-Of-A-Chemical-Element,2025-10-06,1.11.7,jeb-kr-amherst,3004b15,1.0.1,19.572847,0.255342960357666,2.5095088481903076,171.0,114.0,2053820,328260
Mendeleev,Get-Properties-Of-A-Chemical-Element,2025-10-10,1.11.7,jeb-kr-amherst,3004b15,1.0.1,19.742314,0.2220478057861328,2.4856350421905518,172.0,117.0,2043000,327440
Mendeleev,Get-Properties-Of-A-Chemical-Element,2025-10-14,1.11.7,jeb-kr-amherst,3004b15,1.0.1,19.548953,0.2509949207305908,2.435514211654663,171.0,115.0,2042924,325368
Mendeleev,Get-Properties-Of-A-Chemical-Element,2025-10-15,1.12.0,jeb-kr-amherst,3004b15,1.0.1,21.162278,0.13851690292358398,3.008725166320801,163.0,109.0,2138288,395760
Mendeleev,Get-Properties-Of-A-Chemical-Element,2025-10-19,1.12.0,jeb-kr-amherst,3004b15,1.0.1,21.293367,0.14426183700561523,2.9759249687194824,162.0,109.0,2127024,395332
Mendeleev,Get-Properties-Of-A-Chemical-Element,2025-10-23,1.12.0,jeb-kr-amherst,3004b15,1.0.1,21.228891,0.13943696022033691,2.994040012359619,164.0,109.0,2128268,397708
Mendeleev,Get-Properties-Of-A-Chemical-Element,2025-10-24,1.12.0,jeb-kr-amherst,3004b15,1.0.1,21.171812,0.14098405838012695,3.0126829147338867,163.0,109.0,2137992,397684
Mendeleev,Get-Properties-Of-A-Chemical-Element,2025-10-25,1.12.1,jeb-kr-amherst,3004b15,1.0.1,21.978308,0.1516580581665039,3.055669069290161,166.0,107.0,2086456,395212
Mendeleev,Get-Properties-Of-A-Chemical-Element,2025-10-29,1.12.1,jeb-kr-amherst,3004b15,1.0.1,21.066411,0.14274311065673828,2.958876848220825,163.0,107.0,2087748,398268
Mendeleev,Get-Properties-Of-A-Chemical-Element,2025-11-02,1.12.1,jeb-kr-amherst,3004b15,1.0.1,21.132092,0.14717507362365723,3.0391860008239746,164.0,107.0,2085268,400472
Mendeleev,Get-Properties-Of-A-Chemical-Element,2025-11-06,1.12.1,jeb-kr-amherst,3004b15,1.0.1,20.858393,0.14463186264038086,2.9962592124938965,164.0,107.0,2088452,397284
Mendeleev,Get-Properties-Of-A-Chemical-Element,2025-11-10,1.12.1,jeb-kr-amherst,3004b15,1.0.1,21.254025,0.1447908878326416,2.972259998321533,164.0,107.0,2084136,396968
Mendeleev,Get-Properties-Of-A-Chemical-Element,2025-11-14,1.12.1,jeb-kr-amherst,3004b15,1.0.1,21.101847,0.14175701141357422,3.014785051345825,162.0,107.0,2086844,397532
Mendeleev,Get-Properties-Of-A-Chemical-Element,2025-11-18,1.12.1,jeb-kr-amherst,3004b15,1.0.1,21.085386,0.1407158374786377,2.9817919731140137,163.0,107.0,2085332,396488
Mendeleev,Get-Properties-Of-A-Chemical-Element,2025-11-23,1.12.2,jeb-kr-amherst,3004b15,1.0.1,21.811586,0.1456160545349121,2.9886789321899414,162.0,107.0,2106472,406068
Mendeleev,Get-Properties-Of-A-Chemical-Element,2023-12-31,1.10.0,jeb-kr-amherst,8399c9b,1.0.1,17.862167,0.2449359893798828,1.9687561988830566,137.0,121.0,671720,365936
Mendeleev,Get-Properties-Of-A-Chemical-Element,2024-01-01,1.10.0,jeb-kr-amherst,8399c9b,1.0.1,17.757769,0.2095191478729248,1.9613170623779297,137.0,122.0,684288,369864
Mendeleev,Get-Properties-Of-A-Chemical-Element,2024-01-02,1.10.0,jeb-kr-amherst,8399c9b,1.0.1,17.788583,0.24257802963256836,1.9668171405792236,138.0,121.0,681292,331204
Mendeleev,Get-Properties-Of-A-Chemical-Element,2024-01-03,1.10.0,jeb-kr-amherst,8399c9b,1.0.1,17.755401,0.20964598655700684,1.9433000087738037,137.0,123.0,681128,331500
Mendeleev,Get-Properties-Of-A-Chemical-Element,2024-01-04,1.10.0,jeb-kr-amherst,8399c9b,1.0.1,17.771058,0.2487030029296875,1.9535269737243652,138.0,120.0,686384,331312
Mendeleev,Get-Properties-Of-A-Chemical-Element,2024-01-05,1.10.0,jeb-kr-amherst,8399c9b,1.0.1,17.854844,0.2169198989868164,1.9592459201812744,137.0,118.0,686144,331424
Mendeleev,Get-Properties-Of-A-Chemical-Element,2024-01-06,1.10.0,jeb-kr-amherst,8399c9b,1.0.1,17.786279,0.24111104011535645,1.9395899772644043,137.0,121.0,695600,330932
Mendeleev,Get-Properties-Of-A-Chemical-Element,2024-01-07,1.10.0,jeb-kr-amherst,8399c9b,1.0.1,17.716885,0.2029249668121338,1.9496970176696777,138.0,123.0,691732,331332
Mendeleev,Get-Properties-Of-A-Chemical-Element,2024-01-08,1.10.0,jeb-kr-amherst,8399c9b,1.0.1,17.806509,0.24567294120788574,1.9434731006622314,137.0,116.0,692436,331856
Mendeleev,Get-Properties-Of-A-Chemical-Element,2024-01-09,1.10.0,jeb-kr-amherst,8399c9b,1.0.1,17.712897,0.20536398887634277,1.967444896697998,138.0,122.0,689528,331584
Mendeleev,Get-Properties-Of-A-Chemical-Element,2024-01-10,1.10.0,jeb-kr-amherst,8399c9b,1.0.1,17.827939,0.2031540870666504,1.9760758876800537,138.0,122.0,695916,331672
Mendeleev,Get-Properties-Of-A-Chemical-Element,2024-01-11,1.10.0,jeb-kr-amherst,8399c9b,1.0.1,17.789111,0.2034900188446045,1.9558029174804688,138.0,123.0,686888,331596
Mendeleev,Get-Properties-Of-A-Chemical-Element,2024-01-12,1.10.0,jeb-kr-amherst,8399c9b,1.0.1,17.752351,0.20341277122497559,1.9822320938110352,137.0,122.0,669672,365900
Mendeleev,Get-Properties-Of-A-Chemical-Element,2024-01-13,1.10.0,jeb-kr-amherst,8399c9b,1.0.1,17.839174,0.24350595474243164,1.9423151016235352,138.0,116.0,685360,331536
Mendeleev,Get-Properties-Of-A-Chemical-Element,2024-01-14,1.10.0,jeb-kr-amherst,8399c9b,1.0.1,18.314208,0.2664620876312256,1.9930150508880615,138.0,119.0,685800,331516
Mendeleev,Get-Properties-Of-A-Chemical-Element,2024-01-15,1.10.0,jeb-kr-amherst,8399c9b,1.0.1,17.694939,0.2135930061340332,1.965001106262207,138.0,122.0,692672,365648
Mendeleev,Get-Properties-Of-A-Chemical-Element,2024-01-16,1.10.0,jeb-kr-amherst,8399c9b,1.0.1,17.887901,0.20229506492614746,1.9566309452056885,138.0,122.0,683648,355312
Mendeleev,Get-Properties-Of-A-Chemical-Element,2024-01-17,1.10.0,jeb-kr-amherst,8399c9b,1.0.1,17.786131,0.24951601028442383,1.963888168334961,137.0,120.0,733992,331248
Mendeleev,Get-Properties-Of-A-Chemical-Element,2024-01-18,1.10.0,jeb-kr-amherst,8399c9b,1.0.1,17.707265,0.24779009819030762,1.9412140846252441,138.0,120.0,685652,331228
Mendeleev,Get-Properties-Of-A-Chemical-Element,2024-01-19,1.10.0,jeb-kr-amherst,8399c9b,1.0.1,17.748193,0.23874187469482422,1.9565551280975342,138.0,116.0,694448,331256
Mendeleev,Get-Properties-Of-A-Chemical-Element,2024-01-20,1.10.0,jeb-kr-amherst,8399c9b,1.0.1,17.877015,0.24529600143432617,1.9415769577026367,138.0,118.0,676676,338028
Mendeleev,Get-Properties-Of-A-Chemical-Element,2024-01-21,1.10.0,jeb-kr-amherst,8399c9b,1.0.1,17.813874,0.20468902587890625,1.9460787773132324,138.0,123.0,690152,331464
Mendeleev,Get-Properties-Of-A-Chemical-Element,2024-01-22,1.10.0,jeb-kr-amherst,8399c9b,1.0.1,17.770207,0.20998716354370117,1.9520878791809082,137.0,123.0,679804,331680
Mendeleev,Get-Properties-Of-A-Chemical-Element,2024-01-23,1.10.0,jeb-kr-amherst,8399c9b,1.0.1,17.748553,0.24538087844848633,1.9648151397705078,138.0,116.0,682516,331668
Mendeleev,Get-Properties-Of-A-Chemical-Element,2024-01-24,1.10.0,jeb-kr-amherst,8399c9b,1.0.1,17.732612,0.2500278949737549,1.9693830013275146,138.0,116.0,682304,329204
Mendeleev,Get-Properties-Of-A-Chemical-Element,2024-01-25,1.10.0,jeb-kr-amherst,8399c9b,1.0.1,17.804297,0.20916414260864258,1.9561560153961182,138.0,123.0,695648,331376
Mendeleev,Get-Properties-Of-A-Chemical-Element,2024-01-26,1.10.0,jeb-kr-amherst,8399c9b,1.0.1,17.706585,0.2192230224609375,1.9449338912963867,138.0,122.0,690256,331540
Mendeleev,Get-Properties-Of-A-Chemical-Element,2024-01-27,1.10.0,jeb-kr-amherst,8399c9b,1.0.1,17.76548,0.21382498741149902,1.9418911933898926,138.0,122.0,692036,331460
Mendeleev,Get-Properties-Of-A-Chemical-Element,2024-01-28,1.10.0,jeb-kr-amherst,8399c9b,1.0.1,17.716029,0.20320606231689453,1.956103801727295,138.0,123.0,693448,331508
Mendeleev,Get-Properties-Of-A-Chemical-Element,2024-01-29,1.10.0,jeb-kr-amherst,8399c9b,1.0.1,17.74174,0.24506688117980957,1.9435670375823975,138.0,116.0,688772,331468
Mendeleev,Get-Properties-Of-A-Chemical-Element,2024-01-30,1.10.0,jeb-kr-amherst,8399c9b,1.0.1,17.852147,0.2032170295715332,1.9473810195922852,137.0,122.0,701924,331488
Mendeleev,Get-Properties-Of-A-Chemical-Element,2024-01-31,1.10.0,jeb-kr-amherst,8399c9b,1.0.1,17.74268,0.20774507522583008,1.95576810836792,138.0,122.0,678260,331488
Mendeleev,Get-Properties-Of-A-Chemical-Element,2024-02-01,1.10.0,jeb-kr-amherst,8399c9b,1.0.1,17.727184,0.2054460048675537,1.9688189029693604,138.0,121.0,677212,355628
Mendeleev,Get-Properties-Of-A-Chemical-Element,2024-02-02,1.10.0,jeb-kr-amherst,8399c9b,1.0.1,17.720588,0.20726990699768066,1.968156099319458,138.0,121.0,679096,329296
Mendeleev,Get-Properties-Of-A-Chemical-Element,2024-02-03,1.10.0,jeb-kr-amherst,8399c9b,1.0.1,17.699122,0.20265507698059082,1.953974962234497,138.0,123.0,676108,331536
Mendeleev,Get-Properties-Of-A-Chemical-Element,2024-02-04,1.10.0,jeb-kr-amherst,8399c9b,1.0.1,17.825029,0.22552013397216797,1.9583258628845215,137.0,116.0,669868,331600
Mendeleev,Get-Properties-Of-A-Chemical-Element,2024-02-05,1.10.0,jeb-kr-amherst,8399c9b,1.0.1,17.830196,0.20378398895263672,1.9516940116882324,138.0,122.0,697540,331056
Mendeleev,Get-Properties-Of-A-Chemical-Element,2024-02-06,1.10.0,jeb-kr-amherst,8399c9b,1.0.1,17.775858,0.22189593315124512,1.9583420753479004,138.0,117.0,681636,331400
Mendeleev,Get-Properties-Of-A-Chemical-Element,2024-02-07,1.10.0,jeb-kr-amherst,8399c9b,1.0.1,17.77244,0.21835613250732422,1.9755477905273438,138.0,117.0,685168,365968
Mendeleev,Get-Properties-Of-A-Chemical-Element,2024-02-08,1.10.0,jeb-kr-amherst,8399c9b,1.0.1,17.793054,0.24356389045715332,1.954267978668213,138.0,118.0,734628,331124
Mendeleev,Get-Properties-Of-A-Chemical-Element,2024-02-09,1.10.0,jeb-kr-amherst,8399c9b,1.0.1,17.772863,0.2482919692993164,1.9713361263275146,138.0,117.0,684720,365228
Mendeleev,Get-Properties-Of-A-Chemical-Element,2024-02-10,1.10.0,jeb-kr-amherst,8399c9b,1.0.1,17.815053,0.20803403854370117,1.956845998764038,138.0,123.0,667228,331568
Mendeleev,Get-Properties-Of-A-Chemical-Element,2024-02-11,1.10.0,jeb-kr-amherst,8399c9b,1.0.1,17.735227,0.20531797409057617,1.9556491374969482,138.0,122.0,685304,329548
Mendeleev,Get-Properties-Of-A-Chemical-Element,2024-02-12,1.10.0,jeb-kr-amherst,8399c9b,1.0.1,17.749262,0.2347278594970703,1.9611141681671143,138.0,116.0,678664,331628
Mendeleev,Get-Properties-Of-A-Chemical-Element,2024-02-13,1.10.0,jeb-kr-amherst,8399c9b,1.0.1,17.718951,0.20330500602722168,1.9720571041107178,138.0,122.0,669008,365396
Mendeleev,Get-Properties-Of-A-Chemical-Element,2024-02-14,1.10.0,jeb-kr-amherst,8399c9b,1.0.1,17.923114,0.25710415840148926,2.4558000564575195,138.0,118.0,687936,330968
Mendeleev,Get-Properties-Of-A-Chemical-Element,2024-02-15,1.10.0,jeb-kr-amherst,8399c9b,1.0.1,21.580065,0.26671719551086426,2.479569911956787,141.0,118.0,682328,331416
Mendeleev,Get-Properties-Of-A-Chemical-Element,2024-02-16,1.10.0,jeb-kr-amherst,8399c9b,1.0.1,27.096147,0.31996893882751465,2.9636728763580322,134.0,111.0,683908,331208
Mendeleev,Get-Properties-Of-A-Chemical-Element,2024-02-17,1.10.0,jeb-kr-amherst,8399c9b,1.0.1,17.739473,0.21460604667663574,1.9571418762207031,138.0,122.0,696768,331556
Mendeleev,Get-Properties-Of-A-Chemical-Element,2024-02-18,1.10.0,jeb-kr-amherst,8399c9b,1.0.1,17.720829,0.20856904983520508,1.967771053314209,138.0,122.0,688432,331636
Mendeleev,Get-Properties-Of-A-Chemical-Element,2024-02-19,1.10.0,jeb-kr-amherst,8399c9b,1.0.1,31.43441,0.25070691108703613,2.3744590282440186,130.0,119.0,694044,330740
Mendeleev,Get-Properties-Of-A-Chemical-Element,2024-02-20,1.10.1,jeb-kr-amherst,8399c9b,1.0.1,22.396792,0.37772583961486816,3.2585291862487793,134.0,112.0,667300,322236
Mendeleev,Get-Properties-Of-A-Chemical-Element,2024-02-21,1.10.1,jeb-kr-amherst,8399c9b,1.0.1,17.70857,0.20567107200622559,1.9493720531463623,138.0,123.0,680260,362028
Mendeleev,Get-Properties-Of-A-Chemical-Element,2024-02-22,1.10.1,jeb-kr-amherst,8399c9b,1.0.1,17.798972,0.20116806030273438,1.9597179889678955,137.0,123.0,678972,357396
Mendeleev,Get-Properties-Of-A-Chemical-Element,2024-02-23,1.10.1,jeb-kr-amherst,8399c9b,1.0.1,17.729325,0.20325493812561035,1.9399731159210205,138.0,123.0,658540,322672
Mendeleev,Get-Properties-Of-A-Chemical-Element,2024-02-24,1.10.1,jeb-kr-amherst,8399c9b,1.0.1,17.728182,0.2050609588623047,1.9484429359436035,138.0,123.0,675336,362024
Mendeleev,Get-Properties-Of-A-Chemical-Element,2024-02-25,1.10.1,jeb-kr-amherst,8399c9b,1.0.1,17.719066,0.20826005935668945,1.984130859375,138.0,122.0,655056,400780
Mendeleev,Get-Properties-Of-A-Chemical-Element,2024-02-26,1.10.1,jeb-kr-amherst,8399c9b,1.0.1,17.690976,0.20692682266235352,1.9426121711730957,138.0,123.0,675428,329848
Mendeleev,Get-Properties-Of-A-Chemical-Element,2024-02-27,1.10.1,jeb-kr-amherst,8399c9b,1.0.1,17.795609,0.2383899688720703,1.9268221855163574,138.0,116.0,677796,323380
Mendeleev,Get-Properties-Of-A-Chemical-Element,2024-02-28,1.10.1,jeb-kr-amherst,8399c9b,1.0.1,17.699983,0.24364686012268066,1.9781701564788818,138.0,119.0,683760,357236
Mendeleev,Get-Properties-Of-A-Chemical-Element,2024-02-29,1.10.1,jeb-kr-amherst,8399c9b,1.0.1,17.786892,0.24402213096618652,1.9548039436340332,138.0,116.0,676644,323248
Mendeleev,Get-Properties-Of-A-Chemical-Element,2024-03-01,1.10.1,jeb-kr-amherst,8399c9b,1.0.1,17.833589,0.21230196952819824,1.9560019969940186,137.0,121.0,674132,357236
Mendeleev,Get-Properties-Of-A-Chemical-Element,2024-03-02,1.10.1,jeb-kr-amherst,8399c9b,1.0.1,17.854592,0.24677801132202148,1.943786859512329,138.0,116.0,672948,323220
Mendeleev,Get-Properties-Of-A-Chemical-Element,2024-03-03,1.10.1,jeb-kr-amherst,8399c9b,1.0.1,45.280857,0.506126880645752,4.764677047729492,120.0,100.0,685920,322904
Mendeleev,Get-Properties-Of-A-Chemical-Element,2024-03-04,1.10.1,jeb-kr-amherst,8399c9b,1.0.1,19.594904,0.27573299407958984,2.299527883529663,137.0,114.0,667664,361604
Mendeleev,Get-Properties-Of-A-Chemical-Element,2024-03-05,1.10.1,jeb-kr-amherst,8399c9b,1.0.1,20.721229,0.347883939743042,3.2544050216674805,137.0,107.0,683828,322640
Mendeleev,Get-Properties-Of-A-Chemical-Element,2024-03-06,1.10.1,jeb-kr-amherst,8399c9b,1.0.1,18.722772,0.26655101776123047,2.101045846939087,137.0,119.0,684132,402560
Mendeleev,Get-Properties-Of-A-Chemical-Element,2024-03-07,1.10.1,jeb-kr-amherst,8399c9b,1.0.1,18.552785,0.2378551959991455,1.9918179512023926,138.0,116.0,673412,322864
Mendeleev,Get-Properties-Of-A-Chemical-Element,2024-03-08,1.10.1,jeb-kr-amherst,8399c9b,1.0.1,18.680505,0.22422289848327637,2.046696186065674,137.0,122.0,684496,323496
Mendeleev,Get-Properties-Of-A-Chemical-Element,2024-03-09,1.10.1,jeb-kr-amherst,8399c9b,1.0.1,17.812341,0.21990084648132324,1.9713771343231201,138.0,119.0,683632,401500
Mendeleev,Get-Properties-Of-A-Chemical-Element,2024-03-10,1.10.2,jeb-kr-amherst,8399c9b,1.0.1,17.801701,0.19733619689941406,1.9542319774627686,138.0,123.0,691468,331336
Mendeleev,Get-Properties-Of-A-Chemical-Element,2024-03-11,1.10.2,jeb-kr-amherst,8399c9b,1.0.1,17.846433,0.23741602897644043,1.9739758968353271,138.0,121.0,678692,331008
Mendeleev,Get-Properties-Of-A-Chemical-Element,2024-03-12,1.10.2,jeb-kr-amherst,8399c9b,1.0.1,17.868887,0.22242093086242676,1.9673891067504883,138.0,116.0,688456,355776
Mendeleev,Get-Properties-Of-A-Chemical-Element,2024-03-13,1.10.2,jeb-kr-amherst,8399c9b,1.0.1,17.763206,0.24253296852111816,1.983936071395874,138.0,119.0,689928,369548
Mendeleev,Get-Properties-Of-A-Chemical-Element,2024-03-14,1.10.2,jeb-kr-amherst,8399c9b,1.0.1,17.643496,0.20385408401489258,1.942992925643921,138.0,123.0,685184,331244
Mendeleev,Get-Properties-Of-A-Chemical-Element,2024-03-15,1.10.2,jeb-kr-amherst,8399c9b,1.0.1,17.668935,0.24068880081176758,1.9498541355133057,138.0,119.0,690744,373920
Mendeleev,Get-Properties-Of-A-Chemical-Element,2024-03-16,1.10.2,jeb-kr-amherst,8399c9b,1.0.1,17.817951,0.24936318397521973,1.9600138664245605,137.0,118.0,674688,331152
Mendeleev,Get-Properties-Of-A-Chemical-Element,2024-03-17,1.10.2,jeb-kr-amherst,8399c9b,1.0.1,17.74236,0.19778108596801758,1.955495834350586,138.0,123.0,681620,331240
Mendeleev,Get-Properties-Of-A-Chemical-Element,2024-03-18,1.10.2,jeb-kr-amherst,8399c9b,1.0.1,17.673631,0.19866204261779785,1.9593768119812012,138.0,123.0,680068,331252
Mendeleev,Get-Properties-Of-A-Chemical-Element,2024-03-19,1.10.2,jeb-kr-amherst,8399c9b,1.0.1,17.922664,0.2441389560699463,1.9437830448150635,137.0,118.0,679652,331064
Mendeleev,Get-Properties-Of-A-Chemical-Element,2024-03-20,1.10.2,jeb-kr-amherst,8399c9b,1.0.1,17.693597,0.24277210235595703,1.9587578773498535,138.0,118.0,685352,331364
Mendeleev,Get-Properties-Of-A-Chemical-Element,2024-03-21,1.10.2,jeb-kr-amherst,8399c9b,1.0.1,17.704925,0.23150110244750977,1.9661738872528076,137.0,116.0,684068,330940
Mendeleev,Get-Properties-Of-A-Chemical-Element,2024-03-22,1.10.2,jeb-kr-amherst,8399c9b,1.0.1,17.698166,0.24214911460876465,1.9635288715362549,138.0,119.0,673916,355788
Mendeleev,Get-Properties-Of-A-Chemical-Element,2024-03-23,1.10.2,jeb-kr-amherst,8399c9b,1.0.1,17.690173,0.2017040252685547,1.9719469547271729,138.0,121.0,671976,369448
Mendeleev,Get-Properties-Of-A-Chemical-Element,2024-03-24,1.10.2,jeb-kr-amherst,8399c9b,1.0.1,18.012955,0.2395801544189453,1.9373400211334229,137.0,119.0,685992,330844
Mendeleev,Get-Properties-Of-A-Chemical-Element,2024-03-25,1.10.2,jeb-kr-amherst,8399c9b,1.0.1,17.797779,0.21506285667419434,1.9522230625152588,138.0,117.0,684804,331336
Mendeleev,Get-Properties-Of-A-Chemical-Element,2024-03-26,1.10.2,jeb-kr-amherst,8399c9b,1.0.1,17.737818,0.24797606468200684,1.9761590957641602,138.0,120.0,690008,409196
Mendeleev,Get-Properties-Of-A-Chemical-Element,2024-03-27,1.10.2,jeb-kr-amherst,8399c9b,1.0.1,17.72075,0.2031240463256836,1.9576749801635742,138.0,123.0,729500,331084
Mendeleev,Get-Properties-Of-A-Chemical-Element,2024-03-28,1.10.2,jeb-kr-amherst,8399c9b,1.0.1,18.418276,0.24552297592163086,1.97798490524292,136.0,116.0,672432,330356
Mendeleev,Get-Properties-Of-A-Chemical-Element,2024-03-29,1.10.2,jeb-kr-amherst,8399c9b,1.0.1,17.715132,0.1963491439819336,1.9666550159454346,138.0,122.0,685052,355432
Mendeleev,Get-Properties-Of-A-Chemical-Element,2024-03-30,1.10.2,jeb-kr-amherst,8399c9b,1.0.1,17.810111,0.202833890914917,1.9724509716033936,138.0,122.0,676124,355544
Mendeleev,Get-Properties-Of-A-Chemical-Element,2024-03-31,1.10.2,jeb-kr-amherst,8399c9b,1.0.1,17.748549,0.22330307960510254,1.9729399681091309,138.0,116.0,683732,374268
Mendeleev,Get-Properties-Of-A-Chemical-Element,2024-04-01,1.10.2,jeb-kr-amherst,8399c9b,1.0.1,17.7142,0.2431788444519043,1.9643340110778809,137.0,118.0,675776,331196
Mendeleev,Get-Properties-Of-A-Chemical-Element,2024-04-02,1.10.2,jeb-kr-amherst,8399c9b,1.0.1,17.736019,0.2483220100402832,1.9595201015472412,138.0,118.0,730384,331020
Mendeleev,Get-Properties-Of-A-Chemical-Element,2024-04-03,1.10.2,jeb-kr-amherst,8399c9b,1.0.1,17.663612,0.20447111129760742,1.9684019088745117,138.0,122.0,693260,355988
Mendeleev,Get-Properties-Of-A-Chemical-Element,2024-04-04,1.10.2,jeb-kr-amherst,8399c9b,1.0.1,17.817533,0.24688386917114258,1.9510869979858398,137.0,119.0,686384,331192
Mendeleev,Get-Properties-Of-A-Chemical-Element,2024-04-05,1.10.2,jeb-kr-amherst,8399c9b,1.0.1,17.722703,0.19931387901306152,1.9694299697875977,138.0,122.0,685320,369856
Mendeleev,Get-Properties-Of-A-Chemical-Element,2024-04-06,1.10.2,jeb-kr-amherst,8399c9b,1.0.1,17.710379,0.24200797080993652,1.9664640426635742,137.0,116.0,665484,331204
Mendeleev,Get-Properties-Of-A-Chemical-Element,2024-04-07,1.10.2,jeb-kr-amherst,8399c9b,1.0.1,18.479273,0.265531063079834,1.9883179664611816,136.0,119.0,679764,355536
Mendeleev,Get-Properties-Of-A-Chemical-Element,2024-04-08,1.10.2,jeb-kr-amherst,8399c9b,1.0.1,17.735929,0.20181608200073242,1.9486229419708252,138.0,121.0,675912,331336
Mendeleev,Get-Properties-Of-A-Chemical-Element,2024-04-09,1.10.2,jeb-kr-amherst,8399c9b,1.0.1,17.870641,0.1977701187133789,1.9750049114227295,137.0,122.0,665008,369708
Mendeleev,Get-Properties-Of-A-Chemical-Element,2024-04-10,1.10.2,jeb-kr-amherst,8399c9b,1.0.1,17.729143,0.20511698722839355,1.963986873626709,138.0,122.0,690116,331028
Mendeleev,Get-Properties-Of-A-Chemical-Element,2024-04-11,1.10.2,jeb-kr-amherst,8399c9b,1.0.1,17.735746,0.19837617874145508,1.942368984222412,138.0,123.0,727392,330952
Mendeleev,Get-Properties-Of-A-Chemical-Element,2024-04-12,1.10.2,jeb-kr-amherst,8399c9b,1.0.1,17.847885,0.20838212966918945,1.968073844909668,137.0,118.0,690596,331568
Mendeleev,Get-Properties-Of-A-Chemical-Element,2024-04-13,1.10.2,jeb-kr-amherst,8399c9b,1.0.1,17.811362,0.239699125289917,1.9720609188079834,137.0,116.0,682072,331256
Mendeleev,Get-Properties-Of-A-Chemical-Element,2024-04-14,1.10.2,jeb-kr-amherst,8399c9b,1.0.1,17.807653,0.22971105575561523,1.9634528160095215,138.0,116.0,690052,369296
Mendeleev,Get-Properties-Of-A-Chemical-Element,2024-04-15,1.10.2,jeb-kr-amherst,8399c9b,1.0.1,17.900653,0.21046710014343262,1.957798957824707,137.0,122.0,691348,331216
Mendeleev,Get-Properties-Of-A-Chemical-Element,2024-04-16,1.10.2,jeb-kr-amherst,8399c9b,1.0.1,17.806474,0.20288300514221191,1.9653370380401611,138.0,120.0,712688,374168
Mendeleev,Get-Properties-Of-A-Chemical-Element,2024-04-17,1.10.2,jeb-kr-amherst,8399c9b,1.0.1,17.848001,0.2035071849822998,1.97369384765625,137.0,122.0,691848,369724
Mendeleev,Get-Properties-Of-A-Chemical-Element,2024-04-18,1.10.2,jeb-kr-amherst,8399c9b,1.0.1,17.816052,0.2189009189605713,1.9438140392303467,137.0,116.0,683808,331264
Mendeleev,Get-Properties-Of-A-Chemical-Element,2024-04-19,1.10.2,jeb-kr-amherst,8399c9b,1.0.1,17.709796,0.24061799049377441,1.9623000621795654,137.0,119.0,709184,356080
Mendeleev,Get-Properties-Of-A-Chemical-Element,2024-04-20,1.10.2,jeb-kr-amherst,8399c9b,1.0.1,45.308214,0.48398900032043457,4.667160987854004,121.0,103.0,688200,331524
Mendeleev,Get-Properties-Of-A-Chemical-Element,2024-04-21,1.10.2,jeb-kr-amherst,8399c9b,1.0.1,22.959473,0.3172898292541504,2.748887062072754,133.0,109.0,688600,330960
Mendeleev,Get-Properties-Of-A-Chemical-Element,2024-04-22,1.10.2,jeb-kr-amherst,8399c9b,1.0.1,42.682666,0.44756603240966797,4.53538703918457,124.0,102.0,693692,330908
Mendeleev,Get-Properties-Of-A-Chemical-Element,2024-04-23,1.10.2,jeb-kr-amherst,8399c9b,1.0.1,20.338654,0.2586801052093506,2.2350828647613525,137.0,114.0,689800,337472
Mendeleev,Get-Properties-Of-A-Chemical-Element,2024-04-24,1.10.2,jeb-kr-amherst,8399c9b,1.0.1,19.245346,0.23290514945983887,2.1339240074157715,136.0,121.0,679256,331308
Mendeleev,Get-Properties-Of-A-Chemical-Element,2024-04-25,1.10.2,jeb-kr-amherst,8399c9b,1.0.1,19.247283,0.23563694953918457,2.162822961807251,136.0,118.0,692468,355300
Mendeleev,Get-Properties-Of-A-Chemical-Element,2024-04-26,1.10.2,jeb-kr-amherst,8399c9b,1.0.1,19.43505,0.24048709869384766,2.1276400089263916,135.0,121.0,676672,331384
Mendeleev,Get-Properties-Of-A-Chemical-Element,2024-04-27,1.10.2,jeb-kr-amherst,8399c9b,1.0.1,19.505946,0.23450589179992676,2.157238006591797,136.0,119.0,665012,337112
Mendeleev,Get-Properties-Of-A-Chemical-Element,2024-04-28,1.10.2,jeb-kr-amherst,8399c9b,1.0.1,18.493202,0.2216639518737793,2.0302329063415527,137.0,122.0,689724,331576
Mendeleev,Get-Properties-Of-A-Chemical-Element,2024-04-29,1.10.2,jeb-kr-amherst,8399c9b,1.0.1,19.247052,0.21886301040649414,2.146462917327881,136.0,121.0,725340,330704
Mendeleev,Get-Properties-Of-A-Chemical-Element,2024-04-30,1.10.2,jeb-kr-amherst,8399c9b,1.0.1,17.763406,0.23607897758483887,1.9522249698638916,138.0,116.0,730268,330804
Mendeleev,Get-Properties-Of-A-Chemical-Element,2024-05-01,1.10.2,jeb-kr-amherst,8399c9b,1.0.1,17.813203,0.2032451629638672,1.9565958976745605,138.0,122.0,698916,365372
Mendeleev,Get-Properties-Of-A-Chemical-Element,2024-05-02,1.10.2,jeb-kr-amherst,8399c9b,1.0.1,17.800098,0.2042219638824463,1.9669809341430664,137.0,122.0,691584,374060
Mendeleev,Get-Properties-Of-A-Chemical-Element,2024-05-03,1.10.2,jeb-kr-amherst,8399c9b,1.0.1,17.777867,0.2348799705505371,1.963602066040039,138.0,116.0,683120,337144
Mendeleev,Get-Properties-Of-A-Chemical-Element,2024-05-04,1.10.2,jeb-kr-amherst,8399c9b,1.0.1,17.889712,0.22118496894836426,1.972109079360962,138.0,117.0,678756,331132
Mendeleev,Get-Properties-Of-A-Chemical-Element,2024-05-05,1.10.2,jeb-kr-amherst,8399c9b,1.0.1,18.28255,0.26551008224487305,2.0112969875335693,136.0,120.0,687084,330888
Mendeleev,Get-Properties-Of-A-Chemical-Element,2024-05-06,1.10.2,jeb-kr-amherst,8399c9b,1.0.1,17.696117,0.24249601364135742,1.976651906967163,137.0,116.0,690684,400504
Mendeleev,Get-Properties-Of-A-Chemical-Element,2024-05-07,1.10.2,jeb-kr-amherst,8399c9b,1.0.1,43.375493,0.4288671016693115,4.638514995574951,125.0,103.0,667664,355948
Mendeleev,Get-Properties-Of-A-Chemical-Element,2024-05-08,1.10.2,jeb-kr-amherst,8399c9b,1.0.1,29.937107,0.2734510898590088,2.4926109313964844,135.0,112.0,684116,365312
Mendeleev,Get-Properties-Of-A-Chemical-Element,2024-05-09,1.10.2,jeb-kr-amherst,8399c9b,1.0.1,22.759341,0.3045530319213867,2.4722819328308105,134.0,111.0,689636,330772
Mendeleev,Get-Properties-Of-A-Chemical-Element,2024-05-10,1.10.3,jeb-kr-amherst,8399c9b,1.0.1,19.353528,0.23158717155456543,2.1116979122161865,136.0,121.0,673384,374076
Mendeleev,Get-Properties-Of-A-Chemical-Element,2024-05-11,1.10.3,jeb-kr-amherst,8399c9b,1.0.1,18.441197,0.2522609233856201,2.004495143890381,137.0,120.0,680556,335556
Mendeleev,Get-Properties-Of-A-Chemical-Element,2024-05-12,1.10.3,jeb-kr-amherst,8399c9b,1.0.1,18.277741,0.25528597831726074,1.997788906097412,137.0,116.0,693768,378556
Mendeleev,Get-Properties-Of-A-Chemical-Element,2024-05-13,1.10.3,jeb-kr-amherst,8399c9b,1.0.1,17.815675,0.2505500316619873,1.9499919414520264,137.0,117.0,692828,335708
Mendeleev,Get-Properties-Of-A-Chemical-Element,2024-05-14,1.10.3,jeb-kr-amherst,8399c9b,1.0.1,17.833823,0.20752596855163574,1.9516279697418213,137.0,121.0,697820,335448
Mendeleev,Get-Properties-Of-A-Chemical-Element,2024-05-15,1.10.3,jeb-kr-amherst,8399c9b,1.0.1,17.870243,0.24718880653381348,1.9465610980987549,138.0,116.0,698092,335672
Mendeleev,Get-Properties-Of-A-Chemical-Element,2024-05-16,1.10.3,jeb-kr-amherst,8399c9b,1.0.1,17.779157,0.2242600917816162,1.9491989612579346,138.0,116.0,680172,335316
Mendeleev,Get-Properties-Of-A-Chemical-Element,2024-05-17,1.10.3,jeb-kr-amherst,8399c9b,1.0.1,17.743469,0.24227595329284668,1.9567420482635498,138.0,121.0,679184,335616
Mendeleev,Get-Properties-Of-A-Chemical-Element,2024-05-18,1.10.3,jeb-kr-amherst,8399c9b,1.0.1,44.605401,0.4381999969482422,4.768837213516235,124.0,103.0,697560,335400
Mendeleev,Get-Properties-Of-A-Chemical-Element,2024-05-19,1.10.3,jeb-kr-amherst,8399c9b,1.0.1,22.208788,0.24239897727966309,2.360058069229126,139.0,119.0,690412,335620
Mendeleev,Get-Properties-Of-A-Chemical-Element,2024-05-20,1.10.3,jeb-kr-amherst,8399c9b,1.0.1,19.731346,0.2372119426727295,2.16001296043396,137.0,121.0,695520,335640
Mendeleev,Get-Properties-Of-A-Chemical-Element,2024-05-21,1.10.3,jeb-kr-amherst,8399c9b,1.0.1,18.434751,0.22400498390197754,2.029068946838379,137.0,122.0,670148,335444
Mendeleev,Get-Properties-Of-A-Chemical-Element,2024-05-22,1.10.3,jeb-kr-amherst,8399c9b,1.0.1,17.835201,0.23213505744934082,1.95707106590271,137.0,116.0,687724,335660
Mendeleev,Get-Properties-Of-A-Chemical-Element,2024-05-23,1.10.3,jeb-kr-amherst,8399c9b,1.0.1,17.858229,0.24592208862304688,1.9465599060058594,138.0,116.0,683788,335664
Mendeleev,Get-Properties-Of-A-Chemical-Element,2024-05-24,1.10.3,jeb-kr-amherst,8399c9b,1.0.1,17.81699,0.24576711654663086,1.9516658782958984,137.0,116.0,688480,359996
Mendeleev,Get-Properties-Of-A-Chemical-Element,2024-05-25,1.10.3,jeb-kr-amherst,8399c9b,1.0.1,17.882989,0.20470905303955078,1.9774048328399658,137.0,122.0,691852,413968
Mendeleev,Get-Properties-Of-A-Chemical-Element,2024-05-26,1.10.3,jeb-kr-amherst,8399c9b,1.0.1,17.771297,0.20836806297302246,1.9496328830718994,137.0,122.0,686984,335496
Mendeleev,Get-Properties-Of-A-Chemical-Element,2024-05-27,1.10.3,jeb-kr-amherst,8399c9b,1.0.1,17.747404,0.2041339874267578,1.9505760669708252,138.0,123.0,691188,334904
Mendeleev,Get-Properties-Of-A-Chemical-Element,2024-05-28,1.10.3,jeb-kr-amherst,8399c9b,1.0.1,17.750675,0.21135187149047852,1.9463279247283936,138.0,122.0,694424,335184
Mendeleev,Get-Properties-Of-A-Chemical-Element,2024-05-29,1.10.3,jeb-kr-amherst,8399c9b,1.0.1,17.781484,0.2500309944152832,1.9462878704071045,137.0,119.0,686988,335408
Mendeleev,Get-Properties-Of-A-Chemical-Element,2024-05-30,1.10.3,jeb-kr-amherst,8399c9b,1.0.1,17.787288,0.24149084091186523,1.9564869403839111,137.0,119.0,694756,335400
Mendeleev,Get-Properties-Of-A-Chemical-Element,2024-05-31,1.10.3,jeb-kr-amherst,8399c9b,1.0.1,17.797603,0.20817184448242188,1.9531910419464111,138.0,122.0,695036,336020
Mendeleev,Get-Properties-Of-A-Chemical-Element,2024-06-01,1.10.3,jeb-kr-amherst,8399c9b,1.0.1,17.818314,0.24501895904541016,1.942289113998413,137.0,116.0,666192,335428
Mendeleev,Get-Properties-Of-A-Chemical-Element,2024-06-02,1.10.3,jeb-kr-amherst,8399c9b,1.0.1,17.810597,0.2398519515991211,1.9529800415039062,137.0,121.0,730704,335596
Mendeleev,Get-Properties-Of-A-Chemical-Element,2024-06-03,1.10.3,jeb-kr-amherst,8399c9b,1.0.1,17.828398,0.2513890266418457,1.9497489929199219,137.0,116.0,692676,335676
Mendeleev,Get-Properties-Of-A-Chemical-Element,2024-06-04,1.10.3,jeb-kr-amherst,8399c9b,1.0.1,17.809786,0.22853708267211914,1.9476559162139893,137.0,116.0,697164,335764
Mendeleev,Get-Properties-Of-A-Chemical-Element,2024-06-05,1.10.3,jeb-kr-amherst,8399c9b,1.0.1,17.88268,0.23391008377075195,1.948822021484375,138.0,116.0,672996,374004
Mendeleev,Get-Properties-Of-A-Chemical-Element,2024-06-06,1.10.3,jeb-kr-amherst,8399c9b,1.0.1,18.444357,0.2302398681640625,2.0146241188049316,136.0,121.0,688044,335476
Mendeleev,Get-Properties-Of-A-Chemical-Element,2024-06-07,1.10.3,jeb-kr-amherst,8399c9b,1.0.1,17.795333,0.24582695960998535,1.9403679370880127,137.0,116.0,693400,359704
Mendeleev,Get-Properties-Of-A-Chemical-Element,2024-06-08,1.10.3,jeb-kr-amherst,8399c9b,1.0.1,17.730007,0.21016502380371094,1.952491044998169,138.0,122.0,691560,335380
Mendeleev,Get-Properties-Of-A-Chemical-Element,2024-06-09,1.10.3,jeb-kr-amherst,8399c9b,1.0.1,17.800348,0.24730610847473145,1.9438819885253906,137.0,116.0,669940,335500
Mendeleev,Get-Properties-Of-A-Chemical-Element,2024-06-10,1.10.4,jeb-kr-amherst,8399c9b,1.0.1,17.762057,0.24271607398986816,1.96828293800354,138.0,116.0,688708,368856
Mendeleev,Get-Properties-Of-A-Chemical-Element,2024-06-11,1.10.4,jeb-kr-amherst,8399c9b,1.0.1,17.955113,0.22144293785095215,1.9905970096588135,137.0,118.0,693980,359256
Mendeleev,Get-Properties-Of-A-Chemical-Element,2024-06-12,1.10.4,jeb-kr-amherst,8399c9b,1.0.1,17.793502,0.21651101112365723,1.9944438934326172,138.0,117.0,687868,404484
Mendeleev,Get-Properties-Of-A-Chemical-Element,2024-06-13,1.10.4,jeb-kr-amherst,8399c9b,1.0.1,17.851432,0.2026841640472412,1.9752678871154785,137.0,121.0,693704,372996
Mendeleev,Get-Properties-Of-A-Chemical-Element,2024-06-14,1.10.4,jeb-kr-amherst,8399c9b,1.0.1,17.879829,0.204146146774292,1.9403018951416016,137.0,123.0,682704,335088
Mendeleev,Get-Properties-Of-A-Chemical-Element,2024-06-15,1.10.4,jeb-kr-amherst,8399c9b,1.0.1,17.820343,0.20867204666137695,1.9761810302734375,138.0,121.0,694400,373652
Mendeleev,Get-Properties-Of-A-Chemical-Element,2024-06-16,1.10.4,jeb-kr-amherst,8399c9b,1.0.1,17.85473,0.20435023307800293,1.9694268703460693,137.0,122.0,695256,369068
Mendeleev,Get-Properties-Of-A-Chemical-Element,2024-06-17,1.10.4,jeb-kr-amherst,8399c9b,1.0.1,17.910066,0.24588799476623535,1.9597830772399902,137.0,116.0,683440,334744
Mendeleev,Get-Properties-Of-A-Chemical-Element,2024-06-18,1.10.4,jeb-kr-amherst,8399c9b,1.0.1,17.831333,0.22287797927856445,1.9678950309753418,137.0,118.0,690416,373880
Mendeleev,Get-Properties-Of-A-Chemical-Element,2024-06-19,1.10.4,jeb-kr-amherst,8399c9b,1.0.1,17.832733,0.2076568603515625,1.953768014907837,138.0,122.0,690364,334632
Mendeleev,Get-Properties-Of-A-Chemical-Element,2024-06-20,1.10.4,jeb-kr-amherst,8399c9b,1.0.1,17.919467,0.2549319267272949,1.9697201251983643,137.0,119.0,690564,369144
Mendeleev,Get-Properties-Of-A-Chemical-Element,2024-06-21,1.10.4,jeb-kr-amherst,8399c9b,1.0.1,17.870788,0.20843100547790527,1.9511780738830566,137.0,122.0,693248,335220
Mendeleev,Get-Properties-Of-A-Chemical-Element,2024-06-22,1.10.4,jeb-kr-amherst,8399c9b,1.0.1,17.837491,0.22694802284240723,1.9767310619354248,137.0,116.0,675992,369052
Mendeleev,Get-Properties-Of-A-Chemical-Element,2024-06-23,1.10.4,jeb-kr-amherst,8399c9b,1.0.1,17.96868,0.20586109161376953,1.9404549598693848,137.0,123.0,734132,334708
Mendeleev,Get-Properties-Of-A-Chemical-Element,2024-06-24,1.10.4,jeb-kr-amherst,8399c9b,1.0.1,18.300136,0.23376202583312988,1.999480962753296,138.0,116.0,676256,334864
Mendeleev,Get-Properties-Of-A-Chemical-Element,2024-06-25,1.10.4,jeb-kr-amherst,8399c9b,1.0.1,17.852983,0.20676279067993164,1.9510672092437744,137.0,121.0,687268,334428
Mendeleev,Get-Properties-Of-A-Chemical-Element,2024-06-26,1.10.4,jeb-kr-amherst,8399c9b,1.0.1,17.844779,0.21301794052124023,1.938359022140503,138.0,123.0,676592,335260
Mendeleev,Get-Properties-Of-A-Chemical-Element,2024-06-27,1.10.4,jeb-kr-amherst,8399c9b,1.0.1,17.769055,0.2495110034942627,1.9578959941864014,138.0,116.0,682444,334836
Mendeleev,Get-Properties-Of-A-Chemical-Element,2024-06-28,1.10.4,jeb-kr-amherst,8399c9b,1.0.1,17.868522,0.25082921981811523,1.947840929031372,137.0,119.0,690988,334868
Mendeleev,Get-Properties-Of-A-Chemical-Element,2024-06-29,1.10.4,jeb-kr-amherst,8399c9b,1.0.1,17.90292,0.24988484382629395,1.9485721588134766,137.0,119.0,667528,342048
Mendeleev,Get-Properties-Of-A-Chemical-Element,2024-06-30,1.10.4,jeb-kr-amherst,8399c9b,1.0.1,17.835503,0.2404022216796875,1.9535558223724365,138.0,116.0,691412,334732
Mendeleev,Get-Properties-Of-A-Chemical-Element,2024-07-01,1.10.4,jeb-kr-amherst,8399c9b,1.0.1,17.812206,0.20427918434143066,1.9615368843078613,138.0,121.0,687228,334956
Mendeleev,Get-Properties-Of-A-Chemical-Element,2024-07-02,1.10.4,jeb-kr-amherst,8399c9b,1.0.1,17.843343,0.2450549602508545,1.9622600078582764,138.0,116.0,694228,373012
Mendeleev,Get-Properties-Of-A-Chemical-Element,2024-07-03,1.10.4,jeb-kr-amherst,8399c9b,1.0.1,17.837105,0.205902099609375,1.961352825164795,137.0,121.0,666080,334828
Mendeleev,Get-Properties-Of-A-Chemical-Element,2024-07-04,1.10.4,jeb-kr-amherst,8399c9b,1.0.1,17.941996,0.21348214149475098,1.9719200134277344,137.0,118.0,687800,369260
Mendeleev,Get-Properties-Of-A-Chemical-Element,2024-07-05,1.10.4,jeb-kr-amherst,8399c9b,1.0.1,17.807445,0.20180583000183105,1.9680759906768799,138.0,122.0,684044,369312
Mendeleev,Get-Properties-Of-A-Chemical-Element,2024-07-06,1.10.4,jeb-kr-amherst,8399c9b,1.0.1,17.847806,0.24808216094970703,1.9899749755859375,138.0,117.0,669780,369084
Mendeleev,Get-Properties-Of-A-Chemical-Element,2024-07-07,1.10.4,jeb-kr-amherst,8399c9b,1.0.1,17.828829,0.20574498176574707,1.9738619327545166,138.0,122.0,676476,368832
Mendeleev,Get-Properties-Of-A-Chemical-Element,2024-07-08,1.10.4,jeb-kr-amherst,8399c9b,1.0.1,17.919668,0.21304082870483398,1.9547810554504395,137.0,120.0,689364,335252
Mendeleev,Get-Properties-Of-A-Chemical-Element,2024-07-09,1.10.4,jeb-kr-amherst,8399c9b,1.0.1,17.915598,0.22637605667114258,1.9608349800109863,137.0,117.0,670396,334912
Mendeleev,Get-Properties-Of-A-Chemical-Element,2024-07-10,1.10.4,jeb-kr-amherst,8399c9b,1.0.1,17.87709,0.216400146484375,1.9634079933166504,138.0,118.0,694468,373508
Mendeleev,Get-Properties-Of-A-Chemical-Element,2024-07-11,1.10.4,jeb-kr-amherst,8399c9b,1.0.1,17.817881,0.23649287223815918,1.9642081260681152,137.0,116.0,693708,334808
Mendeleev,Get-Properties-Of-A-Chemical-Element,2024-07-12,1.10.4,jeb-kr-amherst,8399c9b,1.0.1,17.801935,0.22294998168945312,1.9571218490600586,138.0,118.0,688416,335140
Mendeleev,Get-Properties-Of-A-Chemical-Element,2024-07-13,1.10.4,jeb-kr-amherst,8399c9b,1.0.1,17.850786,0.21855401992797852,1.9494578838348389,137.0,119.0,694124,334840
Mendeleev,Get-Properties-Of-A-Chemical-Element,2024-07-14,1.10.4,jeb-kr-amherst,8399c9b,1.0.1,17.817034,0.22211503982543945,1.9713799953460693,137.0,117.0,686792,377888
Mendeleev,Get-Properties-Of-A-Chemical-Element,2024-07-15,1.10.4,jeb-kr-amherst,8399c9b,1.0.1,17.967577,0.2245008945465088,1.946256160736084,137.0,116.0,687900,341696
Mendeleev,Get-Properties-Of-A-Chemical-Element,2024-07-16,1.10.4,jeb-kr-amherst,8399c9b,1.0.1,17.832497,0.21013307571411133,1.9601140022277832,138.0,122.0,691144,334952
Mendeleev,Get-Properties-Of-A-Chemical-Element,2024-07-17,1.10.4,jeb-kr-amherst,8399c9b,1.0.1,17.893641,0.2027130126953125,1.9572689533233643,138.0,122.0,714396,335032
Mendeleev,Get-Properties-Of-A-Chemical-Element,2024-07-18,1.10.4,jeb-kr-amherst,8399c9b,1.0.1,17.856903,0.20858192443847656,1.9624550342559814,138.0,122.0,679252,373512
Mendeleev,Get-Properties-Of-A-Chemical-Element,2024-07-19,1.10.4,jeb-kr-amherst,8399c9b,1.0.1,17.92256,0.20434808731079102,1.9712729454040527,138.0,122.0,686552,334996
Mendeleev,Get-Properties-Of-A-Chemical-Element,2024-07-20,1.10.4,jeb-kr-amherst,8399c9b,1.0.1,17.872222,0.23420119285583496,1.9645428657531738,138.0,116.0,682056,334580
Mendeleev,Get-Properties-Of-A-Chemical-Element,2024-07-21,1.10.4,jeb-kr-amherst,8399c9b,1.0.1,17.833574,0.24500703811645508,1.9529798030853271,138.0,120.0,689552,335080
Mendeleev,Get-Properties-Of-A-Chemical-Element,2024-07-22,1.10.4,jeb-kr-amherst,8399c9b,1.0.1,18.469897,0.22956204414367676,1.9994277954101562,137.0,122.0,679916,334816
Mendeleev,Get-Properties-Of-A-Chemical-Element,2024-07-23,1.10.4,jeb-kr-amherst,8399c9b,1.0.1,17.990902,0.24073410034179688,1.956747055053711,137.0,116.0,669600,334716
Mendeleev,Get-Properties-Of-A-Chemical-Element,2024-07-24,1.10.4,jeb-kr-amherst,8399c9b,1.0.1,17.876703,0.24634194374084473,1.9707441329956055,138.0,116.0,694596,334816
Mendeleev,Get-Properties-Of-A-Chemical-Element,2024-07-25,1.10.4,jeb-kr-amherst,8399c9b,1.0.1,17.898836,0.20572900772094727,1.9592530727386475,138.0,121.0,692944,335168
Mendeleev,Get-Properties-Of-A-Chemical-Element,2024-07-26,1.10.4,jeb-kr-amherst,8399c9b,1.0.1,17.81417,0.23849201202392578,1.9414401054382324,137.0,116.0,689840,334612
Mendeleev,Get-Properties-Of-A-Chemical-Element,2024-07-27,1.10.4,jeb-kr-amherst,8399c9b,1.0.1,17.948403,0.201768159866333,1.9559550285339355,138.0,123.0,670588,334860
Mendeleev,Get-Properties-Of-A-Chemical-Element,2024-07-28,1.10.4,jeb-kr-amherst,8399c9b,1.0.1,17.850606,0.2493429183959961,1.9538800716400146,138.0,116.0,669880,335140
Mendeleev,Get-Properties-Of-A-Chemical-Element,2024-07-29,1.10.4,jeb-kr-amherst,8399c9b,1.0.1,17.838415,0.20282602310180664,1.964263916015625,137.0,122.0,690608,334576
Mendeleev,Get-Properties-Of-A-Chemical-Element,2024-07-30,1.10.4,jeb-kr-amherst,8399c9b,1.0.1,18.268309,0.2534618377685547,2.0095510482788086,137.0,116.0,689632,369032
Mendeleev,Get-Properties-Of-A-Chemical-Element,2024-07-31,1.10.4,jeb-kr-amherst,8399c9b,1.0.1,17.906309,0.20313405990600586,1.9670610427856445,138.0,122.0,690448,335268
Mendeleev,Get-Properties-Of-A-Chemical-Element,2024-08-01,1.10.4,jeb-kr-amherst,8399c9b,1.0.1,17.793682,0.22148609161376953,1.9559879302978516,138.0,117.0,694888,377780
Mendeleev,Get-Properties-Of-A-Chemical-Element,2024-08-02,1.10.4,jeb-kr-amherst,8399c9b,1.0.1,17.94178,0.261044979095459,2.017987012863159,138.0,117.0,698436,335220
Mendeleev,Get-Properties-Of-A-Chemical-Element,2024-08-03,1.10.4,jeb-kr-amherst,8399c9b,1.0.1,17.89813,0.24915814399719238,1.9585528373718262,137.0,119.0,694784,334628
Mendeleev,Get-Properties-Of-A-Chemical-Element,2024-08-04,1.10.4,jeb-kr-amherst,8399c9b,1.0.1,17.898517,0.20392894744873047,1.9622230529785156,137.0,122.0,693872,334984
Mendeleev,Get-Properties-Of-A-Chemical-Element,2024-08-05,1.10.4,jeb-kr-amherst,8399c9b,1.0.1,17.928303,0.20445990562438965,1.9928851127624512,138.0,122.0,688404,373456
Mendeleev,Get-Properties-Of-A-Chemical-Element,2024-08-06,1.10.4,jeb-kr-amherst,8399c9b,1.0.1,17.865577,0.22261691093444824,1.9589879512786865,138.0,116.0,679688,334820
Mendeleev,Get-Properties-Of-A-Chemical-Element,2024-08-07,1.10.4,jeb-kr-amherst,8399c9b,1.0.1,17.933755,0.24848008155822754,1.9563510417938232,137.0,116.0,695608,334620
Mendeleev,Get-Properties-Of-A-Chemical-Element,2024-08-08,1.10.4,jeb-kr-amherst,8399c9b,1.0.1,17.86499,0.21720099449157715,1.9701039791107178,137.0,118.0,680692,334668
Mendeleev,Get-Properties-Of-A-Chemical-Element,2024-08-09,1.10.4,jeb-kr-amherst,8399c9b,1.0.1,17.920843,0.23606395721435547,1.949141025543213,137.0,116.0,765288,335428
Mendeleev,Get-Properties-Of-A-Chemical-Element,2024-08-10,1.10.4,jeb-kr-amherst,8399c9b,1.0.1,17.857216,0.25650596618652344,1.9553210735321045,138.0,118.0,683856,335216
Mendeleev,Get-Properties-Of-A-Chemical-Element,2024-08-11,1.10.4,jeb-kr-amherst,8399c9b,1.0.1,17.926982,0.22396302223205566,1.9636118412017822,137.0,117.0,669956,373376
Mendeleev,Get-Properties-Of-A-Chemical-Element,2024-08-12,1.10.4,jeb-kr-amherst,8399c9b,1.0.1,17.885673,0.20809602737426758,1.961256980895996,138.0,121.0,666784,373276
Mendeleev,Get-Properties-Of-A-Chemical-Element,2024-08-13,1.10.4,jeb-kr-amherst,8399c9b,1.0.1,17.835493,0.24709796905517578,1.9664080142974854,138.0,117.0,670336,358744
Mendeleev,Get-Properties-Of-A-Chemical-Element,2024-08-14,1.10.4,jeb-kr-amherst,8399c9b,1.0.1,17.984245,0.24557113647460938,1.962980031967163,137.0,121.0,686152,335060
Mendeleev,Get-Properties-Of-A-Chemical-Element,2024-08-15,1.10.4,jeb-kr-amherst,8399c9b,1.0.1,17.965331,0.2205660343170166,1.9617729187011719,138.0,117.0,694560,335200
Mendeleev,Get-Properties-Of-A-Chemical-Element,2024-08-16,1.10.4,jeb-kr-amherst,8399c9b,1.0.1,17.884157,0.20858407020568848,1.9649930000305176,137.0,122.0,691656,335228
Mendeleev,Get-Properties-Of-A-Chemical-Element,2024-08-17,1.10.4,jeb-kr-amherst,8399c9b,1.0.1,17.850124,0.23177719116210938,1.9436888694763184,138.0,116.0,690544,334840
Mendeleev,Get-Properties-Of-A-Chemical-Element,2024-08-18,1.10.4,jeb-kr-amherst,8399c9b,1.0.1,17.887235,0.20960187911987305,1.9510509967803955,138.0,120.0,685112,335092
Mendeleev,Get-Properties-Of-A-Chemical-Element,2024-08-19,1.10.4,jeb-kr-amherst,8399c9b,1.0.1,17.861209,0.20815110206604004,1.9437429904937744,137.0,123.0,693128,335312
Mendeleev,Get-Properties-Of-A-Chemical-Element,2024-08-20,1.10.4,jeb-kr-amherst,8399c9b,1.0.1,17.885324,0.2473130226135254,1.9959640502929688,137.0,117.0,693980,415052
Mendeleev,Get-Properties-Of-A-Chemical-Element,2024-08-21,1.10.4,jeb-kr-amherst,8399c9b,1.0.1,17.802338,0.2032461166381836,1.974195957183838,138.0,122.0,691936,368620
Mendeleev,Get-Properties-Of-A-Chemical-Element,2024-08-22,1.10.4,jeb-kr-amherst,8399c9b,1.0.1,17.899305,0.2216169834136963,1.9716389179229736,138.0,117.0,669316,373424
Mendeleev,Get-Properties-Of-A-Chemical-Element,2024-08-23,1.10.4,jeb-kr-amherst,8399c9b,1.0.1,17.882738,0.2082979679107666,1.958082914352417,137.0,122.0,692496,334724
Mendeleev,Get-Properties-Of-A-Chemical-Element,2024-08-24,1.10.4,jeb-kr-amherst,8399c9b,1.0.1,17.861733,0.21892189979553223,1.9618301391601562,137.0,119.0,670076,335004
Mendeleev,Get-Properties-Of-A-Chemical-Element,2024-08-25,1.10.4,jeb-kr-amherst,8399c9b,1.0.1,17.777684,0.23927903175354004,1.9622828960418701,138.0,116.0,734688,373588
Mendeleev,Get-Properties-Of-A-Chemical-Element,2024-08-26,1.10.4,jeb-kr-amherst,8399c9b,1.0.1,18.235698,0.24764800071716309,1.9644970893859863,138.0,116.0,689312,373504
Mendeleev,Get-Properties-Of-A-Chemical-Element,2024-08-27,1.10.4,jeb-kr-amherst,8399c9b,1.0.1,17.861804,0.20381689071655273,1.9527111053466797,137.0,123.0,694256,334988
Mendeleev,Get-Properties-Of-A-Chemical-Element,2024-08-28,1.10.4,jeb-kr-amherst,8399c9b,1.0.1,17.880197,0.2120680809020996,1.9714269638061523,138.0,119.0,669500,359132
Mendeleev,Get-Properties-Of-A-Chemical-Element,2024-08-29,1.10.4,jeb-kr-amherst,8399c9b,1.0.1,17.881859,0.20891690254211426,1.9512841701507568,137.0,122.0,727052,334848
Mendeleev,Get-Properties-Of-A-Chemical-Element,2024-08-30,1.10.5,jeb-kr-amherst,8399c9b,1.0.1,17.880094,0.23588800430297852,1.9553768634796143,138.0,116.0,691028,335968
Mendeleev,Get-Properties-Of-A-Chemical-Element,2024-08-31,1.10.5,jeb-kr-amherst,8399c9b,1.0.1,18.069093,0.2466728687286377,1.955665111541748,137.0,118.0,691640,336464
Mendeleev,Get-Properties-Of-A-Chemical-Element,2024-09-01,1.10.5,jeb-kr-amherst,8399c9b,1.0.1,17.935696,0.24505615234375,1.9677369594573975,137.0,116.0,704024,371016
Mendeleev,Get-Properties-Of-A-Chemical-Element,2024-09-02,1.10.5,jeb-kr-amherst,8399c9b,1.0.1,17.842895,0.252993106842041,1.963900089263916,138.0,119.0,677444,371052
Mendeleev,Get-Properties-Of-A-Chemical-Element,2024-09-03,1.10.5,jeb-kr-amherst,8399c9b,1.0.1,18.565457,0.26877307891845703,1.9978408813476562,136.0,119.0,692528,336084
Mendeleev,Get-Properties-Of-A-Chemical-Element,2024-09-04,1.10.5,jeb-kr-amherst,8399c9b,1.0.1,17.978012,0.20533394813537598,1.9535059928894043,137.0,123.0,687740,336128
Mendeleev,Get-Properties-Of-A-Chemical-Element,2024-09-05,1.10.5,jeb-kr-amherst,8399c9b,1.0.1,17.947482,0.23933696746826172,1.952686071395874,137.0,116.0,699140,336436
Mendeleev,Get-Properties-Of-A-Chemical-Element,2024-09-06,1.10.5,jeb-kr-amherst,8399c9b,1.0.1,17.908058,0.20822501182556152,1.961716890335083,138.0,121.0,694964,336468
Mendeleev,Get-Properties-Of-A-Chemical-Element,2024-09-07,1.10.5,jeb-kr-amherst,8399c9b,1.0.1,17.935226,0.22610807418823242,1.94576096534729,137.0,117.0,698812,375060
Mendeleev,Get-Properties-Of-A-Chemical-Element,2024-09-08,1.10.5,jeb-kr-amherst,8399c9b,1.0.1,17.964417,0.2116241455078125,1.9447810649871826,138.0,120.0,696928,336292
Mendeleev,Get-Properties-Of-A-Chemical-Element,2024-09-09,1.10.5,jeb-kr-amherst,8399c9b,1.0.1,17.939116,0.20310497283935547,1.955333948135376,138.0,123.0,680776,336212
Mendeleev,Get-Properties-Of-A-Chemical-Element,2024-09-10,1.10.5,jeb-kr-amherst,8399c9b,1.0.1,17.947357,0.20358014106750488,1.9756319522857666,137.0,122.0,695180,370960
Mendeleev,Get-Properties-Of-A-Chemical-Element,2024-09-11,1.10.5,jeb-kr-amherst,8399c9b,1.0.1,17.983278,0.20379114151000977,1.9509639739990234,138.0,123.0,684012,336508
Mendeleev,Get-Properties-Of-A-Chemical-Element,2024-09-12,1.10.5,jeb-kr-amherst,8399c9b,1.0.1,18.021898,0.23898100852966309,1.947195053100586,137.0,116.0,678352,336104
Mendeleev,Get-Properties-Of-A-Chemical-Element,2024-09-13,1.10.5,jeb-kr-amherst,8399c9b,1.0.1,17.885917,0.24349713325500488,1.9404489994049072,137.0,121.0,681316,336564
Mendeleev,Get-Properties-Of-A-Chemical-Element,2024-09-14,1.10.5,jeb-kr-amherst,8399c9b,1.0.1,17.836382,0.2520120143890381,1.951728105545044,138.0,116.0,697132,336784
Mendeleev,Get-Properties-Of-A-Chemical-Element,2024-09-15,1.10.5,jeb-kr-amherst,8399c9b,1.0.1,17.831753,0.24501490592956543,1.9573400020599365,138.0,119.0,697880,336316
Mendeleev,Get-Properties-Of-A-Chemical-Element,2024-09-16,1.10.5,jeb-kr-amherst,8399c9b,1.0.1,17.967498,0.20243501663208008,1.9496660232543945,137.0,123.0,681000,336592
Mendeleev,Get-Properties-Of-A-Chemical-Element,2024-09-17,1.10.5,jeb-kr-amherst,8399c9b,1.0.1,17.92264,0.2443101406097412,1.9683358669281006,138.0,120.0,727508,370548
Mendeleev,Get-Properties-Of-A-Chemical-Element,2024-09-18,1.10.5,jeb-kr-amherst,8399c9b,1.0.1,17.883329,0.2079300880432129,1.9530038833618164,138.0,121.0,696356,336456
Mendeleev,Get-Properties-Of-A-Chemical-Element,2024-09-19,1.10.5,jeb-kr-amherst,8399c9b,1.0.1,17.927369,0.20435309410095215,1.952617883682251,138.0,122.0,689960,336396
Mendeleev,Get-Properties-Of-A-Chemical-Element,2024-09-20,1.10.5,jeb-kr-amherst,8399c9b,1.0.1,17.952412,0.24848389625549316,1.9563870429992676,138.0,116.0,741176,336316
Mendeleev,Get-Properties-Of-A-Chemical-Element,2024-09-21,1.10.5,jeb-kr-amherst,8399c9b,1.0.1,17.929748,0.2272942066192627,1.9454638957977295,137.0,116.0,691508,336444
Mendeleev,Get-Properties-Of-A-Chemical-Element,2024-09-22,1.10.5,jeb-kr-amherst,8399c9b,1.0.1,17.853698,0.23210906982421875,1.956496000289917,138.0,116.0,671988,336492
Mendeleev,Get-Properties-Of-A-Chemical-Element,2024-09-23,1.10.5,jeb-kr-amherst,8399c9b,1.0.1,17.92963,0.25214600563049316,1.969459056854248,138.0,119.0,680072,336408
Mendeleev,Get-Properties-Of-A-Chemical-Element,2024-09-24,1.10.5,jeb-kr-amherst,8399c9b,1.0.1,17.898958,0.25159597396850586,1.9456520080566406,137.0,118.0,688804,336628
Mendeleev,Get-Properties-Of-A-Chemical-Element,2024-09-25,1.10.5,jeb-kr-amherst,8399c9b,1.0.1,18.415644,0.204664945602417,1.9549341201782227,137.0,123.0,690176,336396
Mendeleev,Get-Properties-Of-A-Chemical-Element,2024-09-26,1.10.5,jeb-kr-amherst,8399c9b,1.0.1,17.961397,0.2141268253326416,1.9586131572723389,137.0,120.0,670840,336392
Mendeleev,Get-Properties-Of-A-Chemical-Element,2024-09-27,1.10.5,jeb-kr-amherst,8399c9b,1.0.1,18.006357,0.2080371379852295,1.951704978942871,138.0,123.0,696088,336232
Mendeleev,Get-Properties-Of-A-Chemical-Element,2024-09-28,1.10.5,jeb-kr-amherst,8399c9b,1.0.1,18.304252,0.22360682487487793,2.016414165496826,138.0,122.0,697264,336596
Mendeleev,Get-Properties-Of-A-Chemical-Element,2024-09-29,1.10.5,jeb-kr-amherst,8399c9b,1.0.1,17.896092,0.20557212829589844,1.9563610553741455,138.0,122.0,670612,336356
Mendeleev,Get-Properties-Of-A-Chemical-Element,2024-09-30,1.10.5,jeb-kr-amherst,8399c9b,1.0.1,17.861978,0.2390580177307129,1.9547901153564453,138.0,116.0,693500,360364
Mendeleev,Get-Properties-Of-A-Chemical-Element,2024-10-01,1.10.5,jeb-kr-amherst,8399c9b,1.0.1,17.855181,0.2496030330657959,1.9504790306091309,138.0,118.0,689672,336036
Mendeleev,Get-Properties-Of-A-Chemical-Element,2024-10-02,1.10.5,jeb-kr-amherst,8399c9b,1.0.1,17.989706,0.2270190715789795,1.9549849033355713,137.0,122.0,688048,335996
Mendeleev,Get-Properties-Of-A-Chemical-Element,2024-10-03,1.10.5,jeb-kr-amherst,8399c9b,1.0.1,17.981738,0.20958209037780762,1.9693939685821533,138.0,121.0,688292,371020
Mendeleev,Get-Properties-Of-A-Chemical-Element,2024-10-04,1.10.5,jeb-kr-amherst,8399c9b,1.0.1,17.916626,0.20383906364440918,1.9522478580474854,138.0,123.0,696892,336316
Mendeleev,Get-Properties-Of-A-Chemical-Element,2024-10-05,1.10.5,jeb-kr-amherst,8399c9b,1.0.1,18.533815,0.23719406127929688,1.9898219108581543,136.0,122.0,692072,336140
Mendeleev,Get-Properties-Of-A-Chemical-Element,2024-10-06,1.10.5,jeb-kr-amherst,8399c9b,1.0.1,17.857179,0.24866509437561035,1.9453790187835693,138.0,116.0,726560,336356
Mendeleev,Get-Properties-Of-A-Chemical-Element,2024-10-07,1.10.5,jeb-kr-amherst,8399c9b,1.0.1,17.913036,0.24880313873291016,1.9457788467407227,137.0,116.0,683148,335984
Mendeleev,Get-Properties-Of-A-Chemical-Element,2024-10-08,1.10.5,jeb-kr-amherst,8399c9b,1.0.1,17.999158,0.2075648307800293,1.9456450939178467,138.0,123.0,686612,336708
Mendeleev,Get-Properties-Of-A-Chemical-Element,2024-10-09,1.10.5,jeb-kr-amherst,8399c9b,1.0.1,17.988986,0.24879217147827148,1.9405858516693115,137.0,121.0,670924,336144
Mendeleev,Get-Properties-Of-A-Chemical-Element,2024-10-10,1.11.0,jeb-kr-amherst,8399c9b,1.0.1,19.715975,0.24171900749206543,2.40010404586792,162.0,121.0,2026244,344768
Mendeleev,Get-Properties-Of-A-Chemical-Element,2024-10-11,1.11.0,jeb-kr-amherst,8399c9b,1.0.1,19.531546,0.23797917366027832,2.4018678665161133,162.0,119.0,2058532,344972
Mendeleev,Get-Properties-Of-A-Chemical-Element,2024-10-12,1.11.0,jeb-kr-amherst,8399c9b,1.0.1,19.51485,0.19355082511901855,2.3985650539398193,162.0,124.0,2023300,344560
Mendeleev,Get-Properties-Of-A-Chemical-Element,2024-10-13,1.11.0,jeb-kr-amherst,8399c9b,1.0.1,19.723478,0.19355297088623047,2.3912031650543213,163.0,124.0,2036424,339084
Mendeleev,Get-Properties-Of-A-Chemical-Element,2024-10-14,1.11.0,jeb-kr-amherst,8399c9b,1.0.1,19.60876,0.1993710994720459,2.4077258110046387,162.0,124.0,2040788,339144
Mendeleev,Get-Properties-Of-A-Chemical-Element,2024-10-15,1.11.0,jeb-kr-amherst,8399c9b,1.0.1,19.751397,0.21400690078735352,2.50156307220459,163.0,123.0,2042500,335468
Mendeleev,Get-Properties-Of-A-Chemical-Element,2024-10-16,1.11.0,jeb-kr-amherst,8399c9b,1.0.1,19.738632,0.2399001121520996,2.4112019538879395,162.0,122.0,2025924,339736
Mendeleev,Get-Properties-Of-A-Chemical-Element,2024-10-17,1.11.0,jeb-kr-amherst,8399c9b,1.0.1,19.667925,0.19470500946044922,2.40618896484375,162.0,124.0,2021312,344200
Mendeleev,Get-Properties-Of-A-Chemical-Element,2024-10-18,1.11.0,jeb-kr-amherst,8399c9b,1.0.1,19.689017,0.20514798164367676,2.404258966445923,163.0,122.0,2022376,342036
Mendeleev,Get-Properties-Of-A-Chemical-Element,2024-10-19,1.11.0,jeb-kr-amherst,8399c9b,1.0.1,20.313097,0.2524549961090088,2.4782049655914307,163.0,119.0,2040200,342028
Mendeleev,Get-Properties-Of-A-Chemical-Element,2024-10-20,1.11.1,jeb-kr-amherst,8399c9b,1.0.1,19.439823,0.21154403686523438,2.3943800926208496,164.0,118.0,2042100,322744
Mendeleev,Get-Properties-Of-A-Chemical-Element,2024-10-21,1.11.1,jeb-kr-amherst,8399c9b,1.0.1,19.450929,0.1980440616607666,2.3962619304656982,164.0,120.0,2039016,325744
Mendeleev,Get-Properties-Of-A-Chemical-Element,2024-10-22,1.11.1,jeb-kr-amherst,8399c9b,1.0.1,19.396279,0.2106010913848877,2.389490842819214,164.0,118.0,2039636,323228
Mendeleev,Get-Properties-Of-A-Chemical-Element,2024-10-23,1.11.1,jeb-kr-amherst,8399c9b,1.0.1,19.303613,0.19666600227355957,2.3884267807006836,164.0,120.0,2044092,324636
Mendeleev,Get-Properties-Of-A-Chemical-Element,2024-10-24,1.11.1,jeb-kr-amherst,8399c9b,1.0.1,19.260837,0.24280309677124023,2.386383056640625,164.0,117.0,2027500,325052
Mendeleev,Get-Properties-Of-A-Chemical-Element,2024-10-25,1.11.1,jeb-kr-amherst,8399c9b,1.0.1,19.245355,0.24237799644470215,2.3740482330322266,164.0,117.0,2043100,324752
Mendeleev,Get-Properties-Of-A-Chemical-Element,2024-10-26,1.11.1,jeb-kr-amherst,8399c9b,1.0.1,19.309354,0.2273550033569336,2.398756980895996,164.0,115.0,2042948,321160
Mendeleev,Get-Properties-Of-A-Chemical-Element,2024-10-27,1.11.1,jeb-kr-amherst,8399c9b,1.0.1,19.493649,0.24695110321044922,2.4083118438720703,164.0,118.0,2062008,322588
Mendeleev,Get-Properties-Of-A-Chemical-Element,2024-10-28,1.11.1,jeb-kr-amherst,8399c9b,1.0.1,19.432361,0.24785399436950684,2.383882999420166,164.0,118.0,2026292,321540
Mendeleev,Get-Properties-Of-A-Chemical-Element,2024-10-29,1.11.1,jeb-kr-amherst,8399c9b,1.0.1,19.428999,0.20064020156860352,2.39213490486145,164.0,120.0,2062992,325724
Mendeleev,Get-Properties-Of-A-Chemical-Element,2024-10-30,1.11.1,jeb-kr-amherst,8399c9b,1.0.1,19.399523,0.2407519817352295,2.413317918777466,164.0,115.0,2029996,324992
Mendeleev,Get-Properties-Of-A-Chemical-Element,2024-10-31,1.11.1,jeb-kr-amherst,8399c9b,1.0.1,19.479069,0.23322606086730957,2.3688957691192627,164.0,115.0,2041368,323768
Mendeleev,Get-Properties-Of-A-Chemical-Element,2024-11-01,1.11.1,jeb-kr-amherst,8399c9b,1.0.1,19.379507,0.22129106521606445,2.4086549282073975,164.0,115.0,2011956,323276
Mendeleev,Get-Properties-Of-A-Chemical-Element,2024-11-02,1.11.1,jeb-kr-amherst,8399c9b,1.0.1,19.384447,0.24109101295471191,2.394479990005493,164.0,115.0,2022544,324496
Mendeleev,Get-Properties-Of-A-Chemical-Element,2024-11-03,1.11.1,jeb-kr-amherst,8399c9b,1.0.1,19.483202,0.22774505615234375,2.3981289863586426,164.0,115.0,2044048,325424
Mendeleev,Get-Properties-Of-A-Chemical-Element,2024-11-04,1.11.1,jeb-kr-amherst,8399c9b,1.0.1,19.500008,0.20351886749267578,2.4201879501342773,164.0,120.0,2028184,325424
Mendeleev,Get-Properties-Of-A-Chemical-Element,2024-11-05,1.11.1,jeb-kr-amherst,8399c9b,1.0.1,19.448111,0.21719098091125488,2.4009459018707275,164.0,116.0,2037908,322260
Mendeleev,Get-Properties-Of-A-Chemical-Element,2024-11-06,1.11.1,jeb-kr-amherst,8399c9b,1.0.1,19.405368,0.19932293891906738,2.407505989074707,164.0,120.0,2043756,324056
Mendeleev,Get-Properties-Of-A-Chemical-Element,2024-11-07,1.11.1,jeb-kr-amherst,8399c9b,1.0.1,19.536591,0.19769287109375,2.398179054260254,164.0,120.0,2042588,322612
Mendeleev,Get-Properties-Of-A-Chemical-Element,2024-11-08,1.11.1,jeb-kr-amherst,8399c9b,1.0.1,19.289427,0.19773101806640625,2.378978967666626,164.0,120.0,2031708,324892
Mendeleev,Get-Properties-Of-A-Chemical-Element,2024-11-09,1.11.1,jeb-kr-amherst,8399c9b,1.0.1,19.507996,0.19682002067565918,2.412976026535034,164.0,120.0,2041424,325312
Mendeleev,Get-Properties-Of-A-Chemical-Element,2024-11-10,1.11.1,jeb-kr-amherst,8399c9b,1.0.1,19.202684,0.20923280715942383,2.3826770782470703,164.0,116.0,2039968,323240
Mendeleev,Get-Properties-Of-A-Chemical-Element,2024-11-11,1.11.1,jeb-kr-amherst,8399c9b,1.0.1,19.375123,0.23967695236206055,2.402815103530884,164.0,118.0,2038880,322888
Mendeleev,Get-Properties-Of-A-Chemical-Element,2024-11-12,1.11.1,jeb-kr-amherst,8399c9b,1.0.1,19.327014,0.23772001266479492,2.377220869064331,164.0,115.0,2042912,323364
Mendeleev,Get-Properties-Of-A-Chemical-Element,2024-11-13,1.11.1,jeb-kr-amherst,8399c9b,1.0.1,19.368768,0.24196100234985352,2.3838179111480713,164.0,115.0,2027304,323788
Mendeleev,Get-Properties-Of-A-Chemical-Element,2024-11-14,1.11.1,jeb-kr-amherst,8399c9b,1.0.1,19.503877,0.240372896194458,2.4110231399536133,164.0,115.0,2044896,323544
Mendeleev,Get-Properties-Of-A-Chemical-Element,2024-11-15,1.11.1,jeb-kr-amherst,8399c9b,1.0.1,19.340294,0.2026510238647461,2.3972580432891846,164.0,120.0,2031528,323496
Mendeleev,Get-Properties-Of-A-Chemical-Element,2024-11-16,1.11.1,jeb-kr-amherst,8399c9b,1.0.1,19.840913,0.20104384422302246,2.4142849445343018,163.0,119.0,2036084,321100
Mendeleev,Get-Properties-Of-A-Chemical-Element,2024-11-17,1.11.1,jeb-kr-amherst,8399c9b,1.0.1,19.481395,0.231903076171875,2.3897647857666016,164.0,115.0,2027908,322692
Mendeleev,Get-Properties-Of-A-Chemical-Element,2024-11-18,1.11.1,jeb-kr-amherst,8399c9b,1.0.1,19.362355,0.19919395446777344,2.4211130142211914,164.0,120.0,2011512,324692
Mendeleev,Get-Properties-Of-A-Chemical-Element,2024-11-19,1.11.1,jeb-kr-amherst,8399c9b,1.0.1,19.503564,0.20964407920837402,2.401093006134033,164.0,117.0,2061232,328348
Mendeleev,Get-Properties-Of-A-Chemical-Element,2024-11-20,1.11.1,jeb-kr-amherst,8399c9b,1.0.1,19.484084,0.19909000396728516,2.3961739540100098,164.0,120.0,2040212,320528
Mendeleev,Get-Properties-Of-A-Chemical-Element,2024-11-21,1.11.1,jeb-kr-amherst,8399c9b,1.0.1,19.45129,0.22610116004943848,2.3791868686676025,164.0,115.0,2028276,324148
Mendeleev,Get-Properties-Of-A-Chemical-Element,2024-11-22,1.11.1,jeb-kr-amherst,8399c9b,1.0.1,24.755377,0.2738940715789795,3.1669070720672607,165.0,115.0,2032360,326212
Mendeleev,Get-Properties-Of-A-Chemical-Element,2024-11-23,1.11.1,jeb-kr-amherst,8399c9b,1.0.1,20.607917,0.21926093101501465,2.573899030685425,163.0,118.0,2027896,320532
Mendeleev,Get-Properties-Of-A-Chemical-Element,2024-11-24,1.11.1,jeb-kr-amherst,8399c9b,1.0.1,45.412157,0.42102694511413574,5.547255992889404,144.0,103.0,2066568,326684
Mendeleev,Get-Properties-Of-A-Chemical-Element,2024-11-25,1.11.1,jeb-kr-amherst,8399c9b,1.0.1,30.331553,0.3834991455078125,3.47708797454834,157.0,106.0,2035336,329008
Mendeleev,Get-Properties-Of-A-Chemical-Element,2024-11-26,1.11.1,jeb-kr-amherst,8399c9b,1.0.1,34.554131,0.45877885818481445,5.495045185089111,156.0,106.0,2038348,325912
Mendeleev,Get-Properties-Of-A-Chemical-Element,2024-11-27,1.11.1,jeb-kr-amherst,8399c9b,1.0.1,47.367354,0.45245790481567383,5.268411159515381,136.0,102.0,2048076,323448
Mendeleev,Get-Properties-Of-A-Chemical-Element,2024-11-28,1.11.1,jeb-kr-amherst,8399c9b,1.0.1,22.448168,0.2357330322265625,2.6495370864868164,164.0,114.0,2047120,319920
Mendeleev,Get-Properties-Of-A-Chemical-Element,2024-11-29,1.11.1,jeb-kr-amherst,8399c9b,1.0.1,23.412943,0.24904680252075195,2.84856915473938,164.0,117.0,2047184,325060
Mendeleev,Get-Properties-Of-A-Chemical-Element,2024-11-30,1.11.1,jeb-kr-amherst,8399c9b,1.0.1,21.025289,0.24266695976257324,2.554413080215454,164.0,114.0,2034252,324112
Mendeleev,Get-Properties-Of-A-Chemical-Element,2024-12-01,1.11.1,jeb-kr-amherst,8399c9b,1.0.1,24.775926,0.2616260051727295,3.0399811267852783,162.0,109.0,2068880,322832
Mendeleev,Get-Properties-Of-A-Chemical-Element,2024-12-02,1.11.1,jeb-kr-amherst,8399c9b,1.0.1,19.411386,0.2148900032043457,2.3868279457092285,163.0,116.0,2009028,324160
Mendeleev,Get-Properties-Of-A-Chemical-Element,2024-12-03,1.11.1,jeb-kr-amherst,8399c9b,1.0.1,19.390414,0.19838500022888184,2.3954641819000244,164.0,120.0,2009572,320100
Mendeleev,Get-Properties-Of-A-Chemical-Element,2024-12-04,1.11.1,jeb-kr-amherst,8399c9b,1.0.1,19.287343,0.19713306427001953,2.397106885910034,164.0,120.0,2035992,323520
Mendeleev,Get-Properties-Of-A-Chemical-Element,2024-12-05,1.11.1,jeb-kr-amherst,8399c9b,1.0.1,19.206059,0.20041608810424805,2.372354030609131,164.0,120.0,2032320,323296
Mendeleev,Get-Properties-Of-A-Chemical-Element,2024-12-06,1.11.1,jeb-kr-amherst,8399c9b,1.0.1,19.320579,0.24304413795471191,2.3679490089416504,164.0,118.0,2016660,322816
Mendeleev,Get-Properties-Of-A-Chemical-Element,2024-12-07,1.11.1,jeb-kr-amherst,8399c9b,1.0.1,19.506268,0.24772119522094727,2.418095827102661,164.0,115.0,2013720,322684
Mendeleev,Get-Properties-Of-A-Chemical-Element,2024-12-08,1.11.1,jeb-kr-amherst,8399c9b,1.0.1,19.282695,0.21488595008850098,2.4123878479003906,164.0,116.0,2039204,329288
Mendeleev,Get-Properties-Of-A-Chemical-Element,2024-12-09,1.11.1,jeb-kr-amherst,8399c9b,1.0.1,19.437866,0.2543060779571533,2.396998882293701,164.0,116.0,2033432,325544
Mendeleev,Get-Properties-Of-A-Chemical-Element,2024-12-10,1.11.2,jeb-kr-amherst,8399c9b,1.0.1,20.603545,0.23601603507995605,2.6082780361175537,171.0,117.0,2010388,314280
Mendeleev,Get-Properties-Of-A-Chemical-Element,2024-12-11,1.11.2,jeb-kr-amherst,8399c9b,1.0.1,19.878245,0.23279380798339844,2.554636001586914,167.0,115.0,2010404,319968
Mendeleev,Get-Properties-Of-A-Chemical-Element,2024-12-12,1.11.2,jeb-kr-amherst,8399c9b,1.0.1,18.756746,0.24713897705078125,2.364946126937866,168.0,116.0,2027892,313064
Mendeleev,Get-Properties-Of-A-Chemical-Element,2024-12-13,1.11.2,jeb-kr-amherst,8399c9b,1.0.1,18.700085,0.21939706802368164,2.3379530906677246,167.0,115.0,2010904,313552
Mendeleev,Get-Properties-Of-A-Chemical-Element,2024-12-14,1.11.2,jeb-kr-amherst,8399c9b,1.0.1,18.782957,0.19868111610412598,2.377255916595459,167.0,120.0,2010824,319112
Mendeleev,Get-Properties-Of-A-Chemical-Element,2024-12-15,1.11.2,jeb-kr-amherst,8399c9b,1.0.1,18.602238,0.24116182327270508,2.384580135345459,168.0,117.0,2013164,319296
Mendeleev,Get-Properties-Of-A-Chemical-Element,2024-12-16,1.11.2,jeb-kr-amherst,8399c9b,1.0.1,18.637025,0.20635318756103516,2.3727939128875732,167.0,120.0,2029652,314272
Mendeleev,Get-Properties-Of-A-Chemical-Element,2024-12-17,1.11.2,jeb-kr-amherst,8399c9b,1.0.1,18.777491,0.19896793365478516,2.368713140487671,167.0,120.0,2013364,313856
Mendeleev,Get-Properties-Of-A-Chemical-Element,2024-12-18,1.11.2,jeb-kr-amherst,8399c9b,1.0.1,18.850869,0.19801998138427734,2.35471510887146,168.0,120.0,2025532,312188
Mendeleev,Get-Properties-Of-A-Chemical-Element,2024-12-19,1.11.2,jeb-kr-amherst,8399c9b,1.0.1,18.719133,0.1976010799407959,2.3758530616760254,168.0,120.0,2026704,321656
Mendeleev,Get-Properties-Of-A-Chemical-Element,2024-12-20,1.11.2,jeb-kr-amherst,8399c9b,1.0.1,18.593842,0.2471599578857422,2.3810231685638428,168.0,115.0,2036232,319016
Mendeleev,Get-Properties-Of-A-Chemical-Element,2024-12-21,1.11.2,jeb-kr-amherst,8399c9b,1.0.1,18.738692,0.2376420497894287,2.374073028564453,167.0,115.0,2012816,320480
Mendeleev,Get-Properties-Of-A-Chemical-Element,2024-12-22,1.11.2,jeb-kr-amherst,8399c9b,1.0.1,18.844055,0.19788098335266113,2.351029872894287,167.0,120.0,2010760,313356
Mendeleev,Get-Properties-Of-A-Chemical-Element,2024-12-23,1.11.2,jeb-kr-amherst,8399c9b,1.0.1,18.587861,0.24360990524291992,2.39115309715271,168.0,118.0,2027728,322508
Mendeleev,Get-Properties-Of-A-Chemical-Element,2024-12-24,1.11.2,jeb-kr-amherst,8399c9b,1.0.1,18.83596,0.1985781192779541,2.3511579036712646,168.0,120.0,2010104,312280
Mendeleev,Get-Properties-Of-A-Chemical-Element,2024-12-25,1.11.2,jeb-kr-amherst,8399c9b,1.0.1,18.766789,0.22524404525756836,2.3631210327148438,167.0,119.0,2026232,312876
Mendeleev,Get-Properties-Of-A-Chemical-Element,2024-12-26,1.11.2,jeb-kr-amherst,8399c9b,1.0.1,18.721627,0.23714685440063477,2.399909019470215,168.0,115.0,2027672,318604
Mendeleev,Get-Properties-Of-A-Chemical-Element,2024-12-27,1.11.2,jeb-kr-amherst,8399c9b,1.0.1,18.602893,0.19801616668701172,2.394084930419922,168.0,120.0,2014108,319980
Mendeleev,Get-Properties-Of-A-Chemical-Element,2024-12-28,1.11.2,jeb-kr-amherst,8399c9b,1.0.1,42.895211,0.42157983779907227,5.418816089630127,152.0,104.0,2033880,323060
Mendeleev,Get-Properties-Of-A-Chemical-Element,2024-12-29,1.11.2,jeb-kr-amherst,8399c9b,1.0.1,24.38749,0.27417898178100586,3.4298529624938965,166.0,110.0,2029748,317468
Mendeleev,Get-Properties-Of-A-Chemical-Element,2024-12-30,1.11.2,jeb-kr-amherst,8399c9b,1.0.1,21.77745,0.2426300048828125,2.726177930831909,168.0,117.0,2029984,316708
Mendeleev,Get-Properties-Of-A-Chemical-Element,2024-12-31,1.11.2,jeb-kr-amherst,8399c9b,1.0.1,20.978769,0.270158052444458,2.660922050476074,170.0,115.0,2030048,315908
Mendeleev,Get-Properties-Of-A-Chemical-Element,2025-01-01,1.11.2,jeb-kr-amherst,8399c9b,1.0.1,19.289027,0.2207200527191162,2.473737955093384,169.0,119.0,2031944,313756
Mendeleev,Get-Properties-Of-A-Chemical-Element,2025-01-02,1.11.2,jeb-kr-amherst,8399c9b,1.0.1,18.719003,0.204146146774292,2.3974249362945557,167.0,120.0,2009808,320148
Mendeleev,Get-Properties-Of-A-Chemical-Element,2025-01-03,1.11.2,jeb-kr-amherst,8399c9b,1.0.1,18.712952,0.19710016250610352,2.3554370403289795,168.0,120.0,2007580,311832
Mendeleev,Get-Properties-Of-A-Chemical-Element,2025-01-04,1.11.2,jeb-kr-amherst,8399c9b,1.0.1,18.681728,0.23682498931884766,2.3511159420013428,167.0,114.0,2028036,313396
Mendeleev,Get-Properties-Of-A-Chemical-Element,2025-01-05,1.11.2,jeb-kr-amherst,8399c9b,1.0.1,18.735954,0.198652982711792,2.3749561309814453,168.0,120.0,2027068,314264
Mendeleev,Get-Properties-Of-A-Chemical-Element,2025-01-06,1.11.2,jeb-kr-amherst,8399c9b,1.0.1,18.818069,0.21156001091003418,2.3950750827789307,167.0,120.0,2011532,321120
Mendeleev,Get-Properties-Of-A-Chemical-Element,2025-01-07,1.11.2,jeb-kr-amherst,8399c9b,1.0.1,18.753712,0.19919681549072266,2.3679041862487793,168.0,120.0,2012512,311864
Mendeleev,Get-Properties-Of-A-Chemical-Element,2025-01-08,1.11.2,jeb-kr-amherst,8399c9b,1.0.1,18.769028,0.24877595901489258,2.3864710330963135,167.0,115.0,2012248,320072
Mendeleev,Get-Properties-Of-A-Chemical-Element,2025-01-09,1.11.2,jeb-kr-amherst,8399c9b,1.0.1,18.81229,0.2415599822998047,2.399245023727417,167.0,118.0,2013472,321888
Mendeleev,Get-Properties-Of-A-Chemical-Element,2025-01-10,1.11.2,jeb-kr-amherst,8399c9b,1.0.1,18.701311,0.2286231517791748,2.3778128623962402,167.0,115.0,2027160,319240
Mendeleev,Get-Properties-Of-A-Chemical-Element,2025-01-11,1.11.2,jeb-kr-amherst,8399c9b,1.0.1,18.830127,0.24216699600219727,2.389321804046631,167.0,117.0,2011304,322056
Mendeleev,Get-Properties-Of-A-Chemical-Element,2025-01-12,1.11.2,jeb-kr-amherst,8399c9b,1.0.1,18.79445,0.24516677856445312,2.3507370948791504,167.0,116.0,2007708,312896
Mendeleev,Get-Properties-Of-A-Chemical-Element,2025-01-13,1.11.2,jeb-kr-amherst,8399c9b,1.0.1,18.777623,0.23028802871704102,2.393415927886963,167.0,119.0,2010236,319692
Mendeleev,Get-Properties-Of-A-Chemical-Element,2025-01-14,1.11.2,jeb-kr-amherst,8399c9b,1.0.1,18.765659,0.19799494743347168,2.3748791217803955,168.0,120.0,2008204,313552
Mendeleev,Get-Properties-Of-A-Chemical-Element,2025-01-15,1.11.2,jeb-kr-amherst,8399c9b,1.0.1,18.849167,0.24811697006225586,2.348191976547241,167.0,116.0,2014396,313436
Mendeleev,Get-Properties-Of-A-Chemical-Element,2025-01-16,1.11.2,jeb-kr-amherst,8399c9b,1.0.1,18.845481,0.2557399272918701,2.4236769676208496,168.0,114.0,2009588,313816
Mendeleev,Get-Properties-Of-A-Chemical-Element,2025-01-17,1.11.2,jeb-kr-amherst,8399c9b,1.0.1,18.791325,0.2036879062652588,2.383913993835449,168.0,120.0,2013984,322144
Mendeleev,Get-Properties-Of-A-Chemical-Element,2025-01-18,1.11.2,jeb-kr-amherst,8399c9b,1.0.1,18.761244,0.2024669647216797,2.3485219478607178,167.0,120.0,2013720,313596
Mendeleev,Get-Properties-Of-A-Chemical-Element,2025-01-19,1.11.2,jeb-kr-amherst,8399c9b,1.0.1,18.649,0.242340087890625,2.339376926422119,168.0,116.0,2027080,314360
Mendeleev,Get-Properties-Of-A-Chemical-Element,2025-01-20,1.11.2,jeb-kr-amherst,8399c9b,1.0.1,18.656348,0.23948884010314941,2.3579840660095215,168.0,114.0,2012164,311652
Mendeleev,Get-Properties-Of-A-Chemical-Element,2025-01-21,1.11.2,jeb-kr-amherst,8399c9b,1.0.1,18.879017,0.21905517578125,2.3618550300598145,167.0,115.0,2011716,312488
Mendeleev,Get-Properties-Of-A-Chemical-Element,2025-01-22,1.11.2,jeb-kr-amherst,8399c9b,1.0.1,18.789385,0.21223902702331543,2.358821153640747,167.0,116.0,2011788,313988
Mendeleev,Get-Properties-Of-A-Chemical-Element,2025-01-23,1.11.2,jeb-kr-amherst,8399c9b,1.0.1,18.668297,0.24351000785827637,2.4042351245880127,167.0,118.0,2010848,321708
Mendeleev,Get-Properties-Of-A-Chemical-Element,2025-01-24,1.11.2,jeb-kr-amherst,8399c9b,1.0.1,18.709665,0.24167490005493164,2.3464081287384033,168.0,114.0,2008428,313556
Mendeleev,Get-Properties-Of-A-Chemical-Element,2025-01-25,1.11.2,jeb-kr-amherst,8399c9b,1.0.1,18.782334,0.19774484634399414,2.3631160259246826,167.0,120.0,2028852,312208
Mendeleev,Get-Properties-Of-A-Chemical-Element,2025-01-26,1.11.2,jeb-kr-amherst,8399c9b,1.0.1,18.734201,0.24448609352111816,2.393887996673584,167.0,118.0,2027592,319524
Mendeleev,Get-Properties-Of-A-Chemical-Element,2025-01-27,1.11.2,jeb-kr-amherst,8399c9b,1.0.1,18.799647,0.19794988632202148,2.364532947540283,168.0,120.0,2005660,313452
Mendeleev,Get-Properties-Of-A-Chemical-Element,2025-01-28,1.11.2,jeb-kr-amherst,8399c9b,1.0.1,18.680103,0.2042229175567627,2.3633580207824707,167.0,120.0,1992000,313952
Mendeleev,Get-Properties-Of-A-Chemical-Element,2025-01-29,1.11.2,jeb-kr-amherst,8399c9b,1.0.1,18.784608,0.24486303329467773,2.3809030055999756,167.0,117.0,2025700,311852
Mendeleev,Get-Properties-Of-A-Chemical-Element,2025-01-30,1.11.3,jeb-kr-amherst,8399c9b,1.0.1,18.707269,0.19420313835144043,2.4065470695495605,168.0,120.0,2006096,324772
Mendeleev,Get-Properties-Of-A-Chemical-Element,2025-01-31,1.11.3,jeb-kr-amherst,8399c9b,1.0.1,18.692154,0.2070629596710205,2.386366128921509,167.0,117.0,2021112,325916
Mendeleev,Get-Properties-Of-A-Chemical-Element,2025-02-01,1.11.3,jeb-kr-amherst,8399c9b,1.0.1,18.705201,0.19579386711120605,2.417236089706421,168.0,120.0,2020088,324468
Mendeleev,Get-Properties-Of-A-Chemical-Element,2025-02-02,1.11.3,jeb-kr-amherst,8399c9b,1.0.1,18.728056,0.23800086975097656,2.4182322025299072,167.0,115.0,2023588,329176
Mendeleev,Get-Properties-Of-A-Chemical-Element,2025-02-03,1.11.3,jeb-kr-amherst,8399c9b,1.0.1,19.382191,0.21485209465026855,2.4716999530792236,168.0,120.0,2018316,324312
Mendeleev,Get-Properties-Of-A-Chemical-Element,2025-02-04,1.11.3,jeb-kr-amherst,8399c9b,1.0.1,18.645471,0.23334598541259766,2.4237780570983887,168.0,115.0,1999384,324860
Mendeleev,Get-Properties-Of-A-Chemical-Element,2025-02-05,1.11.3,jeb-kr-amherst,8399c9b,1.0.1,18.884546,0.19515514373779297,2.3978869915008545,168.0,120.0,2017664,326160
Mendeleev,Get-Properties-Of-A-Chemical-Element,2025-02-06,1.11.3,jeb-kr-amherst,8399c9b,1.0.1,18.730336,0.2417750358581543,2.3844289779663086,167.0,115.0,2004804,325384
Mendeleev,Get-Properties-Of-A-Chemical-Element,2025-02-07,1.11.3,jeb-kr-amherst,8399c9b,1.0.1,18.742527,0.22678899765014648,2.422349214553833,167.0,115.0,1985252,324636
Mendeleev,Get-Properties-Of-A-Chemical-Element,2025-02-08,1.11.3,jeb-kr-amherst,8399c9b,1.0.1,18.758213,0.1946561336517334,2.3799099922180176,167.0,120.0,2028580,324672
Mendeleev,Get-Properties-Of-A-Chemical-Element,2025-02-09,1.11.3,jeb-kr-amherst,8399c9b,1.0.1,18.732673,0.19481110572814941,2.400202989578247,167.0,120.0,2020848,324412
Mendeleev,Get-Properties-Of-A-Chemical-Element,2025-02-10,1.11.3,jeb-kr-amherst,8399c9b,1.0.1,24.363972,0.22758913040161133,2.6412129402160645,166.0,116.0,2023568,330672
Mendeleev,Get-Properties-Of-A-Chemical-Element,2025-02-11,1.11.3,jeb-kr-amherst,8399c9b,1.0.1,18.732714,0.21364712715148926,2.406693935394287,167.0,117.0,2003240,324848
Mendeleev,Get-Properties-Of-A-Chemical-Element,2025-02-12,1.11.3,jeb-kr-amherst,8399c9b,1.0.1,18.7585,0.19371795654296875,2.397380828857422,167.0,120.0,2019532,324188
Mendeleev,Get-Properties-Of-A-Chemical-Element,2025-02-13,1.11.3,jeb-kr-amherst,8399c9b,1.0.1,18.70467,0.20278286933898926,2.425199031829834,167.0,119.0,2022488,321712
Mendeleev,Get-Properties-Of-A-Chemical-Element,2025-02-14,1.11.3,jeb-kr-amherst,8399c9b,1.0.1,18.694561,0.20114707946777344,2.375507116317749,167.0,120.0,2004572,324372
Mendeleev,Get-Properties-Of-A-Chemical-Element,2025-02-15,1.11.3,jeb-kr-amherst,8399c9b,1.0.1,18.760183,0.2244870662689209,2.417417049407959,167.0,115.0,2004588,324680
Mendeleev,Get-Properties-Of-A-Chemical-Element,2025-02-16,1.11.3,jeb-kr-amherst,8399c9b,1.0.1,18.696589,0.2245490550994873,2.389431953430176,168.0,115.0,2002564,325016
Mendeleev,Get-Properties-Of-A-Chemical-Element,2025-02-17,1.11.3,jeb-kr-amherst,8399c9b,1.0.1,19.203177,0.22064995765686035,2.4539170265197754,168.0,120.0,2019052,324896
Mendeleev,Get-Properties-Of-A-Chemical-Element,2025-02-18,1.11.3,jeb-kr-amherst,8399c9b,1.0.1,18.732094,0.24162507057189941,2.412510871887207,167.0,118.0,2022616,324416
Mendeleev,Get-Properties-Of-A-Chemical-Element,2025-02-19,1.11.3,jeb-kr-amherst,8399c9b,1.0.1,18.813434,0.19998812675476074,2.4111077785491943,167.0,120.0,2020432,323180
Mendeleev,Get-Properties-Of-A-Chemical-Element,2025-02-20,1.11.3,jeb-kr-amherst,8399c9b,1.0.1,45.560771,0.4456608295440674,5.921889066696167,145.0,102.0,2016088,325400
Mendeleev,Get-Properties-Of-A-Chemical-Element,2025-02-21,1.11.3,jeb-kr-amherst,8399c9b,1.0.1,19.419539,0.22526192665100098,2.432559013366699,164.0,115.0,2001568,326420
Mendeleev,Get-Properties-Of-A-Chemical-Element,2025-02-22,1.11.3,jeb-kr-amherst,8399c9b,1.0.1,18.759527,0.2274320125579834,2.3867030143737793,167.0,115.0,2002684,325104
Mendeleev,Get-Properties-Of-A-Chemical-Element,2025-02-23,1.11.3,jeb-kr-amherst,8399c9b,1.0.1,18.809773,0.22841095924377441,2.3822708129882812,167.0,115.0,2004664,325308
Mendeleev,Get-Properties-Of-A-Chemical-Element,2025-02-24,1.11.3,jeb-kr-amherst,8399c9b,1.0.1,18.737165,0.20263886451721191,2.3968241214752197,168.0,119.0,2004276,323760
Mendeleev,Get-Properties-Of-A-Chemical-Element,2025-02-25,1.11.3,jeb-kr-amherst,8399c9b,1.0.1,18.762593,0.19439005851745605,2.3853230476379395,167.0,120.0,2019484,323880
Mendeleev,Get-Properties-Of-A-Chemical-Element,2025-02-26,1.11.3,jeb-kr-amherst,8399c9b,1.0.1,18.675518,0.1942291259765625,2.404972791671753,167.0,120.0,1999648,323332
Mendeleev,Get-Properties-Of-A-Chemical-Element,2025-02-27,1.11.3,jeb-kr-amherst,8399c9b,1.0.1,18.737911,0.20267105102539062,2.394355058670044,167.0,119.0,2019184,324008
Mendeleev,Get-Properties-Of-A-Chemical-Element,2025-02-28,1.11.3,jeb-kr-amherst,8399c9b,1.0.1,18.675301,0.22648882865905762,2.4012491703033447,167.0,119.0,2004568,325288
Mendeleev,Get-Properties-Of-A-Chemical-Element,2025-03-01,1.11.3,jeb-kr-amherst,8399c9b,1.0.1,18.750483,0.21902203559875488,2.4123358726501465,168.0,119.0,2015420,324552
Mendeleev,Get-Properties-Of-A-Chemical-Element,2025-03-02,1.11.3,jeb-kr-amherst,8399c9b,1.0.1,18.70842,0.22522187232971191,2.396484136581421,167.0,115.0,2020088,324628
Mendeleev,Get-Properties-Of-A-Chemical-Element,2025-03-03,1.11.3,jeb-kr-amherst,8399c9b,1.0.1,18.795493,0.20651602745056152,2.3997750282287598,167.0,117.0,2005348,324260
Mendeleev,Get-Properties-Of-A-Chemical-Element,2025-03-04,1.11.3,jeb-kr-amherst,8399c9b,1.0.1,18.741858,0.2081749439239502,2.388899087905884,168.0,117.0,2017444,325316
Mendeleev,Get-Properties-Of-A-Chemical-Element,2025-03-05,1.11.3,jeb-kr-amherst,8399c9b,1.0.1,19.470071,0.23677587509155273,2.442793130874634,167.0,115.0,2002992,324420
Mendeleev,Get-Properties-Of-A-Chemical-Element,2025-03-06,1.11.3,jeb-kr-amherst,8399c9b,1.0.1,18.738185,0.23993206024169922,2.414123058319092,167.0,115.0,2021064,325628
Mendeleev,Get-Properties-Of-A-Chemical-Element,2025-03-07,1.11.3,jeb-kr-amherst,8399c9b,1.0.1,18.730394,0.19865107536315918,2.3998379707336426,168.0,120.0,2022348,324160
Mendeleev,Get-Properties-Of-A-Chemical-Element,2025-03-08,1.11.3,jeb-kr-amherst,8399c9b,1.0.1,18.746578,0.19751715660095215,2.4014039039611816,168.0,120.0,2005960,326108
Mendeleev,Get-Properties-Of-A-Chemical-Element,2025-03-09,1.11.3,jeb-kr-amherst,8399c9b,1.0.1,18.725717,0.202164888381958,2.418889045715332,167.0,117.0,2024032,324808
Mendeleev,Get-Properties-Of-A-Chemical-Element,2025-03-10,1.11.3,jeb-kr-amherst,8399c9b,1.0.1,18.736817,0.24568796157836914,2.4077699184417725,168.0,117.0,2005036,324208
Mendeleev,Get-Properties-Of-A-Chemical-Element,2025-03-11,1.11.3,jeb-kr-amherst,8399c9b,1.0.1,18.801135,0.1999199390411377,2.3909571170806885,167.0,119.0,2002728,323856
Mendeleev,Get-Properties-Of-A-Chemical-Element,2025-03-12,1.11.3,jeb-kr-amherst,8399c9b,1.0.1,18.756121,0.21033000946044922,2.388221025466919,167.0,117.0,2021064,325956
Mendeleev,Get-Properties-Of-A-Chemical-Element,2025-03-13,1.11.3,jeb-kr-amherst,8399c9b,1.0.1,18.759466,0.19525909423828125,2.418752908706665,167.0,120.0,2003464,328680
Mendeleev,Get-Properties-Of-A-Chemical-Element,2025-03-14,1.11.3,jeb-kr-amherst,8399c9b,1.0.1,18.8441,0.2076430320739746,2.4136807918548584,167.0,116.0,2001936,325456
Mendeleev,Get-Properties-Of-A-Chemical-Element,2025-03-15,1.11.3,jeb-kr-amherst,8399c9b,1.0.1,18.775294,0.19352316856384277,2.3929920196533203,168.0,120.0,2018252,325580
Mendeleev,Get-Properties-Of-A-Chemical-Element,2025-03-16,1.11.3,jeb-kr-amherst,8399c9b,1.0.1,18.783356,0.2039659023284912,2.4091739654541016,167.0,119.0,2020232,325708
Mendeleev,Get-Properties-Of-A-Chemical-Element,2025-03-17,1.11.3,jeb-kr-amherst,8399c9b,1.0.1,18.83217,0.22423410415649414,2.3971550464630127,167.0,115.0,2021996,324388
Mendeleev,Get-Properties-Of-A-Chemical-Element,2025-03-18,1.11.3,jeb-kr-amherst,8399c9b,1.0.1,45.432829,0.452239990234375,6.009660959243774,143.0,102.0,2031896,325732
Mendeleev,Get-Properties-Of-A-Chemical-Element,2025-03-19,1.11.3,jeb-kr-amherst,8399c9b,1.0.1,47.806975,0.49358510971069336,5.980628967285156,139.0,99.0,2029400,328904
Mendeleev,Get-Properties-Of-A-Chemical-Element,2025-03-20,1.11.4,jeb-kr-amherst,8399c9b,1.0.1,20.475607,0.2154679298400879,2.542006015777588,168.0,118.0,2014388,321252
Mendeleev,Get-Properties-Of-A-Chemical-Element,2025-03-21,1.11.4,jeb-kr-amherst,8399c9b,1.0.1,24.480876,0.24321317672729492,3.1132709980010986,156.0,116.0,2039476,321740
Mendeleev,Get-Properties-Of-A-Chemical-Element,2025-03-22,1.11.4,jeb-kr-amherst,8399c9b,1.0.1,25.197129,0.24472999572753906,3.1489620208740234,167.0,115.0,2023892,323032
Mendeleev,Get-Properties-Of-A-Chemical-Element,2025-03-23,1.11.4,jeb-kr-amherst,8399c9b,1.0.1,22.764686,0.27010178565979004,2.8561551570892334,167.0,112.0,2030364,320748
Mendeleev,Get-Properties-Of-A-Chemical-Element,2025-03-24,1.11.4,jeb-kr-amherst,8399c9b,1.0.1,19.382849,0.2484428882598877,2.451951026916504,172.0,117.0,2018636,324620
Mendeleev,Get-Properties-Of-A-Chemical-Element,2025-03-25,1.11.4,jeb-kr-amherst,8399c9b,1.0.1,18.643103,0.2193450927734375,2.359889030456543,168.0,115.0,2004364,319100
Mendeleev,Get-Properties-Of-A-Chemical-Element,2025-03-26,1.11.4,jeb-kr-amherst,8399c9b,1.0.1,18.671952,0.2381269931793213,2.388284921646118,168.0,115.0,2003768,324536
Mendeleev,Get-Properties-Of-A-Chemical-Element,2025-03-27,1.11.4,jeb-kr-amherst,8399c9b,1.0.1,18.679941,0.20640087127685547,2.3796210289001465,169.0,117.0,2009436,324832
Mendeleev,Get-Properties-Of-A-Chemical-Element,2025-03-28,1.11.4,jeb-kr-amherst,8399c9b,1.0.1,18.752433,0.19931817054748535,2.3603289127349854,169.0,120.0,2020812,319096
Mendeleev,Get-Properties-Of-A-Chemical-Element,2025-03-29,1.11.4,jeb-kr-amherst,8399c9b,1.0.1,18.625612,0.19287490844726562,2.3918731212615967,168.0,120.0,2019188,325576
Mendeleev,Get-Properties-Of-A-Chemical-Element,2025-03-30,1.11.4,jeb-kr-amherst,8399c9b,1.0.1,18.797909,0.21206212043762207,2.3531579971313477,168.0,115.0,2004284,318992
Mendeleev,Get-Properties-Of-A-Chemical-Element,2025-03-31,1.11.4,jeb-kr-amherst,8399c9b,1.0.1,18.671309,0.22234702110290527,2.402132034301758,168.0,115.0,2004252,324528
Mendeleev,Get-Properties-Of-A-Chemical-Element,2025-04-01,1.11.4,jeb-kr-amherst,8399c9b,1.0.1,18.63968,0.2422618865966797,2.392822027206421,168.0,115.0,2004980,324380
Mendeleev,Get-Properties-Of-A-Chemical-Element,2025-04-02,1.11.4,jeb-kr-amherst,8399c9b,1.0.1,18.62665,0.1931748390197754,2.3805291652679443,168.0,120.0,2019160,324384
Mendeleev,Get-Properties-Of-A-Chemical-Element,2025-04-03,1.11.4,jeb-kr-amherst,8399c9b,1.0.1,18.657407,0.20580792427062988,2.3556621074676514,168.0,118.0,2025940,318088
Mendeleev,Get-Properties-Of-A-Chemical-Element,2025-04-04,1.11.4,jeb-kr-amherst,8399c9b,1.0.1,18.714675,0.19542598724365234,2.3922250270843506,168.0,120.0,2022564,325988
Mendeleev,Get-Properties-Of-A-Chemical-Element,2025-04-05,1.11.4,jeb-kr-amherst,8399c9b,1.0.1,18.642753,0.19306087493896484,2.380768060684204,168.0,120.0,2021348,323740
Mendeleev,Get-Properties-Of-A-Chemical-Element,2025-04-06,1.11.4,jeb-kr-amherst,8399c9b,1.0.1,18.73746,0.2181401252746582,2.3859260082244873,168.0,119.0,2002940,324456
Mendeleev,Get-Properties-Of-A-Chemical-Element,2025-04-07,1.11.4,jeb-kr-amherst,8399c9b,1.0.1,18.722461,0.23975205421447754,2.4083268642425537,168.0,115.0,2024276,324612
Mendeleev,Get-Properties-Of-A-Chemical-Element,2025-04-08,1.11.4,jeb-kr-amherst,8399c9b,1.0.1,18.610515,0.23418903350830078,2.391770839691162,168.0,115.0,2010812,324028
Mendeleev,Get-Properties-Of-A-Chemical-Element,2025-04-09,1.11.4,jeb-kr-amherst,8399c9b,1.0.1,18.674804,0.23914504051208496,2.345329999923706,168.0,115.0,2020676,318052
Mendeleev,Get-Properties-Of-A-Chemical-Element,2025-04-10,1.11.4,jeb-kr-amherst,8399c9b,1.0.1,18.663998,0.23942112922668457,2.4139668941497803,168.0,117.0,1986468,324812
Mendeleev,Get-Properties-Of-A-Chemical-Element,2025-04-11,1.11.4,jeb-kr-amherst,8399c9b,1.0.1,18.689182,0.23230910301208496,2.4003639221191406,168.0,115.0,2004252,326668
Mendeleev,Get-Properties-Of-A-Chemical-Element,2025-04-12,1.11.4,jeb-kr-amherst,8399c9b,1.0.1,18.705416,0.21682214736938477,2.3515207767486572,168.0,115.0,1985712,318820
Mendeleev,Get-Properties-Of-A-Chemical-Element,2025-04-13,1.11.4,jeb-kr-amherst,8399c9b,1.0.1,26.989127,0.23672699928283691,3.15488600730896,151.0,116.0,2013816,325876
Mendeleev,Get-Properties-Of-A-Chemical-Element,2025-04-14,1.11.4,jeb-kr-amherst,8399c9b,1.0.1,19.401881,0.21806716918945312,2.4527549743652344,168.0,115.0,2003048,320620
Mendeleev,Get-Properties-Of-A-Chemical-Element,2025-04-15,1.11.4,jeb-kr-amherst,8399c9b,1.0.1,19.709732,0.21281909942626953,2.4699058532714844,166.0,119.0,2018232,319124
Mendeleev,Get-Properties-Of-A-Chemical-Element,2025-04-16,1.11.4,jeb-kr-amherst,8399c9b,1.0.1,18.678327,0.24565792083740234,2.39107608795166,168.0,115.0,2024684,323868
Mendeleev,Get-Properties-Of-A-Chemical-Element,2025-04-17,1.11.4,jeb-kr-amherst,8399c9b,1.0.1,18.679171,0.2321169376373291,2.387367010116577,168.0,115.0,2004136,325104
Mendeleev,Get-Properties-Of-A-Chemical-Element,2025-04-18,1.11.4,jeb-kr-amherst,8399c9b,1.0.1,47.410978,0.5157098770141602,5.815002918243408,140.0,100.0,2032804,325044
Mendeleev,Get-Properties-Of-A-Chemical-Element,2025-04-19,1.11.4,jeb-kr-amherst,8399c9b,1.0.1,20.747861,0.24165892601013184,2.643965005874634,172.0,113.0,2002472,320548
Mendeleev,Get-Properties-Of-A-Chemical-Element,2025-04-20,1.11.5,jeb-kr-amherst,8399c9b,1.0.1,19.43118,0.2125530242919922,2.486875057220459,171.0,119.0,2036212,319124
Mendeleev,Get-Properties-Of-A-Chemical-Element,2025-04-21,1.11.5,jeb-kr-amherst,8399c9b,1.0.1,18.763316,0.2191300392150879,2.409942865371704,171.0,116.0,2048320,325552
Mendeleev,Get-Properties-Of-A-Chemical-Element,2025-04-22,1.11.5,jeb-kr-amherst,8399c9b,1.0.1,18.906757,0.19910883903503418,2.3982040882110596,170.0,119.0,2034516,319960
Mendeleev,Get-Properties-Of-A-Chemical-Element,2025-04-23,1.11.5,jeb-kr-amherst,8399c9b,1.0.1,18.89509,0.22753500938415527,2.4033360481262207,171.0,115.0,2031500,322420
Mendeleev,Get-Properties-Of-A-Chemical-Element,2025-04-24,1.11.5,jeb-kr-amherst,8399c9b,1.0.1,18.821266,0.19696998596191406,2.392383098602295,170.0,120.0,2031628,322756
Mendeleev,Get-Properties-Of-A-Chemical-Element,2025-04-25,1.11.5,jeb-kr-amherst,8399c9b,1.0.1,18.916951,0.20963597297668457,2.4053730964660645,170.0,117.0,2031620,322216
Mendeleev,Get-Properties-Of-A-Chemical-Element,2025-04-26,1.11.5,jeb-kr-amherst,8399c9b,1.0.1,18.961741,0.20151019096374512,2.400735855102539,171.0,120.0,2033020,323220
Mendeleev,Get-Properties-Of-A-Chemical-Element,2025-04-27,1.11.5,jeb-kr-amherst,8399c9b,1.0.1,18.84929,0.23013901710510254,2.3944590091705322,170.0,115.0,2017328,325316
Mendeleev,Get-Properties-Of-A-Chemical-Element,2025-04-28,1.11.5,jeb-kr-amherst,8399c9b,1.0.1,18.972082,0.196397066116333,2.4122350215911865,170.0,120.0,2030184,323892
Mendeleev,Get-Properties-Of-A-Chemical-Element,2025-04-29,1.11.5,jeb-kr-amherst,8399c9b,1.0.1,18.862978,0.21625590324401855,2.404798984527588,171.0,115.0,2013600,322240
Mendeleev,Get-Properties-Of-A-Chemical-Element,2025-04-30,1.11.5,jeb-kr-amherst,8399c9b,1.0.1,18.965182,0.1956799030303955,2.406048059463501,170.0,120.0,2034584,322408
Mendeleev,Get-Properties-Of-A-Chemical-Element,2025-05-01,1.11.5,jeb-kr-amherst,8399c9b,1.0.1,18.911323,0.19460391998291016,2.3896820545196533,171.0,120.0,2018644,322836
Mendeleev,Get-Properties-Of-A-Chemical-Element,2025-05-02,1.11.5,jeb-kr-amherst,8399c9b,1.0.1,26.74299,0.2737541198730469,2.8928439617156982,163.0,114.0,2028332,327012
Mendeleev,Get-Properties-Of-A-Chemical-Element,2025-05-03,1.11.5,jeb-kr-amherst,8399c9b,1.0.1,19.834113,0.21433186531066895,2.4901981353759766,168.0,120.0,2026992,325264
Mendeleev,Get-Properties-Of-A-Chemical-Element,2025-05-04,1.11.5,jeb-kr-amherst,8399c9b,1.0.1,18.990316,0.19775390625,2.413323163986206,170.0,120.0,2016096,317796
Mendeleev,Get-Properties-Of-A-Chemical-Element,2025-05-05,1.11.5,jeb-kr-amherst,8399c9b,1.0.1,41.679138,0.2951960563659668,3.60872483253479,156.0,114.0,2047088,328588
Mendeleev,Get-Properties-Of-A-Chemical-Element,2025-05-06,1.11.5,jeb-kr-amherst,8399c9b,1.0.1,42.670403,0.4313499927520752,5.143513917922974,155.0,102.0,2062720,324072
Mendeleev,Get-Properties-Of-A-Chemical-Element,2025-05-07,1.11.5,jeb-kr-amherst,8399c9b,1.0.1,20.945419,0.23418688774108887,2.659152030944824,172.0,116.0,2031076,322940
Mendeleev,Get-Properties-Of-A-Chemical-Element,2025-05-08,1.11.5,jeb-kr-amherst,8399c9b,1.0.1,18.835205,0.23430895805358887,2.411700963973999,170.0,115.0,2043872,321392
Mendeleev,Get-Properties-Of-A-Chemical-Element,2025-05-09,1.11.5,jeb-kr-amherst,8399c9b,1.0.1,46.921057,0.45785093307495117,5.493839979171753,142.0,101.0,2032864,323480
Mendeleev,Get-Properties-Of-A-Chemical-Element,2025-05-10,1.11.5,jeb-kr-amherst,8399c9b,1.0.1,47.323771,0.4318540096282959,5.5344319343566895,154.0,103.0,2066480,327188
Mendeleev,Get-Properties-Of-A-Chemical-Element,2025-05-11,1.11.5,jeb-kr-amherst,8399c9b,1.0.1,26.558553,0.24539399147033691,3.190284013748169,168.0,116.0,2025900,328612
Mendeleev,Get-Properties-Of-A-Chemical-Element,2025-05-12,1.11.5,jeb-kr-amherst,8399c9b,1.0.1,19.729614,0.21779179573059082,2.451446056365967,171.0,120.0,2013300,322500
Mendeleev,Get-Properties-Of-A-Chemical-Element,2025-05-13,1.11.5,jeb-kr-amherst,8399c9b,1.0.1,18.863472,0.22418713569641113,2.4013237953186035,171.0,115.0,2032016,322724
Mendeleev,Get-Properties-Of-A-Chemical-Element,2025-05-14,1.11.5,jeb-kr-amherst,8399c9b,1.0.1,18.763291,0.24332308769226074,2.3853859901428223,170.0,115.0,2035060,322228
Mendeleev,Get-Properties-Of-A-Chemical-Element,2025-05-15,1.11.5,jeb-kr-amherst,8399c9b,1.0.1,44.969948,0.4516479969024658,5.679149150848389,148.0,102.0,2041368,323644
Mendeleev,Get-Properties-Of-A-Chemical-Element,2025-05-16,1.11.5,jeb-kr-amherst,8399c9b,1.0.1,48.481832,0.4955439567565918,5.572338104248047,140.0,100.0,2060420,322948
Mendeleev,Get-Properties-Of-A-Chemical-Element,2025-05-18,1.11.5,jeb-kr-amherst,8399c9b,1.0.1,18.83658,0.20617198944091797,2.383234977722168,171.0,119.0,2014048,322056
Mendeleev,Get-Properties-Of-A-Chemical-Element,2025-05-19,1.11.5,jeb-kr-amherst,8399c9b,1.0.1,18.795931,0.19701480865478516,2.3880460262298584,171.0,120.0,2029436,322664
Mendeleev,Get-Properties-Of-A-Chemical-Element,2025-05-20,1.11.5,jeb-kr-amherst,8399c9b,1.0.1,18.702163,0.1969461441040039,2.389780044555664,171.0,120.0,2032372,323816
Mendeleev,Get-Properties-Of-A-Chemical-Element,2025-05-21,1.11.5,jeb-kr-amherst,8399c9b,1.0.1,19.154846,0.2525961399078369,2.4422988891601562,170.0,116.0,2011404,322440
Mendeleev,Get-Properties-Of-A-Chemical-Element,2025-05-22,1.11.5,jeb-kr-amherst,8399c9b,1.0.1,18.698984,0.19565510749816895,2.415350914001465,171.0,120.0,2032356,325228
Mendeleev,Get-Properties-Of-A-Chemical-Element,2025-05-23,1.11.5,jeb-kr-amherst,8399c9b,1.0.1,18.876653,0.23952817916870117,2.3990638256073,171.0,115.0,2048440,322520
Mendeleev,Get-Properties-Of-A-Chemical-Element,2025-05-24,1.11.5,jeb-kr-amherst,8399c9b,1.0.1,18.872706,0.20025300979614258,2.3914988040924072,171.0,119.0,2030244,325256
Mendeleev,Get-Properties-Of-A-Chemical-Element,2025-05-25,1.11.5,jeb-kr-amherst,8399c9b,1.0.1,18.637615,0.19411993026733398,2.401642084121704,171.0,120.0,2049000,323660
Mendeleev,Get-Properties-Of-A-Chemical-Element,2025-05-26,1.11.5,jeb-kr-amherst,8399c9b,1.0.1,19.302766,0.2162308692932129,2.462034225463867,170.0,120.0,2050360,323188
Mendeleev,Get-Properties-Of-A-Chemical-Element,2025-05-27,1.11.5,jeb-kr-amherst,8399c9b,1.0.1,18.821344,0.1941230297088623,2.409505844116211,171.0,120.0,2019436,325040
Mendeleev,Get-Properties-Of-A-Chemical-Element,2025-05-28,1.11.5,jeb-kr-amherst,8399c9b,1.0.1,18.853605,0.24063992500305176,2.3856351375579834,171.0,116.0,2045488,318056
Mendeleev,Get-Properties-Of-A-Chemical-Element,2025-05-29,1.11.5,jeb-kr-amherst,8399c9b,1.0.1,18.696984,0.19832301139831543,2.3876171112060547,171.0,120.0,2015188,320208
Mendeleev,Get-Properties-Of-A-Chemical-Element,2025-05-30,1.11.5,jeb-kr-amherst,8399c9b,1.0.1,18.640159,0.2187480926513672,2.3960700035095215,171.0,115.0,2029364,322708
Mendeleev,Get-Properties-Of-A-Chemical-Element,2025-05-31,1.11.5,jeb-kr-amherst,8399c9b,1.0.1,18.796533,0.19463801383972168,2.3903911113739014,171.0,120.0,2012632,317696
Mendeleev,Get-Properties-Of-A-Chemical-Element,2025-06-01,1.11.5,jeb-kr-amherst,8399c9b,1.0.1,18.961311,0.19986414909362793,2.381840944290161,171.0,120.0,2032340,323308
Mendeleev,Get-Properties-Of-A-Chemical-Element,2025-06-02,1.11.5,jeb-kr-amherst,8399c9b,1.0.1,18.87035,0.21258783340454102,2.4021801948547363,171.0,116.0,2032868,325168
Mendeleev,Get-Properties-Of-A-Chemical-Element,2025-06-03,1.11.5,jeb-kr-amherst,8399c9b,1.0.1,18.818025,0.21820497512817383,2.405205011367798,171.0,115.0,2035548,325136
Mendeleev,Get-Properties-Of-A-Chemical-Element,2025-06-04,1.11.5,jeb-kr-amherst,8399c9b,1.0.1,18.879604,0.19891905784606934,2.3778469562530518,170.0,120.0,2032964,319400
Mendeleev,Get-Properties-Of-A-Chemical-Element,2025-06-05,1.11.5,jeb-kr-amherst,8399c9b,1.0.1,18.721735,0.24213480949401855,2.3857851028442383,171.0,118.0,2033748,325044
Mendeleev,Get-Properties-Of-A-Chemical-Element,2025-06-06,1.11.5,jeb-kr-amherst,8399c9b,1.0.1,33.671701,0.4778561592102051,6.0029518604278564,165.0,104.0,2012180,319656
Mendeleev,Get-Properties-Of-A-Chemical-Element,2025-06-07,1.11.5,jeb-kr-amherst,8399c9b,1.0.1,20.521769,0.23380303382873535,2.5358150005340576,173.0,115.0,2031180,320928
Mendeleev,Get-Properties-Of-A-Chemical-Element,2025-06-08,1.11.5,jeb-kr-amherst,8399c9b,1.0.1,22.713626,0.23034882545471191,2.7703001499176025,173.0,118.0,2038404,327192
Mendeleev,Get-Properties-Of-A-Chemical-Element,2025-06-09,1.11.5,jeb-kr-amherst,8399c9b,1.0.1,35.941224,0.420133113861084,4.264879941940308,162.0,107.0,2059200,321164
Mendeleev,Get-Properties-Of-A-Chemical-Element,2025-06-10,1.11.5,jeb-kr-amherst,8399c9b,1.0.1,21.211209,0.23431801795959473,2.508823871612549,170.0,115.0,2050328,322020
Mendeleev,Get-Properties-Of-A-Chemical-Element,2025-06-11,1.11.5,jeb-kr-amherst,8399c9b,1.0.1,19.469556,0.20263290405273438,2.375178098678589,170.0,120.0,2030024,320148
Mendeleev,Get-Properties-Of-A-Chemical-Element,2025-06-12,1.11.5,jeb-kr-amherst,8399c9b,1.0.1,19.291944,0.19972705841064453,2.398038864135742,170.0,120.0,2035304,322660
Mendeleev,Get-Properties-Of-A-Chemical-Element,2025-06-13,1.11.5,jeb-kr-amherst,8399c9b,1.0.1,19.338086,0.20012402534484863,2.389374017715454,170.0,120.0,2033168,323188
Mendeleev,Get-Properties-Of-A-Chemical-Element,2025-06-14,1.11.5,jeb-kr-amherst,8399c9b,1.0.1,19.367945,0.24788808822631836,2.383455991744995,170.0,116.0,2028268,321848
Mendeleev,Get-Properties-Of-A-Chemical-Element,2025-06-15,1.11.5,jeb-kr-amherst,8399c9b,1.0.1,19.272536,0.19826698303222656,2.3843910694122314,170.0,120.0,2030868,321416
Mendeleev,Get-Properties-Of-A-Chemical-Element,2025-06-16,1.11.5,jeb-kr-amherst,8399c9b,1.0.1,19.357446,0.23486709594726562,2.379359006881714,170.0,115.0,2026652,320836
Mendeleev,Get-Properties-Of-A-Chemical-Element,2025-06-17,1.11.5,jeb-kr-amherst,8399c9b,1.0.1,19.310813,0.23366808891296387,2.3957760334014893,170.0,115.0,2044872,320632
Mendeleev,Get-Properties-Of-A-Chemical-Element,2025-06-18,1.11.5,jeb-kr-amherst,8399c9b,1.0.1,19.91473,0.2214219570159912,2.444016933441162,171.0,119.0,2032024,323740
Mendeleev,Get-Properties-Of-A-Chemical-Element,2025-06-19,1.11.5,jeb-kr-amherst,8399c9b,1.0.1,19.407086,0.24503207206726074,2.415925979614258,170.0,116.0,2013100,325700
Mendeleev,Get-Properties-Of-A-Chemical-Element,2025-06-20,1.11.5,jeb-kr-amherst,8399c9b,1.0.1,19.247984,0.22132515907287598,2.386387825012207,170.0,115.0,2037228,321368
Mendeleev,Get-Properties-Of-A-Chemical-Element,2025-06-21,1.11.5,jeb-kr-amherst,8399c9b,1.0.1,21.463617,0.2636728286743164,2.710405111312866,170.0,114.0,2031464,325092
Mendeleev,Get-Properties-Of-A-Chemical-Element,2025-06-22,1.11.5,jeb-kr-amherst,8399c9b,1.0.1,19.222428,0.2310779094696045,2.389449119567871,170.0,119.0,2044544,320420
Mendeleev,Get-Properties-Of-A-Chemical-Element,2025-06-23,1.11.5,jeb-kr-amherst,8399c9b,1.0.1,19.332504,0.21437788009643555,2.3935720920562744,170.0,118.0,2031488,322744
Mendeleev,Get-Properties-Of-A-Chemical-Element,2025-06-24,1.11.5,jeb-kr-amherst,8399c9b,1.0.1,19.370987,0.2451188564300537,2.3939621448516846,170.0,118.0,2013520,324484
Mendeleev,Get-Properties-Of-A-Chemical-Element,2025-06-25,1.11.5,jeb-kr-amherst,8399c9b,1.0.1,47.35437,0.47774410247802734,5.617274045944214,143.0,103.0,2057012,324140
Mendeleev,Get-Properties-Of-A-Chemical-Element,2025-06-26,1.11.5,jeb-kr-amherst,8399c9b,1.0.1,21.902935,0.23455500602722168,2.635519027709961,174.0,119.0,2031872,326104
Mendeleev,Get-Properties-Of-A-Chemical-Element,2025-06-27,1.11.5,jeb-kr-amherst,8399c9b,1.0.1,29.256195,0.26384997367858887,3.254642963409424,170.0,112.0,2037028,323064
Mendeleev,Get-Properties-Of-A-Chemical-Element,2025-06-28,1.11.5,jeb-kr-amherst,8399c9b,1.0.1,20.587196,0.23050403594970703,2.468590021133423,169.0,115.0,2040172,325908
Mendeleev,Get-Properties-Of-A-Chemical-Element,2025-06-29,1.11.5,jeb-kr-amherst,8399c9b,1.0.1,19.29562,0.23586010932922363,2.4062650203704834,170.0,115.0,2035604,323240
Mendeleev,Get-Properties-Of-A-Chemical-Element,2025-06-30,1.11.5,jeb-kr-amherst,8399c9b,1.0.1,19.399271,0.2409069538116455,2.3875908851623535,170.0,115.0,2032904,323464
Mendeleev,Get-Properties-Of-A-Chemical-Element,2025-07-01,1.11.5,jeb-kr-amherst,8399c9b,1.0.1,19.315604,0.23516297340393066,2.3772969245910645,170.0,115.0,2036420,319988
Mendeleev,Get-Properties-Of-A-Chemical-Element,2025-07-02,1.11.5,jeb-kr-amherst,8399c9b,1.0.1,19.352276,0.22044920921325684,2.393892765045166,170.0,115.0,2026480,318024
Mendeleev,Get-Properties-Of-A-Chemical-Element,2025-07-03,1.11.5,jeb-kr-amherst,8399c9b,1.0.1,19.263717,0.2239820957183838,2.379985809326172,171.0,115.0,2031324,322720
Mendeleev,Get-Properties-Of-A-Chemical-Element,2025-07-04,1.11.5,jeb-kr-amherst,8399c9b,1.0.1,19.307415,0.21684002876281738,2.4013118743896484,170.0,117.0,2048544,322332
Mendeleev,Get-Properties-Of-A-Chemical-Element,2025-07-05,1.11.5,jeb-kr-amherst,8399c9b,1.0.1,19.386325,0.22183895111083984,2.420666217803955,170.0,115.0,2032808,320772
Mendeleev,Get-Properties-Of-A-Chemical-Element,2025-07-06,1.11.5,jeb-kr-amherst,8399c9b,1.0.1,20.090613,0.22528505325317383,2.461833953857422,169.0,119.0,2031380,322796
Mendeleev,Get-Properties-Of-A-Chemical-Element,2025-07-07,1.11.5,jeb-kr-amherst,8399c9b,1.0.1,19.410429,0.24637103080749512,2.4178011417388916,170.0,115.0,2032304,322640
Mendeleev,Get-Properties-Of-A-Chemical-Element,2025-07-08,1.11.5,jeb-kr-amherst,8399c9b,1.0.1,19.504562,0.23200297355651855,2.4051601886749268,170.0,115.0,2030876,319928
Mendeleev,Get-Properties-Of-A-Chemical-Element,2025-07-09,1.11.5,jeb-kr-amherst,8399c9b,1.0.1,19.49404,0.1984419822692871,2.4075231552124023,170.0,120.0,2053072,319284
Mendeleev,Get-Properties-Of-A-Chemical-Element,2025-07-10,1.11.5,jeb-kr-amherst,8399c9b,1.0.1,19.362918,0.24275803565979004,2.419389009475708,170.0,118.0,2013000,323412
Mendeleev,Get-Properties-Of-A-Chemical-Element,2025-07-11,1.11.5,jeb-kr-amherst,8399c9b,1.0.1,19.270225,0.2246401309967041,2.417405843734741,170.0,115.0,2018020,319440
Mendeleev,Get-Properties-Of-A-Chemical-Element,2025-07-12,1.11.5,jeb-kr-amherst,8399c9b,1.0.1,19.372466,0.24501800537109375,2.4135658740997314,170.0,118.0,2013268,319708
Mendeleev,Get-Properties-Of-A-Chemical-Element,2025-07-13,1.11.5,jeb-kr-amherst,8399c9b,1.0.1,19.432747,0.2191939353942871,2.4086220264434814,170.0,115.0,2011368,324024
Mendeleev,Get-Properties-Of-A-Chemical-Element,2025-07-14,1.11.5,jeb-kr-amherst,8399c9b,1.0.1,19.530569,0.22878718376159668,2.4093308448791504,170.0,115.0,2013184,322456
Mendeleev,Get-Properties-Of-A-Chemical-Element,2025-07-15,1.11.5,jeb-kr-amherst,8399c9b,1.0.1,19.505189,0.20793795585632324,2.4077110290527344,170.0,118.0,2014484,324968
Mendeleev,Get-Properties-Of-A-Chemical-Element,2025-07-16,1.11.5,jeb-kr-amherst,8399c9b,1.0.1,19.353557,0.2076561450958252,2.405578851699829,170.0,119.0,2017272,319492
Mendeleev,Get-Properties-Of-A-Chemical-Element,2025-07-17,1.11.5,jeb-kr-amherst,8399c9b,1.0.1,19.376525,0.22879910469055176,2.414569854736328,170.0,115.0,2014348,320484
Mendeleev,Get-Properties-Of-A-Chemical-Element,2025-07-18,1.11.5,jeb-kr-amherst,8399c9b,1.0.1,19.481387,0.2008988857269287,2.415748119354248,170.0,120.0,2032564,323660
Mendeleev,Get-Properties-Of-A-Chemical-Element,2025-07-19,1.11.5,jeb-kr-amherst,8399c9b,1.0.1,19.465256,0.19960498809814453,2.3976199626922607,170.0,120.0,2033388,322044
Mendeleev,Get-Properties-Of-A-Chemical-Element,2025-10-13,1.12.0,jeb-kr-amherst,8399c9b,1.0.1,21.2452,0.13958001136779785,3.029304027557373,163.0,109.0,2122712,397176
Mendeleev,Get-Properties-Of-A-Chemical-Element,2025-10-13,alpha,jeb-kr-amherst,8399c9b,1.0.1,21.238357,0.14889812469482422,3.044041872024536,161.0,109.0,2126644,395604
Mendeleev,Get-Properties-Of-A-Chemical-Element,2025-10-13,lts,jeb-kr-amherst,8399c9b,1.0.1,19.077041,0.2791109085083008,2.067864179611206,137.0,117.0,692772,378824
Mendeleev,Get-Properties-Of-A-Chemical-Element,2025-10-13,nightly,jeb-kr-amherst,8399c9b,1.0.1,21.484289,0.14015817642211914,2.8000028133392334,155.0,108.0,2537460,400396
Mendeleev,Get-Properties-Of-A-Chemical-Element,2025-10-13,release,jeb-kr-amherst,8399c9b,1.0.1,21.274308,0.13994097709655762,3.0438270568847656,164.0,109.0,2125216,395640
Optim,Rosenbrock-Minimization-With-Bfgs,2025-07-20,1.11.6,jeb-kr-amherst,3004b15,1.13.2,17.894024,0.4003579616546631,2.361855983734131,216.0,118.0,2036136,353340
Optim,Rosenbrock-Minimization-With-Bfgs,2025-07-24,1.11.6,jeb-kr-amherst,3004b15,1.13.2,17.885182,0.3595240116119385,2.351260185241699,215.0,120.0,2037700,350652
Optim,Rosenbrock-Minimization-With-Bfgs,2025-07-28,1.11.6,jeb-kr-amherst,3004b15,1.13.2,17.963203,0.3635392189025879,2.349733829498291,216.0,116.0,2035784,351624
Optim,Rosenbrock-Minimization-With-Bfgs,2025-08-01,1.11.6,jeb-kr-amherst,3004b15,1.13.2,17.876618,0.3646080493927002,2.338313102722168,214.0,116.0,2019380,350644
Optim,Rosenbrock-Minimization-With-Bfgs,2025-08-06,1.11.6,jeb-kr-amherst,3004b15,1.13.2,17.783683,0.33899402618408203,2.3594679832458496,214.0,120.0,2022748,348888
Optim,Rosenbrock-Minimization-With-Bfgs,2025-08-10,1.11.6,jeb-kr-amherst,3004b15,1.13.2,17.746809,0.34684205055236816,2.3532769680023193,214.0,117.0,2024592,348976
Optim,Rosenbrock-Minimization-With-Bfgs,2025-08-14,1.11.6,jeb-kr-amherst,3004b15,1.13.2,17.72702,0.371859073638916,2.341728925704956,214.0,115.0,2037416,353348
Optim,Rosenbrock-Minimization-With-Bfgs,2025-08-18,1.11.6,jeb-kr-amherst,3004b15,1.13.2,17.747409,0.33871984481811523,2.333812952041626,212.0,120.0,2031060,347328
Optim,Rosenbrock-Minimization-With-Bfgs,2025-08-22,1.11.6,jeb-kr-amherst,3004b15,1.13.2,18.892009,0.3478820323944092,2.500185966491699,207.0,119.0,2042988,348988
Optim,Rosenbrock-Minimization-With-Bfgs,2025-08-26,1.11.6,jeb-kr-amherst,3004b15,1.13.2,17.689636,0.37717390060424805,2.3432700634002686,215.0,115.0,2032884,348400
Optim,Rosenbrock-Minimization-With-Bfgs,2025-08-30,1.11.6,jeb-kr-amherst,3004b15,1.13.2,18.197414,0.38632893562316895,2.372657060623169,215.0,118.0,2020392,347664
Optim,Rosenbrock-Minimization-With-Bfgs,2025-09-03,1.11.6,jeb-kr-amherst,3004b15,1.13.2,17.839727,0.3486058712005615,2.363269090652466,214.0,117.0,2037900,349484
Optim,Rosenbrock-Minimization-With-Bfgs,2025-09-07,1.11.6,jeb-kr-amherst,3004b15,1.13.2,17.750926,0.34682488441467285,2.331218957901001,215.0,120.0,2019160,347252
Optim,Rosenbrock-Minimization-With-Bfgs,2025-09-11,1.11.6,jeb-kr-amherst,3004b15,1.13.2,17.906158,0.3392770290374756,2.334322929382324,215.0,120.0,2042848,349140
Optim,Rosenbrock-Minimization-With-Bfgs,2025-09-15,1.11.6,jeb-kr-amherst,3004b15,1.13.2,17.644253,0.3437368869781494,2.339323043823242,213.0,120.0,2038032,348852
Optim,Rosenbrock-Minimization-With-Bfgs,2025-09-19,1.11.6,jeb-kr-amherst,3004b15,1.13.2,18.184306,0.3521718978881836,2.3839621543884277,217.0,120.0,2024216,347504
Optim,Rosenbrock-Minimization-With-Bfgs,2025-09-20,1.11.7,jeb-kr-amherst,3004b15,1.13.2,17.604966,0.35779690742492676,2.3475282192230225,215.0,115.0,2051124,354240
Optim,Rosenbrock-Minimization-With-Bfgs,2025-09-24,1.11.7,jeb-kr-amherst,3004b15,1.13.2,17.767119,0.35007405281066895,2.4074158668518066,214.0,118.0,2059968,354508
Optim,Rosenbrock-Minimization-With-Bfgs,2025-09-28,1.11.7,jeb-kr-amherst,3004b15,1.13.2,17.781591,0.3410608768463135,2.3556621074676514,214.0,120.0,2056040,353028
Optim,Rosenbrock-Minimization-With-Bfgs,2025-10-02,1.11.7,jeb-kr-amherst,3004b15,1.13.2,17.401783,0.3640449047088623,2.336395025253296,214.0,115.0,2057012,354152
Optim,Rosenbrock-Minimization-With-Bfgs,2025-10-03,1.11.7,jeb-kr-amherst,3004b15,1.13.2,17.626769,0.3526270389556885,2.371588945388794,216.0,115.0,2046764,355216
Optim,Rosenbrock-Minimization-With-Bfgs,2025-10-06,1.11.7,jeb-kr-amherst,3004b15,1.13.2,17.767564,0.3389148712158203,2.3673641681671143,213.0,120.0,2048432,355924
Optim,Rosenbrock-Minimization-With-Bfgs,2025-10-10,1.11.7,jeb-kr-amherst,3004b15,1.13.2,17.592866,0.3733341693878174,2.383692979812622,215.0,115.0,2026644,354624
Optim,Rosenbrock-Minimization-With-Bfgs,2025-10-14,1.11.7,jeb-kr-amherst,3004b15,1.13.2,17.517285,0.3425719738006592,2.358970880508423,214.0,120.0,2028140,355548
Optim,Rosenbrock-Minimization-With-Bfgs,2025-10-15,1.12.0,jeb-kr-amherst,3004b15,1.13.2,22.719052,0.3268301486968994,2.18587589263916,200.0,110.0,2122004,409324
Optim,Rosenbrock-Minimization-With-Bfgs,2025-10-19,1.12.0,jeb-kr-amherst,3004b15,1.13.2,22.804923,0.30877089500427246,2.18843412399292,202.0,110.0,2131912,407584
Optim,Rosenbrock-Minimization-With-Bfgs,2025-10-23,1.12.0,jeb-kr-amherst,3004b15,1.13.2,22.756983,0.3100168704986572,2.1826229095458984,201.0,110.0,2134244,406620
Optim,Rosenbrock-Minimization-With-Bfgs,2025-10-24,1.12.0,jeb-kr-amherst,3004b15,1.13.2,22.918929,0.3159019947052002,2.2057840824127197,200.0,110.0,2128980,406692
Optim,Rosenbrock-Minimization-With-Bfgs,2025-10-25,1.12.1,jeb-kr-amherst,3004b15,1.13.2,22.731431,0.31914401054382324,2.1379940509796143,201.0,110.0,2087580,408608
Optim,Rosenbrock-Minimization-With-Bfgs,2025-10-29,1.12.1,jeb-kr-amherst,3004b15,1.13.2,22.706867,0.310715913772583,2.1498892307281494,200.0,110.0,2086480,407452
Optim,Rosenbrock-Minimization-With-Bfgs,2025-11-02,1.12.1,jeb-kr-amherst,3004b15,1.13.2,22.7094,0.31916213035583496,2.161505937576294,201.0,108.0,2085980,403700
Optim,Rosenbrock-Minimization-With-Bfgs,2025-11-06,1.12.1,jeb-kr-amherst,3004b15,1.13.2,23.079651,0.3161959648132324,2.154000997543335,202.0,108.0,2087576,402548
Optim,Rosenbrock-Minimization-With-Bfgs,2025-11-10,1.12.1,jeb-kr-amherst,3004b15,1.13.2,22.890984,0.31942009925842285,2.1593098640441895,202.0,110.0,2088380,406776
Optim,Rosenbrock-Minimization-With-Bfgs,2025-11-14,1.12.1,jeb-kr-amherst,3004b15,1.13.2,23.083649,0.3168051242828369,2.171674966812134,201.0,110.0,2136660,404828
Optim,Rosenbrock-Minimization-With-Bfgs,2025-11-18,1.12.1,jeb-kr-amherst,3004b15,1.13.2,22.891035,0.31018495559692383,2.1391491889953613,201.0,111.0,2087396,405412
Optim,Rosenbrock-Minimization-With-Bfgs,2025-11-23,1.12.2,jeb-kr-amherst,3004b15,1.13.2,28.494913,0.3186008930206299,2.182034969329834,206.0,110.0,2134472,410756
Optimization,Rosenbrock-Minimization-With-Bfgs-Using-Forwarddiff,2025-07-20,1.11.6,jeb-kr-amherst,3004b15,4.4.0,59.708115,0.8745269775390625,2.1687569618225098,278.0,114.0,2055996,439156
Optimization,Rosenbrock-Minimization-With-Bfgs-Using-Forwarddiff,2025-07-24,1.11.6,jeb-kr-amherst,3004b15,4.4.0,58.532577,0.8601300716400146,2.106421947479248,277.0,118.0,2055404,440476
Optimization,Rosenbrock-Minimization-With-Bfgs-Using-Forwarddiff,2025-07-28,1.11.6,jeb-kr-amherst,3004b15,4.4.0,58.601385,0.8361620903015137,2.1213808059692383,275.0,119.0,2034408,441144
Optimization,Rosenbrock-Minimization-With-Bfgs-Using-Forwarddiff,2025-08-01,1.11.6,jeb-kr-amherst,3004b15,4.5.0,58.650777,0.869581937789917,2.116628885269165,277.0,115.0,2035372,441880
Optimization,Rosenbrock-Minimization-With-Bfgs-Using-Forwarddiff,2025-08-06,1.11.6,jeb-kr-amherst,3004b15,4.5.0,58.482199,0.8564779758453369,2.174412965774536,277.0,115.0,2037140,437740
Optimization,Rosenbrock-Minimization-With-Bfgs-Using-Forwarddiff,2025-08-10,1.11.6,jeb-kr-amherst,3004b15,4.5.0,58.320882,0.8846900463104248,2.1233010292053223,276.0,114.0,2029152,441036
Optimization,Rosenbrock-Minimization-With-Bfgs-Using-Forwarddiff,2025-08-14,1.11.6,jeb-kr-amherst,3004b15,4.5.0,45.597848,0.7593870162963867,2.1537818908691406,278.0,119.0,2046060,419108
Optimization,Rosenbrock-Minimization-With-Bfgs-Using-Forwarddiff,2025-08-18,1.11.6,jeb-kr-amherst,3004b15,4.5.0,45.661166,0.7369580268859863,2.157094955444336,279.0,120.0,2052748,422360
Optimization,Rosenbrock-Minimization-With-Bfgs-Using-Forwarddiff,2025-08-22,1.11.6,jeb-kr-amherst,3004b15,4.5.0,48.94822,0.8862779140472412,2.2684950828552246,276.0,114.0,2048136,421860
Optimization,Rosenbrock-Minimization-With-Bfgs-Using-Forwarddiff,2025-08-26,1.11.6,jeb-kr-amherst,3004b15,4.5.0,45.536179,0.7416970729827881,2.120015859603882,277.0,120.0,2058448,424168
Optimization,Rosenbrock-Minimization-With-Bfgs-Using-Forwarddiff,2025-08-30,1.11.6,jeb-kr-amherst,3004b15,4.5.0,45.715916,0.744088888168335,2.1397600173950195,279.0,119.0,2047524,421568
Optimization,Rosenbrock-Minimization-With-Bfgs-Using-Forwarddiff,2025-09-03,1.11.6,jeb-kr-amherst,3004b15,4.5.0,45.55401,0.7768847942352295,2.1710710525512695,277.0,116.0,2052732,419668
Optimization,Rosenbrock-Minimization-With-Bfgs-Using-Forwarddiff,2025-09-07,1.11.6,jeb-kr-amherst,3004b15,4.5.0,46.066169,0.7691519260406494,2.1438779830932617,278.0,115.0,2046004,421132
Optimization,Rosenbrock-Minimization-With-Bfgs-Using-Forwarddiff,2025-09-11,1.11.6,jeb-kr-amherst,3004b15,4.5.0,46.020429,0.775007963180542,2.1370179653167725,277.0,116.0,2052716,421848
Optimization,Rosenbrock-Minimization-With-Bfgs-Using-Forwarddiff,2025-09-15,1.11.6,jeb-kr-amherst,3004b15,4.5.0,45.537306,0.7717888355255127,2.141745090484619,279.0,115.0,2044440,424128
Optimization,Rosenbrock-Minimization-With-Bfgs-Using-Forwarddiff,2025-09-19,1.11.6,jeb-kr-amherst,3004b15,4.5.0,45.745379,0.7344069480895996,2.1551930904388428,280.0,120.0,2051924,420816
Optimization,Rosenbrock-Minimization-With-Bfgs-Using-Forwarddiff,2025-09-20,1.11.7,jeb-kr-amherst,3004b15,4.5.0,45.789956,0.7251110076904297,2.144700050354004,278.0,120.0,2031980,427016
Optimization,Rosenbrock-Minimization-With-Bfgs-Using-Forwarddiff,2025-09-24,1.11.7,jeb-kr-amherst,3004b15,4.5.0,46.09126,0.7656400203704834,2.1499149799346924,277.0,115.0,2048632,428556
Optimization,Rosenbrock-Minimization-With-Bfgs-Using-Forwarddiff,2025-09-28,1.11.7,jeb-kr-amherst,3004b15,4.5.0,45.773518,0.7623391151428223,2.1662869453430176,278.0,115.0,2065496,428680
Optimization,Rosenbrock-Minimization-With-Bfgs-Using-Forwarddiff,2025-10-02,1.11.7,jeb-kr-amherst,3004b15,4.5.0,45.818494,0.731640100479126,2.1574270725250244,277.0,120.0,2061764,429256
Optimization,Rosenbrock-Minimization-With-Bfgs-Using-Forwarddiff,2025-10-03,1.11.7,jeb-kr-amherst,3004b15,4.5.0,45.723624,0.7397809028625488,2.1552371978759766,277.0,116.0,2065396,428156
Optimization,Rosenbrock-Minimization-With-Bfgs-Using-Forwarddiff,2025-10-06,1.11.7,jeb-kr-amherst,3004b15,4.5.0,45.861284,0.771996021270752,2.162353038787842,278.0,118.0,2057592,428928
Optimization,Rosenbrock-Minimization-With-Bfgs-Using-Forwarddiff,2025-10-10,1.11.7,jeb-kr-amherst,3004b15,4.5.0,45.537272,0.7292451858520508,2.1592798233032227,276.0,120.0,2030888,429288
Optimization,Rosenbrock-Minimization-With-Bfgs-Using-Forwarddiff,2025-10-14,1.11.7,jeb-kr-amherst,3004b15,4.5.0,45.920781,0.7582540512084961,2.130929946899414,278.0,115.0,2024012,429160
Optimization,Rosenbrock-Minimization-With-Bfgs-Using-Forwarddiff,2025-10-15,1.12.0,jeb-kr-amherst,3004b15,4.5.0,55.164374,0.7318038940429688,1.6944420337677002,269.0,112.0,2115196,465888
Optimization,Rosenbrock-Minimization-With-Bfgs-Using-Forwarddiff,2025-10-19,1.12.0,jeb-kr-amherst,3004b15,4.5.0,54.725886,0.7188849449157715,1.68715500831604,271.0,113.0,2115800,468088
Optimization,Rosenbrock-Minimization-With-Bfgs-Using-Forwarddiff,2025-10-23,1.12.0,jeb-kr-amherst,3004b15,4.5.0,54.967726,0.7184810638427734,1.6930320262908936,271.0,113.0,2120560,466128
Optimization,Rosenbrock-Minimization-With-Bfgs-Using-Forwarddiff,2025-10-24,1.12.0,jeb-kr-amherst,3004b15,4.5.0,54.809558,0.7151980400085449,1.6856210231781006,271.0,113.0,2115880,469580
Optimization,Rosenbrock-Minimization-With-Bfgs-Using-Forwarddiff,2025-10-25,1.12.1,jeb-kr-amherst,3004b15,4.5.0,55.153622,0.7286100387573242,1.6887640953063965,269.0,113.0,2131896,462928
Optimization,Rosenbrock-Minimization-With-Bfgs-Using-Forwarddiff,2025-10-29,1.12.1,jeb-kr-amherst,3004b15,4.5.0,55.23891,0.7126259803771973,1.6827821731567383,270.0,113.0,2121132,462760
Optimization,Rosenbrock-Minimization-With-Bfgs-Using-Forwarddiff,2025-11-02,1.12.1,jeb-kr-amherst,3004b15,4.5.0,54.95165,0.7290298938751221,1.7149782180786133,270.0,113.0,2126960,462184
Optimization,Rosenbrock-Minimization-With-Bfgs-Using-Forwarddiff,2025-11-06,1.12.1,jeb-kr-amherst,3004b15,4.5.0,55.202279,0.7169609069824219,1.7507688999176025,272.0,112.0,2129728,463156
Optimization,Rosenbrock-Minimization-With-Bfgs-Using-Forwarddiff,2025-11-10,1.12.1,jeb-kr-amherst,3004b15,4.5.0,55.188927,0.7296738624572754,1.720426082611084,272.0,113.0,2130892,468304
Optimization,Rosenbrock-Minimization-With-Bfgs-Using-Forwarddiff,2025-11-14,1.12.1,jeb-kr-amherst,3004b15,4.5.0,55.450434,0.7193901538848877,1.6816308498382568,270.0,113.0,2123100,460860
Optimization,Rosenbrock-Minimization-With-Bfgs-Using-Forwarddiff,2025-11-18,1.12.1,jeb-kr-amherst,3004b15,4.5.0,55.27053,0.7426209449768066,1.6906580924987793,269.0,113.0,2128268,464032
Optimization,Rosenbrock-Minimization-With-Bfgs-Using-Forwarddiff,2025-11-23,1.12.2,jeb-kr-amherst,3004b15,4.5.0,65.034069,0.7163600921630859,1.676987886428833,279.0,113.0,2167464,470668
OrdinaryDiffEq,Solve-The-Lorenz-Equation,2025-07-20,1.11.6,jeb-kr-amherst,3004b15,6.99.0,192.741634,2.903304100036621,1.015061855316162,344.0,114.0,2029964,810964
OrdinaryDiffEq,Solve-The-Lorenz-Equation,2025-07-24,1.11.6,jeb-kr-amherst,3004b15,6.101.0,193.55729,2.8287088871002197,1.0143201351165771,343.0,115.0,2036548,807332
OrdinaryDiffEq,Solve-The-Lorenz-Equation,2025-07-28,1.11.6,jeb-kr-amherst,3004b15,6.101.0,192.853781,2.8589119911193848,1.012274980545044,345.0,114.0,2049656,812212
OrdinaryDiffEq,Solve-The-Lorenz-Equation,2025-08-01,1.11.6,jeb-kr-amherst,3004b15,6.101.0,193.675307,2.8296988010406494,0.9442191123962402,344.0,116.0,2052680,810836
OrdinaryDiffEq,Solve-The-Lorenz-Equation,2025-08-06,1.11.6,jeb-kr-amherst,3004b15,6.101.0,193.785692,2.870694160461426,1.020704984664917,344.0,115.0,2047168,808848
OrdinaryDiffEq,Solve-The-Lorenz-Equation,2025-08-10,1.11.6,jeb-kr-amherst,3004b15,6.101.0,193.687982,2.8864529132843018,1.0343010425567627,345.0,117.0,2008792,818108
OrdinaryDiffEq,Solve-The-Lorenz-Equation,2025-08-14,1.11.6,jeb-kr-amherst,3004b15,6.101.0,180.634286,2.7440688610076904,0.981982946395874,343.0,114.0,2037992,786464
OrdinaryDiffEq,Solve-The-Lorenz-Equation,2025-08-18,1.11.6,jeb-kr-amherst,3004b15,6.101.0,179.667269,2.7055559158325195,0.9706301689147949,343.0,118.0,2046968,785460
OrdinaryDiffEq,Solve-The-Lorenz-Equation,2025-08-22,1.11.6,jeb-kr-amherst,3004b15,6.101.0,202.805099,2.9648988246917725,1.058730125427246,344.0,113.0,2049508,787584
OrdinaryDiffEq,Solve-The-Lorenz-Equation,2025-08-26,1.11.6,jeb-kr-amherst,3004b15,6.101.0,180.0305,2.751810073852539,0.9868419170379639,343.0,114.0,2053548,785780
OrdinaryDiffEq,Solve-The-Lorenz-Equation,2025-08-30,1.11.6,jeb-kr-amherst,3004b15,6.101.0,179.116004,2.715759038925171,0.9953150749206543,343.0,118.0,2055420,786000
OrdinaryDiffEq,Solve-The-Lorenz-Equation,2025-09-03,1.11.6,jeb-kr-amherst,3004b15,6.101.0,179.489647,2.735198974609375,0.9820220470428467,344.0,115.0,2024960,785556
OrdinaryDiffEq,Solve-The-Lorenz-Equation,2025-09-07,1.11.6,jeb-kr-amherst,3004b15,6.101.0,179.864708,2.7224318981170654,0.9897341728210449,345.0,118.0,2049820,786628
OrdinaryDiffEq,Solve-The-Lorenz-Equation,2025-09-11,1.11.6,jeb-kr-amherst,3004b15,6.101.0,179.890388,2.7153069972991943,0.9979839324951172,344.0,118.0,2052476,786000
OrdinaryDiffEq,Solve-The-Lorenz-Equation,2025-09-15,1.11.6,jeb-kr-amherst,3004b15,6.101.0,179.972075,2.7549350261688232,0.9701318740844727,345.0,114.0,2052420,786040
OrdinaryDiffEq,Solve-The-Lorenz-Equation,2025-09-19,1.11.6,jeb-kr-amherst,3004b15,6.101.0,179.752031,2.8022329807281494,0.9079501628875732,343.0,118.0,2045316,786828
OrdinaryDiffEq,Solve-The-Lorenz-Equation,2025-09-20,1.11.7,jeb-kr-amherst,3004b15,6.101.0,180.089969,2.7030019760131836,0.9764080047607422,343.0,118.0,2063544,791724
OrdinaryDiffEq,Solve-The-Lorenz-Equation,2025-09-24,1.11.7,jeb-kr-amherst,3004b15,6.101.0,180.422187,2.749919891357422,0.9825050830841064,344.0,114.0,2025608,793584
OrdinaryDiffEq,Solve-The-Lorenz-Equation,2025-09-28,1.11.7,jeb-kr-amherst,3004b15,6.101.0,180.395025,2.7340900897979736,0.9969620704650879,344.0,114.0,2029964,792992
OrdinaryDiffEq,Solve-The-Lorenz-Equation,2025-10-02,1.11.7,jeb-kr-amherst,3004b15,6.101.0,180.963215,2.8053958415985107,0.9987010955810547,344.0,115.0,2064720,793908
OrdinaryDiffEq,Solve-The-Lorenz-Equation,2025-10-03,1.11.7,jeb-kr-amherst,3004b15,6.101.0,240.549413,5.406937122344971,2.054736852645874,330.0,105.0,2047888,799528
OrdinaryDiffEq,Solve-The-Lorenz-Equation,2025-10-06,1.11.7,jeb-kr-amherst,3004b15,6.101.0,179.976827,2.8343069553375244,0.9962289333343506,343.0,114.0,2063484,793148
OrdinaryDiffEq,Solve-The-Lorenz-Equation,2025-10-10,1.11.7,jeb-kr-amherst,3004b15,6.101.0,183.139429,2.7295050621032715,0.979093074798584,345.0,118.0,2061528,791844
OrdinaryDiffEq,Solve-The-Lorenz-Equation,2025-10-14,1.11.7,jeb-kr-amherst,3004b15,6.101.0,179.640781,2.7024099826812744,0.9866900444030762,343.0,118.0,2025960,793312
OrdinaryDiffEq,Solve-The-Lorenz-Equation,2025-10-15,1.12.0,jeb-kr-amherst,3004b15,6.101.0,191.106482,2.4913878440856934,1.0569860935211182,338.0,121.0,2123516,729776
OrdinaryDiffEq,Solve-The-Lorenz-Equation,2025-10-19,1.12.0,jeb-kr-amherst,3004b15,6.101.0,190.451394,2.4143269062042236,0.987821102142334,339.0,120.0,2121468,731708
OrdinaryDiffEq,Solve-The-Lorenz-Equation,2025-10-23,1.12.0,jeb-kr-amherst,3004b15,6.101.0,191.128845,2.4374210834503174,1.0318958759307861,339.0,119.0,2123480,732264
OrdinaryDiffEq,Solve-The-Lorenz-Equation,2025-10-24,1.12.0,jeb-kr-amherst,3004b15,6.101.0,190.539948,2.434185028076172,0.9931759834289551,339.0,119.0,2120624,730176
OrdinaryDiffEq,Solve-The-Lorenz-Equation,2025-10-25,1.12.1,jeb-kr-amherst,3004b15,6.101.0,190.333843,2.5093131065368652,1.0031349658966064,339.0,119.0,2142344,715224
OrdinaryDiffEq,Solve-The-Lorenz-Equation,2025-10-29,1.12.1,jeb-kr-amherst,3004b15,6.101.0,190.710514,2.604038953781128,0.9948298931121826,340.0,119.0,2128572,716404
OrdinaryDiffEq,Solve-The-Lorenz-Equation,2025-11-02,1.12.1,jeb-kr-amherst,3004b15,6.101.0,190.832763,2.489143133163452,1.0278539657592773,338.0,119.0,2126984,714248
OrdinaryDiffEq,Solve-The-Lorenz-Equation,2025-11-06,1.12.1,jeb-kr-amherst,3004b15,6.101.0,190.651399,2.453979969024658,1.028252124786377,340.0,119.0,2128280,711064
OrdinaryDiffEq,Solve-The-Lorenz-Equation,2025-11-10,1.12.1,jeb-kr-amherst,3004b15,6.101.0,190.955045,2.4781670570373535,1.0080149173736572,339.0,119.0,2138888,713148
OrdinaryDiffEq,Solve-The-Lorenz-Equation,2025-11-14,1.12.1,jeb-kr-amherst,3004b15,6.101.0,191.183022,2.4678289890289307,1.0008678436279297,338.0,119.0,2137636,716128
OrdinaryDiffEq,Solve-The-Lorenz-Equation,2025-11-18,1.12.1,jeb-kr-amherst,3004b15,6.101.0,189.439673,2.494680881500244,0.9971730709075928,339.0,119.0,2131844,713768
OrdinaryDiffEq,Solve-The-Lorenz-Equation,2025-11-23,1.12.2,jeb-kr-amherst,3004b15,6.101.0,203.689236,2.4803249835968018,0.997290849685669,346.0,119.0,2166324,724108
OrdinaryDiffEq,Solve-The-Lorenz-Equation,2022-12-31,1.8.4,jeb-kr-amherst,8399c9b,6.36.2,163.28208,6.9200451374053955,1.1015489101409912,152.0,108.0,1189712,558948
OrdinaryDiffEq,Solve-The-Lorenz-Equation,2023-01-01,1.8.4,jeb-kr-amherst,8399c9b,6.36.2,163.65868,6.806836128234863,1.2698469161987305,152.0,106.0,1194740,562328
OrdinaryDiffEq,Solve-The-Lorenz-Equation,2023-01-02,1.8.4,jeb-kr-amherst,8399c9b,6.36.2,159.978198,6.815784931182861,1.095292091369629,154.0,107.0,1144116,596416
OrdinaryDiffEq,Solve-The-Lorenz-Equation,2023-01-03,1.8.4,jeb-kr-amherst,8399c9b,6.36.2,160.015238,6.759523868560791,1.0933830738067627,154.0,106.0,1250492,564864
OrdinaryDiffEq,Solve-The-Lorenz-Equation,2023-01-04,1.8.4,jeb-kr-amherst,8399c9b,6.36.2,161.999896,6.800243854522705,1.0753371715545654,153.0,108.0,1252852,597364
OrdinaryDiffEq,Solve-The-Lorenz-Equation,2023-01-05,1.8.4,jeb-kr-amherst,8399c9b,6.36.2,159.362368,6.577656984329224,1.2924041748046875,154.0,105.0,1159372,564064
OrdinaryDiffEq,Solve-The-Lorenz-Equation,2023-01-06,1.8.4,jeb-kr-amherst,8399c9b,6.36.2,161.110522,6.794571876525879,1.0919451713562012,154.0,105.0,1287292,597536
OrdinaryDiffEq,Solve-The-Lorenz-Equation,2023-01-07,1.8.4,jeb-kr-amherst,8399c9b,6.36.2,160.828485,6.744561195373535,1.0968999862670898,154.0,105.0,1258352,572904
OrdinaryDiffEq,Solve-The-Lorenz-Equation,2023-01-08,1.8.4,jeb-kr-amherst,8399c9b,6.36.2,159.573502,6.920039892196655,1.098262071609497,154.0,107.0,1256752,566140
OrdinaryDiffEq,Solve-The-Lorenz-Equation,2023-01-09,1.8.4,jeb-kr-amherst,8399c9b,6.37.0,161.043463,6.500043869018555,1.259742021560669,154.0,104.0,1252708,596708
OrdinaryDiffEq,Solve-The-Lorenz-Equation,2023-01-10,1.8.5,jeb-kr-amherst,8399c9b,6.37.0,160.436116,6.768275022506714,1.0820441246032715,154.0,104.0,1308756,597364
OrdinaryDiffEq,Solve-The-Lorenz-Equation,2023-01-11,1.8.5,jeb-kr-amherst,8399c9b,6.37.0,160.868832,6.79170298576355,1.087651014328003,154.0,108.0,1258912,559524
OrdinaryDiffEq,Solve-The-Lorenz-Equation,2023-01-12,1.8.5,jeb-kr-amherst,8399c9b,6.37.0,302.6733,7.302190065383911,1.2424390316009521,128.0,107.0,1194692,560544
OrdinaryDiffEq,Solve-The-Lorenz-Equation,2023-01-13,1.8.5,jeb-kr-amherst,8399c9b,6.37.0,318.121824,8.4132399559021,1.3882100582122803,136.0,102.0,1208756,597236
OrdinaryDiffEq,Solve-The-Lorenz-Equation,2023-01-14,1.8.5,jeb-kr-amherst,8399c9b,6.37.0,177.786739,6.993812084197998,1.1717009544372559,152.0,107.0,1196196,598376
OrdinaryDiffEq,Solve-The-Lorenz-Equation,2023-01-15,1.8.5,jeb-kr-amherst,8399c9b,6.37.0,211.05417,14.59186601638794,2.7120938301086426,142.0,100.0,1189656,599272
OrdinaryDiffEq,Solve-The-Lorenz-Equation,2023-01-16,1.8.5,jeb-kr-amherst,8399c9b,6.38.0,360.672967,14.852048873901367,2.577224016189575,131.0,99.0,1202304,598272
OrdinaryDiffEq,Solve-The-Lorenz-Equation,2023-01-17,1.8.5,jeb-kr-amherst,8399c9b,6.38.0,251.467514,7.477170944213867,1.2573931217193604,148.0,104.0,1226048,606444
OrdinaryDiffEq,Solve-The-Lorenz-Equation,2023-01-18,1.8.5,jeb-kr-amherst,8399c9b,6.38.0,172.939348,6.996836185455322,1.3540849685668945,153.0,104.0,1278612,612752
OrdinaryDiffEq,Solve-The-Lorenz-Equation,2023-01-19,1.8.5,jeb-kr-amherst,8399c9b,6.38.0,171.393731,7.3714399337768555,1.3340489864349365,154.0,107.0,1188852,606080
OrdinaryDiffEq,Solve-The-Lorenz-Equation,2023-01-20,1.8.5,jeb-kr-amherst,8399c9b,6.38.0,165.015292,6.948707103729248,1.1263830661773682,154.0,106.0,1271720,641296
OrdinaryDiffEq,Solve-The-Lorenz-Equation,2023-01-21,1.8.5,jeb-kr-amherst,8399c9b,6.38.0,165.091404,6.95434308052063,1.292525053024292,154.0,108.0,1277012,697680
OrdinaryDiffEq,Solve-The-Lorenz-Equation,2023-01-22,1.8.5,jeb-kr-amherst,8399c9b,6.38.0,222.989099,28.898187160491943,1.1750168800354004,140.0,102.0,1232632,626940
OrdinaryDiffEq,Solve-The-Lorenz-Equation,2023-01-23,1.8.5,jeb-kr-amherst,8399c9b,6.38.0,223.701428,28.877951860427856,1.0871930122375488,140.0,102.0,1272576,594812
OrdinaryDiffEq,Solve-The-Lorenz-Equation,2023-01-24,1.8.5,jeb-kr-amherst,8399c9b,6.38.0,222.565744,27.113070964813232,1.0930290222167969,140.0,101.0,1258224,586052
OrdinaryDiffEq,Solve-The-Lorenz-Equation,2023-01-25,1.8.5,jeb-kr-amherst,8399c9b,6.40.0,156.647521,6.309221029281616,1.0992460250854492,157.0,104.0,1236860,579420
OrdinaryDiffEq,Solve-The-Lorenz-Equation,2023-01-26,1.8.5,jeb-kr-amherst,8399c9b,6.40.0,155.94354,6.391273021697998,1.0921359062194824,157.0,104.0,1181056,576836
OrdinaryDiffEq,Solve-The-Lorenz-Equation,2023-01-27,1.8.5,jeb-kr-amherst,8399c9b,6.40.1,156.036942,6.375593900680542,1.2720699310302734,157.0,104.0,1071152,578920
OrdinaryDiffEq,Solve-The-Lorenz-Equation,2023-01-28,1.8.5,jeb-kr-amherst,8399c9b,6.40.1,153.572746,6.292366981506348,1.0934510231018066,158.0,106.0,1103440,577420
OrdinaryDiffEq,Solve-The-Lorenz-Equation,2023-01-29,1.8.5,jeb-kr-amherst,8399c9b,6.41.0,154.069108,6.3952319622039795,1.3031280040740967,158.0,106.0,1171788,575868
OrdinaryDiffEq,Solve-The-Lorenz-Equation,2023-01-30,1.8.5,jeb-kr-amherst,8399c9b,6.41.0,357.495689,7.885555028915405,1.5311651229858398,133.0,103.0,1203872,573716
OrdinaryDiffEq,Solve-The-Lorenz-Equation,2023-01-31,1.8.5,jeb-kr-amherst,8399c9b,6.41.0,327.108057,14.123268127441406,2.576880931854248,136.0,99.0,1324432,579396
OrdinaryDiffEq,Solve-The-Lorenz-Equation,2023-02-01,1.8.5,jeb-kr-amherst,8399c9b,6.41.0,334.55387,14.408131122589111,2.7024219036102295,132.0,100.0,1217300,567796
OrdinaryDiffEq,Solve-The-Lorenz-Equation,2023-02-02,1.8.5,jeb-kr-amherst,8399c9b,6.41.0,182.441797,7.348536014556885,1.289052963256836,153.0,107.0,1194840,578428
OrdinaryDiffEq,Solve-The-Lorenz-Equation,2023-02-03,1.8.5,jeb-kr-amherst,8399c9b,6.41.0,162.077325,6.827497959136963,1.209104061126709,156.0,107.0,1196300,586092
OrdinaryDiffEq,Solve-The-Lorenz-Equation,2023-02-04,1.8.5,jeb-kr-amherst,8399c9b,6.41.0,168.949821,6.51357102394104,1.340622901916504,157.0,104.0,1294340,590880
OrdinaryDiffEq,Solve-The-Lorenz-Equation,2023-02-05,1.8.5,jeb-kr-amherst,8399c9b,6.41.0,164.165129,9.938266038894653,1.0891377925872803,174.0,106.0,1305644,686612
OrdinaryDiffEq,Solve-The-Lorenz-Equation,2023-02-06,1.8.5,jeb-kr-amherst,8399c9b,6.41.0,184.182279,9.955250024795532,1.144989013671875,165.0,106.0,1275492,676280
OrdinaryDiffEq,Solve-The-Lorenz-Equation,2023-02-07,1.8.5,jeb-kr-amherst,8399c9b,6.42.0,187.169115,9.685217142105103,1.0917210578918457,165.0,106.0,1277888,749804
OrdinaryDiffEq,Solve-The-Lorenz-Equation,2023-02-08,1.8.5,jeb-kr-amherst,8399c9b,6.42.0,182.315786,9.711981058120728,1.0792479515075684,167.0,103.0,1210380,750520
OrdinaryDiffEq,Solve-The-Lorenz-Equation,2023-02-09,1.8.5,jeb-kr-amherst,8399c9b,6.43.1,196.937359,10.68783712387085,0.9497270584106445,161.0,103.0,1521752,688972
OrdinaryDiffEq,Solve-The-Lorenz-Equation,2023-02-10,1.8.5,jeb-kr-amherst,8399c9b,6.44.0,195.606955,10.77027702331543,0.9418551921844482,162.0,104.0,1585992,690256
OrdinaryDiffEq,Solve-The-Lorenz-Equation,2023-02-11,1.8.5,jeb-kr-amherst,8399c9b,6.44.0,196.238635,10.428928852081299,1.0089969635009766,162.0,103.0,1383140,691296
OrdinaryDiffEq,Solve-The-Lorenz-Equation,2023-02-12,1.8.5,jeb-kr-amherst,8399c9b,6.44.0,193.256077,10.42709994316101,1.1293768882751465,163.0,104.0,1481656,684716
OrdinaryDiffEq,Solve-The-Lorenz-Equation,2023-02-13,1.8.5,jeb-kr-amherst,8399c9b,6.44.0,195.699454,10.584705114364624,0.9460058212280273,162.0,105.0,1410800,690136
OrdinaryDiffEq,Solve-The-Lorenz-Equation,2023-02-14,1.8.5,jeb-kr-amherst,8399c9b,6.44.0,196.81745,10.628943920135498,1.0021240711212158,161.0,103.0,1446672,666668
OrdinaryDiffEq,Solve-The-Lorenz-Equation,2023-02-15,1.8.5,jeb-kr-amherst,8399c9b,6.44.0,194.996709,10.60323190689087,1.00173020362854,162.0,105.0,1400328,687752
OrdinaryDiffEq,Solve-The-Lorenz-Equation,2023-02-16,1.8.5,jeb-kr-amherst,8399c9b,6.44.0,195.602922,10.612717151641846,0.9987080097198486,162.0,106.0,1500052,670988
OrdinaryDiffEq,Solve-The-Lorenz-Equation,2023-02-17,1.8.5,jeb-kr-amherst,8399c9b,6.44.1,193.406671,9.809839010238647,0.9558589458465576,154.0,104.0,1501976,629124
OrdinaryDiffEq,Solve-The-Lorenz-Equation,2023-02-18,1.8.5,jeb-kr-amherst,8399c9b,6.44.1,192.579878,9.988769054412842,0.9354829788208008,155.0,106.0,1395744,682600
OrdinaryDiffEq,Solve-The-Lorenz-Equation,2023-02-19,1.8.5,jeb-kr-amherst,8399c9b,6.44.1,194.098035,9.832401990890503,0.9494450092315674,155.0,104.0,1402412,615436
OrdinaryDiffEq,Solve-The-Lorenz-Equation,2023-02-20,1.8.5,jeb-kr-amherst,8399c9b,6.44.1,192.780674,9.975742101669312,1.0284960269927979,155.0,106.0,1505364,627476
OrdinaryDiffEq,Solve-The-Lorenz-Equation,2023-02-21,1.8.5,jeb-kr-amherst,8399c9b,6.47.0,190.805446,10.09981894493103,1.0365638732910156,157.0,105.0,1392380,842104
OrdinaryDiffEq,Solve-The-Lorenz-Equation,2023-02-22,1.8.5,jeb-kr-amherst,8399c9b,6.47.0,410.64118,23.126884937286377,2.5029568672180176,139.0,100.0,1452876,728640
OrdinaryDiffEq,Solve-The-Lorenz-Equation,2023-02-23,1.8.5,jeb-kr-amherst,8399c9b,6.47.0,292.769917,11.696188926696777,1.1433920860290527,153.0,103.0,1421300,727380
OrdinaryDiffEq,Solve-The-Lorenz-Equation,2023-02-24,1.8.5,jeb-kr-amherst,8399c9b,6.47.0,212.04209,11.180619955062866,1.07688307762146,157.0,102.0,1340080,728468
OrdinaryDiffEq,Solve-The-Lorenz-Equation,2023-02-25,1.8.5,jeb-kr-amherst,8399c9b,6.47.0,207.836544,11.809221982955933,1.0576040744781494,155.0,102.0,1488036,639212
OrdinaryDiffEq,Solve-The-Lorenz-Equation,2023-02-26,1.8.5,jeb-kr-amherst,8399c9b,6.48.0,197.287521,11.780529975891113,0.9362368583679199,156.0,105.0,1358632,623312
OrdinaryDiffEq,Solve-The-Lorenz-Equation,2023-02-27,1.8.5,jeb-kr-amherst,8399c9b,6.48.0,197.032313,11.777836084365845,1.0483698844909668,156.0,102.0,1418016,675048
OrdinaryDiffEq,Solve-The-Lorenz-Equation,2023-02-28,1.8.5,jeb-kr-amherst,8399c9b,6.48.0,193.969255,11.579723119735718,0.986717939376831,157.0,103.0,1344592,652300
OrdinaryDiffEq,Solve-The-Lorenz-Equation,2023-03-01,1.8.5,jeb-kr-amherst,8399c9b,6.48.0,194.239885,11.681204080581665,1.0071079730987549,157.0,102.0,1446052,649612
OrdinaryDiffEq,Solve-The-Lorenz-Equation,2023-03-02,1.8.5,jeb-kr-amherst,8399c9b,6.48.0,196.545857,11.39022707939148,0.9808731079101562,157.0,102.0,1359824,667328
OrdinaryDiffEq,Solve-The-Lorenz-Equation,2023-03-03,1.8.5,jeb-kr-amherst,8399c9b,6.48.2,194.467059,11.561424016952515,0.9978528022766113,157.0,103.0,1487360,645332
OrdinaryDiffEq,Solve-The-Lorenz-Equation,2023-03-04,1.8.5,jeb-kr-amherst,8399c9b,6.49.0,171.384796,11.824081897735596,1.0273280143737793,165.0,105.0,1346680,644892
OrdinaryDiffEq,Solve-The-Lorenz-Equation,2023-03-05,1.8.5,jeb-kr-amherst,8399c9b,6.49.0,172.371662,11.583577871322632,0.936068058013916,165.0,105.0,1365152,629036
OrdinaryDiffEq,Solve-The-Lorenz-Equation,2023-03-06,1.8.5,jeb-kr-amherst,8399c9b,6.49.0,171.819793,11.756680965423584,0.9452638626098633,164.0,103.0,1372200,630832
OrdinaryDiffEq,Solve-The-Lorenz-Equation,2023-03-07,1.8.5,jeb-kr-amherst,8399c9b,6.49.0,170.839835,11.739157915115356,0.9929170608520508,165.0,102.0,1338908,647204
OrdinaryDiffEq,Solve-The-Lorenz-Equation,2023-03-08,1.8.5,jeb-kr-amherst,8399c9b,6.49.0,172.36939,11.704002857208252,0.9895501136779785,164.0,105.0,1371040,662112
OrdinaryDiffEq,Solve-The-Lorenz-Equation,2023-03-09,1.8.5,jeb-kr-amherst,8399c9b,6.49.0,171.686179,11.705227851867676,0.9382419586181641,165.0,105.0,1367076,628456
OrdinaryDiffEq,Solve-The-Lorenz-Equation,2023-03-10,1.8.5,jeb-kr-amherst,8399c9b,6.49.0,171.090421,11.565889120101929,0.9261758327484131,164.0,105.0,1404876,679276
OrdinaryDiffEq,Solve-The-Lorenz-Equation,2023-03-11,1.8.5,jeb-kr-amherst,8399c9b,6.49.0,173.153129,11.687441110610962,1.0006749629974365,164.0,102.0,1460428,640492
OrdinaryDiffEq,Solve-The-Lorenz-Equation,2023-03-12,1.8.5,jeb-kr-amherst,8399c9b,6.49.1,172.445289,11.684201955795288,0.9233589172363281,165.0,102.0,1366636,628880
OrdinaryDiffEq,Solve-The-Lorenz-Equation,2023-03-13,1.8.5,jeb-kr-amherst,8399c9b,6.49.1,171.492053,11.62338399887085,0.9833979606628418,165.0,105.0,1422264,644512
OrdinaryDiffEq,Solve-The-Lorenz-Equation,2023-03-14,1.8.5,jeb-kr-amherst,8399c9b,6.49.1,172.222057,11.865576028823853,0.9262409210205078,164.0,103.0,1472360,626080
OrdinaryDiffEq,Solve-The-Lorenz-Equation,2023-03-15,1.8.5,jeb-kr-amherst,8399c9b,6.49.1,172.662463,12.413795232772827,0.9445099830627441,165.0,103.0,1447172,613636
OrdinaryDiffEq,Solve-The-Lorenz-Equation,2023-03-16,1.8.5,jeb-kr-amherst,8399c9b,6.49.1,173.889863,12.476675987243652,1.0045201778411865,164.0,105.0,1394024,644588
OrdinaryDiffEq,Solve-The-Lorenz-Equation,2023-03-17,1.8.5,jeb-kr-amherst,8399c9b,6.49.1,173.508979,12.97999620437622,0.9405109882354736,165.0,105.0,1419100,645892
OrdinaryDiffEq,Solve-The-Lorenz-Equation,2023-03-18,1.8.5,jeb-kr-amherst,8399c9b,6.49.1,399.655428,30.950291872024536,2.2385690212249756,140.0,100.0,1404340,722212
OrdinaryDiffEq,Solve-The-Lorenz-Equation,2023-03-19,1.8.5,jeb-kr-amherst,8399c9b,6.49.2,225.94765,22.17582607269287,1.315222978591919,160.0,101.0,1466916,650832
OrdinaryDiffEq,Solve-The-Lorenz-Equation,2023-03-20,1.8.5,jeb-kr-amherst,8399c9b,6.49.3,203.633885,16.64705991744995,0.9604470729827881,160.0,102.0,1486904,703908
OrdinaryDiffEq,Solve-The-Lorenz-Equation,2023-03-21,1.8.5,jeb-kr-amherst,8399c9b,6.49.3,192.168488,17.01678705215454,0.9824240207672119,160.0,103.0,1622396,665284
OrdinaryDiffEq,Solve-The-Lorenz-Equation,2023-03-22,1.8.5,jeb-kr-amherst,8399c9b,6.49.3,194.355058,16.307992935180664,0.9694089889526367,160.0,102.0,1551264,714388
OrdinaryDiffEq,Solve-The-Lorenz-Equation,2023-03-23,1.8.5,jeb-kr-amherst,8399c9b,6.49.3,171.327118,11.02315092086792,0.9284729957580566,164.0,104.0,1515420,888548
OrdinaryDiffEq,Solve-The-Lorenz-Equation,2023-03-24,1.8.5,jeb-kr-amherst,8399c9b,6.49.4,170.330367,11.10808801651001,0.943065881729126,164.0,102.0,1509080,653172
OrdinaryDiffEq,Solve-The-Lorenz-Equation,2023-03-25,1.8.5,jeb-kr-amherst,8399c9b,6.49.4,172.697346,11.190448999404907,0.9418900012969971,164.0,105.0,1383112,888008
OrdinaryDiffEq,Solve-The-Lorenz-Equation,2023-03-26,1.8.5,jeb-kr-amherst,8399c9b,6.49.4,171.667885,11.106151819229126,0.9266400337219238,164.0,104.0,1436656,650056
OrdinaryDiffEq,Solve-The-Lorenz-Equation,2023-03-27,1.8.5,jeb-kr-amherst,8399c9b,6.49.4,172.214563,11.21549916267395,0.9366087913513184,164.0,104.0,1524236,652424
OrdinaryDiffEq,Solve-The-Lorenz-Equation,2023-03-28,1.8.5,jeb-kr-amherst,8399c9b,6.49.4,171.592717,11.17272400856018,0.9515609741210938,164.0,105.0,1521316,887704
OrdinaryDiffEq,Solve-The-Lorenz-Equation,2023-03-29,1.8.5,jeb-kr-amherst,8399c9b,6.49.4,171.053549,11.122407913208008,0.9347331523895264,164.0,102.0,1425196,723540
OrdinaryDiffEq,Solve-The-Lorenz-Equation,2023-03-30,1.8.5,jeb-kr-amherst,8399c9b,6.49.4,392.421881,25.071362018585205,2.2532639503479004,142.0,100.0,1383464,888212
OrdinaryDiffEq,Solve-The-Lorenz-Equation,2023-03-31,1.8.5,jeb-kr-amherst,8399c9b,6.49.4,186.407776,12.744029998779297,1.0725140571594238,161.0,104.0,1399948,887548
OrdinaryDiffEq,Solve-The-Lorenz-Equation,2023-04-01,1.8.5,jeb-kr-amherst,8399c9b,6.49.4,172.261875,11.18201494216919,0.9798338413238525,163.0,103.0,1517448,637424
OrdinaryDiffEq,Solve-The-Lorenz-Equation,2023-04-02,1.8.5,jeb-kr-amherst,8399c9b,6.49.4,176.856581,11.552737951278687,1.0825049877166748,161.0,104.0,1463528,887768
OrdinaryDiffEq,Solve-The-Lorenz-Equation,2023-04-03,1.8.5,jeb-kr-amherst,8399c9b,6.49.4,379.178006,23.822091817855835,2.373993158340454,143.0,100.0,1492272,648740
OrdinaryDiffEq,Solve-The-Lorenz-Equation,2023-04-04,1.8.5,jeb-kr-amherst,8399c9b,6.49.4,231.741433,12.265241146087646,1.1081969738006592,168.0,103.0,1497600,724532
OrdinaryDiffEq,Solve-The-Lorenz-Equation,2023-04-05,1.8.5,jeb-kr-amherst,8399c9b,6.49.4,229.734246,12.812911987304688,1.116649866104126,161.0,102.0,1499712,749440
OrdinaryDiffEq,Solve-The-Lorenz-Equation,2023-04-06,1.8.5,jeb-kr-amherst,8399c9b,6.49.4,172.234237,11.473634004592896,0.9395880699157715,163.0,102.0,1413044,720612
OrdinaryDiffEq,Solve-The-Lorenz-Equation,2023-04-07,1.8.5,jeb-kr-amherst,8399c9b,6.49.4,171.609329,11.157196044921875,0.9353399276733398,164.0,104.0,1436908,723852
OrdinaryDiffEq,Solve-The-Lorenz-Equation,2023-04-08,1.8.5,jeb-kr-amherst,8399c9b,6.49.4,172.199014,11.480945825576782,0.9449751377105713,163.0,105.0,1460756,749892
OrdinaryDiffEq,Solve-The-Lorenz-Equation,2023-04-09,1.8.5,jeb-kr-amherst,8399c9b,6.49.4,171.116018,11.19314193725586,0.9348819255828857,164.0,104.0,1468796,887848
OrdinaryDiffEq,Solve-The-Lorenz-Equation,2023-04-10,1.8.5,jeb-kr-amherst,8399c9b,6.49.4,170.960491,11.200841903686523,0.9335181713104248,163.0,103.0,1577164,749932
OrdinaryDiffEq,Solve-The-Lorenz-Equation,2023-04-11,1.8.5,jeb-kr-amherst,8399c9b,6.49.4,171.601198,11.283017873764038,0.9727251529693604,164.0,105.0,1482560,888140
OrdinaryDiffEq,Solve-The-Lorenz-Equation,2023-04-12,1.8.5,jeb-kr-amherst,8399c9b,6.49.4,171.395332,11.133058071136475,0.937654972076416,163.0,105.0,1506060,749712
OrdinaryDiffEq,Solve-The-Lorenz-Equation,2023-04-13,1.8.5,jeb-kr-amherst,8399c9b,6.49.4,171.127972,11.053027868270874,1.0011889934539795,164.0,102.0,1437644,647416
OrdinaryDiffEq,Solve-The-Lorenz-Equation,2023-04-14,1.8.5,jeb-kr-amherst,8399c9b,6.50.0,295.580019,13.042031049728394,1.450721025466919,136.0,104.0,1520792,750052
OrdinaryDiffEq,Solve-The-Lorenz-Equation,2023-04-15,1.8.5,jeb-kr-amherst,8399c9b,6.50.0,375.989924,22.549778938293457,2.016024112701416,142.0,100.0,1467204,693916
OrdinaryDiffEq,Solve-The-Lorenz-Equation,2023-04-16,1.8.5,jeb-kr-amherst,8399c9b,6.50.0,362.955228,24.071533918380737,2.159687042236328,142.0,100.0,1425712,653296
OrdinaryDiffEq,Solve-The-Lorenz-Equation,2023-04-17,1.8.5,jeb-kr-amherst,8399c9b,6.50.0,274.316532,23.42762517929077,2.400355815887451,145.0,99.0,1472300,887372
OrdinaryDiffEq,Solve-The-Lorenz-Equation,2023-04-18,1.8.5,jeb-kr-amherst,8399c9b,6.50.0,371.959845,23.848599910736084,2.410722017288208,143.0,99.0,1392928,887560
OrdinaryDiffEq,Solve-The-Lorenz-Equation,2023-04-19,1.8.5,jeb-kr-amherst,8399c9b,6.50.0,403.978175,24.703925132751465,2.13006591796875,135.0,100.0,1465808,750220
OrdinaryDiffEq,Solve-The-Lorenz-Equation,2023-04-20,1.8.5,jeb-kr-amherst,8399c9b,6.50.0,381.849608,22.870362043380737,2.4859769344329834,141.0,100.0,1439024,888268
OrdinaryDiffEq,Solve-The-Lorenz-Equation,2023-04-21,1.8.5,jeb-kr-amherst,8399c9b,6.50.0,193.765789,11.77844500541687,1.0695390701293945,168.0,104.0,1439476,887480
OrdinaryDiffEq,Solve-The-Lorenz-Equation,2023-04-22,1.8.5,jeb-kr-amherst,8399c9b,6.50.0,172.429553,11.123631954193115,0.9407219886779785,163.0,103.0,1426652,887784
OrdinaryDiffEq,Solve-The-Lorenz-Equation,2023-04-23,1.8.5,jeb-kr-amherst,8399c9b,6.50.0,171.503807,11.571846008300781,0.9684720039367676,163.0,105.0,1526508,888432
OrdinaryDiffEq,Solve-The-Lorenz-Equation,2023-04-24,1.8.5,jeb-kr-amherst,8399c9b,6.50.0,171.119744,11.226327896118164,0.9726641178131104,164.0,103.0,1404128,887796
OrdinaryDiffEq,Solve-The-Lorenz-Equation,2023-04-25,1.8.5,jeb-kr-amherst,8399c9b,6.50.0,171.940222,11.329307079315186,0.9675159454345703,163.0,102.0,1578616,629056
OrdinaryDiffEq,Solve-The-Lorenz-Equation,2023-04-26,1.8.5,jeb-kr-amherst,8399c9b,6.50.0,170.462101,11.416344165802002,0.9385888576507568,164.0,102.0,1479236,655140
OrdinaryDiffEq,Solve-The-Lorenz-Equation,2023-04-27,1.8.5,jeb-kr-amherst,8399c9b,6.50.0,170.216007,11.196528911590576,0.9164259433746338,164.0,104.0,1451560,749840
OrdinaryDiffEq,Solve-The-Lorenz-Equation,2023-04-28,1.8.5,jeb-kr-amherst,8399c9b,6.50.0,172.133446,11.313273906707764,0.962446928024292,163.0,102.0,1444268,636892
OrdinaryDiffEq,Solve-The-Lorenz-Equation,2023-04-29,1.8.5,jeb-kr-amherst,8399c9b,6.50.0,171.763647,10.99551796913147,0.9753119945526123,164.0,104.0,1503012,638900
OrdinaryDiffEq,Solve-The-Lorenz-Equation,2023-04-30,1.8.5,jeb-kr-amherst,8399c9b,6.50.0,171.380074,11.208296060562134,1.006485939025879,164.0,105.0,1371712,887612
OrdinaryDiffEq,Solve-The-Lorenz-Equation,2023-05-01,1.8.5,jeb-kr-amherst,8399c9b,6.50.0,172.014235,11.072319030761719,0.9794080257415771,164.0,102.0,1382552,887748
OrdinaryDiffEq,Solve-The-Lorenz-Equation,2023-05-02,1.8.5,jeb-kr-amherst,8399c9b,6.50.0,170.800481,11.305155038833618,0.9903891086578369,164.0,105.0,1426952,695300
OrdinaryDiffEq,Solve-The-Lorenz-Equation,2023-05-03,1.8.5,jeb-kr-amherst,8399c9b,6.50.0,172.774975,11.239604949951172,0.9939160346984863,163.0,105.0,1405776,695552
OrdinaryDiffEq,Solve-The-Lorenz-Equation,2023-05-04,1.8.5,jeb-kr-amherst,8399c9b,6.51.0,175.042758,11.477433919906616,0.9363489151000977,163.0,102.0,1405732,699048
OrdinaryDiffEq,Solve-The-Lorenz-Equation,2023-05-05,1.8.5,jeb-kr-amherst,8399c9b,6.51.0,174.38674,11.571063995361328,1.1260550022125244,163.0,105.0,1471920,887688
OrdinaryDiffEq,Solve-The-Lorenz-Equation,2023-05-06,1.8.5,jeb-kr-amherst,8399c9b,6.51.1,173.314956,11.721246004104614,0.937964916229248,163.0,104.0,1475568,724472
OrdinaryDiffEq,Solve-The-Lorenz-Equation,2023-05-07,1.8.5,jeb-kr-amherst,8399c9b,6.51.1,173.660726,11.16094708442688,1.1038579940795898,163.0,102.0,1480460,750096
OrdinaryDiffEq,Solve-The-Lorenz-Equation,2023-05-08,1.8.5,jeb-kr-amherst,8399c9b,6.51.1,174.066418,11.398277044296265,0.9248600006103516,163.0,104.0,1462496,887684
OrdinaryDiffEq,Solve-The-Lorenz-Equation,2023-05-09,1.8.5,jeb-kr-amherst,8399c9b,6.51.1,172.746763,11.389072895050049,1.1163229942321777,164.0,102.0,1411208,795364
OrdinaryDiffEq,Solve-The-Lorenz-Equation,2023-05-10,1.9.0,jeb-kr-amherst,8399c9b,6.51.1,229.724453,3.574611186981201,0.13458490371704102,158.0,112.0,3095512,838084
OrdinaryDiffEq,Solve-The-Lorenz-Equation,2023-05-11,1.9.0,jeb-kr-amherst,8399c9b,6.51.1,230.052006,3.618340015411377,0.1356968879699707,157.0,109.0,3110108,838176
OrdinaryDiffEq,Solve-The-Lorenz-Equation,2023-05-12,1.9.0,jeb-kr-amherst,8399c9b,6.51.1,229.847066,3.4699671268463135,0.10982584953308105,158.0,113.0,3198308,837392
OrdinaryDiffEq,Solve-The-Lorenz-Equation,2023-05-13,1.9.0,jeb-kr-amherst,8399c9b,6.51.1,230.234223,3.554462194442749,0.11206889152526855,158.0,112.0,3232968,838396
OrdinaryDiffEq,Solve-The-Lorenz-Equation,2023-05-14,1.9.0,jeb-kr-amherst,8399c9b,6.51.1,230.128589,3.5011370182037354,0.1095740795135498,158.0,113.0,3079248,840552
OrdinaryDiffEq,Solve-The-Lorenz-Equation,2023-05-15,1.9.0,jeb-kr-amherst,8399c9b,6.51.1,231.002949,3.5420379638671875,0.13301301002502441,158.0,112.0,3109936,841612
OrdinaryDiffEq,Solve-The-Lorenz-Equation,2023-05-16,1.9.0,jeb-kr-amherst,8399c9b,6.51.1,229.095058,3.5012848377227783,0.11043715476989746,158.0,109.0,3066204,840144
OrdinaryDiffEq,Solve-The-Lorenz-Equation,2023-05-17,1.9.0,jeb-kr-amherst,8399c9b,6.51.2,230.214577,3.4942190647125244,0.13196897506713867,159.0,112.0,3092656,840624
OrdinaryDiffEq,Solve-The-Lorenz-Equation,2023-05-18,1.9.0,jeb-kr-amherst,8399c9b,6.51.2,230.26157,3.5228500366210938,0.13149595260620117,159.0,112.0,3093084,840292
OrdinaryDiffEq,Solve-The-Lorenz-Equation,2023-05-19,1.9.0,jeb-kr-amherst,8399c9b,6.51.2,230.980333,3.4920859336853027,0.11202502250671387,159.0,113.0,3206824,844396
OrdinaryDiffEq,Solve-The-Lorenz-Equation,2023-05-20,1.9.0,jeb-kr-amherst,8399c9b,6.51.2,229.967473,3.5583088397979736,0.11330699920654297,159.0,110.0,3094852,842612
OrdinaryDiffEq,Solve-The-Lorenz-Equation,2023-05-21,1.9.0,jeb-kr-amherst,8399c9b,6.51.2,230.354009,3.5565431118011475,0.13166379928588867,159.0,109.0,3079900,843012
OrdinaryDiffEq,Solve-The-Lorenz-Equation,2023-05-22,1.9.0,jeb-kr-amherst,8399c9b,6.51.2,230.183043,3.592024803161621,0.11211705207824707,159.0,109.0,3074472,839576
OrdinaryDiffEq,Solve-The-Lorenz-Equation,2023-05-23,1.9.0,jeb-kr-amherst,8399c9b,6.51.2,230.254703,3.4984488487243652,0.11147713661193848,159.0,113.0,3080876,844344
OrdinaryDiffEq,Solve-The-Lorenz-Equation,2023-05-24,1.9.0,jeb-kr-amherst,8399c9b,6.51.2,230.627379,3.525940179824829,0.13454389572143555,160.0,109.0,3105764,841684
OrdinaryDiffEq,Solve-The-Lorenz-Equation,2023-05-25,1.9.0,jeb-kr-amherst,8399c9b,6.51.2,231.155062,3.5889840126037598,0.13587021827697754,159.0,111.0,3106976,841900
OrdinaryDiffEq,Solve-The-Lorenz-Equation,2023-05-26,1.9.0,jeb-kr-amherst,8399c9b,6.51.2,230.656234,3.5442230701446533,0.11104893684387207,159.0,109.0,3110880,839704
OrdinaryDiffEq,Solve-The-Lorenz-Equation,2023-05-27,1.9.0,jeb-kr-amherst,8399c9b,6.51.2,230.806483,3.5689830780029297,0.13197994232177734,159.0,111.0,3099624,842312
OrdinaryDiffEq,Solve-The-Lorenz-Equation,2023-05-28,1.9.0,jeb-kr-amherst,8399c9b,6.52.0,230.424935,3.567188024520874,0.1115579605102539,158.0,109.0,3145376,840896
OrdinaryDiffEq,Solve-The-Lorenz-Equation,2023-05-29,1.9.0,jeb-kr-amherst,8399c9b,6.52.0,230.621441,3.450748920440674,0.11040806770324707,159.0,109.0,3092196,841668
OrdinaryDiffEq,Solve-The-Lorenz-Equation,2023-05-30,1.9.0,jeb-kr-amherst,8399c9b,6.52.0,230.810613,3.4865989685058594,0.11157011985778809,159.0,109.0,3100168,838856
OrdinaryDiffEq,Solve-The-Lorenz-Equation,2023-05-31,1.9.0,jeb-kr-amherst,8399c9b,6.52.0,231.169443,3.4827699661254883,0.13314104080200195,159.0,109.0,3087996,843156
OrdinaryDiffEq,Solve-The-Lorenz-Equation,2023-06-01,1.9.0,jeb-kr-amherst,8399c9b,6.52.0,230.960361,3.5472090244293213,0.11311101913452148,159.0,110.0,3086092,839932
OrdinaryDiffEq,Solve-The-Lorenz-Equation,2023-06-02,1.9.0,jeb-kr-amherst,8399c9b,6.52.0,230.853273,3.5409598350524902,0.1110529899597168,159.0,109.0,3091324,840212
OrdinaryDiffEq,Solve-The-Lorenz-Equation,2023-06-03,1.9.0,jeb-kr-amherst,8399c9b,6.52.0,232.678426,3.4572839736938477,0.1106410026550293,159.0,112.0,3077792,838960
OrdinaryDiffEq,Solve-The-Lorenz-Equation,2023-06-04,1.9.0,jeb-kr-amherst,8399c9b,6.52.0,231.206378,3.5022201538085938,0.1114959716796875,159.0,109.0,3079688,840496
OrdinaryDiffEq,Solve-The-Lorenz-Equation,2023-06-05,1.9.0,jeb-kr-amherst,8399c9b,6.52.0,231.261182,3.4318628311157227,0.11106514930725098,159.0,113.0,3087424,840188
OrdinaryDiffEq,Solve-The-Lorenz-Equation,2023-06-06,1.9.0,jeb-kr-amherst,8399c9b,6.52.0,230.809387,3.5228171348571777,0.11114287376403809,159.0,109.0,3088028,839268
OrdinaryDiffEq,Solve-The-Lorenz-Equation,2023-06-07,1.9.0,jeb-kr-amherst,8399c9b,6.53.0,227.895236,3.3651068210601807,0.10970616340637207,157.0,111.0,2960012,835120
OrdinaryDiffEq,Solve-The-Lorenz-Equation,2023-06-08,1.9.0,jeb-kr-amherst,8399c9b,6.53.0,227.016231,3.4067509174346924,0.13536810874938965,158.0,109.0,2967660,839912
OrdinaryDiffEq,Solve-The-Lorenz-Equation,2023-06-09,1.9.0,jeb-kr-amherst,8399c9b,6.53.0,227.369957,3.3951101303100586,0.11020278930664062,157.0,109.0,2963340,835068
OrdinaryDiffEq,Solve-The-Lorenz-Equation,2023-06-10,1.9.1,jeb-kr-amherst,8399c9b,6.53.0,226.348467,3.4723150730133057,0.1107480525970459,151.0,110.0,2976376,846528
OrdinaryDiffEq,Solve-The-Lorenz-Equation,2023-06-11,1.9.1,jeb-kr-amherst,8399c9b,6.53.0,226.976365,3.4400830268859863,0.11213898658752441,151.0,113.0,2967932,846672
OrdinaryDiffEq,Solve-The-Lorenz-Equation,2023-06-12,1.9.1,jeb-kr-amherst,8399c9b,6.53.0,225.236626,3.478145122528076,0.11019301414489746,151.0,109.0,2994492,844524
OrdinaryDiffEq,Solve-The-Lorenz-Equation,2023-06-13,1.9.1,jeb-kr-amherst,8399c9b,6.53.1,226.235107,3.489438056945801,0.11025881767272949,151.0,113.0,2991892,837844
OrdinaryDiffEq,Solve-The-Lorenz-Equation,2023-06-14,1.9.1,jeb-kr-amherst,8399c9b,6.53.1,226.022175,3.460598945617676,0.11028194427490234,151.0,113.0,2977364,836036
OrdinaryDiffEq,Solve-The-Lorenz-Equation,2023-06-15,1.9.1,jeb-kr-amherst,8399c9b,6.53.1,226.838832,3.517210006713867,0.11161398887634277,151.0,109.0,2944136,835516
OrdinaryDiffEq,Solve-The-Lorenz-Equation,2023-06-16,1.9.1,jeb-kr-amherst,8399c9b,6.53.1,225.760692,3.4972150325775146,0.11122298240661621,151.0,112.0,2996556,836680
OrdinaryDiffEq,Solve-The-Lorenz-Equation,2023-06-17,1.9.1,jeb-kr-amherst,8399c9b,6.53.2,401.271594,8.106755018234253,0.29433298110961914,128.0,99.0,2985296,837452
OrdinaryDiffEq,Solve-The-Lorenz-Equation,2023-06-18,1.9.1,jeb-kr-amherst,8399c9b,6.53.2,475.398815,4.111443042755127,0.13152194023132324,131.0,110.0,2992164,846924
OrdinaryDiffEq,Solve-The-Lorenz-Equation,2023-06-19,1.9.1,jeb-kr-amherst,8399c9b,6.53.2,261.618763,3.7421798706054688,0.11785316467285156,149.0,112.0,3080164,837504
OrdinaryDiffEq,Solve-The-Lorenz-Equation,2023-06-20,1.9.1,jeb-kr-amherst,8399c9b,6.53.2,229.421751,3.5006401538848877,0.13575005531311035,150.0,110.0,3063444,840624
OrdinaryDiffEq,Solve-The-Lorenz-Equation,2023-06-21,1.9.1,jeb-kr-amherst,8399c9b,6.53.2,238.502688,3.612366199493408,0.14293789863586426,151.0,112.0,2953864,838656
OrdinaryDiffEq,Solve-The-Lorenz-Equation,2023-06-22,1.9.1,jeb-kr-amherst,8399c9b,6.53.2,225.688264,3.452122926712036,0.11022210121154785,151.0,112.0,2997576,837956
OrdinaryDiffEq,Solve-The-Lorenz-Equation,2023-06-23,1.9.1,jeb-kr-amherst,8399c9b,6.53.2,225.95087,3.465527057647705,0.10982990264892578,151.0,109.0,2942312,840260
OrdinaryDiffEq,Solve-The-Lorenz-Equation,2023-06-24,1.9.1,jeb-kr-amherst,8399c9b,6.53.2,225.307593,3.45316219329834,0.11145496368408203,151.0,113.0,2943140,837400
OrdinaryDiffEq,Solve-The-Lorenz-Equation,2023-06-25,1.9.1,jeb-kr-amherst,8399c9b,6.53.2,227.09332,3.552485942840576,0.11244821548461914,151.0,109.0,2961604,838712
OrdinaryDiffEq,Solve-The-Lorenz-Equation,2023-06-26,1.9.1,jeb-kr-amherst,8399c9b,6.53.2,225.965123,3.4612009525299072,0.11062002182006836,151.0,113.0,2975368,836416
OrdinaryDiffEq,Solve-The-Lorenz-Equation,2023-06-27,1.9.1,jeb-kr-amherst,8399c9b,6.53.2,495.136157,8.178583145141602,0.2666289806365967,126.0,100.0,3087236,837988
OrdinaryDiffEq,Solve-The-Lorenz-Equation,2023-06-28,1.9.1,jeb-kr-amherst,8399c9b,6.53.2,270.706543,3.8756189346313477,0.12644600868225098,148.0,111.0,2997224,847548
OrdinaryDiffEq,Solve-The-Lorenz-Equation,2023-06-29,1.9.1,jeb-kr-amherst,8399c9b,6.53.2,245.861701,3.6648221015930176,0.11674189567565918,149.0,108.0,2940332,838236
OrdinaryDiffEq,Solve-The-Lorenz-Equation,2023-06-30,1.9.1,jeb-kr-amherst,8399c9b,6.53.2,229.208257,3.6044118404388428,0.1152811050415039,151.0,109.0,2979456,843452
OrdinaryDiffEq,Solve-The-Lorenz-Equation,2023-07-01,1.9.1,jeb-kr-amherst,8399c9b,6.53.2,226.647619,3.485038995742798,0.11156606674194336,151.0,113.0,2972008,840496
OrdinaryDiffEq,Solve-The-Lorenz-Equation,2023-07-02,1.9.1,jeb-kr-amherst,8399c9b,6.53.3,227.240256,3.4747800827026367,0.11054086685180664,151.0,112.0,2966296,839792
OrdinaryDiffEq,Solve-The-Lorenz-Equation,2023-07-03,1.9.1,jeb-kr-amherst,8399c9b,6.53.3,225.471213,3.4822089672088623,0.11056804656982422,151.0,109.0,2991072,838952
OrdinaryDiffEq,Solve-The-Lorenz-Equation,2023-07-04,1.9.1,jeb-kr-amherst,8399c9b,6.53.3,225.514895,3.455566167831421,0.1108248233795166,152.0,112.0,2984252,840784
OrdinaryDiffEq,Solve-The-Lorenz-Equation,2023-07-05,1.9.1,jeb-kr-amherst,8399c9b,6.53.3,226.737197,3.504415988922119,0.1114048957824707,151.0,109.0,2976876,835856
OrdinaryDiffEq,Solve-The-Lorenz-Equation,2023-07-06,1.9.1,jeb-kr-amherst,8399c9b,6.53.3,226.744808,3.4546289443969727,0.10963821411132812,151.0,109.0,2967904,846488
OrdinaryDiffEq,Solve-The-Lorenz-Equation,2023-07-07,1.9.1,jeb-kr-amherst,8399c9b,6.53.3,224.956252,3.465646982192993,0.11121916770935059,152.0,113.0,2997312,834948
OrdinaryDiffEq,Solve-The-Lorenz-Equation,2023-07-08,1.9.1,jeb-kr-amherst,8399c9b,6.53.3,226.964296,3.482203960418701,0.11156105995178223,151.0,109.0,2993540,838680
OrdinaryDiffEq,Solve-The-Lorenz-Equation,2023-07-09,1.9.1,jeb-kr-amherst,8399c9b,6.53.3,227.085344,3.5611331462860107,0.1382589340209961,151.0,112.0,2953312,840128
OrdinaryDiffEq,Solve-The-Lorenz-Equation,2023-07-10,1.9.2,jeb-kr-amherst,8399c9b,6.53.3,226.729335,3.473928213119507,0.13775897026062012,152.0,111.0,2783976,590876
OrdinaryDiffEq,Solve-The-Lorenz-Equation,2023-07-11,1.9.2,jeb-kr-amherst,8399c9b,6.53.3,225.780134,3.4178109169006348,0.11201810836791992,152.0,113.0,2786280,591884
OrdinaryDiffEq,Solve-The-Lorenz-Equation,2023-07-12,1.9.2,jeb-kr-amherst,8399c9b,6.53.3,225.88658,3.3863210678100586,0.11016702651977539,152.0,113.0,2774304,590588
OrdinaryDiffEq,Solve-The-Lorenz-Equation,2023-07-13,1.9.2,jeb-kr-amherst,8399c9b,6.53.3,227.041177,3.4639298915863037,0.11008405685424805,152.0,109.0,2813028,593252
OrdinaryDiffEq,Solve-The-Lorenz-Equation,2023-07-14,1.9.2,jeb-kr-amherst,8399c9b,6.53.3,225.84265,3.4187099933624268,0.11032795906066895,151.0,113.0,2795980,594640
OrdinaryDiffEq,Solve-The-Lorenz-Equation,2023-07-15,1.9.2,jeb-kr-amherst,8399c9b,6.53.3,226.527587,3.513943910598755,0.11424398422241211,151.0,110.0,2771104,592004
OrdinaryDiffEq,Solve-The-Lorenz-Equation,2023-07-16,1.9.2,jeb-kr-amherst,8399c9b,6.53.3,227.073853,3.4693679809570312,0.11170601844787598,151.0,109.0,2815340,593732
OrdinaryDiffEq,Solve-The-Lorenz-Equation,2023-07-17,1.9.2,jeb-kr-amherst,8399c9b,6.53.3,226.661975,3.5248169898986816,0.1370711326599121,152.0,109.0,2790792,591600
OrdinaryDiffEq,Solve-The-Lorenz-Equation,2023-07-18,1.9.2,jeb-kr-amherst,8399c9b,6.53.3,226.863758,3.456981897354126,0.11236810684204102,152.0,109.0,2788576,601292
OrdinaryDiffEq,Solve-The-Lorenz-Equation,2023-07-19,1.9.2,jeb-kr-amherst,8399c9b,6.53.3,226.188664,3.410888195037842,0.11097478866577148,152.0,111.0,2822588,595084
OrdinaryDiffEq,Solve-The-Lorenz-Equation,2023-07-20,1.9.2,jeb-kr-amherst,8399c9b,6.53.3,227.109108,3.4759700298309326,0.1120150089263916,153.0,109.0,2835632,595120
OrdinaryDiffEq,Solve-The-Lorenz-Equation,2023-07-21,1.9.2,jeb-kr-amherst,8399c9b,6.53.3,226.876743,3.4533228874206543,0.11097598075866699,153.0,111.0,2783284,594060
OrdinaryDiffEq,Solve-The-Lorenz-Equation,2023-07-22,1.9.2,jeb-kr-amherst,8399c9b,6.53.3,226.969892,3.4414799213409424,0.1108100414276123,153.0,109.0,2794148,594908
OrdinaryDiffEq,Solve-The-Lorenz-Equation,2023-07-23,1.9.2,jeb-kr-amherst,8399c9b,6.53.3,225.747664,3.393465042114258,0.11153697967529297,153.0,113.0,2801480,595048
OrdinaryDiffEq,Solve-The-Lorenz-Equation,2023-07-24,1.9.2,jeb-kr-amherst,8399c9b,6.53.3,226.920536,3.4250848293304443,0.11103010177612305,153.0,110.0,2807392,601692
OrdinaryDiffEq,Solve-The-Lorenz-Equation,2023-07-25,1.9.2,jeb-kr-amherst,8399c9b,6.53.3,226.886534,3.4593539237976074,0.13463807106018066,153.0,113.0,2795272,592368
OrdinaryDiffEq,Solve-The-Lorenz-Equation,2023-07-26,1.9.2,jeb-kr-amherst,8399c9b,6.53.3,226.072655,3.426994800567627,0.1117241382598877,153.0,110.0,2784912,590764
OrdinaryDiffEq,Solve-The-Lorenz-Equation,2023-07-27,1.9.2,jeb-kr-amherst,8399c9b,6.53.3,226.641913,3.4046530723571777,0.11078691482543945,153.0,113.0,2828304,600852
OrdinaryDiffEq,Solve-The-Lorenz-Equation,2023-07-28,1.9.2,jeb-kr-amherst,8399c9b,6.53.3,227.59273,3.4573581218719482,0.1345689296722412,153.0,113.0,2792668,591984
OrdinaryDiffEq,Solve-The-Lorenz-Equation,2023-07-29,1.9.2,jeb-kr-amherst,8399c9b,6.53.3,227.804517,3.441776990890503,0.11167693138122559,153.0,113.0,2788224,594180
OrdinaryDiffEq,Solve-The-Lorenz-Equation,2023-07-30,1.9.2,jeb-kr-amherst,8399c9b,6.53.4,224.945536,3.3713719844818115,0.11001801490783691,153.0,113.0,2797084,591400
OrdinaryDiffEq,Solve-The-Lorenz-Equation,2023-07-31,1.9.2,jeb-kr-amherst,8399c9b,6.53.4,224.623472,3.374351978302002,0.11197304725646973,153.0,112.0,2911152,594228
OrdinaryDiffEq,Solve-The-Lorenz-Equation,2023-08-01,1.9.2,jeb-kr-amherst,8399c9b,6.53.4,224.733073,3.3891489505767822,0.11130714416503906,154.0,113.0,2801584,590844
OrdinaryDiffEq,Solve-The-Lorenz-Equation,2023-08-02,1.9.2,jeb-kr-amherst,8399c9b,6.53.4,224.85796,3.5131280422210693,0.11080789566040039,154.0,109.0,2818660,592876
OrdinaryDiffEq,Solve-The-Lorenz-Equation,2023-08-03,1.9.2,jeb-kr-amherst,8399c9b,6.53.4,224.143095,3.4733338356018066,0.11219310760498047,154.0,109.0,2798304,595076
OrdinaryDiffEq,Solve-The-Lorenz-Equation,2023-08-04,1.9.2,jeb-kr-amherst,8399c9b,6.53.4,224.862408,3.4661970138549805,0.11294889450073242,154.0,113.0,2817600,593572
OrdinaryDiffEq,Solve-The-Lorenz-Equation,2023-08-05,1.9.2,jeb-kr-amherst,8399c9b,6.53.4,225.087357,3.489288091659546,0.11223101615905762,153.0,109.0,2906152,594276
OrdinaryDiffEq,Solve-The-Lorenz-Equation,2023-08-06,1.9.2,jeb-kr-amherst,8399c9b,6.53.4,225.66128,3.3980531692504883,0.11009597778320312,153.0,112.0,2813916,592300
OrdinaryDiffEq,Solve-The-Lorenz-Equation,2023-08-07,1.9.2,jeb-kr-amherst,8399c9b,6.53.4,224.519549,3.370285987854004,0.1351029872894287,153.0,110.0,2819928,594924
OrdinaryDiffEq,Solve-The-Lorenz-Equation,2023-08-08,1.9.2,jeb-kr-amherst,8399c9b,6.53.4,224.803854,3.4902660846710205,0.11225295066833496,153.0,110.0,2790288,594020
OrdinaryDiffEq,Solve-The-Lorenz-Equation,2023-08-09,1.9.2,jeb-kr-amherst,8399c9b,6.53.4,224.533989,3.3603219985961914,0.13636493682861328,153.0,113.0,2821880,602236
OrdinaryDiffEq,Solve-The-Lorenz-Equation,2023-08-10,1.9.2,jeb-kr-amherst,8399c9b,6.53.4,226.471093,3.4658701419830322,0.11197185516357422,153.0,109.0,2817232,594832
OrdinaryDiffEq,Solve-The-Lorenz-Equation,2023-08-11,1.9.2,jeb-kr-amherst,8399c9b,6.53.4,226.342492,3.4295949935913086,0.11059713363647461,153.0,113.0,2799052,593096
OrdinaryDiffEq,Solve-The-Lorenz-Equation,2023-08-12,1.9.2,jeb-kr-amherst,8399c9b,6.53.4,225.386719,3.467705011367798,0.11165189743041992,153.0,113.0,2840384,597584
OrdinaryDiffEq,Solve-The-Lorenz-Equation,2023-08-13,1.9.2,jeb-kr-amherst,8399c9b,6.53.4,226.037011,3.4968550205230713,0.11161303520202637,153.0,109.0,2790948,595440
OrdinaryDiffEq,Solve-The-Lorenz-Equation,2023-08-14,1.9.2,jeb-kr-amherst,8399c9b,6.53.4,226.13027,3.4724209308624268,0.11022496223449707,153.0,111.0,2786644,597596
OrdinaryDiffEq,Solve-The-Lorenz-Equation,2023-08-15,1.9.2,jeb-kr-amherst,8399c9b,6.53.4,227.319299,3.442106008529663,0.1115119457244873,153.0,110.0,2814696,594136
OrdinaryDiffEq,Solve-The-Lorenz-Equation,2023-08-16,1.9.2,jeb-kr-amherst,8399c9b,6.53.4,226.374773,3.4490749835968018,0.11160111427307129,153.0,113.0,2803316,596488
OrdinaryDiffEq,Solve-The-Lorenz-Equation,2023-08-17,1.9.2,jeb-kr-amherst,8399c9b,6.54.0,154.362343,3.2253520488739014,0.11131405830383301,178.0,113.0,1523800,540220
OrdinaryDiffEq,Solve-The-Lorenz-Equation,2023-08-18,1.9.2,jeb-kr-amherst,8399c9b,6.54.0,154.06641,3.1905438899993896,0.11160993576049805,178.0,111.0,1514976,549644
OrdinaryDiffEq,Solve-The-Lorenz-Equation,2023-08-19,1.9.2,jeb-kr-amherst,8399c9b,6.54.0,154.319107,3.1721789836883545,0.14086413383483887,178.0,112.0,1496900,536724
OrdinaryDiffEq,Solve-The-Lorenz-Equation,2023-08-20,1.9.2,jeb-kr-amherst,8399c9b,6.54.0,154.061147,3.266069173812866,0.13525891304016113,178.0,109.0,1508116,538464
OrdinaryDiffEq,Solve-The-Lorenz-Equation,2023-08-21,1.9.2,jeb-kr-amherst,8399c9b,6.54.0,155.059506,3.272676944732666,0.10961794853210449,178.0,113.0,1495148,539880
OrdinaryDiffEq,Solve-The-Lorenz-Equation,2023-08-22,1.9.2,jeb-kr-amherst,8399c9b,6.54.0,154.637163,3.2641379833221436,0.11069011688232422,178.0,112.0,1511112,538180
OrdinaryDiffEq,Solve-The-Lorenz-Equation,2023-08-23,1.9.2,jeb-kr-amherst,8399c9b,6.54.0,154.814108,3.319767951965332,0.10993194580078125,178.0,109.0,1499236,539100
OrdinaryDiffEq,Solve-The-Lorenz-Equation,2023-08-24,1.9.2,jeb-kr-amherst,8399c9b,6.54.0,154.46049,3.2104079723358154,0.15390396118164062,178.0,113.0,1486896,548760
OrdinaryDiffEq,Solve-The-Lorenz-Equation,2023-08-25,1.9.2,jeb-kr-amherst,8399c9b,6.54.0,154.206782,3.204930067062378,0.11044502258300781,178.0,112.0,1506492,540364
OrdinaryDiffEq,Solve-The-Lorenz-Equation,2023-08-26,1.9.2,jeb-kr-amherst,8399c9b,6.54.0,154.935422,3.231980085372925,0.10997295379638672,178.0,112.0,1508596,537048
OrdinaryDiffEq,Solve-The-Lorenz-Equation,2023-08-27,1.9.2,jeb-kr-amherst,8399c9b,6.54.0,153.838871,3.1609559059143066,0.14092016220092773,178.0,114.0,1501464,536452
OrdinaryDiffEq,Solve-The-Lorenz-Equation,2023-08-28,1.9.2,jeb-kr-amherst,8399c9b,6.55.0,154.649482,3.2469639778137207,0.11026692390441895,178.0,114.0,1503188,538940
OrdinaryDiffEq,Solve-The-Lorenz-Equation,2023-08-29,1.9.2,jeb-kr-amherst,8399c9b,6.55.0,155.051117,3.237452983856201,0.10961484909057617,178.0,114.0,1514492,540396
OrdinaryDiffEq,Solve-The-Lorenz-Equation,2023-08-30,1.9.3,jeb-kr-amherst,8399c9b,6.55.0,154.691755,3.2667338848114014,0.110198974609375,178.0,112.0,1514724,536880
OrdinaryDiffEq,Solve-The-Lorenz-Equation,2023-08-31,1.9.3,jeb-kr-amherst,8399c9b,6.55.0,153.752381,3.238138198852539,0.1113588809967041,178.0,114.0,1526940,538500
OrdinaryDiffEq,Solve-The-Lorenz-Equation,2023-09-01,1.9.3,jeb-kr-amherst,8399c9b,6.55.0,153.946639,3.200810194015503,0.14229393005371094,178.0,114.0,1517664,538520
OrdinaryDiffEq,Solve-The-Lorenz-Equation,2023-09-02,1.9.3,jeb-kr-amherst,8399c9b,6.55.0,153.960728,3.170724868774414,0.14946913719177246,179.0,114.0,1497580,548800
OrdinaryDiffEq,Solve-The-Lorenz-Equation,2023-09-03,1.9.3,jeb-kr-amherst,8399c9b,6.55.0,154.674521,3.188383102416992,0.11136984825134277,178.0,110.0,1511708,540052
OrdinaryDiffEq,Solve-The-Lorenz-Equation,2023-09-04,1.9.3,jeb-kr-amherst,8399c9b,6.55.0,155.526008,3.1881449222564697,0.13217616081237793,178.0,110.0,1506400,533048
OrdinaryDiffEq,Solve-The-Lorenz-Equation,2023-09-05,1.9.3,jeb-kr-amherst,8399c9b,6.55.0,156.57087,3.372908115386963,0.9083478450775146,177.0,109.0,1532912,579056
OrdinaryDiffEq,Solve-The-Lorenz-Equation,2023-09-06,1.9.3,jeb-kr-amherst,8399c9b,6.55.0,154.835592,3.296444892883301,0.10999107360839844,178.0,110.0,1495324,540260
OrdinaryDiffEq,Solve-The-Lorenz-Equation,2023-09-07,1.9.3,jeb-kr-amherst,8399c9b,6.55.0,154.06628,3.1871681213378906,0.13344597816467285,178.0,113.0,1531368,539388
OrdinaryDiffEq,Solve-The-Lorenz-Equation,2023-09-08,1.9.3,jeb-kr-amherst,8399c9b,6.55.0,154.199861,3.22973895072937,0.11039996147155762,178.0,113.0,1509620,540428
OrdinaryDiffEq,Solve-The-Lorenz-Equation,2023-09-09,1.9.3,jeb-kr-amherst,8399c9b,6.55.0,154.06212,3.303317070007324,0.1114349365234375,178.0,113.0,1503404,539164
OrdinaryDiffEq,Solve-The-Lorenz-Equation,2023-09-10,1.9.3,jeb-kr-amherst,8399c9b,6.55.0,154.279126,3.1941840648651123,0.13097405433654785,179.0,110.0,1513832,540120
OrdinaryDiffEq,Solve-The-Lorenz-Equation,2023-09-11,1.9.3,jeb-kr-amherst,8399c9b,6.55.0,154.554384,3.244210958480835,0.14368700981140137,178.0,109.0,1514240,534000
OrdinaryDiffEq,Solve-The-Lorenz-Equation,2023-09-12,1.9.3,jeb-kr-amherst,8399c9b,6.55.0,154.240866,3.188162088394165,0.13130998611450195,178.0,110.0,1528096,534268
OrdinaryDiffEq,Solve-The-Lorenz-Equation,2023-09-13,1.9.3,jeb-kr-amherst,8399c9b,6.55.0,154.663768,3.2564380168914795,0.10930490493774414,179.0,114.0,1503688,539204
OrdinaryDiffEq,Solve-The-Lorenz-Equation,2023-09-14,1.9.3,jeb-kr-amherst,8399c9b,6.55.0,153.784057,3.16908597946167,0.11120104789733887,179.0,114.0,1511616,548496
OrdinaryDiffEq,Solve-The-Lorenz-Equation,2023-09-15,1.9.3,jeb-kr-amherst,8399c9b,6.55.0,155.36122,3.2618050575256348,0.1416769027709961,180.0,111.0,1502264,538004
OrdinaryDiffEq,Solve-The-Lorenz-Equation,2023-09-16,1.9.3,jeb-kr-amherst,8399c9b,6.55.0,156.002512,3.348482847213745,0.11146807670593262,180.0,112.0,1513108,542220
OrdinaryDiffEq,Solve-The-Lorenz-Equation,2023-09-17,1.9.3,jeb-kr-amherst,8399c9b,6.55.0,155.643226,3.3360390663146973,0.11173486709594727,180.0,109.0,1518596,540876
OrdinaryDiffEq,Solve-The-Lorenz-Equation,2023-09-18,1.9.3,jeb-kr-amherst,8399c9b,6.55.0,155.147875,3.3360090255737305,0.1105198860168457,180.0,109.0,1512112,539420
OrdinaryDiffEq,Solve-The-Lorenz-Equation,2023-09-19,1.9.3,jeb-kr-amherst,8399c9b,6.55.0,155.108495,3.2808640003204346,0.10982799530029297,180.0,109.0,1504244,540552
OrdinaryDiffEq,Solve-The-Lorenz-Equation,2023-09-20,1.9.3,jeb-kr-amherst,8399c9b,6.55.0,155.759781,3.417581081390381,0.14715194702148438,182.0,111.0,1516516,539988
OrdinaryDiffEq,Solve-The-Lorenz-Equation,2023-09-21,1.9.3,jeb-kr-amherst,8399c9b,6.55.0,154.321894,3.4052178859710693,0.11521005630493164,182.0,113.0,1511956,546748
OrdinaryDiffEq,Solve-The-Lorenz-Equation,2023-09-22,1.9.3,jeb-kr-amherst,8399c9b,6.55.0,161.732071,3.658808946609497,0.14710116386413574,180.0,112.0,1486320,544584
OrdinaryDiffEq,Solve-The-Lorenz-Equation,2023-09-23,1.9.3,jeb-kr-amherst,8399c9b,6.56.0,161.674988,3.65132212638855,0.14516592025756836,179.0,112.0,1506452,550872
OrdinaryDiffEq,Solve-The-Lorenz-Equation,2023-09-24,1.9.3,jeb-kr-amherst,8399c9b,6.56.0,161.502505,3.617448091506958,0.11326885223388672,179.0,109.0,1518520,551224
OrdinaryDiffEq,Solve-The-Lorenz-Equation,2023-09-25,1.9.3,jeb-kr-amherst,8399c9b,6.56.0,162.038245,3.671942949295044,0.11411905288696289,180.0,112.0,1517072,551220
OrdinaryDiffEq,Solve-The-Lorenz-Equation,2023-09-26,1.9.3,jeb-kr-amherst,8399c9b,6.56.0,161.005444,3.5725510120391846,0.11335086822509766,180.0,112.0,1507112,552304
OrdinaryDiffEq,Solve-The-Lorenz-Equation,2023-09-27,1.9.3,jeb-kr-amherst,8399c9b,6.56.0,161.469789,3.6342971324920654,0.11395978927612305,180.0,109.0,1516860,551360
OrdinaryDiffEq,Solve-The-Lorenz-Equation,2023-09-28,1.9.3,jeb-kr-amherst,8399c9b,6.56.0,163.618845,3.6778900623321533,0.13585400581359863,179.0,108.0,1521756,544424
OrdinaryDiffEq,Solve-The-Lorenz-Equation,2023-09-29,1.9.3,jeb-kr-amherst,8399c9b,6.56.0,161.866937,3.633944034576416,0.11462187767028809,180.0,110.0,1521660,551344
OrdinaryDiffEq,Solve-The-Lorenz-Equation,2023-09-30,1.9.3,jeb-kr-amherst,8399c9b,6.56.0,162.013543,3.6058919429779053,0.11250185966491699,180.0,111.0,1524672,550332
OrdinaryDiffEq,Solve-The-Lorenz-Equation,2023-10-01,1.9.3,jeb-kr-amherst,8399c9b,6.57.0,606.470724,212.0211479663849,0.1336650848388672,121.0,100.0,1523652,554456
OrdinaryDiffEq,Solve-The-Lorenz-Equation,2023-10-02,1.9.3,jeb-kr-amherst,8399c9b,6.57.0,668.153797,210.7906858921051,0.11759710311889648,119.0,100.0,1527112,554192
OrdinaryDiffEq,Solve-The-Lorenz-Equation,2023-10-03,1.9.3,jeb-kr-amherst,8399c9b,6.57.0,148.543177,3.354635000228882,0.11372995376586914,187.0,109.0,1469464,521956
OrdinaryDiffEq,Solve-The-Lorenz-Equation,2023-10-04,1.9.3,jeb-kr-amherst,8399c9b,6.57.0,148.671285,3.343163013458252,0.14035701751708984,187.0,113.0,1487336,519400
OrdinaryDiffEq,Solve-The-Lorenz-Equation,2023-10-05,1.9.3,jeb-kr-amherst,8399c9b,6.57.0,148.344099,3.3420748710632324,0.14573407173156738,187.0,109.0,1495708,536504
OrdinaryDiffEq,Solve-The-Lorenz-Equation,2023-10-06,1.9.3,jeb-kr-amherst,8399c9b,6.57.1,149.315199,3.3978168964385986,0.11379313468933105,187.0,113.0,1505056,525412
OrdinaryDiffEq,Solve-The-Lorenz-Equation,2023-10-07,1.9.3,jeb-kr-amherst,8399c9b,6.58.0,149.941364,3.4462509155273438,0.11907601356506348,188.0,109.0,1543380,531848
OrdinaryDiffEq,Solve-The-Lorenz-Equation,2023-10-08,1.9.3,jeb-kr-amherst,8399c9b,6.58.0,149.879412,3.412343978881836,0.1208181381225586,188.0,109.0,1505376,528580
OrdinaryDiffEq,Solve-The-Lorenz-Equation,2023-10-09,1.9.3,jeb-kr-amherst,8399c9b,6.58.0,149.905144,3.4330098628997803,0.11937808990478516,188.0,113.0,1507600,527712
OrdinaryDiffEq,Solve-The-Lorenz-Equation,2023-10-10,1.9.3,jeb-kr-amherst,8399c9b,6.58.0,150.693091,3.3497018814086914,0.1490321159362793,188.0,113.0,1519544,527308
OrdinaryDiffEq,Solve-The-Lorenz-Equation,2023-10-11,1.9.3,jeb-kr-amherst,8399c9b,6.58.0,149.896313,3.3777999877929688,0.11921191215515137,188.0,109.0,1505628,528708
OrdinaryDiffEq,Solve-The-Lorenz-Equation,2023-10-12,1.9.3,jeb-kr-amherst,8399c9b,6.58.0,150.204701,3.3534929752349854,0.15415406227111816,188.0,109.0,1502364,542484
OrdinaryDiffEq,Solve-The-Lorenz-Equation,2023-10-13,1.9.3,jeb-kr-amherst,8399c9b,6.58.0,150.52259,3.420638084411621,0.11819195747375488,188.0,109.0,1512716,527108
OrdinaryDiffEq,Solve-The-Lorenz-Equation,2023-10-14,1.9.3,jeb-kr-amherst,8399c9b,6.58.0,149.750647,3.394699811935425,0.1391000747680664,188.0,111.0,1495124,533984
OrdinaryDiffEq,Solve-The-Lorenz-Equation,2023-10-15,1.9.3,jeb-kr-amherst,8399c9b,6.58.0,150.1123,3.4314839839935303,0.11790800094604492,188.0,109.0,1509800,527892
OrdinaryDiffEq,Solve-The-Lorenz-Equation,2023-10-16,1.9.3,jeb-kr-amherst,8399c9b,6.58.0,150.140819,3.4068729877471924,0.11797189712524414,188.0,110.0,1509924,524108
OrdinaryDiffEq,Solve-The-Lorenz-Equation,2023-10-17,1.9.3,jeb-kr-amherst,8399c9b,6.58.0,151.21002,3.432008981704712,0.1195688247680664,187.0,109.0,1518496,530272
OrdinaryDiffEq,Solve-The-Lorenz-Equation,2023-10-18,1.9.3,jeb-kr-amherst,8399c9b,6.58.0,150.596116,3.3530609607696533,0.11938190460205078,190.0,110.0,1507368,528532
OrdinaryDiffEq,Solve-The-Lorenz-Equation,2023-10-19,1.9.3,jeb-kr-amherst,8399c9b,6.58.0,152.930832,3.454045057296753,0.12024903297424316,188.0,112.0,1513480,528480
OrdinaryDiffEq,Solve-The-Lorenz-Equation,2023-10-20,1.9.3,jeb-kr-amherst,8399c9b,6.58.0,152.626422,3.3864059448242188,0.11875200271606445,189.0,112.0,1507032,529920
OrdinaryDiffEq,Solve-The-Lorenz-Equation,2023-10-21,1.9.3,jeb-kr-amherst,8399c9b,6.58.0,152.698275,3.3255279064178467,0.11978507041931152,188.0,113.0,1495160,528176
OrdinaryDiffEq,Solve-The-Lorenz-Equation,2023-10-22,1.9.3,jeb-kr-amherst,8399c9b,6.58.0,153.04508,3.4676249027252197,0.1478590965270996,189.0,109.0,1501744,527508
OrdinaryDiffEq,Solve-The-Lorenz-Equation,2023-10-23,1.9.3,jeb-kr-amherst,8399c9b,6.58.0,152.701098,3.5167529582977295,0.11944317817687988,189.0,111.0,1515040,527676
OrdinaryDiffEq,Solve-The-Lorenz-Equation,2023-10-24,1.9.3,jeb-kr-amherst,8399c9b,6.58.0,152.749707,3.4486711025238037,0.11769890785217285,189.0,109.0,1498284,526772
OrdinaryDiffEq,Solve-The-Lorenz-Equation,2023-10-25,1.9.3,jeb-kr-amherst,8399c9b,6.58.0,153.033286,3.403944969177246,0.11884689331054688,187.0,113.0,1526204,528244
OrdinaryDiffEq,Solve-The-Lorenz-Equation,2023-10-26,1.9.3,jeb-kr-amherst,8399c9b,6.58.0,153.378374,3.4464609622955322,0.11986613273620605,188.0,113.0,1517884,527136
OrdinaryDiffEq,Solve-The-Lorenz-Equation,2023-10-27,1.9.3,jeb-kr-amherst,8399c9b,6.58.0,153.036116,3.3473241329193115,0.1187429428100586,188.0,110.0,1507900,529844
OrdinaryDiffEq,Solve-The-Lorenz-Equation,2023-10-28,1.9.3,jeb-kr-amherst,8399c9b,6.58.0,186.989939,4.016303062438965,0.11972594261169434,173.0,108.0,1542656,577792
OrdinaryDiffEq,Solve-The-Lorenz-Equation,2023-10-29,1.9.3,jeb-kr-amherst,8399c9b,6.58.0,407.094456,4.939651966094971,0.15226006507873535,144.0,108.0,1550716,586044
OrdinaryDiffEq,Solve-The-Lorenz-Equation,2023-10-30,1.9.3,jeb-kr-amherst,8399c9b,6.58.0,199.290292,4.640976905822754,0.1542961597442627,169.0,109.0,1557664,579952
OrdinaryDiffEq,Solve-The-Lorenz-Equation,2023-10-31,1.9.3,jeb-kr-amherst,8399c9b,6.58.0,220.481924,4.657499074935913,0.13674402236938477,172.0,107.0,1553516,583880
OrdinaryDiffEq,Solve-The-Lorenz-Equation,2023-11-01,1.9.3,jeb-kr-amherst,8399c9b,6.58.0,186.54118,3.930953025817871,0.11865091323852539,172.0,111.0,1551188,579432
OrdinaryDiffEq,Solve-The-Lorenz-Equation,2023-11-02,1.9.3,jeb-kr-amherst,8399c9b,6.58.1,186.575824,3.8986659049987793,0.15629005432128906,173.0,108.0,1545284,594704
OrdinaryDiffEq,Solve-The-Lorenz-Equation,2023-11-03,1.9.3,jeb-kr-amherst,8399c9b,6.58.1,185.411109,3.9418420791625977,0.12115192413330078,172.0,110.0,1541648,593220
OrdinaryDiffEq,Solve-The-Lorenz-Equation,2023-11-04,1.9.3,jeb-kr-amherst,8399c9b,6.58.1,196.893749,4.105175018310547,0.12509489059448242,163.0,108.0,1579200,605008
OrdinaryDiffEq,Solve-The-Lorenz-Equation,2023-11-05,1.9.3,jeb-kr-amherst,8399c9b,6.58.1,196.987144,4.108011960983276,0.15397191047668457,162.0,110.0,1586048,601304
OrdinaryDiffEq,Solve-The-Lorenz-Equation,2023-11-06,1.9.3,jeb-kr-amherst,8399c9b,6.58.1,196.911245,3.9754271507263184,0.11965584754943848,163.0,111.0,1596816,607292
OrdinaryDiffEq,Solve-The-Lorenz-Equation,2023-11-07,1.9.3,jeb-kr-amherst,8399c9b,6.58.1,407.430154,10.336719989776611,0.28084492683410645,141.0,99.0,1587772,610236
OrdinaryDiffEq,Solve-The-Lorenz-Equation,2023-11-08,1.9.3,jeb-kr-amherst,8399c9b,6.58.2,296.899902,6.4252519607543945,0.13933801651000977,159.0,105.0,1545148,607324
OrdinaryDiffEq,Solve-The-Lorenz-Equation,2023-11-09,1.9.3,jeb-kr-amherst,8399c9b,6.59.0,265.791371,5.314892053604126,0.20236897468566895,171.0,108.0,1587412,636464
OrdinaryDiffEq,Solve-The-Lorenz-Equation,2023-11-10,1.9.3,jeb-kr-amherst,8399c9b,6.59.0,213.834758,4.561365842819214,0.1652519702911377,172.0,110.0,1584584,622132
OrdinaryDiffEq,Solve-The-Lorenz-Equation,2023-11-11,1.9.3,jeb-kr-amherst,8399c9b,6.59.0,214.170325,4.47503399848938,0.16697311401367188,171.0,109.0,1580404,627272
OrdinaryDiffEq,Solve-The-Lorenz-Equation,2023-11-12,1.9.3,jeb-kr-amherst,8399c9b,6.59.0,207.742609,4.448578834533691,0.15253400802612305,173.0,110.0,1576416,614132
OrdinaryDiffEq,Solve-The-Lorenz-Equation,2023-11-13,1.9.3,jeb-kr-amherst,8399c9b,6.59.0,212.635994,4.466189861297607,0.15261316299438477,171.0,110.0,1568580,613144
OrdinaryDiffEq,Solve-The-Lorenz-Equation,2023-11-14,1.9.3,jeb-kr-amherst,8399c9b,6.59.1,212.863092,4.507405042648315,0.15412592887878418,171.0,110.0,1572408,614136
OrdinaryDiffEq,Solve-The-Lorenz-Equation,2023-11-15,1.9.3,jeb-kr-amherst,8399c9b,6.59.1,209.253002,4.600054979324341,0.12214517593383789,173.0,108.0,1577900,617808
OrdinaryDiffEq,Solve-The-Lorenz-Equation,2023-11-16,1.9.3,jeb-kr-amherst,8399c9b,6.59.1,213.654333,4.507262945175171,0.1554880142211914,171.0,110.0,1592600,612936
OrdinaryDiffEq,Solve-The-Lorenz-Equation,2023-11-17,1.9.3,jeb-kr-amherst,8399c9b,6.59.1,201.275027,4.109507083892822,0.12045598030090332,165.0,108.0,1535180,615252
OrdinaryDiffEq,Solve-The-Lorenz-Equation,2023-11-18,1.9.3,jeb-kr-amherst,8399c9b,6.59.2,204.813856,4.089284181594849,0.1189889907836914,165.0,111.0,1574996,607496
OrdinaryDiffEq,Solve-The-Lorenz-Equation,2023-11-19,1.9.3,jeb-kr-amherst,8399c9b,6.59.2,204.538955,4.175029993057251,0.11918902397155762,167.0,110.0,1561572,607904
OrdinaryDiffEq,Solve-The-Lorenz-Equation,2023-11-20,1.9.4,jeb-kr-amherst,8399c9b,6.59.2,202.780938,4.206668853759766,0.1637129783630371,162.0,110.0,1571608,607968
OrdinaryDiffEq,Solve-The-Lorenz-Equation,2023-11-21,1.9.4,jeb-kr-amherst,8399c9b,6.59.2,204.154183,4.305998086929321,0.12199783325195312,162.0,109.0,1542492,607900
OrdinaryDiffEq,Solve-The-Lorenz-Equation,2023-11-23,1.9.4,jeb-kr-amherst,8399c9b,6.59.2,203.382368,4.111908912658691,0.15175509452819824,162.0,111.0,1570280,601464
OrdinaryDiffEq,Solve-The-Lorenz-Equation,2023-11-24,1.9.4,jeb-kr-amherst,8399c9b,6.59.2,203.114729,4.293938875198364,0.11838006973266602,162.0,108.0,1579644,607420
OrdinaryDiffEq,Solve-The-Lorenz-Equation,2023-11-25,1.9.4,jeb-kr-amherst,8399c9b,6.59.2,202.897698,4.258040189743042,0.11923599243164062,163.0,110.0,1576764,606476
OrdinaryDiffEq,Solve-The-Lorenz-Equation,2023-11-26,1.9.4,jeb-kr-amherst,8399c9b,6.59.3,202.698679,4.146212816238403,0.1194920539855957,162.0,110.0,1594428,607480
OrdinaryDiffEq,Solve-The-Lorenz-Equation,2023-11-27,1.9.4,jeb-kr-amherst,8399c9b,6.59.3,203.110442,4.313735008239746,0.11983418464660645,162.0,110.0,1583860,605780
OrdinaryDiffEq,Solve-The-Lorenz-Equation,2023-11-28,1.9.4,jeb-kr-amherst,8399c9b,6.59.3,203.215162,4.208713054656982,0.15511488914489746,162.0,110.0,1581344,601596
OrdinaryDiffEq,Solve-The-Lorenz-Equation,2023-11-29,1.9.4,jeb-kr-amherst,8399c9b,6.59.3,203.021131,4.169623136520386,0.16559505462646484,163.0,110.0,1563700,615836
OrdinaryDiffEq,Solve-The-Lorenz-Equation,2023-11-30,1.9.4,jeb-kr-amherst,8399c9b,6.59.3,203.148263,4.160417079925537,0.15299201011657715,162.0,109.0,1572380,600560
OrdinaryDiffEq,Solve-The-Lorenz-Equation,2023-12-01,1.9.4,jeb-kr-amherst,8399c9b,6.59.3,204.000391,4.186996936798096,0.16335010528564453,162.0,107.0,1590268,600684
OrdinaryDiffEq,Solve-The-Lorenz-Equation,2023-12-02,1.9.4,jeb-kr-amherst,8399c9b,6.59.3,202.938339,4.132972955703735,0.1646280288696289,163.0,107.0,1580964,616748
OrdinaryDiffEq,Solve-The-Lorenz-Equation,2023-12-03,1.9.4,jeb-kr-amherst,8399c9b,6.59.3,202.992501,4.0970728397369385,0.11932706832885742,162.0,111.0,1557972,607488
OrdinaryDiffEq,Solve-The-Lorenz-Equation,2023-12-04,1.9.4,jeb-kr-amherst,8399c9b,6.59.3,205.115914,4.299601078033447,0.15867400169372559,166.0,107.0,1568848,601692
OrdinaryDiffEq,Solve-The-Lorenz-Equation,2023-12-05,1.9.4,jeb-kr-amherst,8399c9b,6.59.3,265.895607,10.668421030044556,0.2646341323852539,147.0,101.0,1564004,620452
OrdinaryDiffEq,Solve-The-Lorenz-Equation,2023-12-06,1.9.4,jeb-kr-amherst,8399c9b,6.59.3,349.820708,5.508794069290161,0.14259815216064453,151.0,107.0,1580152,606512
OrdinaryDiffEq,Solve-The-Lorenz-Equation,2023-12-07,1.9.4,jeb-kr-amherst,8399c9b,6.59.3,219.706607,4.543446063995361,0.12843680381774902,165.0,109.0,1584608,604312
OrdinaryDiffEq,Solve-The-Lorenz-Equation,2023-12-08,1.9.4,jeb-kr-amherst,8399c9b,6.60.0,217.39256,5.90830397605896,0.12091302871704102,175.0,107.0,1599800,654548
OrdinaryDiffEq,Solve-The-Lorenz-Equation,2023-12-09,1.9.4,jeb-kr-amherst,8399c9b,6.60.0,222.810903,5.866263151168823,0.12130093574523926,173.0,105.0,1593152,657664
OrdinaryDiffEq,Solve-The-Lorenz-Equation,2023-12-10,1.9.4,jeb-kr-amherst,8399c9b,6.60.0,223.232447,5.840054035186768,0.12493085861206055,173.0,107.0,1599932,643600
OrdinaryDiffEq,Solve-The-Lorenz-Equation,2023-12-11,1.9.4,jeb-kr-amherst,8399c9b,6.61.0,219.373568,5.89129114151001,0.1200718879699707,174.0,106.0,1586076,642332
OrdinaryDiffEq,Solve-The-Lorenz-Equation,2023-12-12,1.9.4,jeb-kr-amherst,8399c9b,6.61.0,218.684737,5.719105958938599,0.1197810173034668,174.0,105.0,1609660,644924
OrdinaryDiffEq,Solve-The-Lorenz-Equation,2023-12-13,1.9.4,jeb-kr-amherst,8399c9b,6.62.0,219.508583,5.817242860794067,0.15481805801391602,174.0,106.0,1612796,641256
OrdinaryDiffEq,Solve-The-Lorenz-Equation,2023-12-14,1.9.4,jeb-kr-amherst,8399c9b,6.63.0,213.671898,5.666685104370117,0.16194987297058105,174.0,106.0,1609416,652656
OrdinaryDiffEq,Solve-The-Lorenz-Equation,2023-12-15,1.9.4,jeb-kr-amherst,8399c9b,6.63.0,213.221656,5.723337888717651,0.1512129306793213,174.0,106.0,1602484,641624
OrdinaryDiffEq,Solve-The-Lorenz-Equation,2023-12-16,1.9.4,jeb-kr-amherst,8399c9b,6.63.0,213.318094,5.801717042922974,0.1527080535888672,174.0,108.0,1610796,642416
OrdinaryDiffEq,Solve-The-Lorenz-Equation,2023-12-17,1.9.4,jeb-kr-amherst,8399c9b,6.63.0,213.990956,5.797929048538208,0.15596389770507812,174.0,107.0,1611120,641552
OrdinaryDiffEq,Solve-The-Lorenz-Equation,2023-12-18,1.9.4,jeb-kr-amherst,8399c9b,6.63.0,213.081344,5.76121187210083,0.11873602867126465,174.0,106.0,1599476,641752
OrdinaryDiffEq,Solve-The-Lorenz-Equation,2023-12-19,1.9.4,jeb-kr-amherst,8399c9b,6.63.0,209.251371,5.755136013031006,0.11869978904724121,169.0,108.0,1613904,640464
OrdinaryDiffEq,Solve-The-Lorenz-Equation,2023-12-20,1.9.4,jeb-kr-amherst,8399c9b,6.63.0,210.775632,5.721752166748047,0.16362595558166504,169.0,108.0,1597856,638912
OrdinaryDiffEq,Solve-The-Lorenz-Equation,2023-12-21,1.9.4,jeb-kr-amherst,8399c9b,6.63.0,210.4042,5.759932041168213,0.1190180778503418,169.0,108.0,1597220,641624
OrdinaryDiffEq,Solve-The-Lorenz-Equation,2023-12-22,1.9.4,jeb-kr-amherst,8399c9b,6.63.0,209.721047,5.640048980712891,0.15481090545654297,169.0,108.0,1604072,637796
OrdinaryDiffEq,Solve-The-Lorenz-Equation,2023-12-23,1.9.4,jeb-kr-amherst,8399c9b,6.63.0,210.947923,5.710268020629883,0.1207427978515625,169.0,108.0,1615556,638104
OrdinaryDiffEq,Solve-The-Lorenz-Equation,2023-12-24,1.9.4,jeb-kr-amherst,8399c9b,6.63.0,210.313389,5.727687835693359,0.11939215660095215,168.0,108.0,1599328,639520
OrdinaryDiffEq,Solve-The-Lorenz-Equation,2023-12-25,1.9.4,jeb-kr-amherst,8399c9b,6.64.0,211.480806,5.783308982849121,0.11882400512695312,169.0,108.0,1606272,636084
OrdinaryDiffEq,Solve-The-Lorenz-Equation,2023-12-26,1.9.4,jeb-kr-amherst,8399c9b,6.64.0,210.004149,5.890820026397705,0.11912679672241211,169.0,105.0,1606084,638724
OrdinaryDiffEq,Solve-The-Lorenz-Equation,2023-12-27,1.9.4,jeb-kr-amherst,8399c9b,6.65.0,209.774014,5.712255954742432,0.11972212791442871,169.0,108.0,1602900,640796
OrdinaryDiffEq,Solve-The-Lorenz-Equation,2023-12-28,1.9.4,jeb-kr-amherst,8399c9b,6.65.0,210.49551,5.837616205215454,0.11972784996032715,169.0,105.0,1602564,635808
OrdinaryDiffEq,Solve-The-Lorenz-Equation,2023-12-29,1.9.4,jeb-kr-amherst,8399c9b,6.65.0,210.359096,5.7397871017456055,0.16316890716552734,169.0,105.0,1604272,649024
OrdinaryDiffEq,Solve-The-Lorenz-Equation,2023-12-30,1.10.0,jeb-kr-amherst,8399c9b,6.66.0,162.339305,2.6150691509246826,0.11833000183105469,267.0,121.0,2180952,616744
OrdinaryDiffEq,Solve-The-Lorenz-Equation,2023-12-31,1.10.0,jeb-kr-amherst,8399c9b,6.66.0,162.954502,2.624703884124756,0.11900115013122559,267.0,121.0,2198964,622596
OrdinaryDiffEq,Solve-The-Lorenz-Equation,2024-01-01,1.10.0,jeb-kr-amherst,8399c9b,6.67.0,162.531933,2.6306989192962646,0.1182708740234375,268.0,119.0,2156984,616892
OrdinaryDiffEq,Solve-The-Lorenz-Equation,2024-01-02,1.10.0,jeb-kr-amherst,8399c9b,6.67.0,161.851159,2.5843799114227295,0.11879920959472656,268.0,121.0,2203736,620872
OrdinaryDiffEq,Solve-The-Lorenz-Equation,2024-01-03,1.10.0,jeb-kr-amherst,8399c9b,6.67.0,162.313207,2.581786870956421,0.11952495574951172,268.0,121.0,2169560,619952
OrdinaryDiffEq,Solve-The-Lorenz-Equation,2024-01-04,1.10.0,jeb-kr-amherst,8399c9b,6.68.0,161.950051,2.5941169261932373,0.11857485771179199,268.0,121.0,2192872,622944
OrdinaryDiffEq,Solve-The-Lorenz-Equation,2024-01-05,1.10.0,jeb-kr-amherst,8399c9b,6.68.0,162.829055,2.6263270378112793,0.11910295486450195,267.0,116.0,2215544,621604
OrdinaryDiffEq,Solve-The-Lorenz-Equation,2024-01-06,1.10.0,jeb-kr-amherst,8399c9b,6.68.2,161.965908,2.6509058475494385,0.11968421936035156,269.0,121.0,2180440,623680
OrdinaryDiffEq,Solve-The-Lorenz-Equation,2024-01-07,1.10.0,jeb-kr-amherst,8399c9b,6.68.2,164.135598,2.6294400691986084,0.11852288246154785,268.0,116.0,2202932,627088
OrdinaryDiffEq,Solve-The-Lorenz-Equation,2024-01-08,1.10.0,jeb-kr-amherst,8399c9b,6.69.0,168.335064,2.6454010009765625,0.11916708946228027,269.0,117.0,2193980,631656
OrdinaryDiffEq,Solve-The-Lorenz-Equation,2024-01-09,1.10.0,jeb-kr-amherst,8399c9b,6.69.0,167.570484,2.6644880771636963,0.1209409236907959,268.0,116.0,2266492,630264
OrdinaryDiffEq,Solve-The-Lorenz-Equation,2024-01-10,1.10.0,jeb-kr-amherst,8399c9b,6.69.0,167.546163,2.644944906234741,0.1196129322052002,269.0,117.0,2248688,632612
OrdinaryDiffEq,Solve-The-Lorenz-Equation,2024-01-11,1.10.0,jeb-kr-amherst,8399c9b,6.69.0,167.122139,2.624933958053589,0.11874508857727051,269.0,121.0,2298832,633192
OrdinaryDiffEq,Solve-The-Lorenz-Equation,2024-01-12,1.10.0,jeb-kr-amherst,8399c9b,6.69.0,167.695026,2.731595993041992,0.11981201171875,269.0,116.0,2258348,628372
OrdinaryDiffEq,Solve-The-Lorenz-Equation,2024-01-13,1.10.0,jeb-kr-amherst,8399c9b,6.69.0,168.452039,2.6123530864715576,0.1189260482788086,268.0,121.0,2261452,628432
OrdinaryDiffEq,Solve-The-Lorenz-Equation,2024-01-14,1.10.0,jeb-kr-amherst,8399c9b,6.69.0,168.04721,2.59865403175354,0.12023401260375977,269.0,121.0,2278840,630904
OrdinaryDiffEq,Solve-The-Lorenz-Equation,2024-01-15,1.10.0,jeb-kr-amherst,8399c9b,6.69.0,168.140692,2.714585065841675,0.11954593658447266,270.0,118.0,2298140,633400
OrdinaryDiffEq,Solve-The-Lorenz-Equation,2024-01-16,1.10.0,jeb-kr-amherst,8399c9b,6.69.0,168.626449,2.608705997467041,0.11995601654052734,270.0,119.0,2287128,633124
OrdinaryDiffEq,Solve-The-Lorenz-Equation,2024-01-17,1.10.0,jeb-kr-amherst,8399c9b,6.69.0,167.862716,2.6221141815185547,0.12024378776550293,270.0,119.0,2261248,626540
OrdinaryDiffEq,Solve-The-Lorenz-Equation,2024-01-18,1.10.0,jeb-kr-amherst,8399c9b,6.69.0,169.101442,2.627084970474243,0.11889410018920898,270.0,120.0,2224356,629592
OrdinaryDiffEq,Solve-The-Lorenz-Equation,2024-01-19,1.10.0,jeb-kr-amherst,8399c9b,6.69.0,168.161067,2.599539041519165,0.11818313598632812,270.0,122.0,2308976,629804
OrdinaryDiffEq,Solve-The-Lorenz-Equation,2024-01-20,1.10.0,jeb-kr-amherst,8399c9b,6.69.0,168.293721,2.624969005584717,0.11912393569946289,269.0,116.0,2244836,630976
OrdinaryDiffEq,Solve-The-Lorenz-Equation,2024-01-21,1.10.0,jeb-kr-amherst,8399c9b,6.69.0,168.287696,2.652263879776001,0.11992597579956055,270.0,116.0,2249392,631004
OrdinaryDiffEq,Solve-The-Lorenz-Equation,2024-01-22,1.10.0,jeb-kr-amherst,8399c9b,6.69.0,173.283386,2.723414897918701,0.12166309356689453,267.0,121.0,2391944,649568
OrdinaryDiffEq,Solve-The-Lorenz-Equation,2024-01-23,1.10.0,jeb-kr-amherst,8399c9b,6.69.0,171.456586,2.745939016342163,0.12009191513061523,269.0,116.0,2448888,647344
OrdinaryDiffEq,Solve-The-Lorenz-Equation,2024-01-24,1.10.0,jeb-kr-amherst,8399c9b,6.69.0,171.1525,2.7271430492401123,0.12043190002441406,268.0,120.0,2453924,647572
OrdinaryDiffEq,Solve-The-Lorenz-Equation,2024-01-25,1.10.0,jeb-kr-amherst,8399c9b,6.69.0,172.401082,2.7323520183563232,0.11865592002868652,267.0,120.0,2404732,653288
OrdinaryDiffEq,Solve-The-Lorenz-Equation,2024-01-26,1.10.0,jeb-kr-amherst,8399c9b,6.69.0,171.754996,2.7439792156219482,0.11939883232116699,268.0,116.0,2425348,651844
OrdinaryDiffEq,Solve-The-Lorenz-Equation,2024-01-27,1.10.0,jeb-kr-amherst,8399c9b,6.69.0,171.603162,2.689018964767456,0.11918497085571289,268.0,120.0,2436240,651388
OrdinaryDiffEq,Solve-The-Lorenz-Equation,2024-01-28,1.10.0,jeb-kr-amherst,8399c9b,6.69.0,173.078436,2.749159097671509,0.12079691886901855,267.0,117.0,2447328,652300
OrdinaryDiffEq,Solve-The-Lorenz-Equation,2024-01-29,1.10.0,jeb-kr-amherst,8399c9b,6.69.0,172.980094,2.746750831604004,0.12044906616210938,267.0,118.0,2441912,652580
OrdinaryDiffEq,Solve-The-Lorenz-Equation,2024-01-30,1.10.0,jeb-kr-amherst,8399c9b,6.69.0,171.851632,2.7773611545562744,0.12082886695861816,267.0,116.0,2414040,651604
OrdinaryDiffEq,Solve-The-Lorenz-Equation,2024-01-31,1.10.0,jeb-kr-amherst,8399c9b,6.70.0,172.80872,2.731513023376465,0.12102103233337402,267.0,121.0,2406628,654148
OrdinaryDiffEq,Solve-The-Lorenz-Equation,2024-02-01,1.10.0,jeb-kr-amherst,8399c9b,6.70.0,172.550557,2.7318100929260254,0.11983203887939453,267.0,117.0,2335852,652432
OrdinaryDiffEq,Solve-The-Lorenz-Equation,2024-02-02,1.10.0,jeb-kr-amherst,8399c9b,6.70.1,173.036628,2.758296012878418,0.12063002586364746,268.0,120.0,2402416,654084
OrdinaryDiffEq,Solve-The-Lorenz-Equation,2024-02-03,1.10.0,jeb-kr-amherst,8399c9b,6.70.1,172.769373,2.7372891902923584,0.1208648681640625,268.0,116.0,2293788,652044
OrdinaryDiffEq,Solve-The-Lorenz-Equation,2024-02-04,1.10.0,jeb-kr-amherst,8399c9b,6.70.1,172.408396,2.710606813430786,0.12154006958007812,268.0,117.0,2460404,654996
OrdinaryDiffEq,Solve-The-Lorenz-Equation,2024-02-05,1.10.0,jeb-kr-amherst,8399c9b,6.70.1,172.411606,2.7775700092315674,0.11942696571350098,268.0,116.0,2512704,651644
OrdinaryDiffEq,Solve-The-Lorenz-Equation,2024-02-06,1.10.0,jeb-kr-amherst,8399c9b,6.70.1,172.544589,2.7707509994506836,0.1191718578338623,268.0,120.0,2462904,655020
OrdinaryDiffEq,Solve-The-Lorenz-Equation,2024-02-07,1.10.0,jeb-kr-amherst,8399c9b,6.70.1,172.064263,2.6959309577941895,0.12021207809448242,268.0,121.0,2430256,654384
OrdinaryDiffEq,Solve-The-Lorenz-Equation,2024-02-08,1.10.0,jeb-kr-amherst,8399c9b,6.70.1,172.465332,2.712354898452759,0.1201620101928711,268.0,121.0,2406484,654992
OrdinaryDiffEq,Solve-The-Lorenz-Equation,2024-02-09,1.10.0,jeb-kr-amherst,8399c9b,6.70.1,172.310074,2.6951329708099365,0.11951613426208496,268.0,121.0,2452568,654200
OrdinaryDiffEq,Solve-The-Lorenz-Equation,2024-02-10,1.10.0,jeb-kr-amherst,8399c9b,6.70.1,171.579805,2.7114620208740234,0.12069416046142578,268.0,118.0,2471792,652676
OrdinaryDiffEq,Solve-The-Lorenz-Equation,2024-02-11,1.10.0,jeb-kr-amherst,8399c9b,6.70.1,172.10145,2.7200767993927,0.11943411827087402,268.0,117.0,2486992,653008
OrdinaryDiffEq,Solve-The-Lorenz-Equation,2024-02-12,1.10.0,jeb-kr-amherst,8399c9b,6.70.1,167.881575,2.692168951034546,0.11839604377746582,268.0,116.0,2306072,648672
OrdinaryDiffEq,Solve-The-Lorenz-Equation,2024-02-13,1.10.0,jeb-kr-amherst,8399c9b,6.70.1,168.735629,2.72296404838562,0.1202080249786377,266.0,116.0,2360712,647748
OrdinaryDiffEq,Solve-The-Lorenz-Equation,2024-02-14,1.10.0,jeb-kr-amherst,8399c9b,6.70.1,384.262285,5.816548824310303,0.2682950496673584,222.0,104.0,2326824,651276
OrdinaryDiffEq,Solve-The-Lorenz-Equation,2024-02-15,1.10.0,jeb-kr-amherst,8399c9b,6.71.0,237.083567,3.283846855163574,0.16472196578979492,272.0,116.0,2271276,649952
OrdinaryDiffEq,Solve-The-Lorenz-Equation,2024-02-16,1.10.0,jeb-kr-amherst,8399c9b,6.71.0,199.820073,3.1296448707580566,0.14499211311340332,265.0,119.0,2287972,647784
OrdinaryDiffEq,Solve-The-Lorenz-Equation,2024-02-17,1.10.0,jeb-kr-amherst,8399c9b,6.71.0,168.094006,2.7247350215911865,0.12052297592163086,268.0,121.0,2253756,651212
OrdinaryDiffEq,Solve-The-Lorenz-Equation,2024-02-18,1.10.0,jeb-kr-amherst,8399c9b,6.71.0,345.846522,6.151037931442261,0.2896590232849121,218.0,104.0,2333900,650328
OrdinaryDiffEq,Solve-The-Lorenz-Equation,2024-02-19,1.10.0,jeb-kr-amherst,8399c9b,6.71.0,247.717717,3.09335994720459,0.1474449634552002,252.0,115.0,2304560,650076
OrdinaryDiffEq,Solve-The-Lorenz-Equation,2024-02-20,1.10.1,jeb-kr-amherst,8399c9b,6.71.0,224.917672,2.9161429405212402,0.1392350196838379,264.0,117.0,2244740,638908
OrdinaryDiffEq,Solve-The-Lorenz-Equation,2024-02-21,1.10.1,jeb-kr-amherst,8399c9b,6.71.0,168.738972,2.6641998291015625,0.11792111396789551,267.0,119.0,2245448,639060
OrdinaryDiffEq,Solve-The-Lorenz-Equation,2024-02-22,1.10.1,jeb-kr-amherst,8399c9b,6.71.0,168.871934,2.648813009262085,0.12586307525634766,267.0,121.0,2277252,640448
OrdinaryDiffEq,Solve-The-Lorenz-Equation,2024-02-23,1.10.1,jeb-kr-amherst,8399c9b,6.71.0,169.209205,2.71331787109375,0.1203160285949707,266.0,118.0,2309820,645112
OrdinaryDiffEq,Solve-The-Lorenz-Equation,2024-02-24,1.10.1,jeb-kr-amherst,8399c9b,6.71.0,169.525701,2.641852855682373,0.11857795715332031,266.0,121.0,2248516,643220
OrdinaryDiffEq,Solve-The-Lorenz-Equation,2024-02-25,1.10.1,jeb-kr-amherst,8399c9b,6.71.0,168.706138,2.5916311740875244,0.1215369701385498,267.0,116.0,2258108,669264
OrdinaryDiffEq,Solve-The-Lorenz-Equation,2024-02-26,1.10.1,jeb-kr-amherst,8399c9b,6.71.0,172.767401,2.551017999649048,0.11534690856933594,268.0,119.0,2285040,658412
OrdinaryDiffEq,Solve-The-Lorenz-Equation,2024-02-27,1.10.1,jeb-kr-amherst,8399c9b,6.72.0,171.768092,2.75940203666687,0.19809293746948242,267.0,118.0,2268148,646784
OrdinaryDiffEq,Solve-The-Lorenz-Equation,2024-02-28,1.10.1,jeb-kr-amherst,8399c9b,6.72.0,171.993426,2.6907260417938232,0.19208002090454102,267.0,123.0,2348424,647328
OrdinaryDiffEq,Solve-The-Lorenz-Equation,2024-02-29,1.10.1,jeb-kr-amherst,8399c9b,6.72.0,171.389586,2.6924169063568115,0.1919231414794922,266.0,123.0,2359164,646200
OrdinaryDiffEq,Solve-The-Lorenz-Equation,2024-03-01,1.10.1,jeb-kr-amherst,8399c9b,6.73.1,170.229682,2.8048880100250244,0.11750411987304688,268.0,116.0,2324732,649156
OrdinaryDiffEq,Solve-The-Lorenz-Equation,2024-03-02,1.10.1,jeb-kr-amherst,8399c9b,6.74.0,172.255431,2.7085490226745605,0.19336986541748047,266.0,120.0,2314100,646756
OrdinaryDiffEq,Solve-The-Lorenz-Equation,2024-03-03,1.10.1,jeb-kr-amherst,8399c9b,6.74.0,381.072064,5.389333963394165,0.4271829128265381,214.0,113.0,2408028,647380
OrdinaryDiffEq,Solve-The-Lorenz-Equation,2024-03-04,1.10.1,jeb-kr-amherst,8399c9b,6.74.0,189.468186,2.848391056060791,0.20415282249450684,269.0,120.0,2290396,646012
OrdinaryDiffEq,Solve-The-Lorenz-Equation,2024-03-05,1.10.1,jeb-kr-amherst,8399c9b,6.74.0,192.0964,3.0206799507141113,0.13684296607971191,270.0,115.0,2308792,642656
OrdinaryDiffEq,Solve-The-Lorenz-Equation,2024-03-06,1.10.1,jeb-kr-amherst,8399c9b,6.74.0,176.264614,2.8817949295043945,0.19469594955444336,266.0,122.0,2367632,646672
OrdinaryDiffEq,Solve-The-Lorenz-Equation,2024-03-07,1.10.1,jeb-kr-amherst,8399c9b,6.74.0,175.249947,2.7986631393432617,0.20036888122558594,267.0,118.0,2380856,645768
OrdinaryDiffEq,Solve-The-Lorenz-Equation,2024-03-08,1.10.1,jeb-kr-amherst,8399c9b,6.74.0,180.800543,3.6671860218048096,0.25099992752075195,266.0,111.0,2349792,646632
OrdinaryDiffEq,Solve-The-Lorenz-Equation,2024-03-09,1.10.1,jeb-kr-amherst,8399c9b,6.74.0,171.093895,2.7493369579315186,0.11666011810302734,266.0,121.0,2353660,648896
OrdinaryDiffEq,Solve-The-Lorenz-Equation,2024-03-10,1.10.2,jeb-kr-amherst,8399c9b,6.74.0,172.181266,2.727492094039917,0.11724281311035156,265.0,117.0,2334308,653852
OrdinaryDiffEq,Solve-The-Lorenz-Equation,2024-03-11,1.10.2,jeb-kr-amherst,8399c9b,6.74.0,171.513163,2.6795530319213867,0.11586594581604004,267.0,121.0,2380192,654948
OrdinaryDiffEq,Solve-The-Lorenz-Equation,2024-03-12,1.10.2,jeb-kr-amherst,8399c9b,6.74.0,172.927326,2.7097599506378174,0.1949310302734375,265.0,118.0,2323036,655092
OrdinaryDiffEq,Solve-The-Lorenz-Equation,2024-03-13,1.10.2,jeb-kr-amherst,8399c9b,6.74.0,170.871179,2.6484169960021973,0.11596512794494629,267.0,122.0,2349276,651476
OrdinaryDiffEq,Solve-The-Lorenz-Equation,2024-03-14,1.10.2,jeb-kr-amherst,8399c9b,6.74.0,171.618397,2.6932499408721924,0.11606597900390625,266.0,117.0,2367420,651824
OrdinaryDiffEq,Solve-The-Lorenz-Equation,2024-03-15,1.10.2,jeb-kr-amherst,8399c9b,6.74.0,172.2735,2.67067813873291,0.11641383171081543,266.0,122.0,2342020,652856
OrdinaryDiffEq,Solve-The-Lorenz-Equation,2024-03-16,1.10.2,jeb-kr-amherst,8399c9b,6.74.0,171.188439,2.6783721446990967,0.19676899909973145,267.0,123.0,2305076,656552
OrdinaryDiffEq,Solve-The-Lorenz-Equation,2024-03-17,1.10.2,jeb-kr-amherst,8399c9b,6.74.0,171.929209,2.6051690578460693,0.12713289260864258,267.0,120.0,2344728,682736
OrdinaryDiffEq,Solve-The-Lorenz-Equation,2024-03-18,1.10.2,jeb-kr-amherst,8399c9b,6.74.0,171.862576,2.734243154525757,0.11988186836242676,267.0,118.0,2381228,658320
OrdinaryDiffEq,Solve-The-Lorenz-Equation,2024-03-19,1.10.2,jeb-kr-amherst,8399c9b,6.74.0,171.691921,2.6860270500183105,0.11943817138671875,266.0,119.0,2323068,653112
OrdinaryDiffEq,Solve-The-Lorenz-Equation,2024-03-20,1.10.2,jeb-kr-amherst,8399c9b,6.74.0,171.402029,2.7207508087158203,0.11958599090576172,267.0,118.0,2334356,657452
OrdinaryDiffEq,Solve-The-Lorenz-Equation,2024-03-21,1.10.2,jeb-kr-amherst,8399c9b,6.74.1,171.923745,2.7011499404907227,0.19589591026306152,267.0,118.0,2434712,657004
OrdinaryDiffEq,Solve-The-Lorenz-Equation,2024-03-22,1.10.2,jeb-kr-amherst,8399c9b,6.74.1,172.345948,2.6643500328063965,0.1179969310760498,266.0,122.0,2412248,653308
OrdinaryDiffEq,Solve-The-Lorenz-Equation,2024-03-23,1.10.2,jeb-kr-amherst,8399c9b,6.74.1,173.491832,2.7166638374328613,0.11799216270446777,266.0,118.0,2486356,656640
OrdinaryDiffEq,Solve-The-Lorenz-Equation,2024-03-24,1.10.2,jeb-kr-amherst,8399c9b,6.74.1,174.463938,2.7835350036621094,0.19740700721740723,265.0,118.0,2523436,659972
OrdinaryDiffEq,Solve-The-Lorenz-Equation,2024-03-25,1.10.2,jeb-kr-amherst,8399c9b,6.74.1,173.978162,2.5779428482055664,0.11871099472045898,265.0,117.0,2327036,661624
OrdinaryDiffEq,Solve-The-Lorenz-Equation,2024-03-26,1.10.2,jeb-kr-amherst,8399c9b,6.74.1,174.30225,2.5792689323425293,0.21635890007019043,265.0,117.0,2362892,659836
OrdinaryDiffEq,Solve-The-Lorenz-Equation,2024-03-27,1.10.2,jeb-kr-amherst,8399c9b,6.74.1,174.571366,2.5932798385620117,0.11877298355102539,266.0,117.0,2386964,661388
OrdinaryDiffEq,Solve-The-Lorenz-Equation,2024-03-28,1.10.2,jeb-kr-amherst,8399c9b,6.74.1,173.003877,2.5799620151519775,0.11926913261413574,266.0,118.0,2500376,662304
OrdinaryDiffEq,Solve-The-Lorenz-Equation,2024-03-29,1.10.2,jeb-kr-amherst,8399c9b,6.74.1,175.02797,2.639158010482788,0.21466302871704102,268.0,120.0,2384256,664424
OrdinaryDiffEq,Solve-The-Lorenz-Equation,2024-03-30,1.10.2,jeb-kr-amherst,8399c9b,6.74.1,175.511086,2.620303153991699,0.21667098999023438,267.0,122.0,2386028,664324
OrdinaryDiffEq,Solve-The-Lorenz-Equation,2024-03-31,1.10.2,jeb-kr-amherst,8399c9b,6.74.1,174.493602,2.592154026031494,0.21447992324829102,268.0,122.0,2454772,663524
OrdinaryDiffEq,Solve-The-Lorenz-Equation,2024-04-01,1.10.2,jeb-kr-amherst,8399c9b,6.74.1,175.79141,2.605257987976074,0.11751914024353027,268.0,118.0,2408148,664504
OrdinaryDiffEq,Solve-The-Lorenz-Equation,2024-04-02,1.10.2,jeb-kr-amherst,8399c9b,6.74.1,175.603297,2.614320993423462,0.21755599975585938,268.0,122.0,2422140,665060
OrdinaryDiffEq,Solve-The-Lorenz-Equation,2024-04-03,1.10.2,jeb-kr-amherst,8399c9b,6.74.1,176.307834,2.6227569580078125,0.1168510913848877,268.0,116.0,2424236,666956
OrdinaryDiffEq,Solve-The-Lorenz-Equation,2024-04-04,1.10.2,jeb-kr-amherst,8399c9b,6.74.1,176.598523,2.6196579933166504,0.21741104125976562,267.0,121.0,2358692,667268
OrdinaryDiffEq,Solve-The-Lorenz-Equation,2024-04-05,1.10.2,jeb-kr-amherst,8399c9b,6.74.1,175.65175,2.6759040355682373,0.21587395668029785,269.0,120.0,2458852,666388
OrdinaryDiffEq,Solve-The-Lorenz-Equation,2024-04-06,1.10.2,jeb-kr-amherst,8399c9b,6.74.1,175.111901,2.6244211196899414,0.21765899658203125,268.0,122.0,2393728,667220
OrdinaryDiffEq,Solve-The-Lorenz-Equation,2024-04-07,1.10.2,jeb-kr-amherst,8399c9b,6.74.1,176.489008,2.627236843109131,0.21827220916748047,268.0,120.0,2399796,666696
OrdinaryDiffEq,Solve-The-Lorenz-Equation,2024-04-08,1.10.2,jeb-kr-amherst,8399c9b,6.74.1,176.887069,2.6722569465637207,0.21905207633972168,267.0,117.0,2498500,666088
OrdinaryDiffEq,Solve-The-Lorenz-Equation,2024-04-09,1.10.2,jeb-kr-amherst,8399c9b,6.74.1,175.817937,2.624886989593506,0.21644210815429688,268.0,122.0,2403296,666264
OrdinaryDiffEq,Solve-The-Lorenz-Equation,2024-04-10,1.10.2,jeb-kr-amherst,8399c9b,6.74.1,176.79851,2.6214828491210938,0.21596193313598633,267.0,122.0,2446232,666364
OrdinaryDiffEq,Solve-The-Lorenz-Equation,2024-04-11,1.10.2,jeb-kr-amherst,8399c9b,6.74.1,176.526448,2.619249105453491,0.2166578769683838,268.0,122.0,2391984,666780
OrdinaryDiffEq,Solve-The-Lorenz-Equation,2024-04-12,1.10.2,jeb-kr-amherst,8399c9b,6.74.1,176.992931,2.6180429458618164,0.21632695198059082,268.0,122.0,2390968,663796
OrdinaryDiffEq,Solve-The-Lorenz-Equation,2024-04-13,1.10.2,jeb-kr-amherst,8399c9b,6.74.1,175.70982,2.618813991546631,0.21884799003601074,268.0,122.0,2391548,664068
OrdinaryDiffEq,Solve-The-Lorenz-Equation,2024-04-14,1.10.2,jeb-kr-amherst,8399c9b,6.74.1,176.343338,2.582334041595459,0.11791396141052246,268.0,120.0,2415604,664784
OrdinaryDiffEq,Solve-The-Lorenz-Equation,2024-04-15,1.10.2,jeb-kr-amherst,8399c9b,6.74.1,177.371824,2.609800100326538,0.21625089645385742,267.0,122.0,2447064,664224
OrdinaryDiffEq,Solve-The-Lorenz-Equation,2024-04-16,1.10.2,jeb-kr-amherst,8399c9b,6.74.1,177.198003,2.6795411109924316,0.2189769744873047,268.0,117.0,2498564,670380
OrdinaryDiffEq,Solve-The-Lorenz-Equation,2024-04-17,1.10.2,jeb-kr-amherst,8399c9b,6.74.1,178.217524,2.672257900238037,0.21873211860656738,266.0,117.0,2507644,670324
OrdinaryDiffEq,Solve-The-Lorenz-Equation,2024-04-18,1.10.2,jeb-kr-amherst,8399c9b,6.74.1,177.584916,2.648811101913452,0.2182168960571289,267.0,122.0,2510292,670560
OrdinaryDiffEq,Solve-The-Lorenz-Equation,2024-04-19,1.10.2,jeb-kr-amherst,8399c9b,6.74.1,176.99025,2.649052858352661,0.21740007400512695,267.0,121.0,2498072,670816
OrdinaryDiffEq,Solve-The-Lorenz-Equation,2024-04-20,1.10.2,jeb-kr-amherst,8399c9b,6.74.1,343.444766,5.250542879104614,0.4403200149536133,238.0,113.0,2463404,671056
OrdinaryDiffEq,Solve-The-Lorenz-Equation,2024-04-21,1.10.2,jeb-kr-amherst,8399c9b,6.74.1,353.271858,6.080903053283691,0.5732369422912598,212.0,105.0,2490864,671036
OrdinaryDiffEq,Solve-The-Lorenz-Equation,2024-04-22,1.10.2,jeb-kr-amherst,8399c9b,6.74.1,269.88913,3.0787010192871094,0.2689089775085449,262.0,120.0,2458092,670884
OrdinaryDiffEq,Solve-The-Lorenz-Equation,2024-04-23,1.10.2,jeb-kr-amherst,8399c9b,6.74.1,191.331607,2.7834460735321045,0.1209108829498291,269.0,115.0,2531448,705400
OrdinaryDiffEq,Solve-The-Lorenz-Equation,2024-04-24,1.10.2,jeb-kr-amherst,8399c9b,6.74.1,190.405686,2.878398895263672,0.23811912536621094,264.0,116.0,2583924,673940
OrdinaryDiffEq,Solve-The-Lorenz-Equation,2024-04-25,1.10.2,jeb-kr-amherst,8399c9b,6.74.1,189.416047,2.8724489212036133,0.24292516708374023,265.0,118.0,2611848,674752
OrdinaryDiffEq,Solve-The-Lorenz-Equation,2024-04-26,1.10.2,jeb-kr-amherst,8399c9b,6.74.1,191.810363,2.905668020248413,0.2451469898223877,264.0,117.0,2541148,674368
OrdinaryDiffEq,Solve-The-Lorenz-Equation,2024-04-27,1.10.2,jeb-kr-amherst,8399c9b,6.74.1,192.117146,2.896789073944092,0.24167084693908691,264.0,116.0,2570608,674552
OrdinaryDiffEq,Solve-The-Lorenz-Equation,2024-04-28,1.10.2,jeb-kr-amherst,8399c9b,6.74.1,191.307038,2.840916872024536,0.12403106689453125,263.0,117.0,2555424,707228
OrdinaryDiffEq,Solve-The-Lorenz-Equation,2024-04-29,1.10.2,jeb-kr-amherst,8399c9b,6.74.1,186.548799,2.9049131870269775,0.12363886833190918,266.0,117.0,2575088,674532
OrdinaryDiffEq,Solve-The-Lorenz-Equation,2024-04-30,1.10.2,jeb-kr-amherst,8399c9b,6.74.1,179.368327,2.6617348194122314,0.2183990478515625,266.0,121.0,2648792,673560
OrdinaryDiffEq,Solve-The-Lorenz-Equation,2024-05-01,1.10.2,jeb-kr-amherst,8399c9b,6.74.1,179.688013,2.6873369216918945,0.2175579071044922,265.0,121.0,2582092,673956
OrdinaryDiffEq,Solve-The-Lorenz-Equation,2024-05-02,1.10.2,jeb-kr-amherst,8399c9b,6.74.1,178.687571,2.7915711402893066,0.1166219711303711,266.0,119.0,2591540,674572
OrdinaryDiffEq,Solve-The-Lorenz-Equation,2024-05-03,1.10.2,jeb-kr-amherst,8399c9b,6.74.1,179.93792,2.6795949935913086,0.21615910530090332,266.0,119.0,2625772,673640
OrdinaryDiffEq,Solve-The-Lorenz-Equation,2024-05-04,1.10.2,jeb-kr-amherst,8399c9b,6.74.1,178.534201,2.742496967315674,0.21767282485961914,267.0,120.0,2572224,673440
OrdinaryDiffEq,Solve-The-Lorenz-Equation,2024-05-05,1.10.2,jeb-kr-amherst,8399c9b,6.75.0,179.002105,2.6917331218719482,0.21664881706237793,266.0,117.0,2625312,674836
OrdinaryDiffEq,Solve-The-Lorenz-Equation,2024-05-06,1.10.2,jeb-kr-amherst,8399c9b,6.75.0,179.751066,2.7041800022125244,0.21693015098571777,266.0,117.0,2660480,674448
OrdinaryDiffEq,Solve-The-Lorenz-Equation,2024-05-07,1.10.2,jeb-kr-amherst,8399c9b,6.75.0,414.262993,5.970180034637451,0.5107009410858154,217.0,106.0,2657088,675376
OrdinaryDiffEq,Solve-The-Lorenz-Equation,2024-05-08,1.10.2,jeb-kr-amherst,8399c9b,6.75.0,221.461313,2.8823771476745605,0.23673295974731445,265.0,118.0,2574304,674252
OrdinaryDiffEq,Solve-The-Lorenz-Equation,2024-05-09,1.10.2,jeb-kr-amherst,8399c9b,6.75.0,215.169484,2.7941930294036865,0.12786316871643066,255.0,114.0,2560696,690908
OrdinaryDiffEq,Solve-The-Lorenz-Equation,2024-05-10,1.10.3,jeb-kr-amherst,8399c9b,6.75.0,190.915226,2.795038938522339,0.12121701240539551,262.0,114.0,2611896,711344
OrdinaryDiffEq,Solve-The-Lorenz-Equation,2024-05-11,1.10.3,jeb-kr-amherst,8399c9b,6.75.0,157.901209,2.5289509296417236,0.18088293075561523,275.0,116.0,2205196,617540
OrdinaryDiffEq,Solve-The-Lorenz-Equation,2024-05-12,1.10.3,jeb-kr-amherst,8399c9b,6.75.0,156.892983,2.5237720012664795,0.12384891510009766,276.0,120.0,2224108,644748
OrdinaryDiffEq,Solve-The-Lorenz-Equation,2024-05-13,1.10.3,jeb-kr-amherst,8399c9b,6.75.0,154.407387,2.4635369777679443,0.1208200454711914,274.0,118.0,2191864,646816
OrdinaryDiffEq,Solve-The-Lorenz-Equation,2024-05-14,1.10.3,jeb-kr-amherst,8399c9b,6.76.0,154.864721,2.5191431045532227,0.12003397941589355,274.0,115.0,2223892,648832
OrdinaryDiffEq,Solve-The-Lorenz-Equation,2024-05-15,1.10.3,jeb-kr-amherst,8399c9b,6.76.0,153.967137,2.467341899871826,0.11771106719970703,275.0,120.0,2264300,618280
OrdinaryDiffEq,Solve-The-Lorenz-Equation,2024-05-16,1.10.3,jeb-kr-amherst,8399c9b,6.76.0,154.258321,2.391982078552246,0.16662907600402832,274.0,121.0,2227468,619504
OrdinaryDiffEq,Solve-The-Lorenz-Equation,2024-05-17,1.10.3,jeb-kr-amherst,8399c9b,6.76.0,154.054578,2.42048716545105,0.11863493919372559,275.0,121.0,2195920,649236
OrdinaryDiffEq,Solve-The-Lorenz-Equation,2024-05-18,1.10.3,jeb-kr-amherst,8399c9b,6.76.0,340.234394,3.2584660053253174,0.2544999122619629,222.0,113.0,2164004,648240
OrdinaryDiffEq,Solve-The-Lorenz-Equation,2024-05-19,1.10.3,jeb-kr-amherst,8399c9b,6.76.0,172.022581,2.646578073501587,0.1778860092163086,277.0,120.0,2202340,618964
OrdinaryDiffEq,Solve-The-Lorenz-Equation,2024-05-20,1.10.3,jeb-kr-amherst,8399c9b,6.77.1,169.154071,2.7096800804138184,0.1322031021118164,273.0,119.0,2231632,651052
OrdinaryDiffEq,Solve-The-Lorenz-Equation,2024-05-21,1.10.3,jeb-kr-amherst,8399c9b,6.78.0,149.294164,2.4849720001220703,0.11918306350708008,273.0,115.0,1714180,637284
OrdinaryDiffEq,Solve-The-Lorenz-Equation,2024-05-22,1.10.3,jeb-kr-amherst,8399c9b,6.78.0,145.188409,2.4841270446777344,0.12053585052490234,274.0,118.0,1649836,633828
OrdinaryDiffEq,Solve-The-Lorenz-Equation,2024-05-23,1.10.3,jeb-kr-amherst,8399c9b,6.78.0,144.807961,2.4754018783569336,0.12003302574157715,274.0,120.0,1675760,634724
OrdinaryDiffEq,Solve-The-Lorenz-Equation,2024-05-24,1.10.3,jeb-kr-amherst,8399c9b,6.79.0,143.744192,2.377305030822754,0.16747307777404785,276.0,118.0,1681508,605432
OrdinaryDiffEq,Solve-The-Lorenz-Equation,2024-05-25,1.10.3,jeb-kr-amherst,8399c9b,6.80.0,134.738485,2.456294059753418,1.2192699909210205,277.0,113.0,1376472,635364
OrdinaryDiffEq,Solve-The-Lorenz-Equation,2024-05-26,1.10.3,jeb-kr-amherst,8399c9b,6.80.0,132.449964,2.257249116897583,1.2083039283752441,279.0,117.0,1294144,616880
OrdinaryDiffEq,Solve-The-Lorenz-Equation,2024-05-27,1.10.3,jeb-kr-amherst,8399c9b,6.80.1,135.686598,2.4106900691986084,1.1747288703918457,278.0,114.0,1333364,628696
OrdinaryDiffEq,Solve-The-Lorenz-Equation,2024-05-28,1.10.3,jeb-kr-amherst,8399c9b,6.80.1,133.735005,2.2741479873657227,1.198354959487915,279.0,114.0,1299492,616560
OrdinaryDiffEq,Solve-The-Lorenz-Equation,2024-05-29,1.10.3,jeb-kr-amherst,8399c9b,6.80.1,134.070175,2.2935450077056885,1.1185369491577148,279.0,112.0,1293516,636928
OrdinaryDiffEq,Solve-The-Lorenz-Equation,2024-05-30,1.10.3,jeb-kr-amherst,8399c9b,6.80.1,134.297222,2.3442630767822266,1.2505428791046143,278.0,115.0,1294552,616812
OrdinaryDiffEq,Solve-The-Lorenz-Equation,2024-05-31,1.10.3,jeb-kr-amherst,8399c9b,6.80.1,133.147577,2.2777481079101562,0.9259030818939209,281.0,113.0,1331840,645028
OrdinaryDiffEq,Solve-The-Lorenz-Equation,2024-06-01,1.10.3,jeb-kr-amherst,8399c9b,6.80.1,133.714102,2.242133140563965,1.0781948566436768,279.0,120.0,1321872,619088
OrdinaryDiffEq,Solve-The-Lorenz-Equation,2024-06-02,1.10.3,jeb-kr-amherst,8399c9b,6.80.1,133.280717,2.30273699760437,1.0854859352111816,280.0,120.0,1334184,618744
OrdinaryDiffEq,Solve-The-Lorenz-Equation,2024-06-03,1.10.3,jeb-kr-amherst,8399c9b,6.80.1,133.202854,2.3564069271087646,1.0260951519012451,280.0,116.0,1319932,621040
OrdinaryDiffEq,Solve-The-Lorenz-Equation,2024-06-04,1.10.3,jeb-kr-amherst,8399c9b,6.80.1,133.389913,2.4046921730041504,1.0248749256134033,280.0,116.0,1321100,620784
OrdinaryDiffEq,Solve-The-Lorenz-Equation,2024-06-05,1.10.3,jeb-kr-amherst,8399c9b,6.80.1,133.106267,2.372623920440674,1.0254440307617188,280.0,116.0,1301672,620816
OrdinaryDiffEq,Solve-The-Lorenz-Equation,2024-06-06,1.10.3,jeb-kr-amherst,8399c9b,6.81.1,133.45811,2.30479097366333,1.232254981994629,280.0,115.0,1364960,623484
OrdinaryDiffEq,Solve-The-Lorenz-Equation,2024-06-07,1.10.3,jeb-kr-amherst,8399c9b,6.81.1,133.293628,2.3734090328216553,1.17523193359375,280.0,115.0,1373324,630292
OrdinaryDiffEq,Solve-The-Lorenz-Equation,2024-06-08,1.10.3,jeb-kr-amherst,8399c9b,6.82.0,133.39576,2.3607888221740723,1.1743731498718262,280.0,116.0,1319356,631036
OrdinaryDiffEq,Solve-The-Lorenz-Equation,2024-06-09,1.10.3,jeb-kr-amherst,8399c9b,6.82.0,132.91533,2.4180538654327393,1.1847729682922363,281.0,115.0,1297432,629216
OrdinaryDiffEq,Solve-The-Lorenz-Equation,2024-06-10,1.10.4,jeb-kr-amherst,8399c9b,6.82.0,134.068572,2.3602678775787354,1.2047619819641113,281.0,117.0,1323324,655552
OrdinaryDiffEq,Solve-The-Lorenz-Equation,2024-06-11,1.10.4,jeb-kr-amherst,8399c9b,6.82.0,134.472979,2.4211649894714355,1.1827590465545654,280.0,117.0,1380416,628328
OrdinaryDiffEq,Solve-The-Lorenz-Equation,2024-06-12,1.10.4,jeb-kr-amherst,8399c9b,6.82.0,134.111972,2.394737958908081,1.1897611618041992,281.0,118.0,1353848,623016
OrdinaryDiffEq,Solve-The-Lorenz-Equation,2024-06-13,1.10.4,jeb-kr-amherst,8399c9b,6.83.1,134.688704,2.3755531311035156,1.0520780086517334,280.0,120.0,1334092,626556
OrdinaryDiffEq,Solve-The-Lorenz-Equation,2024-06-14,1.10.4,jeb-kr-amherst,8399c9b,6.83.1,135.031155,2.3888559341430664,1.0611660480499268,280.0,118.0,1334884,628016
OrdinaryDiffEq,Solve-The-Lorenz-Equation,2024-06-15,1.10.4,jeb-kr-amherst,8399c9b,6.83.1,137.388524,2.4108598232269287,1.062891960144043,279.0,120.0,1329804,628440
OrdinaryDiffEq,Solve-The-Lorenz-Equation,2024-06-16,1.10.4,jeb-kr-amherst,8399c9b,6.83.2,134.785861,2.359311103820801,1.0542008876800537,280.0,119.0,1355224,628400
OrdinaryDiffEq,Solve-The-Lorenz-Equation,2024-06-17,1.10.4,jeb-kr-amherst,8399c9b,6.83.2,135.526967,2.4129111766815186,1.049954891204834,279.0,118.0,1360976,626560
OrdinaryDiffEq,Solve-The-Lorenz-Equation,2024-06-18,1.10.4,jeb-kr-amherst,8399c9b,6.84.0,135.312448,2.276064157485962,1.1018409729003906,279.0,120.0,1334948,625544
OrdinaryDiffEq,Solve-The-Lorenz-Equation,2024-06-19,1.10.4,jeb-kr-amherst,8399c9b,6.84.0,135.216809,2.3629748821258545,1.0776090621948242,280.0,120.0,1423872,627644
OrdinaryDiffEq,Solve-The-Lorenz-Equation,2024-06-20,1.10.4,jeb-kr-amherst,8399c9b,6.84.0,134.931324,2.4132158756256104,1.050976037979126,280.0,116.0,1353932,628416
OrdinaryDiffEq,Solve-The-Lorenz-Equation,2024-06-21,1.10.4,jeb-kr-amherst,8399c9b,6.84.0,135.483253,2.3726999759674072,1.0696110725402832,279.0,120.0,1336432,627192
OrdinaryDiffEq,Solve-The-Lorenz-Equation,2024-06-22,1.10.4,jeb-kr-amherst,8399c9b,6.84.0,135.618473,2.396517038345337,1.060270071029663,280.0,116.0,1366864,626824
OrdinaryDiffEq,Solve-The-Lorenz-Equation,2024-06-23,1.10.4,jeb-kr-amherst,8399c9b,6.84.0,134.810746,2.3950650691986084,1.050264835357666,281.0,116.0,1360100,626520
OrdinaryDiffEq,Solve-The-Lorenz-Equation,2024-06-24,1.10.4,jeb-kr-amherst,8399c9b,6.84.0,135.100619,2.391273021697998,1.068631887435913,280.0,116.0,1354448,660848
OrdinaryDiffEq,Solve-The-Lorenz-Equation,2024-06-25,1.10.4,jeb-kr-amherst,8399c9b,6.84.0,135.296261,2.3830478191375732,1.0582680702209473,281.0,116.0,1346520,629380
OrdinaryDiffEq,Solve-The-Lorenz-Equation,2024-06-26,1.10.4,jeb-kr-amherst,8399c9b,6.84.0,135.427191,2.444627046585083,1.0667860507965088,281.0,118.0,1378960,628592
OrdinaryDiffEq,Solve-The-Lorenz-Equation,2024-06-27,1.10.4,jeb-kr-amherst,8399c9b,6.84.0,133.087362,2.2776479721069336,1.0571520328521729,280.0,119.0,1320948,618744
OrdinaryDiffEq,Solve-The-Lorenz-Equation,2024-06-28,1.10.4,jeb-kr-amherst,8399c9b,6.85.0,133.073286,2.222370147705078,1.0444278717041016,280.0,119.0,1347804,619296
OrdinaryDiffEq,Solve-The-Lorenz-Equation,2024-06-29,1.10.4,jeb-kr-amherst,8399c9b,6.85.0,133.039597,2.286655902862549,1.0399529933929443,282.0,116.0,1284728,617880
OrdinaryDiffEq,Solve-The-Lorenz-Equation,2024-06-30,1.10.4,jeb-kr-amherst,8399c9b,6.85.0,132.79465,2.2909481525421143,1.0511438846588135,281.0,117.0,1294612,619268
OrdinaryDiffEq,Solve-The-Lorenz-Equation,2024-07-01,1.10.4,jeb-kr-amherst,8399c9b,6.85.0,132.878298,2.294076919555664,1.0462541580200195,280.0,116.0,1289460,619872
OrdinaryDiffEq,Solve-The-Lorenz-Equation,2024-07-02,1.10.4,jeb-kr-amherst,8399c9b,6.85.0,133.571321,2.299920082092285,0.9597218036651611,280.0,113.0,1314228,632620
OrdinaryDiffEq,Solve-The-Lorenz-Equation,2024-07-03,1.10.4,jeb-kr-amherst,8399c9b,6.85.0,132.994344,2.3213489055633545,1.0527989864349365,281.0,114.0,1339216,620220
OrdinaryDiffEq,Solve-The-Lorenz-Equation,2024-07-04,1.10.4,jeb-kr-amherst,8399c9b,6.85.0,133.253509,2.2511348724365234,1.0969171524047852,280.0,120.0,1358528,618644
OrdinaryDiffEq,Solve-The-Lorenz-Equation,2024-07-05,1.10.4,jeb-kr-amherst,8399c9b,6.85.0,133.756616,2.272423028945923,1.0460801124572754,279.0,116.0,1317540,619992
OrdinaryDiffEq,Solve-The-Lorenz-Equation,2024-07-06,1.10.4,jeb-kr-amherst,8399c9b,6.85.0,133.182984,2.2548680305480957,1.1045339107513428,281.0,117.0,1337940,619188
OrdinaryDiffEq,Solve-The-Lorenz-Equation,2024-07-07,1.10.4,jeb-kr-amherst,8399c9b,6.85.0,132.791084,2.2717339992523193,1.0564260482788086,280.0,120.0,1349816,620936
OrdinaryDiffEq,Solve-The-Lorenz-Equation,2024-07-08,1.10.4,jeb-kr-amherst,8399c9b,6.85.0,133.11092,2.3141279220581055,1.0984020233154297,281.0,117.0,1296704,617472
OrdinaryDiffEq,Solve-The-Lorenz-Equation,2024-07-09,1.10.4,jeb-kr-amherst,8399c9b,6.85.0,132.018628,2.3246548175811768,1.0524230003356934,281.0,118.0,1313788,618844
OrdinaryDiffEq,Solve-The-Lorenz-Equation,2024-07-10,1.10.4,jeb-kr-amherst,8399c9b,6.85.0,133.392424,2.290069103240967,1.047041893005371,280.0,115.0,1367200,618820
OrdinaryDiffEq,Solve-The-Lorenz-Equation,2024-07-11,1.10.4,jeb-kr-amherst,8399c9b,6.85.0,133.083824,2.2181830406188965,1.1071829795837402,280.0,117.0,1352320,618912
OrdinaryDiffEq,Solve-The-Lorenz-Equation,2024-07-12,1.10.4,jeb-kr-amherst,8399c9b,6.85.0,133.37558,2.322968006134033,1.0528819561004639,280.0,116.0,1346384,619916
OrdinaryDiffEq,Solve-The-Lorenz-Equation,2024-07-13,1.10.4,jeb-kr-amherst,8399c9b,6.85.0,133.397908,2.2922558784484863,1.0977811813354492,281.0,120.0,1346784,617800
OrdinaryDiffEq,Solve-The-Lorenz-Equation,2024-07-14,1.10.4,jeb-kr-amherst,8399c9b,6.85.0,132.909333,2.2857019901275635,1.0578131675720215,281.0,118.0,1280112,618292
OrdinaryDiffEq,Solve-The-Lorenz-Equation,2024-07-15,1.10.4,jeb-kr-amherst,8399c9b,6.85.0,132.931427,2.3172388076782227,1.0489110946655273,281.0,119.0,1347744,618956
OrdinaryDiffEq,Solve-The-Lorenz-Equation,2024-07-16,1.10.4,jeb-kr-amherst,8399c9b,6.85.0,132.999752,2.279634952545166,1.0375950336456299,281.0,115.0,1347388,649888
OrdinaryDiffEq,Solve-The-Lorenz-Equation,2024-07-17,1.10.4,jeb-kr-amherst,8399c9b,6.85.0,133.26265,2.2537178993225098,1.0444631576538086,281.0,115.0,1379332,652024
OrdinaryDiffEq,Solve-The-Lorenz-Equation,2024-07-18,1.10.4,jeb-kr-amherst,8399c9b,6.86.0,133.213812,2.2279820442199707,1.0994269847869873,281.0,116.0,1399416,619544
OrdinaryDiffEq,Solve-The-Lorenz-Equation,2024-07-19,1.10.4,jeb-kr-amherst,8399c9b,6.86.0,133.23651,2.217940092086792,1.092242956161499,281.0,120.0,1362884,618716
OrdinaryDiffEq,Solve-The-Lorenz-Equation,2024-07-20,1.10.4,jeb-kr-amherst,8399c9b,6.86.0,133.693001,2.321842908859253,1.048957109451294,280.0,119.0,1362864,620392
OrdinaryDiffEq,Solve-The-Lorenz-Equation,2024-07-21,1.10.4,jeb-kr-amherst,8399c9b,6.86.0,133.060392,2.2543509006500244,1.1038181781768799,281.0,116.0,1348332,620348
OrdinaryDiffEq,Solve-The-Lorenz-Equation,2024-07-22,1.10.4,jeb-kr-amherst,8399c9b,6.86.0,133.000021,2.290144920349121,1.049551010131836,281.0,120.0,1362828,620308
OrdinaryDiffEq,Solve-The-Lorenz-Equation,2024-07-23,1.10.4,jeb-kr-amherst,8399c9b,6.86.0,134.042405,2.336219072341919,1.0488009452819824,279.0,116.0,1366312,620212
OrdinaryDiffEq,Solve-The-Lorenz-Equation,2024-07-24,1.10.4,jeb-kr-amherst,8399c9b,6.86.0,142.231003,2.447321891784668,0.9835360050201416,293.0,119.0,1322588,635120
OrdinaryDiffEq,Solve-The-Lorenz-Equation,2024-07-25,1.10.4,jeb-kr-amherst,8399c9b,6.86.0,142.846936,2.3620200157165527,1.0634889602661133,292.0,119.0,1329144,632724
OrdinaryDiffEq,Solve-The-Lorenz-Equation,2024-07-26,1.10.4,jeb-kr-amherst,8399c9b,6.87.0,143.374278,2.4780571460723877,0.9848568439483643,293.0,116.0,1386748,635060
OrdinaryDiffEq,Solve-The-Lorenz-Equation,2024-07-27,1.10.4,jeb-kr-amherst,8399c9b,6.87.0,142.08625,2.4696900844573975,0.9718749523162842,293.0,118.0,1325336,636456
OrdinaryDiffEq,Solve-The-Lorenz-Equation,2024-07-28,1.10.4,jeb-kr-amherst,8399c9b,6.87.0,140.542894,2.473489999771118,0.985619068145752,294.0,115.0,1311704,634996
OrdinaryDiffEq,Solve-The-Lorenz-Equation,2024-07-29,1.10.4,jeb-kr-amherst,8399c9b,6.87.0,139.665842,2.4107580184936523,0.9849600791931152,293.0,120.0,1317992,662792
OrdinaryDiffEq,Solve-The-Lorenz-Equation,2024-07-30,1.10.4,jeb-kr-amherst,8399c9b,6.87.0,140.357414,2.490756034851074,0.9795899391174316,292.0,115.0,1379812,634476
OrdinaryDiffEq,Solve-The-Lorenz-Equation,2024-07-31,1.10.4,jeb-kr-amherst,8399c9b,6.87.0,141.293483,2.3927462100982666,1.068701982498169,296.0,118.0,1370104,630016
OrdinaryDiffEq,Solve-The-Lorenz-Equation,2024-08-01,1.10.4,jeb-kr-amherst,8399c9b,6.87.0,141.429494,2.450345993041992,0.9717319011688232,295.0,119.0,1310588,635652
OrdinaryDiffEq,Solve-The-Lorenz-Equation,2024-08-02,1.10.4,jeb-kr-amherst,8399c9b,6.87.0,140.492987,2.478062868118286,0.9731991291046143,295.0,116.0,1313460,635032
OrdinaryDiffEq,Solve-The-Lorenz-Equation,2024-08-03,1.10.4,jeb-kr-amherst,8399c9b,6.87.0,141.434559,2.2938618659973145,1.0716400146484375,296.0,120.0,1308808,666556
OrdinaryDiffEq,Solve-The-Lorenz-Equation,2024-08-04,1.10.4,jeb-kr-amherst,8399c9b,6.87.0,141.425967,2.4680569171905518,0.9801709651947021,296.0,115.0,1317188,664456
OrdinaryDiffEq,Solve-The-Lorenz-Equation,2024-08-05,1.10.4,jeb-kr-amherst,8399c9b,6.87.0,140.787027,2.445957899093628,0.9791150093078613,296.0,119.0,1321640,634552
OrdinaryDiffEq,Solve-The-Lorenz-Equation,2024-08-06,1.10.4,jeb-kr-amherst,8399c9b,6.87.0,141.445364,2.4749059677124023,0.9757230281829834,296.0,117.0,1311684,633972
OrdinaryDiffEq,Solve-The-Lorenz-Equation,2024-08-07,1.10.4,jeb-kr-amherst,8399c9b,6.87.0,141.544346,2.43363881111145,0.9745659828186035,296.0,116.0,1329512,634548
OrdinaryDiffEq,Solve-The-Lorenz-Equation,2024-08-08,1.10.4,jeb-kr-amherst,8399c9b,6.87.0,141.105736,2.420013904571533,0.9731240272521973,295.0,120.0,1331416,633424
OrdinaryDiffEq,Solve-The-Lorenz-Equation,2024-08-09,1.10.4,jeb-kr-amherst,8399c9b,6.87.0,140.877078,2.51107120513916,0.9773919582366943,295.0,115.0,1397412,634208
OrdinaryDiffEq,Solve-The-Lorenz-Equation,2024-08-10,1.10.4,jeb-kr-amherst,8399c9b,6.87.0,142.12159,2.4674949645996094,0.9781110286712646,296.0,116.0,1356200,635248
OrdinaryDiffEq,Solve-The-Lorenz-Equation,2024-08-11,1.10.4,jeb-kr-amherst,8399c9b,6.87.0,141.712203,2.442365884780884,0.9701681137084961,296.0,119.0,1318768,634456
OrdinaryDiffEq,Solve-The-Lorenz-Equation,2024-08-12,1.10.4,jeb-kr-amherst,8399c9b,6.87.0,141.919565,2.458569049835205,0.972649097442627,298.0,116.0,1385348,635416
OrdinaryDiffEq,Solve-The-Lorenz-Equation,2024-08-13,1.10.4,jeb-kr-amherst,8399c9b,6.87.0,143.378933,2.5136971473693848,0.9863760471343994,299.0,118.0,1381464,634712
OrdinaryDiffEq,Solve-The-Lorenz-Equation,2024-08-14,1.10.4,jeb-kr-amherst,8399c9b,6.87.0,142.063067,2.465614080429077,0.9783530235290527,297.0,119.0,1431708,665196
OrdinaryDiffEq,Solve-The-Lorenz-Equation,2024-08-15,1.10.4,jeb-kr-amherst,8399c9b,6.87.0,142.885555,2.364959955215454,1.0841460227966309,298.0,119.0,1295784,666100
OrdinaryDiffEq,Solve-The-Lorenz-Equation,2024-08-16,1.10.4,jeb-kr-amherst,8399c9b,6.87.0,142.15237,2.466431140899658,0.9788179397583008,298.0,117.0,1316048,634956
OrdinaryDiffEq,Solve-The-Lorenz-Equation,2024-08-17,1.10.4,jeb-kr-amherst,8399c9b,6.87.0,142.543355,2.435098886489868,0.9901671409606934,298.0,120.0,1302736,636172
OrdinaryDiffEq,Solve-The-Lorenz-Equation,2024-08-18,1.10.4,jeb-kr-amherst,8399c9b,6.87.0,142.305926,2.4348998069763184,0.9868659973144531,297.0,120.0,1315120,634088
OrdinaryDiffEq,Solve-The-Lorenz-Equation,2024-08-19,1.10.4,jeb-kr-amherst,8399c9b,6.87.0,142.377841,2.455132007598877,0.9741058349609375,297.0,117.0,1329028,633636
OrdinaryDiffEq,Solve-The-Lorenz-Equation,2024-08-20,1.10.4,jeb-kr-amherst,8399c9b,6.87.0,142.075749,2.424376964569092,0.9735860824584961,298.0,120.0,1383372,633608
OrdinaryDiffEq,Solve-The-Lorenz-Equation,2024-08-21,1.10.4,jeb-kr-amherst,8399c9b,6.87.0,142.402248,2.4663891792297363,0.9655618667602539,296.0,118.0,1299004,634836
OrdinaryDiffEq,Solve-The-Lorenz-Equation,2024-08-22,1.10.4,jeb-kr-amherst,8399c9b,6.87.0,142.146755,2.444230079650879,0.9885890483856201,298.0,120.0,1378872,633664
OrdinaryDiffEq,Solve-The-Lorenz-Equation,2024-08-23,1.10.4,jeb-kr-amherst,8399c9b,6.87.0,142.732033,2.42317795753479,0.9716091156005859,295.0,118.0,1311156,633636
OrdinaryDiffEq,Solve-The-Lorenz-Equation,2024-08-24,1.10.4,jeb-kr-amherst,8399c9b,6.87.0,142.491452,2.438141107559204,0.9701809883117676,297.0,118.0,1351428,634212
OrdinaryDiffEq,Solve-The-Lorenz-Equation,2024-08-25,1.10.4,jeb-kr-amherst,8399c9b,6.88.1,177.378017,2.6741929054260254,0.31780314445495605,351.0,122.0,1313480,665144
OrdinaryDiffEq,Solve-The-Lorenz-Equation,2024-08-26,1.10.4,jeb-kr-amherst,8399c9b,6.88.1,177.871995,2.6480789184570312,0.322113037109375,351.0,122.0,1299656,662340
OrdinaryDiffEq,Solve-The-Lorenz-Equation,2024-08-27,1.10.4,jeb-kr-amherst,8399c9b,6.88.1,177.924628,2.6363208293914795,0.3228120803833008,351.0,122.0,1306656,663404
OrdinaryDiffEq,Solve-The-Lorenz-Equation,2024-08-28,1.10.4,jeb-kr-amherst,8399c9b,6.89.0,177.300801,2.634535074234009,0.3172638416290283,351.0,123.0,1358752,665532
OrdinaryDiffEq,Solve-The-Lorenz-Equation,2024-08-29,1.10.4,jeb-kr-amherst,8399c9b,6.89.0,179.664066,2.5804669857025146,0.2895371913909912,353.0,119.0,1297376,662856
OrdinaryDiffEq,Solve-The-Lorenz-Equation,2024-08-30,1.10.5,jeb-kr-amherst,8399c9b,6.89.0,175.776169,2.6458778381347656,0.2836639881134033,351.0,117.0,1364304,668560
OrdinaryDiffEq,Solve-The-Lorenz-Equation,2024-08-31,1.10.5,jeb-kr-amherst,8399c9b,6.89.0,175.419224,2.5352699756622314,0.28385305404663086,350.0,118.0,1315236,668616
OrdinaryDiffEq,Solve-The-Lorenz-Equation,2024-09-01,1.10.5,jeb-kr-amherst,8399c9b,6.89.0,175.522448,2.6579508781433105,0.3215000629425049,353.0,122.0,1330488,667672
OrdinaryDiffEq,Solve-The-Lorenz-Equation,2024-09-02,1.10.5,jeb-kr-amherst,8399c9b,6.89.0,176.106385,2.5315470695495605,0.23547101020812988,351.0,120.0,1327828,670784
OrdinaryDiffEq,Solve-The-Lorenz-Equation,2024-09-03,1.10.5,jeb-kr-amherst,8399c9b,6.89.0,177.316404,2.624706983566284,0.23476195335388184,351.0,117.0,1316404,669212
OrdinaryDiffEq,Solve-The-Lorenz-Equation,2024-09-04,1.10.5,jeb-kr-amherst,8399c9b,6.89.0,176.720763,2.7613370418548584,0.3199150562286377,351.0,119.0,1341380,667388
OrdinaryDiffEq,Solve-The-Lorenz-Equation,2024-09-05,1.10.5,jeb-kr-amherst,8399c9b,6.89.0,176.173371,2.6413838863372803,0.31928110122680664,350.0,123.0,1331280,667876
OrdinaryDiffEq,Solve-The-Lorenz-Equation,2024-09-06,1.10.5,jeb-kr-amherst,8399c9b,6.89.0,174.856365,2.62915301322937,0.24504995346069336,350.0,121.0,1330500,667500
OrdinaryDiffEq,Solve-The-Lorenz-Equation,2024-09-07,1.10.5,jeb-kr-amherst,8399c9b,6.89.0,175.767945,24.78174901008606,0.23973894119262695,343.0,102.0,1325164,665416
OrdinaryDiffEq,Solve-The-Lorenz-Equation,2024-09-08,1.10.5,jeb-kr-amherst,8399c9b,6.89.0,172.923771,2.6819119453430176,0.32332921028137207,353.0,122.0,1302028,666136
OrdinaryDiffEq,Solve-The-Lorenz-Equation,2024-09-09,1.10.5,jeb-kr-amherst,8399c9b,6.89.0,174.455586,2.6743290424346924,0.31794285774230957,354.0,118.0,1300892,668168
OrdinaryDiffEq,Solve-The-Lorenz-Equation,2024-09-10,1.10.5,jeb-kr-amherst,8399c9b,6.89.0,173.473343,2.673663854598999,0.3200061321258545,353.0,121.0,1340308,668152
OrdinaryDiffEq,Solve-The-Lorenz-Equation,2024-09-11,1.10.5,jeb-kr-amherst,8399c9b,6.89.0,172.589129,2.725940227508545,0.32350897789001465,353.0,120.0,1329860,668812
OrdinaryDiffEq,Solve-The-Lorenz-Equation,2024-09-12,1.10.5,jeb-kr-amherst,8399c9b,6.89.0,175.443443,2.7018368244171143,0.32283616065979004,352.0,118.0,1315684,667288
OrdinaryDiffEq,Solve-The-Lorenz-Equation,2024-09-13,1.10.5,jeb-kr-amherst,8399c9b,6.89.0,175.02546,2.6558728218078613,0.3199591636657715,352.0,122.0,1361960,666028
OrdinaryDiffEq,Solve-The-Lorenz-Equation,2024-09-14,1.10.5,jeb-kr-amherst,8399c9b,6.89.0,173.07689,2.6063990592956543,0.34946703910827637,352.0,116.0,1301568,690028
OrdinaryDiffEq,Solve-The-Lorenz-Equation,2024-09-15,1.10.5,jeb-kr-amherst,8399c9b,6.89.0,172.748332,2.6361610889434814,0.3178880214691162,352.0,118.0,1318532,662640
OrdinaryDiffEq,Solve-The-Lorenz-Equation,2024-09-16,1.10.5,jeb-kr-amherst,8399c9b,6.89.0,174.296746,2.618058204650879,0.3253359794616699,351.0,122.0,1306540,664032
OrdinaryDiffEq,Solve-The-Lorenz-Equation,2024-09-17,1.10.5,jeb-kr-amherst,8399c9b,6.89.0,173.749529,2.714916944503784,0.3190441131591797,352.0,121.0,1310292,663376
OrdinaryDiffEq,Solve-The-Lorenz-Equation,2024-09-18,1.10.5,jeb-kr-amherst,8399c9b,6.89.0,174.002053,2.5555379390716553,0.3448522090911865,352.0,117.0,1318896,692820
OrdinaryDiffEq,Solve-The-Lorenz-Equation,2024-09-19,1.10.5,jeb-kr-amherst,8399c9b,6.89.0,174.399441,2.6510050296783447,0.3199150562286377,353.0,118.0,1331332,664028
OrdinaryDiffEq,Solve-The-Lorenz-Equation,2024-09-20,1.10.5,jeb-kr-amherst,8399c9b,6.89.0,172.599148,2.671699047088623,0.3197147846221924,354.0,122.0,1304212,663360
OrdinaryDiffEq,Solve-The-Lorenz-Equation,2024-09-21,1.10.5,jeb-kr-amherst,8399c9b,6.89.0,172.372455,2.667863130569458,0.31732797622680664,352.0,118.0,1323728,665480
OrdinaryDiffEq,Solve-The-Lorenz-Equation,2024-09-22,1.10.5,jeb-kr-amherst,8399c9b,6.89.0,173.954863,2.5574820041656494,0.24933600425720215,354.0,114.0,1294636,695680
OrdinaryDiffEq,Solve-The-Lorenz-Equation,2024-09-23,1.10.5,jeb-kr-amherst,8399c9b,6.89.0,173.442022,2.544214963912964,0.24870705604553223,353.0,114.0,1303588,695304
OrdinaryDiffEq,Solve-The-Lorenz-Equation,2024-09-24,1.10.5,jeb-kr-amherst,8399c9b,6.89.0,170.417786,2.5213019847869873,0.2456040382385254,354.0,119.0,1320408,695632
OrdinaryDiffEq,Solve-The-Lorenz-Equation,2024-09-25,1.10.5,jeb-kr-amherst,8399c9b,6.89.0,173.609186,2.6076879501342773,0.34531593322753906,353.0,116.0,1320492,692424
OrdinaryDiffEq,Solve-The-Lorenz-Equation,2024-09-26,1.10.5,jeb-kr-amherst,8399c9b,6.89.0,173.961478,2.6671969890594482,0.3214230537414551,353.0,120.0,1299716,664044
OrdinaryDiffEq,Solve-The-Lorenz-Equation,2024-09-27,1.10.5,jeb-kr-amherst,8399c9b,6.89.0,175.349751,2.7003469467163086,0.3155679702758789,351.0,121.0,1354092,665348
OrdinaryDiffEq,Solve-The-Lorenz-Equation,2024-09-28,1.10.5,jeb-kr-amherst,8399c9b,6.89.0,174.049475,2.7123160362243652,0.24862098693847656,351.0,118.0,1313308,672884
OrdinaryDiffEq,Solve-The-Lorenz-Equation,2024-09-29,1.10.5,jeb-kr-amherst,8399c9b,6.89.0,176.153839,2.656890869140625,0.3175170421600342,351.0,119.0,1308916,664924
OrdinaryDiffEq,Solve-The-Lorenz-Equation,2024-09-30,1.10.5,jeb-kr-amherst,8399c9b,6.89.0,174.937887,2.717323064804077,0.24744200706481934,352.0,118.0,1316088,665688
OrdinaryDiffEq,Solve-The-Lorenz-Equation,2024-10-01,1.10.5,jeb-kr-amherst,8399c9b,6.89.0,174.421636,2.744168996810913,0.3178129196166992,350.0,120.0,1309464,665784
OrdinaryDiffEq,Solve-The-Lorenz-Equation,2024-10-02,1.10.5,jeb-kr-amherst,8399c9b,6.89.0,173.172361,2.6456298828125,0.3210749626159668,351.0,120.0,1338728,666712
OrdinaryDiffEq,Solve-The-Lorenz-Equation,2024-10-03,1.10.5,jeb-kr-amherst,8399c9b,6.89.0,174.268475,2.601331949234009,0.32178711891174316,352.0,123.0,1334892,666464
OrdinaryDiffEq,Solve-The-Lorenz-Equation,2024-10-04,1.10.5,jeb-kr-amherst,8399c9b,6.89.0,176.463822,2.653434991836548,0.31899595260620117,351.0,122.0,1316604,666024
OrdinaryDiffEq,Solve-The-Lorenz-Equation,2024-10-05,1.10.5,jeb-kr-amherst,8399c9b,6.89.0,180.466355,2.6502671241760254,0.2857489585876465,353.0,117.0,1290184,670704
OrdinaryDiffEq,Solve-The-Lorenz-Equation,2024-10-06,1.10.5,jeb-kr-amherst,8399c9b,6.89.0,178.008341,2.7385590076446533,0.31612610816955566,353.0,119.0,1287376,668984
OrdinaryDiffEq,Solve-The-Lorenz-Equation,2024-10-07,1.10.5,jeb-kr-amherst,8399c9b,6.89.0,178.480828,2.7316877841949463,0.3159980773925781,354.0,117.0,1315176,668776
OrdinaryDiffEq,Solve-The-Lorenz-Equation,2024-10-08,1.10.5,jeb-kr-amherst,8399c9b,6.89.0,177.583668,2.535435199737549,0.32016992568969727,354.0,119.0,1320600,729960
OrdinaryDiffEq,Solve-The-Lorenz-Equation,2024-10-09,1.10.5,jeb-kr-amherst,8399c9b,6.89.0,177.840677,2.7012150287628174,0.3226909637451172,355.0,118.0,1281428,666848
OrdinaryDiffEq,Solve-The-Lorenz-Equation,2024-10-10,1.11.0,jeb-kr-amherst,8399c9b,6.89.0,221.243754,3.2370378971099854,0.35245704650878906,326.0,117.0,2061460,828468
OrdinaryDiffEq,Solve-The-Lorenz-Equation,2024-10-11,1.11.0,jeb-kr-amherst,8399c9b,6.89.0,220.493527,3.369657039642334,0.3647041320800781,326.0,117.0,2027076,830576
OrdinaryDiffEq,Solve-The-Lorenz-Equation,2024-10-12,1.11.0,jeb-kr-amherst,8399c9b,6.89.0,220.371572,3.298966884613037,0.3586599826812744,325.0,119.0,2053224,829964
OrdinaryDiffEq,Solve-The-Lorenz-Equation,2024-10-13,1.11.0,jeb-kr-amherst,8399c9b,6.89.0,220.321362,3.2658917903900146,0.35279011726379395,327.0,119.0,2050720,829004
OrdinaryDiffEq,Solve-The-Lorenz-Equation,2024-10-14,1.11.0,jeb-kr-amherst,8399c9b,6.89.0,220.21815,3.2701117992401123,0.3561091423034668,327.0,116.0,2045608,832512
OrdinaryDiffEq,Solve-The-Lorenz-Equation,2024-10-15,1.11.0,jeb-kr-amherst,8399c9b,6.89.0,218.792383,3.208962917327881,0.35306596755981445,324.0,120.0,2048608,828968
OrdinaryDiffEq,Solve-The-Lorenz-Equation,2024-10-16,1.11.0,jeb-kr-amherst,8399c9b,6.89.0,219.897619,3.2336671352386475,0.35446596145629883,326.0,117.0,2046608,833436
OrdinaryDiffEq,Solve-The-Lorenz-Equation,2024-10-17,1.11.0,jeb-kr-amherst,8399c9b,6.89.0,220.822004,3.1991829872131348,0.35305118560791016,325.0,120.0,2051636,831408
OrdinaryDiffEq,Solve-The-Lorenz-Equation,2024-10-18,1.11.0,jeb-kr-amherst,8399c9b,6.89.0,218.585669,3.2376089096069336,0.3510730266571045,326.0,119.0,2047524,830512
OrdinaryDiffEq,Solve-The-Lorenz-Equation,2024-10-19,1.11.0,jeb-kr-amherst,8399c9b,6.89.0,218.846035,3.2187891006469727,0.30191493034362793,325.0,120.0,2043868,826860
OrdinaryDiffEq,Solve-The-Lorenz-Equation,2024-10-20,1.11.1,jeb-kr-amherst,8399c9b,6.89.0,210.9315,3.311167001724243,0.3535490036010742,328.0,114.0,2027972,822820
OrdinaryDiffEq,Solve-The-Lorenz-Equation,2024-10-21,1.11.1,jeb-kr-amherst,8399c9b,6.89.0,211.380666,3.2130441665649414,0.35062384605407715,328.0,117.0,2015968,822372
OrdinaryDiffEq,Solve-The-Lorenz-Equation,2024-10-22,1.11.1,jeb-kr-amherst,8399c9b,6.89.0,209.708595,3.224073886871338,0.34703516960144043,328.0,114.0,2030380,823072
OrdinaryDiffEq,Solve-The-Lorenz-Equation,2024-10-23,1.11.1,jeb-kr-amherst,8399c9b,6.89.0,209.241683,3.1856961250305176,0.346329927444458,329.0,115.0,2030756,822904
OrdinaryDiffEq,Solve-The-Lorenz-Equation,2024-10-24,1.11.1,jeb-kr-amherst,8399c9b,6.89.0,254.191339,4.555186033248901,0.4119291305541992,350.0,115.0,2035256,950936
OrdinaryDiffEq,Solve-The-Lorenz-Equation,2024-10-25,1.11.1,jeb-kr-amherst,8399c9b,6.89.0,254.027404,4.579182147979736,0.4117860794067383,350.0,115.0,2047936,953640
OrdinaryDiffEq,Solve-The-Lorenz-Equation,2024-10-26,1.11.1,jeb-kr-amherst,8399c9b,6.89.0,256.458848,4.488867998123169,0.40944600105285645,349.0,113.0,2035848,953596
OrdinaryDiffEq,Solve-The-Lorenz-Equation,2024-10-27,1.11.1,jeb-kr-amherst,8399c9b,6.89.0,254.250173,4.517273902893066,0.41008496284484863,350.0,113.0,2030780,951680
OrdinaryDiffEq,Solve-The-Lorenz-Equation,2024-10-28,1.11.1,jeb-kr-amherst,8399c9b,6.89.0,255.040092,4.591217994689941,0.4218118190765381,350.0,112.0,2046036,953972
OrdinaryDiffEq,Solve-The-Lorenz-Equation,2024-10-29,1.11.1,jeb-kr-amherst,8399c9b,6.89.0,254.240027,4.531919956207275,0.41405797004699707,350.0,113.0,2032504,952788
OrdinaryDiffEq,Solve-The-Lorenz-Equation,2024-10-30,1.11.1,jeb-kr-amherst,8399c9b,6.89.0,254.922523,4.530264139175415,0.41060400009155273,350.0,114.0,2034764,953300
OrdinaryDiffEq,Solve-The-Lorenz-Equation,2024-10-31,1.11.1,jeb-kr-amherst,8399c9b,6.89.0,254.922639,4.506269931793213,0.4067530632019043,349.0,115.0,2013620,953304
OrdinaryDiffEq,Solve-The-Lorenz-Equation,2024-11-01,1.11.1,jeb-kr-amherst,8399c9b,6.89.0,255.945262,4.471616983413696,0.4111809730529785,351.0,114.0,2047456,951928
OrdinaryDiffEq,Solve-The-Lorenz-Equation,2024-11-02,1.11.1,jeb-kr-amherst,8399c9b,6.89.0,253.832832,4.59137487411499,0.4110691547393799,351.0,112.0,2018064,950176
OrdinaryDiffEq,Solve-The-Lorenz-Equation,2024-11-03,1.11.1,jeb-kr-amherst,8399c9b,6.89.0,254.233828,4.6379311084747314,0.4180569648742676,349.0,112.0,2044120,950844
OrdinaryDiffEq,Solve-The-Lorenz-Equation,2024-11-04,1.11.1,jeb-kr-amherst,8399c9b,6.89.0,255.636759,4.601380825042725,0.4120810031890869,351.0,113.0,2012032,952616
OrdinaryDiffEq,Solve-The-Lorenz-Equation,2024-11-05,1.11.1,jeb-kr-amherst,8399c9b,6.89.0,254.165043,4.597591876983643,0.414186954498291,350.0,112.0,2034980,953432
OrdinaryDiffEq,Solve-The-Lorenz-Equation,2024-11-06,1.11.1,jeb-kr-amherst,8399c9b,6.89.0,254.345266,4.482713937759399,0.40846896171569824,350.0,115.0,2016104,950412
OrdinaryDiffEq,Solve-The-Lorenz-Equation,2024-11-07,1.11.1,jeb-kr-amherst,8399c9b,6.89.0,256.053179,4.597118139266968,0.4252948760986328,349.0,115.0,2044588,952904
OrdinaryDiffEq,Solve-The-Lorenz-Equation,2024-11-08,1.11.1,jeb-kr-amherst,8399c9b,6.89.0,254.219817,4.4671831130981445,0.409517765045166,350.0,112.0,2051412,951104
OrdinaryDiffEq,Solve-The-Lorenz-Equation,2024-11-09,1.11.1,jeb-kr-amherst,8399c9b,6.89.0,256.962132,4.486419916152954,0.4160141944885254,351.0,115.0,2046108,953644
OrdinaryDiffEq,Solve-The-Lorenz-Equation,2024-11-10,1.11.1,jeb-kr-amherst,8399c9b,6.89.0,253.807669,4.466956853866577,0.41242003440856934,350.0,115.0,2047936,953580
OrdinaryDiffEq,Solve-The-Lorenz-Equation,2024-11-11,1.11.1,jeb-kr-amherst,8399c9b,6.90.1,244.116787,4.859875917434692,0.3237781524658203,356.0,114.0,2015620,900936
OrdinaryDiffEq,Solve-The-Lorenz-Equation,2024-11-12,1.11.1,jeb-kr-amherst,8399c9b,6.90.1,245.969833,4.907364845275879,0.33185601234436035,355.0,114.0,2049712,900556
OrdinaryDiffEq,Solve-The-Lorenz-Equation,2024-11-13,1.11.1,jeb-kr-amherst,8399c9b,6.90.1,243.602432,4.818113803863525,0.331895112991333,356.0,114.0,2031968,900852
OrdinaryDiffEq,Solve-The-Lorenz-Equation,2024-11-14,1.11.1,jeb-kr-amherst,8399c9b,6.90.1,243.45771,4.936773061752319,0.3309059143066406,356.0,114.0,2046184,902896
OrdinaryDiffEq,Solve-The-Lorenz-Equation,2024-11-15,1.11.1,jeb-kr-amherst,8399c9b,6.90.1,245.516629,4.819950819015503,0.32604098320007324,356.0,114.0,2033668,901488
OrdinaryDiffEq,Solve-The-Lorenz-Equation,2024-11-16,1.11.1,jeb-kr-amherst,8399c9b,6.90.1,243.236063,4.9185791015625,0.32625603675842285,356.0,113.0,2048124,901468
OrdinaryDiffEq,Solve-The-Lorenz-Equation,2024-11-17,1.11.1,jeb-kr-amherst,8399c9b,6.90.1,200.150829,2.9545390605926514,0.300137996673584,331.0,118.0,2069476,778984
OrdinaryDiffEq,Solve-The-Lorenz-Equation,2024-11-18,1.11.1,jeb-kr-amherst,8399c9b,6.90.1,199.676549,3.0090389251708984,0.30423903465270996,332.0,114.0,2030952,781132
OrdinaryDiffEq,Solve-The-Lorenz-Equation,2024-11-19,1.11.1,jeb-kr-amherst,8399c9b,6.90.1,199.778331,3.0485072135925293,0.30646491050720215,332.0,118.0,2030108,783416
OrdinaryDiffEq,Solve-The-Lorenz-Equation,2024-11-20,1.11.1,jeb-kr-amherst,8399c9b,6.90.1,200.738539,3.011793851852417,0.3014800548553467,332.0,115.0,2034168,782960
OrdinaryDiffEq,Solve-The-Lorenz-Equation,2024-11-21,1.11.1,jeb-kr-amherst,8399c9b,6.90.1,200.143247,3.0573041439056396,0.3017849922180176,332.0,114.0,2036084,784408
OrdinaryDiffEq,Solve-The-Lorenz-Equation,2024-11-22,1.11.1,jeb-kr-amherst,8399c9b,6.90.1,210.794746,3.149103879928589,0.32478904724121094,332.0,115.0,2036436,781668
OrdinaryDiffEq,Solve-The-Lorenz-Equation,2024-11-23,1.11.1,jeb-kr-amherst,8399c9b,6.90.1,204.474173,3.0343289375305176,0.32065701484680176,330.0,116.0,2033312,781988
OrdinaryDiffEq,Solve-The-Lorenz-Equation,2024-11-24,1.11.1,jeb-kr-amherst,8399c9b,6.90.1,368.333643,3.528702974319458,0.3749730587005615,278.0,116.0,2072628,776824
OrdinaryDiffEq,Solve-The-Lorenz-Equation,2024-11-25,1.11.1,jeb-kr-amherst,8399c9b,6.90.1,425.29881,6.974178075790405,0.7460029125213623,263.0,104.0,2037184,774516
OrdinaryDiffEq,Solve-The-Lorenz-Equation,2024-11-26,1.11.1,jeb-kr-amherst,8399c9b,6.90.1,300.686541,3.401698112487793,0.36469483375549316,304.0,117.0,2037188,779036
OrdinaryDiffEq,Solve-The-Lorenz-Equation,2024-11-27,1.11.1,jeb-kr-amherst,8399c9b,6.90.1,439.963521,6.474658012390137,0.7400949001312256,238.0,106.0,2037604,773812
OrdinaryDiffEq,Solve-The-Lorenz-Equation,2024-11-28,1.11.1,jeb-kr-amherst,8399c9b,6.90.1,223.499052,3.4571950435638428,0.35831499099731445,327.0,117.0,2031816,776872
OrdinaryDiffEq,Solve-The-Lorenz-Equation,2024-11-29,1.11.1,jeb-kr-amherst,8399c9b,6.90.1,227.083498,3.4522011280059814,0.3561558723449707,327.0,116.0,2030796,778516
OrdinaryDiffEq,Solve-The-Lorenz-Equation,2024-11-30,1.11.1,jeb-kr-amherst,8399c9b,6.90.1,215.283088,3.0649499893188477,0.3001279830932617,328.0,118.0,2038472,786440
OrdinaryDiffEq,Solve-The-Lorenz-Equation,2024-12-01,1.11.1,jeb-kr-amherst,8399c9b,6.90.1,203.318007,3.0580530166625977,0.35368800163269043,323.0,118.0,2033864,791152
OrdinaryDiffEq,Solve-The-Lorenz-Equation,2024-12-02,1.11.1,jeb-kr-amherst,8399c9b,6.90.1,201.577523,3.0310990810394287,0.35015392303466797,333.0,118.0,2029288,791860
OrdinaryDiffEq,Solve-The-Lorenz-Equation,2024-12-03,1.11.1,jeb-kr-amherst,8399c9b,6.90.1,203.684416,3.02925705909729,0.35387706756591797,332.0,114.0,2045108,792420
OrdinaryDiffEq,Solve-The-Lorenz-Equation,2024-12-04,1.11.1,jeb-kr-amherst,8399c9b,6.90.1,204.566753,3.0693209171295166,0.35132503509521484,332.0,114.0,2033284,790112
OrdinaryDiffEq,Solve-The-Lorenz-Equation,2024-12-05,1.11.1,jeb-kr-amherst,8399c9b,6.90.1,202.464397,3.040311098098755,0.3547639846801758,332.0,118.0,2045040,792080
OrdinaryDiffEq,Solve-The-Lorenz-Equation,2024-12-06,1.11.1,jeb-kr-amherst,8399c9b,6.90.1,203.95464,3.1668310165405273,0.3682270050048828,331.0,114.0,2049244,792972
OrdinaryDiffEq,Solve-The-Lorenz-Equation,2024-12-07,1.11.1,jeb-kr-amherst,8399c9b,6.90.1,204.063027,3.0607919692993164,0.3567190170288086,331.0,118.0,2033716,792636
OrdinaryDiffEq,Solve-The-Lorenz-Equation,2024-12-08,1.11.1,jeb-kr-amherst,8399c9b,6.90.1,204.813056,3.0649399757385254,0.3532118797302246,331.0,115.0,2047640,792656
OrdinaryDiffEq,Solve-The-Lorenz-Equation,2024-12-09,1.11.1,jeb-kr-amherst,8399c9b,6.90.1,202.686633,3.03727388381958,0.355849027633667,332.0,118.0,2035092,791976
OrdinaryDiffEq,Solve-The-Lorenz-Equation,2024-12-10,1.11.2,jeb-kr-amherst,8399c9b,6.90.1,253.062347,4.24012303352356,0.5175180435180664,309.0,112.0,2030460,786368
OrdinaryDiffEq,Solve-The-Lorenz-Equation,2024-12-11,1.11.2,jeb-kr-amherst,8399c9b,6.90.1,207.118198,3.1399688720703125,0.30551815032958984,333.0,117.0,2026244,785080
OrdinaryDiffEq,Solve-The-Lorenz-Equation,2024-12-12,1.11.2,jeb-kr-amherst,8399c9b,6.90.1,206.990506,3.1427388191223145,0.307354211807251,336.0,117.0,2031088,784708
OrdinaryDiffEq,Solve-The-Lorenz-Equation,2024-12-13,1.11.2,jeb-kr-amherst,8399c9b,6.90.1,206.954985,3.1806747913360596,0.30326414108276367,337.0,116.0,2034536,786336
OrdinaryDiffEq,Solve-The-Lorenz-Equation,2024-12-14,1.11.2,jeb-kr-amherst,8399c9b,6.90.1,207.48815,3.1313109397888184,0.3072950839996338,337.0,114.0,2032224,784616
OrdinaryDiffEq,Solve-The-Lorenz-Equation,2024-12-15,1.11.2,jeb-kr-amherst,8399c9b,6.90.1,206.023812,3.1575140953063965,0.40164709091186523,338.0,116.0,2031580,793464
OrdinaryDiffEq,Solve-The-Lorenz-Equation,2024-12-16,1.11.2,jeb-kr-amherst,8399c9b,6.90.1,205.814897,3.1754350662231445,0.40573787689208984,338.0,118.0,2026700,794460
OrdinaryDiffEq,Solve-The-Lorenz-Equation,2024-12-17,1.11.2,jeb-kr-amherst,8399c9b,6.90.1,214.107749,233.16277480125427,0.3051900863647461,325.0,104.0,2030212,776048
OrdinaryDiffEq,Solve-The-Lorenz-Equation,2024-12-18,1.11.2,jeb-kr-amherst,8399c9b,6.90.1,207.227084,3.1696088314056396,0.40299510955810547,338.0,116.0,2028208,793336
OrdinaryDiffEq,Solve-The-Lorenz-Equation,2024-12-19,1.11.2,jeb-kr-amherst,8399c9b,6.90.1,206.509532,3.1537020206451416,0.40425801277160645,338.0,118.0,2025188,792484
OrdinaryDiffEq,Solve-The-Lorenz-Equation,2024-12-20,1.11.2,jeb-kr-amherst,8399c9b,6.90.1,209.087147,3.170975923538208,0.40317392349243164,338.0,115.0,2032016,792692
OrdinaryDiffEq,Solve-The-Lorenz-Equation,2024-12-22,1.11.2,jeb-kr-amherst,8399c9b,6.90.1,209.728173,3.2230989933013916,0.40885090827941895,343.0,119.0,2032052,815176
OrdinaryDiffEq,Solve-The-Lorenz-Equation,2024-12-23,1.11.2,jeb-kr-amherst,8399c9b,6.90.1,209.687954,3.2394630908966064,0.41300296783447266,344.0,119.0,2014344,814196
OrdinaryDiffEq,Solve-The-Lorenz-Equation,2024-12-24,1.11.2,jeb-kr-amherst,8399c9b,6.90.1,210.076239,3.3204050064086914,0.4142911434173584,345.0,115.0,2031468,816144
OrdinaryDiffEq,Solve-The-Lorenz-Equation,2024-12-25,1.11.2,jeb-kr-amherst,8399c9b,6.90.1,210.166764,3.2655351161956787,0.408405065536499,344.0,115.0,2033640,816492
OrdinaryDiffEq,Solve-The-Lorenz-Equation,2024-12-26,1.11.2,jeb-kr-amherst,8399c9b,6.90.1,210.988613,3.2502849102020264,0.4120790958404541,344.0,115.0,2008136,816868
OrdinaryDiffEq,Solve-The-Lorenz-Equation,2024-12-27,1.11.2,jeb-kr-amherst,8399c9b,6.90.1,477.571055,7.325127124786377,0.79653000831604,244.0,104.0,2037868,815068
OrdinaryDiffEq,Solve-The-Lorenz-Equation,2024-12-28,1.11.2,jeb-kr-amherst,8399c9b,6.90.1,409.584182,6.254420042037964,0.6283948421478271,266.0,104.0,2026092,813044
OrdinaryDiffEq,Solve-The-Lorenz-Equation,2024-12-29,1.11.2,jeb-kr-amherst,8399c9b,6.90.1,254.559501,3.8165111541748047,0.3810420036315918,337.0,115.0,2030576,821416
OrdinaryDiffEq,Solve-The-Lorenz-Equation,2024-12-30,1.11.2,jeb-kr-amherst,8399c9b,6.90.1,231.226821,3.848994016647339,0.38645410537719727,338.0,112.0,2039736,818900
OrdinaryDiffEq,Solve-The-Lorenz-Equation,2024-12-31,1.11.2,jeb-kr-amherst,8399c9b,6.90.1,222.836442,3.4744930267333984,0.45764803886413574,339.0,118.0,2040676,816644
OrdinaryDiffEq,Solve-The-Lorenz-Equation,2025-01-01,1.11.2,jeb-kr-amherst,8399c9b,6.90.1,213.144333,3.4762449264526367,0.4221460819244385,341.0,118.0,2041696,814504
OrdinaryDiffEq,Solve-The-Lorenz-Equation,2025-01-02,1.11.2,jeb-kr-amherst,8399c9b,6.90.1,210.324142,3.269864082336426,0.41211700439453125,342.0,118.0,2020648,816724
OrdinaryDiffEq,Solve-The-Lorenz-Equation,2025-01-03,1.11.2,jeb-kr-amherst,8399c9b,6.90.1,208.25064,3.243316173553467,0.41107702255249023,342.0,119.0,2034820,813976
OrdinaryDiffEq,Solve-The-Lorenz-Equation,2025-01-04,1.11.2,jeb-kr-amherst,8399c9b,6.90.1,210.918826,3.2522408962249756,0.41122007369995117,343.0,115.0,2026360,817252
OrdinaryDiffEq,Solve-The-Lorenz-Equation,2025-01-05,1.11.2,jeb-kr-amherst,8399c9b,6.90.1,212.033612,3.308259963989258,0.4176821708679199,343.0,118.0,2039180,815404
OrdinaryDiffEq,Solve-The-Lorenz-Equation,2025-01-06,1.11.2,jeb-kr-amherst,8399c9b,6.90.1,210.627936,3.254547119140625,0.4138519763946533,344.0,118.0,2030392,817104
OrdinaryDiffEq,Solve-The-Lorenz-Equation,2025-01-07,1.11.2,jeb-kr-amherst,8399c9b,6.90.1,210.830066,3.2481181621551514,0.41039586067199707,344.0,115.0,2030240,815496
OrdinaryDiffEq,Solve-The-Lorenz-Equation,2025-01-08,1.11.2,jeb-kr-amherst,8399c9b,6.90.1,210.662366,3.2586021423339844,0.4120218753814697,344.0,115.0,2011296,817948
OrdinaryDiffEq,Solve-The-Lorenz-Equation,2025-01-09,1.11.2,jeb-kr-amherst,8399c9b,6.90.1,210.477123,3.2315940856933594,0.4140150547027588,345.0,119.0,2029624,815680
OrdinaryDiffEq,Solve-The-Lorenz-Equation,2025-01-10,1.11.2,jeb-kr-amherst,8399c9b,6.90.1,209.353358,3.247875928878784,0.4116489887237549,342.0,119.0,2032448,815112
OrdinaryDiffEq,Solve-The-Lorenz-Equation,2025-01-11,1.11.2,jeb-kr-amherst,8399c9b,6.90.1,210.880022,3.2591819763183594,0.4121408462524414,343.0,115.0,2024820,816052
OrdinaryDiffEq,Solve-The-Lorenz-Equation,2025-01-12,1.11.2,jeb-kr-amherst,8399c9b,6.90.1,209.825869,3.2465479373931885,0.4160189628601074,343.0,119.0,2012788,816200
OrdinaryDiffEq,Solve-The-Lorenz-Equation,2025-01-13,1.11.2,jeb-kr-amherst,8399c9b,6.90.1,211.601422,3.241729974746704,0.41077399253845215,344.0,119.0,2031832,816868
OrdinaryDiffEq,Solve-The-Lorenz-Equation,2025-01-14,1.11.2,jeb-kr-amherst,8399c9b,6.90.1,205.990956,3.2480289936065674,0.41001296043395996,343.0,119.0,2028868,817144
OrdinaryDiffEq,Solve-The-Lorenz-Equation,2025-01-15,1.11.2,jeb-kr-amherst,8399c9b,6.90.1,210.48734,3.2249069213867188,0.41224193572998047,344.0,119.0,2033932,814232
OrdinaryDiffEq,Solve-The-Lorenz-Equation,2025-01-16,1.11.2,jeb-kr-amherst,8399c9b,6.90.1,210.520632,3.3013551235198975,0.4153149127960205,342.0,115.0,2030816,815328
OrdinaryDiffEq,Solve-The-Lorenz-Equation,2025-01-17,1.11.2,jeb-kr-amherst,8399c9b,6.90.1,210.184344,3.23061203956604,0.4133150577545166,344.0,119.0,2032624,817772
OrdinaryDiffEq,Solve-The-Lorenz-Equation,2025-01-18,1.11.2,jeb-kr-amherst,8399c9b,6.90.1,211.679556,3.255457878112793,0.41075706481933594,343.0,115.0,2030908,816480
OrdinaryDiffEq,Solve-The-Lorenz-Equation,2025-01-19,1.11.2,jeb-kr-amherst,8399c9b,6.90.1,210.578046,3.377492904663086,0.4118659496307373,343.0,115.0,2034868,816904
OrdinaryDiffEq,Solve-The-Lorenz-Equation,2025-01-20,1.11.2,jeb-kr-amherst,8399c9b,6.90.1,212.574733,3.326580047607422,0.4188508987426758,336.0,117.0,2050808,815096
OrdinaryDiffEq,Solve-The-Lorenz-Equation,2025-01-21,1.11.2,jeb-kr-amherst,8399c9b,6.90.1,211.241124,3.2657251358032227,0.4114079475402832,343.0,115.0,2033324,816024
OrdinaryDiffEq,Solve-The-Lorenz-Equation,2025-01-22,1.11.2,jeb-kr-amherst,8399c9b,6.90.1,209.715909,3.29072904586792,0.41277313232421875,344.0,118.0,2028256,816536
OrdinaryDiffEq,Solve-The-Lorenz-Equation,2025-01-23,1.11.2,jeb-kr-amherst,8399c9b,6.90.1,208.666504,3.2539830207824707,0.4143788814544678,343.0,115.0,2016128,817180
OrdinaryDiffEq,Solve-The-Lorenz-Equation,2025-01-25,1.11.2,jeb-kr-amherst,8399c9b,6.90.1,208.901176,3.2543489933013916,0.41266798973083496,342.0,119.0,2029244,817884
OrdinaryDiffEq,Solve-The-Lorenz-Equation,2025-01-26,1.11.2,jeb-kr-amherst,8399c9b,6.90.1,211.265974,3.27775502204895,0.412067174911499,342.0,117.0,2016052,818104
OrdinaryDiffEq,Solve-The-Lorenz-Equation,2025-01-27,1.11.2,jeb-kr-amherst,8399c9b,6.90.1,206.945139,3.2527148723602295,0.4131760597229004,343.0,119.0,2031320,818720
OrdinaryDiffEq,Solve-The-Lorenz-Equation,2025-01-28,1.11.2,jeb-kr-amherst,8399c9b,6.90.1,210.097839,3.237070083618164,0.4135270118713379,343.0,119.0,2034548,818140
OrdinaryDiffEq,Solve-The-Lorenz-Equation,2025-01-29,1.11.2,jeb-kr-amherst,8399c9b,6.90.1,211.340599,3.3541100025177,0.38217592239379883,344.0,113.0,2024896,807716
OrdinaryDiffEq,Solve-The-Lorenz-Equation,2025-01-30,1.11.3,jeb-kr-amherst,8399c9b,6.90.1,211.233229,3.1283130645751953,0.38055896759033203,343.0,115.0,2017012,718732
OrdinaryDiffEq,Solve-The-Lorenz-Equation,2025-01-31,1.11.3,jeb-kr-amherst,8399c9b,6.90.1,209.994306,3.164705991744995,0.38208913803100586,343.0,114.0,2025412,718748
OrdinaryDiffEq,Solve-The-Lorenz-Equation,2025-02-01,1.11.3,jeb-kr-amherst,8399c9b,6.90.1,210.453308,3.0876550674438477,0.3797891139984131,344.0,118.0,2026276,719208
OrdinaryDiffEq,Solve-The-Lorenz-Equation,2025-02-02,1.11.3,jeb-kr-amherst,8399c9b,6.90.1,211.16635,3.087899923324585,0.38332104682922363,344.0,118.0,2015504,719896
OrdinaryDiffEq,Solve-The-Lorenz-Equation,2025-02-03,1.11.3,jeb-kr-amherst,8399c9b,6.90.1,208.283672,3.112959146499634,0.3853888511657715,344.0,114.0,2013112,719528
OrdinaryDiffEq,Solve-The-Lorenz-Equation,2025-02-04,1.11.3,jeb-kr-amherst,8399c9b,6.90.1,209.134738,3.10703706741333,0.37985801696777344,344.0,114.0,2026296,719952
OrdinaryDiffEq,Solve-The-Lorenz-Equation,2025-02-05,1.11.3,jeb-kr-amherst,8399c9b,6.90.1,210.939371,3.1015491485595703,0.3794388771057129,344.0,114.0,2019052,718888
OrdinaryDiffEq,Solve-The-Lorenz-Equation,2025-02-06,1.11.3,jeb-kr-amherst,8399c9b,6.91.0,208.717008,3.096151113510132,0.3804209232330322,343.0,117.0,2022516,719272
OrdinaryDiffEq,Solve-The-Lorenz-Equation,2025-02-07,1.11.3,jeb-kr-amherst,8399c9b,6.91.0,209.690552,3.070369005203247,0.38117098808288574,342.0,118.0,2023412,719272
OrdinaryDiffEq,Solve-The-Lorenz-Equation,2025-02-08,1.11.3,jeb-kr-amherst,8399c9b,6.91.0,208.181232,3.101823091506958,0.37923693656921387,344.0,114.0,2024056,720216
OrdinaryDiffEq,Solve-The-Lorenz-Equation,2025-02-09,1.11.3,jeb-kr-amherst,8399c9b,6.91.0,208.7104,3.1084818840026855,0.38058018684387207,344.0,117.0,2035680,719676
OrdinaryDiffEq,Solve-The-Lorenz-Equation,2025-02-10,1.11.3,jeb-kr-amherst,8399c9b,6.91.0,221.593944,3.1839048862457275,1.0927720069885254,339.0,117.0,2031260,766348
OrdinaryDiffEq,Solve-The-Lorenz-Equation,2025-02-11,1.11.3,jeb-kr-amherst,8399c9b,6.91.0,207.339584,3.1106910705566406,1.0130350589752197,343.0,117.0,2022452,778032
OrdinaryDiffEq,Solve-The-Lorenz-Equation,2025-02-12,1.11.3,jeb-kr-amherst,8399c9b,6.91.0,209.438304,3.114548921585083,1.0639009475708008,343.0,114.0,2018980,768316
OrdinaryDiffEq,Solve-The-Lorenz-Equation,2025-02-13,1.11.3,jeb-kr-amherst,8399c9b,6.91.0,208.100118,3.0897090435028076,1.0660099983215332,343.0,117.0,2020236,767904
OrdinaryDiffEq,Solve-The-Lorenz-Equation,2025-02-14,1.11.3,jeb-kr-amherst,8399c9b,6.91.0,180.736351,2.6736888885498047,1.0014581680297852,342.0,116.0,2016260,720296
OrdinaryDiffEq,Solve-The-Lorenz-Equation,2025-02-15,1.11.3,jeb-kr-amherst,8399c9b,6.91.0,180.706841,2.6514909267425537,0.9970319271087646,342.0,117.0,2025476,719752
OrdinaryDiffEq,Solve-The-Lorenz-Equation,2025-02-16,1.11.3,jeb-kr-amherst,8399c9b,6.91.0,179.664658,2.6600589752197266,0.9991350173950195,342.0,113.0,2022776,720956
OrdinaryDiffEq,Solve-The-Lorenz-Equation,2025-02-17,1.11.3,jeb-kr-amherst,8399c9b,6.91.0,180.367151,2.632431983947754,0.986720085144043,343.0,114.0,2034168,721988
OrdinaryDiffEq,Solve-The-Lorenz-Equation,2025-02-18,1.11.3,jeb-kr-amherst,8399c9b,6.91.0,178.785312,2.6748440265655518,0.9879069328308105,345.0,115.0,2003296,720504
OrdinaryDiffEq,Solve-The-Lorenz-Equation,2025-02-19,1.11.3,jeb-kr-amherst,8399c9b,6.91.0,180.224096,2.6652369499206543,0.9923689365386963,345.0,117.0,2020256,720312
OrdinaryDiffEq,Solve-The-Lorenz-Equation,2025-02-20,1.11.3,jeb-kr-amherst,8399c9b,6.91.0,275.688374,3.141909122467041,1.2144489288330078,291.0,115.0,2035516,721120
OrdinaryDiffEq,Solve-The-Lorenz-Equation,2025-02-21,1.11.3,jeb-kr-amherst,8399c9b,6.91.0,180.191086,2.684965133666992,0.9897680282592773,343.0,118.0,2016848,721220
OrdinaryDiffEq,Solve-The-Lorenz-Equation,2025-02-22,1.11.3,jeb-kr-amherst,8399c9b,6.91.0,172.881315,2.6276400089263916,0.9872009754180908,349.0,114.0,2022492,712212
OrdinaryDiffEq,Solve-The-Lorenz-Equation,2025-02-23,1.11.3,jeb-kr-amherst,8399c9b,6.91.0,175.262959,2.668581008911133,1.0199439525604248,348.0,117.0,2032472,712296
OrdinaryDiffEq,Solve-The-Lorenz-Equation,2025-02-24,1.11.3,jeb-kr-amherst,8399c9b,6.91.0,173.425393,2.592552900314331,0.9882981777191162,349.0,117.0,2023648,712352
OrdinaryDiffEq,Solve-The-Lorenz-Equation,2025-02-25,1.11.3,jeb-kr-amherst,8399c9b,6.91.0,172.565253,2.6057450771331787,0.9876279830932617,348.0,114.0,2020572,713736
OrdinaryDiffEq,Solve-The-Lorenz-Equation,2025-02-26,1.11.3,jeb-kr-amherst,8399c9b,6.91.0,173.958579,2.584357976913452,0.9838120937347412,349.0,117.0,2022236,714792
OrdinaryDiffEq,Solve-The-Lorenz-Equation,2025-02-27,1.11.3,jeb-kr-amherst,8399c9b,6.91.0,174.752441,2.6173508167266846,0.9870882034301758,348.0,117.0,2005236,714256
OrdinaryDiffEq,Solve-The-Lorenz-Equation,2025-02-28,1.11.3,jeb-kr-amherst,8399c9b,6.91.0,173.357909,2.644523859024048,0.9951980113983154,349.0,115.0,2021768,712560
OrdinaryDiffEq,Solve-The-Lorenz-Equation,2025-03-01,1.11.3,jeb-kr-amherst,8399c9b,6.91.0,174.875577,2.5940070152282715,0.9897568225860596,349.0,117.0,2013836,713192
OrdinaryDiffEq,Solve-The-Lorenz-Equation,2025-03-02,1.11.3,jeb-kr-amherst,8399c9b,6.91.0,172.862782,2.651479959487915,0.9814929962158203,349.0,114.0,2027688,713232
OrdinaryDiffEq,Solve-The-Lorenz-Equation,2025-03-03,1.11.3,jeb-kr-amherst,8399c9b,6.91.0,174.456206,2.6672890186309814,0.9928231239318848,348.0,117.0,2025420,713224
OrdinaryDiffEq,Solve-The-Lorenz-Equation,2025-03-04,1.11.3,jeb-kr-amherst,8399c9b,6.91.0,173.354602,2.6501989364624023,0.9844739437103271,348.0,116.0,2020904,714100
OrdinaryDiffEq,Solve-The-Lorenz-Equation,2025-03-05,1.11.3,jeb-kr-amherst,8399c9b,6.91.0,173.084832,2.6165900230407715,0.9869918823242188,347.0,116.0,2014984,712556
OrdinaryDiffEq,Solve-The-Lorenz-Equation,2025-03-06,1.11.3,jeb-kr-amherst,8399c9b,6.92.0,173.483419,2.593656063079834,0.9885828495025635,349.0,116.0,2012084,712816
OrdinaryDiffEq,Solve-The-Lorenz-Equation,2025-03-07,1.11.3,jeb-kr-amherst,8399c9b,6.92.0,173.410169,2.603950023651123,0.9924211502075195,348.0,115.0,2022068,712608
OrdinaryDiffEq,Solve-The-Lorenz-Equation,2025-03-08,1.11.3,jeb-kr-amherst,8399c9b,6.92.0,172.578619,2.634722948074341,0.9785110950469971,350.0,114.0,2024768,712840
OrdinaryDiffEq,Solve-The-Lorenz-Equation,2025-03-09,1.11.3,jeb-kr-amherst,8399c9b,6.92.0,172.973922,2.577526092529297,0.9821019172668457,349.0,117.0,2020044,712524
OrdinaryDiffEq,Solve-The-Lorenz-Equation,2025-03-10,1.11.3,jeb-kr-amherst,8399c9b,6.92.0,172.579799,2.613204002380371,0.9895288944244385,349.0,114.0,2023744,713260
OrdinaryDiffEq,Solve-The-Lorenz-Equation,2025-03-11,1.11.3,jeb-kr-amherst,8399c9b,6.92.0,173.416771,2.580580949783325,0.9861640930175781,348.0,117.0,2023436,713096
OrdinaryDiffEq,Solve-The-Lorenz-Equation,2025-03-12,1.11.3,jeb-kr-amherst,8399c9b,6.92.0,173.596514,2.622980833053589,0.9943051338195801,349.0,114.0,2024940,713276
OrdinaryDiffEq,Solve-The-Lorenz-Equation,2025-03-13,1.11.3,jeb-kr-amherst,8399c9b,6.92.0,174.539012,2.6345441341400146,0.9854578971862793,349.0,113.0,2030748,713704
OrdinaryDiffEq,Solve-The-Lorenz-Equation,2025-03-14,1.11.3,jeb-kr-amherst,8399c9b,6.92.0,174.352854,2.630558967590332,0.9891939163208008,349.0,116.0,2037076,713660
OrdinaryDiffEq,Solve-The-Lorenz-Equation,2025-03-15,1.11.3,jeb-kr-amherst,8399c9b,6.92.0,174.063563,2.6439249515533447,0.9847280979156494,347.0,114.0,2031460,712692
OrdinaryDiffEq,Solve-The-Lorenz-Equation,2025-03-16,1.11.3,jeb-kr-amherst,8399c9b,6.92.0,173.002161,2.6527910232543945,0.9860179424285889,350.0,116.0,2023528,713076
OrdinaryDiffEq,Solve-The-Lorenz-Equation,2025-03-17,1.11.3,jeb-kr-amherst,8399c9b,6.92.0,172.211358,2.579267978668213,1.0054669380187988,350.0,117.0,2021360,713684
OrdinaryDiffEq,Solve-The-Lorenz-Equation,2025-03-18,1.11.3,jeb-kr-amherst,8399c9b,6.92.0,297.428218,5.612133026123047,2.210041046142578,284.0,107.0,2022136,714564
OrdinaryDiffEq,Solve-The-Lorenz-Equation,2025-03-19,1.11.3,jeb-kr-amherst,8399c9b,6.92.0,371.725609,5.876783132553101,2.219007968902588,239.0,104.0,2023544,714920
OrdinaryDiffEq,Solve-The-Lorenz-Equation,2025-03-20,1.11.4,jeb-kr-amherst,8399c9b,6.92.0,178.440367,2.846004009246826,1.0034348964691162,344.0,113.0,2027688,706248
OrdinaryDiffEq,Solve-The-Lorenz-Equation,2025-03-21,1.11.4,jeb-kr-amherst,8399c9b,6.92.0,224.766183,4.169514179229736,1.6915459632873535,317.0,106.0,2035068,706048
OrdinaryDiffEq,Solve-The-Lorenz-Equation,2025-03-22,1.11.4,jeb-kr-amherst,8399c9b,6.92.0,191.711693,2.9362339973449707,1.0950689315795898,341.0,116.0,2020552,705856
OrdinaryDiffEq,Solve-The-Lorenz-Equation,2025-03-23,1.11.4,jeb-kr-amherst,8399c9b,6.92.0,192.47371,3.022381067276001,1.0954971313476562,342.0,112.0,2029912,706388
OrdinaryDiffEq,Solve-The-Lorenz-Equation,2025-03-24,1.11.4,jeb-kr-amherst,8399c9b,6.93.0,174.833039,2.7765588760375977,0.9634850025177002,347.0,113.0,2023772,708560
OrdinaryDiffEq,Solve-The-Lorenz-Equation,2025-03-25,1.11.4,jeb-kr-amherst,8399c9b,6.93.0,175.730362,2.6522440910339355,0.9513368606567383,348.0,114.0,2028928,709272
OrdinaryDiffEq,Solve-The-Lorenz-Equation,2025-03-26,1.11.4,jeb-kr-amherst,8399c9b,6.93.0,172.820909,2.665005922317505,0.9563848972320557,349.0,117.0,2023492,708960
OrdinaryDiffEq,Solve-The-Lorenz-Equation,2025-03-27,1.11.4,jeb-kr-amherst,8399c9b,6.93.0,172.809723,2.6517069339752197,0.956942081451416,349.0,117.0,2016936,710560
OrdinaryDiffEq,Solve-The-Lorenz-Equation,2025-03-28,1.11.4,jeb-kr-amherst,8399c9b,6.93.0,173.001972,2.7304930686950684,0.9612360000610352,348.0,115.0,2028264,708088
OrdinaryDiffEq,Solve-The-Lorenz-Equation,2025-03-29,1.11.4,jeb-kr-amherst,8399c9b,6.93.0,172.94285,2.683044910430908,0.9637601375579834,348.0,113.0,2021836,709912
OrdinaryDiffEq,Solve-The-Lorenz-Equation,2025-03-30,1.11.4,jeb-kr-amherst,8399c9b,6.93.0,173.912992,2.662774085998535,0.954002857208252,348.0,114.0,2023360,710976
OrdinaryDiffEq,Solve-The-Lorenz-Equation,2025-03-31,1.11.4,jeb-kr-amherst,8399c9b,6.93.0,172.572394,2.6500589847564697,0.9639761447906494,348.0,117.0,2033896,709204
OrdinaryDiffEq,Solve-The-Lorenz-Equation,2025-04-01,1.11.4,jeb-kr-amherst,8399c9b,6.93.0,172.301058,2.6597321033477783,0.9558730125427246,349.0,115.0,2018348,708952
OrdinaryDiffEq,Solve-The-Lorenz-Equation,2025-04-02,1.11.4,jeb-kr-amherst,8399c9b,6.93.0,171.935768,2.6443159580230713,0.9660000801086426,350.0,116.0,2026100,695928
OrdinaryDiffEq,Solve-The-Lorenz-Equation,2025-04-03,1.11.4,jeb-kr-amherst,8399c9b,6.93.0,171.968221,2.6125640869140625,0.9625289440155029,348.0,117.0,2035772,709268
OrdinaryDiffEq,Solve-The-Lorenz-Equation,2025-04-04,1.11.4,jeb-kr-amherst,8399c9b,6.93.0,171.939163,2.6754190921783447,0.9545419216156006,349.0,115.0,2032752,710440
OrdinaryDiffEq,Solve-The-Lorenz-Equation,2025-04-05,1.11.4,jeb-kr-amherst,8399c9b,6.93.0,172.332359,2.6472718715667725,0.9559750556945801,349.0,116.0,2023728,709336
OrdinaryDiffEq,Solve-The-Lorenz-Equation,2025-04-06,1.11.4,jeb-kr-amherst,8399c9b,6.93.0,172.035661,2.685823917388916,0.9678330421447754,349.0,114.0,2019844,695820
OrdinaryDiffEq,Solve-The-Lorenz-Equation,2025-04-07,1.11.4,jeb-kr-amherst,8399c9b,6.93.0,171.526376,2.642888069152832,0.9687068462371826,350.0,114.0,2012508,693740
OrdinaryDiffEq,Solve-The-Lorenz-Equation,2025-04-08,1.11.4,jeb-kr-amherst,8399c9b,6.93.0,172.502944,2.6176018714904785,0.9686510562896729,350.0,117.0,2026200,694416
OrdinaryDiffEq,Solve-The-Lorenz-Equation,2025-04-09,1.11.4,jeb-kr-amherst,8399c9b,6.93.0,171.99504,2.6131229400634766,0.9662139415740967,350.0,117.0,2025476,694708
OrdinaryDiffEq,Solve-The-Lorenz-Equation,2025-04-10,1.11.4,jeb-kr-amherst,8399c9b,6.93.0,172.012394,2.6273369789123535,0.941303014755249,348.0,117.0,2014836,694952
OrdinaryDiffEq,Solve-The-Lorenz-Equation,2025-04-11,1.11.4,jeb-kr-amherst,8399c9b,6.93.0,183.912738,2.763033151626587,0.9675707817077637,345.0,115.0,2023200,724044
OrdinaryDiffEq,Solve-The-Lorenz-Equation,2025-04-12,1.11.4,jeb-kr-amherst,8399c9b,6.93.0,185.491062,2.7331740856170654,1.0326530933380127,346.0,115.0,2026112,720248
OrdinaryDiffEq,Solve-The-Lorenz-Equation,2025-04-13,1.11.4,jeb-kr-amherst,8399c9b,6.93.0,340.291893,4.086647033691406,1.8198659420013428,280.0,109.0,2036660,717680
OrdinaryDiffEq,Solve-The-Lorenz-Equation,2025-04-14,1.11.4,jeb-kr-amherst,8399c9b,6.93.0,184.659077,2.7729570865631104,0.9991819858551025,343.0,117.0,2026824,722520
OrdinaryDiffEq,Solve-The-Lorenz-Equation,2025-04-15,1.11.4,jeb-kr-amherst,8399c9b,6.93.0,185.463344,2.8086509704589844,0.9947268962860107,343.0,113.0,2023652,723284
OrdinaryDiffEq,Solve-The-Lorenz-Equation,2025-04-16,1.11.4,jeb-kr-amherst,8399c9b,6.93.0,185.746875,2.7477149963378906,0.9592080116271973,346.0,116.0,2005508,726756
OrdinaryDiffEq,Solve-The-Lorenz-Equation,2025-04-17,1.11.4,jeb-kr-amherst,8399c9b,6.93.0,186.206824,2.7325809001922607,0.9627881050109863,346.0,117.0,2022352,725780
OrdinaryDiffEq,Solve-The-Lorenz-Equation,2025-04-18,1.11.4,jeb-kr-amherst,8399c9b,6.93.0,296.50118,5.95021390914917,2.026262044906616,293.0,105.0,2015984,720652
OrdinaryDiffEq,Solve-The-Lorenz-Equation,2025-04-19,1.11.4,jeb-kr-amherst,8399c9b,6.93.0,196.090862,2.909503936767578,1.0345799922943115,341.0,116.0,2029680,726744
OrdinaryDiffEq,Solve-The-Lorenz-Equation,2025-04-20,1.11.5,jeb-kr-amherst,8399c9b,6.93.0,187.411962,2.745556116104126,0.9713120460510254,344.0,117.0,2042384,791444
OrdinaryDiffEq,Solve-The-Lorenz-Equation,2025-04-21,1.11.5,jeb-kr-amherst,8399c9b,6.93.0,187.959733,2.737143039703369,0.9726550579071045,348.0,117.0,2036756,791692
OrdinaryDiffEq,Solve-The-Lorenz-Equation,2025-04-22,1.11.5,jeb-kr-amherst,8399c9b,6.93.0,188.876891,2.840301036834717,0.9846639633178711,347.0,116.0,2054996,792272
OrdinaryDiffEq,Solve-The-Lorenz-Equation,2025-04-23,1.11.5,jeb-kr-amherst,8399c9b,6.95.0,184.836232,2.7652029991149902,0.9709789752960205,345.0,116.0,2051608,788552
OrdinaryDiffEq,Solve-The-Lorenz-Equation,2025-04-24,1.11.5,jeb-kr-amherst,8399c9b,6.95.0,184.873773,2.734334945678711,0.9838900566101074,346.0,117.0,2045800,789584
OrdinaryDiffEq,Solve-The-Lorenz-Equation,2025-04-25,1.11.5,jeb-kr-amherst,8399c9b,6.95.0,185.258249,2.778491973876953,0.9736340045928955,345.0,113.0,2053448,789336
OrdinaryDiffEq,Solve-The-Lorenz-Equation,2025-04-26,1.11.5,jeb-kr-amherst,8399c9b,6.95.1,185.624336,2.7294681072235107,0.9760429859161377,345.0,117.0,2032868,789576
OrdinaryDiffEq,Solve-The-Lorenz-Equation,2025-04-27,1.11.5,jeb-kr-amherst,8399c9b,6.95.1,183.265609,2.7034430503845215,0.9749438762664795,346.0,117.0,2051288,788008
OrdinaryDiffEq,Solve-The-Lorenz-Equation,2025-04-28,1.11.5,jeb-kr-amherst,8399c9b,6.95.1,185.09652,2.7185840606689453,0.9765551090240479,345.0,117.0,2041816,789228
OrdinaryDiffEq,Solve-The-Lorenz-Equation,2025-04-29,1.11.5,jeb-kr-amherst,8399c9b,6.95.1,183.801415,2.7339820861816406,0.9765889644622803,346.0,115.0,2044168,790920
OrdinaryDiffEq,Solve-The-Lorenz-Equation,2025-04-30,1.11.5,jeb-kr-amherst,8399c9b,6.95.1,184.506981,2.825159788131714,0.9767570495605469,346.0,116.0,2048440,789372
OrdinaryDiffEq,Solve-The-Lorenz-Equation,2025-05-01,1.11.5,jeb-kr-amherst,8399c9b,6.95.1,184.946802,2.818552017211914,0.9680891036987305,346.0,114.0,2051648,788800
OrdinaryDiffEq,Solve-The-Lorenz-Equation,2025-05-02,1.11.5,jeb-kr-amherst,8399c9b,6.95.1,225.351522,3.8997418880462646,1.3156521320343018,328.0,109.0,2061640,794912
OrdinaryDiffEq,Solve-The-Lorenz-Equation,2025-05-03,1.11.5,jeb-kr-amherst,8399c9b,6.95.1,186.31765,2.876009941101074,1.018306016921997,342.0,113.0,2029328,790848
OrdinaryDiffEq,Solve-The-Lorenz-Equation,2025-05-04,1.11.5,jeb-kr-amherst,8399c9b,6.95.1,183.060351,2.7080769538879395,0.9777388572692871,345.0,117.0,2032112,789844
OrdinaryDiffEq,Solve-The-Lorenz-Equation,2025-05-05,1.11.5,jeb-kr-amherst,8399c9b,6.95.1,356.697164,5.826827049255371,2.3183650970458984,269.0,106.0,2065208,795864
OrdinaryDiffEq,Solve-The-Lorenz-Equation,2025-05-06,1.11.5,jeb-kr-amherst,8399c9b,6.95.1,235.998227,3.307921886444092,1.262092113494873,327.0,110.0,2043532,794164
OrdinaryDiffEq,Solve-The-Lorenz-Equation,2025-05-07,1.11.5,jeb-kr-amherst,8399c9b,6.95.1,186.536983,2.808990955352783,1.0084688663482666,341.0,113.0,2056940,789068
OrdinaryDiffEq,Solve-The-Lorenz-Equation,2025-05-08,1.11.5,jeb-kr-amherst,8399c9b,6.95.1,184.768712,2.7116949558258057,0.9763391017913818,345.0,116.0,2041136,788760
OrdinaryDiffEq,Solve-The-Lorenz-Equation,2025-05-09,1.11.5,jeb-kr-amherst,8399c9b,6.95.1,298.405201,5.032277822494507,1.84889817237854,279.0,109.0,2043436,794652
OrdinaryDiffEq,Solve-The-Lorenz-Equation,2025-05-10,1.11.5,jeb-kr-amherst,8399c9b,6.96.0,425.673212,5.4323060512542725,2.4459550380706787,231.0,106.0,2036892,795256
OrdinaryDiffEq,Solve-The-Lorenz-Equation,2025-05-11,1.11.5,jeb-kr-amherst,8399c9b,6.96.0,214.107966,3.1007730960845947,1.1690089702606201,336.0,116.0,2047636,794324
OrdinaryDiffEq,Solve-The-Lorenz-Equation,2025-05-12,1.11.5,jeb-kr-amherst,8399c9b,6.96.0,186.308608,2.9499738216400146,1.0487611293792725,342.0,113.0,2030644,791312
OrdinaryDiffEq,Solve-The-Lorenz-Equation,2025-05-13,1.11.5,jeb-kr-amherst,8399c9b,6.96.0,185.767303,2.8106770515441895,0.981950044631958,345.0,113.0,2035732,789980
OrdinaryDiffEq,Solve-The-Lorenz-Equation,2025-05-14,1.11.5,jeb-kr-amherst,8399c9b,6.96.0,184.887121,2.733228921890259,0.9770369529724121,345.0,113.0,2031228,789696
OrdinaryDiffEq,Solve-The-Lorenz-Equation,2025-05-15,1.11.5,jeb-kr-amherst,8399c9b,6.96.0,271.134664,3.2445449829101562,1.1688461303710938,291.0,111.0,2030912,791676
OrdinaryDiffEq,Solve-The-Lorenz-Equation,2025-05-16,1.11.5,jeb-kr-amherst,8399c9b,6.96.0,338.859891,4.301275014877319,1.2705349922180176,269.0,112.0,2068352,794544
OrdinaryDiffEq,Solve-The-Lorenz-Equation,2025-05-18,1.11.5,jeb-kr-amherst,8399c9b,6.97.0,185.396249,2.7312510013580322,0.9818019866943359,346.0,117.0,2029936,791692
OrdinaryDiffEq,Solve-The-Lorenz-Equation,2025-05-19,1.11.5,jeb-kr-amherst,8399c9b,6.97.0,184.783323,2.779733896255493,0.9781439304351807,345.0,114.0,2050632,789608
OrdinaryDiffEq,Solve-The-Lorenz-Equation,2025-05-20,1.11.5,jeb-kr-amherst,8399c9b,6.97.0,185.211306,2.7551209926605225,0.97104811668396,345.0,114.0,2054512,788068
OrdinaryDiffEq,Solve-The-Lorenz-Equation,2025-05-21,1.11.5,jeb-kr-amherst,8399c9b,6.97.0,184.965468,2.727445125579834,0.9752748012542725,345.0,117.0,2036608,789356
OrdinaryDiffEq,Solve-The-Lorenz-Equation,2025-05-22,1.11.5,jeb-kr-amherst,8399c9b,6.97.0,184.855322,2.7265090942382812,0.9757339954376221,345.0,114.0,2055572,788940
OrdinaryDiffEq,Solve-The-Lorenz-Equation,2025-05-23,1.11.5,jeb-kr-amherst,8399c9b,6.97.0,185.570067,2.8001558780670166,0.9808449745178223,345.0,113.0,2030780,791324
OrdinaryDiffEq,Solve-The-Lorenz-Equation,2025-05-24,1.11.5,jeb-kr-amherst,8399c9b,6.97.0,185.628526,2.7174270153045654,0.9814660549163818,346.0,117.0,2052568,791028
OrdinaryDiffEq,Solve-The-Lorenz-Equation,2025-05-25,1.11.5,jeb-kr-amherst,8399c9b,6.97.0,185.791713,2.768533229827881,0.9730069637298584,345.0,116.0,2019736,790432
OrdinaryDiffEq,Solve-The-Lorenz-Equation,2025-05-26,1.11.5,jeb-kr-amherst,8399c9b,6.97.0,184.845969,2.80256986618042,0.9869260787963867,345.0,113.0,2031828,790684
OrdinaryDiffEq,Solve-The-Lorenz-Equation,2025-05-27,1.11.5,jeb-kr-amherst,8399c9b,6.97.0,190.439719,2.7836811542510986,0.9808988571166992,345.0,114.0,2053704,800700
OrdinaryDiffEq,Solve-The-Lorenz-Equation,2025-05-28,1.11.5,jeb-kr-amherst,8399c9b,6.97.0,190.946175,2.756248950958252,0.977992057800293,346.0,117.0,2048384,799552
OrdinaryDiffEq,Solve-The-Lorenz-Equation,2025-05-29,1.11.5,jeb-kr-amherst,8399c9b,6.98.0,192.927337,2.818725824356079,0.9745991230010986,346.0,113.0,2022560,802380
OrdinaryDiffEq,Solve-The-Lorenz-Equation,2025-05-30,1.11.5,jeb-kr-amherst,8399c9b,6.98.0,191.44345,2.817215919494629,0.9776999950408936,346.0,113.0,2030780,801100
OrdinaryDiffEq,Solve-The-Lorenz-Equation,2025-05-31,1.11.5,jeb-kr-amherst,8399c9b,6.98.0,191.954072,2.854057788848877,0.9817821979522705,347.0,116.0,2030384,801576
OrdinaryDiffEq,Solve-The-Lorenz-Equation,2025-06-01,1.11.5,jeb-kr-amherst,8399c9b,6.98.0,191.926264,2.8307440280914307,0.9762239456176758,347.0,114.0,2052128,801076
OrdinaryDiffEq,Solve-The-Lorenz-Equation,2025-06-02,1.11.5,jeb-kr-amherst,8399c9b,6.98.0,192.30279,2.806763172149658,0.9872589111328125,344.0,113.0,2023220,803228
OrdinaryDiffEq,Solve-The-Lorenz-Equation,2025-06-03,1.11.5,jeb-kr-amherst,8399c9b,6.98.0,192.383738,2.7586669921875,0.9797780513763428,346.0,117.0,2033764,802912
OrdinaryDiffEq,Solve-The-Lorenz-Equation,2025-06-04,1.11.5,jeb-kr-amherst,8399c9b,6.98.0,192.867457,2.727202892303467,0.9791860580444336,347.0,117.0,2051004,801172
OrdinaryDiffEq,Solve-The-Lorenz-Equation,2025-06-05,1.11.5,jeb-kr-amherst,8399c9b,6.98.0,192.219828,2.807481050491333,0.992210865020752,347.0,113.0,2051088,801760
OrdinaryDiffEq,Solve-The-Lorenz-Equation,2025-06-06,1.11.5,jeb-kr-amherst,8399c9b,6.98.0,458.708179,6.186391115188599,2.338284969329834,243.0,104.0,2040040,808228
OrdinaryDiffEq,Solve-The-Lorenz-Equation,2025-06-07,1.11.5,jeb-kr-amherst,8399c9b,6.98.0,355.003956,6.037364959716797,2.2821500301361084,281.0,103.0,2059976,807248
OrdinaryDiffEq,Solve-The-Lorenz-Equation,2025-06-08,1.11.5,jeb-kr-amherst,8399c9b,6.98.0,211.232861,6.312351942062378,2.4515380859375,333.0,105.0,2036860,808632
OrdinaryDiffEq,Solve-The-Lorenz-Equation,2025-06-09,1.11.5,jeb-kr-amherst,8399c9b,6.98.0,385.843768,6.016361951828003,1.8336191177368164,263.0,105.0,2057816,809356
OrdinaryDiffEq,Solve-The-Lorenz-Equation,2025-06-10,1.11.5,jeb-kr-amherst,8399c9b,6.98.0,194.305211,2.9122519493103027,1.0071470737457275,342.0,116.0,2043132,802132
OrdinaryDiffEq,Solve-The-Lorenz-Equation,2025-06-11,1.11.5,jeb-kr-amherst,8399c9b,6.98.0,193.188135,2.8099160194396973,0.9522559642791748,346.0,114.0,2050336,806540
OrdinaryDiffEq,Solve-The-Lorenz-Equation,2025-06-12,1.11.5,jeb-kr-amherst,8399c9b,6.98.0,193.339636,2.755703926086426,0.9731719493865967,346.0,115.0,2050416,800076
OrdinaryDiffEq,Solve-The-Lorenz-Equation,2025-06-13,1.11.5,jeb-kr-amherst,8399c9b,6.98.0,193.182157,2.800434112548828,0.9535410404205322,346.0,117.0,2035552,808696
OrdinaryDiffEq,Solve-The-Lorenz-Equation,2025-06-14,1.11.5,jeb-kr-amherst,8399c9b,6.98.0,192.432771,2.839737892150879,0.9506931304931641,345.0,113.0,2036288,808544
OrdinaryDiffEq,Solve-The-Lorenz-Equation,2025-06-15,1.11.5,jeb-kr-amherst,8399c9b,6.98.0,192.38429,2.824021100997925,0.9756817817687988,346.0,117.0,2052036,798956
OrdinaryDiffEq,Solve-The-Lorenz-Equation,2025-06-16,1.11.5,jeb-kr-amherst,8399c9b,6.98.0,192.009152,2.802567958831787,0.9547111988067627,347.0,113.0,2032500,805676
OrdinaryDiffEq,Solve-The-Lorenz-Equation,2025-06-17,1.11.5,jeb-kr-amherst,8399c9b,6.98.0,192.599732,2.810858964920044,0.9523179531097412,346.0,113.0,2032296,809756
OrdinaryDiffEq,Solve-The-Lorenz-Equation,2025-06-18,1.11.5,jeb-kr-amherst,8399c9b,6.98.0,192.392719,2.7837932109832764,0.9564869403839111,346.0,117.0,2054624,804220
OrdinaryDiffEq,Solve-The-Lorenz-Equation,2025-06-19,1.11.5,jeb-kr-amherst,8399c9b,6.98.0,192.055293,2.8109488487243652,0.9513771533966064,347.0,113.0,2033380,807876
OrdinaryDiffEq,Solve-The-Lorenz-Equation,2025-06-20,1.11.5,jeb-kr-amherst,8399c9b,6.98.0,192.062384,2.8040611743927,0.9723448753356934,346.0,117.0,2034332,808356
OrdinaryDiffEq,Solve-The-Lorenz-Equation,2025-06-21,1.11.5,jeb-kr-amherst,8399c9b,6.98.0,197.632726,2.921431064605713,1.0147240161895752,343.0,116.0,2046308,809740
OrdinaryDiffEq,Solve-The-Lorenz-Equation,2025-06-22,1.11.5,jeb-kr-amherst,8399c9b,6.98.0,192.115524,2.797429084777832,0.9694089889526367,346.0,113.0,2051404,799776
OrdinaryDiffEq,Solve-The-Lorenz-Equation,2025-06-23,1.11.5,jeb-kr-amherst,8399c9b,6.98.0,193.007223,2.8381519317626953,0.9502489566802979,345.0,113.0,2039008,807024
OrdinaryDiffEq,Solve-The-Lorenz-Equation,2025-06-24,1.11.5,jeb-kr-amherst,8399c9b,6.98.0,193.853984,2.8684940338134766,0.965595006942749,346.0,116.0,2049804,810428
OrdinaryDiffEq,Solve-The-Lorenz-Equation,2025-06-25,1.11.5,jeb-kr-amherst,8399c9b,6.98.0,346.166611,6.593717098236084,2.2347559928894043,286.0,104.0,2051896,806504
OrdinaryDiffEq,Solve-The-Lorenz-Equation,2025-06-26,1.11.5,jeb-kr-amherst,8399c9b,6.98.0,333.478882,6.3722240924835205,2.377052068710327,292.0,103.0,2060376,805888
OrdinaryDiffEq,Solve-The-Lorenz-Equation,2025-06-27,1.11.5,jeb-kr-amherst,8399c9b,6.98.0,203.822642,2.9672441482543945,1.011401891708374,344.0,115.0,2014576,810116
OrdinaryDiffEq,Solve-The-Lorenz-Equation,2025-06-28,1.11.5,jeb-kr-amherst,8399c9b,6.98.0,196.2622,2.9304580688476562,0.9815139770507812,345.0,113.0,2039148,807676
OrdinaryDiffEq,Solve-The-Lorenz-Equation,2025-06-29,1.11.5,jeb-kr-amherst,8399c9b,6.98.0,194.559539,2.7979671955108643,0.9928488731384277,346.0,117.0,2051920,798516
OrdinaryDiffEq,Solve-The-Lorenz-Equation,2025-06-30,1.11.5,jeb-kr-amherst,8399c9b,6.98.0,193.637985,2.8239269256591797,0.95713210105896,347.0,115.0,2036944,806440
OrdinaryDiffEq,Solve-The-Lorenz-Equation,2025-07-01,1.11.5,jeb-kr-amherst,8399c9b,6.98.0,193.827464,2.8365349769592285,0.9535670280456543,346.0,113.0,2029704,807044
OrdinaryDiffEq,Solve-The-Lorenz-Equation,2025-07-02,1.11.5,jeb-kr-amherst,8399c9b,6.98.0,194.916699,2.8666460514068604,0.9693758487701416,345.0,113.0,2049892,808524
OrdinaryDiffEq,Solve-The-Lorenz-Equation,2025-07-03,1.11.5,jeb-kr-amherst,8399c9b,6.98.0,195.034588,2.8119728565216064,0.9727599620819092,348.0,115.0,2048500,799972
OrdinaryDiffEq,Solve-The-Lorenz-Equation,2025-07-04,1.11.5,jeb-kr-amherst,8399c9b,6.98.0,193.722152,2.7865331172943115,0.938154935836792,346.0,117.0,2036196,805080
OrdinaryDiffEq,Solve-The-Lorenz-Equation,2025-07-05,1.11.5,jeb-kr-amherst,8399c9b,6.98.0,195.904241,2.8667588233947754,0.9753851890563965,346.0,113.0,2049752,799976
OrdinaryDiffEq,Solve-The-Lorenz-Equation,2025-07-06,1.11.5,jeb-kr-amherst,8399c9b,6.98.0,195.536168,2.773794174194336,0.9718220233917236,346.0,117.0,2040516,799600
OrdinaryDiffEq,Solve-The-Lorenz-Equation,2025-07-07,1.11.5,jeb-kr-amherst,8399c9b,6.98.0,195.516258,2.7928411960601807,0.9776890277862549,347.0,114.0,2039444,802208
OrdinaryDiffEq,Solve-The-Lorenz-Equation,2025-07-08,1.11.5,jeb-kr-amherst,8399c9b,6.98.0,194.97826,2.8308918476104736,0.946674108505249,346.0,113.0,2024048,806448
OrdinaryDiffEq,Solve-The-Lorenz-Equation,2025-07-09,1.11.5,jeb-kr-amherst,8399c9b,6.98.0,194.833974,2.8554508686065674,0.9520490169525146,345.0,116.0,2034216,808136
OrdinaryDiffEq,Solve-The-Lorenz-Equation,2025-07-10,1.11.5,jeb-kr-amherst,8399c9b,6.98.0,195.246285,2.8335700035095215,0.9476780891418457,346.0,113.0,2023940,807296
OrdinaryDiffEq,Solve-The-Lorenz-Equation,2025-07-11,1.11.5,jeb-kr-amherst,8399c9b,6.98.0,194.475644,2.8425650596618652,0.9520878791809082,346.0,113.0,2026020,808720
OrdinaryDiffEq,Solve-The-Lorenz-Equation,2025-07-12,1.11.5,jeb-kr-amherst,8399c9b,6.98.0,195.233347,2.849270820617676,0.9757189750671387,346.0,113.0,2041704,807492
OrdinaryDiffEq,Solve-The-Lorenz-Equation,2025-07-13,1.11.5,jeb-kr-amherst,8399c9b,6.98.0,195.259571,2.791325092315674,0.9544200897216797,347.0,117.0,2049056,807336
OrdinaryDiffEq,Solve-The-Lorenz-Equation,2025-07-14,1.11.5,jeb-kr-amherst,8399c9b,6.98.0,194.79843,2.743072986602783,0.9759628772735596,347.0,117.0,2040584,798852
OrdinaryDiffEq,Solve-The-Lorenz-Equation,2025-07-15,1.11.5,jeb-kr-amherst,8399c9b,6.98.0,196.127897,2.8271138668060303,0.9516410827636719,345.0,113.0,2034220,808032
OrdinaryDiffEq,Solve-The-Lorenz-Equation,2025-07-16,1.11.5,jeb-kr-amherst,8399c9b,6.99.0,195.276101,2.843848943710327,0.9449470043182373,348.0,114.0,2048968,812192
OrdinaryDiffEq,Solve-The-Lorenz-Equation,2025-07-17,1.11.5,jeb-kr-amherst,8399c9b,6.99.0,193.69469,2.8048341274261475,0.9514360427856445,347.0,117.0,2052892,804864
OrdinaryDiffEq,Solve-The-Lorenz-Equation,2025-07-18,1.11.5,jeb-kr-amherst,8399c9b,6.99.0,196.109704,2.8494389057159424,0.9755899906158447,341.0,113.0,2023560,799372
OrdinaryDiffEq,Solve-The-Lorenz-Equation,2025-07-19,1.11.5,jeb-kr-amherst,8399c9b,6.99.0,195.695738,2.845207929611206,0.9447650909423828,345.0,115.0,2053240,805572
OrdinaryDiffEq,Solve-The-Lorenz-Equation,2025-10-13,1.12.0,jeb-kr-amherst,8399c9b,6.101.0,209.074595,2.5140368938446045,0.9437909126281738,336.0,120.0,2123460,740384
OrdinaryDiffEq,Solve-The-Lorenz-Equation,2025-10-13,alpha,jeb-kr-amherst,8399c9b,6.101.0,209.421144,2.519819974899292,0.9675471782684326,337.0,121.0,2120200,737520
OrdinaryDiffEq,Solve-The-Lorenz-Equation,2025-10-13,lts,jeb-kr-amherst,8399c9b,6.101.0,175.085533,2.3820419311523438,1.0922141075134277,378.0,115.0,1523656,662900
OrdinaryDiffEq,Solve-The-Lorenz-Equation,2025-10-13,release,jeb-kr-amherst,8399c9b,6.101.0,208.530046,2.5301458835601807,0.938392162322998,338.0,120.0,2117148,742472
QuantumAlgebra,Commute-Two-Operators,2025-07-20,1.11.6,jeb-kr-amherst,3004b15,1.5.1,51.331914,0.3254239559173584,0.008643150329589844,191.0,207.0,2038180,306104
QuantumAlgebra,Commute-Two-Operators,2025-07-24,1.11.6,jeb-kr-amherst,3004b15,1.5.1,51.671475,0.34288692474365234,0.008871078491210938,192.0,203.0,2025020,306340
QuantumAlgebra,Commute-Two-Operators,2025-07-28,1.11.6,jeb-kr-amherst,3004b15,1.5.1,51.570805,0.3178868293762207,0.00849604606628418,190.0,209.0,2018876,306200
QuantumAlgebra,Commute-Two-Operators,2025-08-01,1.11.6,jeb-kr-amherst,3004b15,1.5.1,51.432543,0.3157639503479004,0.008478164672851562,192.0,210.0,2034160,306508
QuantumAlgebra,Commute-Two-Operators,2025-08-06,1.11.6,jeb-kr-amherst,3004b15,1.5.1,52.869203,0.3490438461303711,0.008509159088134766,192.0,175.0,2024136,306276
QuantumAlgebra,Commute-Two-Operators,2025-08-10,1.11.6,jeb-kr-amherst,3004b15,1.5.1,51.347508,0.3297698497772217,0.00851893424987793,192.0,205.0,2019568,306072
QuantumAlgebra,Commute-Two-Operators,2025-08-14,1.11.6,jeb-kr-amherst,3004b15,1.5.1,51.48311,0.3119058609008789,0.008537054061889648,190.0,209.0,2034900,306332
QuantumAlgebra,Commute-Two-Operators,2025-08-18,1.11.6,jeb-kr-amherst,3004b15,1.5.1,51.472899,0.3143310546875,0.008522987365722656,191.0,202.0,2036976,306360
QuantumAlgebra,Commute-Two-Operators,2025-08-22,1.11.6,jeb-kr-amherst,3004b15,1.5.1,57.550722,0.36805200576782227,0.009329080581665039,190.0,179.0,2055196,306480
QuantumAlgebra,Commute-Two-Operators,2025-08-26,1.11.6,jeb-kr-amherst,3004b15,1.5.1,51.242647,0.35454797744750977,0.008482933044433594,191.0,181.0,2054336,306108
QuantumAlgebra,Commute-Two-Operators,2025-08-30,1.11.6,jeb-kr-amherst,3004b15,1.5.1,50.917333,0.3311190605163574,0.008559942245483398,192.0,177.0,2024172,306400
QuantumAlgebra,Commute-Two-Operators,2025-09-03,1.11.6,jeb-kr-amherst,3004b15,1.5.1,53.357266,0.36371302604675293,0.008894920349121094,194.0,188.0,2036232,306248
QuantumAlgebra,Commute-Two-Operators,2025-09-07,1.11.6,jeb-kr-amherst,3004b15,1.5.1,51.287277,0.32284998893737793,0.008450031280517578,192.0,180.0,2035820,306520
QuantumAlgebra,Commute-Two-Operators,2025-09-11,1.11.6,jeb-kr-amherst,3004b15,1.5.1,51.200102,0.3448219299316406,0.008656024932861328,191.0,174.0,2049924,306092
QuantumAlgebra,Commute-Two-Operators,2025-09-15,1.11.6,jeb-kr-amherst,3004b15,1.5.1,51.250699,0.3523750305175781,0.00845789909362793,189.0,174.0,2049664,306496
QuantumAlgebra,Commute-Two-Operators,2025-09-19,1.11.6,jeb-kr-amherst,3004b15,1.5.1,51.043654,0.3151559829711914,0.00910806655883789,192.0,209.0,2053864,306572
QuantumAlgebra,Commute-Two-Operators,2025-09-20,1.11.7,jeb-kr-amherst,3004b15,1.5.1,51.473888,0.32540297508239746,0.008467912673950195,191.0,183.0,2042856,313536
QuantumAlgebra,Commute-Two-Operators,2025-09-24,1.11.7,jeb-kr-amherst,3004b15,1.5.1,51.579291,0.32779598236083984,0.008606910705566406,190.0,184.0,2054024,313432
QuantumAlgebra,Commute-Two-Operators,2025-09-28,1.11.7,jeb-kr-amherst,3004b15,1.5.1,50.970458,0.32652711868286133,0.00871896743774414,192.0,194.0,2042992,313840
QuantumAlgebra,Commute-Two-Operators,2025-10-02,1.11.7,jeb-kr-amherst,3004b15,1.5.1,51.944054,0.3173999786376953,0.00848698616027832,192.0,193.0,2032212,313288
QuantumAlgebra,Commute-Two-Operators,2025-10-03,1.11.7,jeb-kr-amherst,3004b15,1.5.1,135.696226,0.7419979572296143,0.020810842514038086,156.0,103.0,2059888,313632
QuantumAlgebra,Commute-Two-Operators,2025-10-06,1.11.7,jeb-kr-amherst,3004b15,1.5.1,53.455064,0.3259890079498291,0.008658885955810547,194.0,206.0,2024780,313512
QuantumAlgebra,Commute-Two-Operators,2025-10-10,1.11.7,jeb-kr-amherst,3004b15,1.5.1,51.610191,0.3552730083465576,0.008471012115478516,190.0,180.0,2047340,313700
QuantumAlgebra,Commute-Two-Operators,2025-10-14,1.11.7,jeb-kr-amherst,3004b15,1.5.1,51.573457,0.3180508613586426,0.008481025695800781,191.0,207.0,2049036,313840
QuantumAlgebra,Commute-Two-Operators,2025-10-15,1.12.0,jeb-kr-amherst,3004b15,1.5.1,37.571882,0.18600106239318848,0.014904022216796875,187.0,119.0,2141372,337204
QuantumAlgebra,Commute-Two-Operators,2025-10-19,1.12.0,jeb-kr-amherst,3004b15,1.5.1,36.504505,0.19675803184509277,0.015236139297485352,186.0,118.0,2129076,337088
QuantumAlgebra,Commute-Two-Operators,2025-10-23,1.12.0,jeb-kr-amherst,3004b15,1.5.1,36.96051,0.1944880485534668,0.014755964279174805,187.0,118.0,2127988,337212
QuantumAlgebra,Commute-Two-Operators,2025-10-24,1.12.0,jeb-kr-amherst,3004b15,1.5.1,36.649742,0.1869809627532959,0.01479792594909668,185.0,119.0,2136468,337216
QuantumAlgebra,Commute-Two-Operators,2025-10-25,1.12.1,jeb-kr-amherst,3004b15,1.5.1,38.865648,0.19255709648132324,0.014978885650634766,188.0,119.0,2088716,334484
QuantumAlgebra,Commute-Two-Operators,2025-10-29,1.12.1,jeb-kr-amherst,3004b15,1.5.1,38.80984,0.2034449577331543,0.014750003814697266,187.0,118.0,2088964,335048
QuantumAlgebra,Commute-Two-Operators,2025-11-02,1.12.1,jeb-kr-amherst,3004b15,1.5.1,39.16131,0.1971750259399414,0.014995098114013672,188.0,119.0,2087656,334920
QuantumAlgebra,Commute-Two-Operators,2025-11-06,1.12.1,jeb-kr-amherst,3004b15,1.5.1,38.693659,0.2031869888305664,0.01503610610961914,188.0,118.0,2086812,335268
QuantumAlgebra,Commute-Two-Operators,2025-11-10,1.12.1,jeb-kr-amherst,3004b15,1.5.1,38.631501,0.19203710556030273,0.014597892761230469,187.0,119.0,2087788,334632
QuantumAlgebra,Commute-Two-Operators,2025-11-14,1.12.1,jeb-kr-amherst,3004b15,1.5.1,38.465936,0.19592785835266113,0.015150070190429688,188.0,118.0,2084852,334788
QuantumAlgebra,Commute-Two-Operators,2025-11-18,1.12.1,jeb-kr-amherst,3004b15,1.5.1,38.540513,0.19276809692382812,0.014631032943725586,188.0,119.0,2087536,334924
QuantumAlgebra,Commute-Two-Operators,2025-11-23,1.12.2,jeb-kr-amherst,3004b15,1.5.1,41.12593,0.19228076934814453,0.01477813720703125,186.0,119.0,2109184,341564
QuantumAlgebra,Commute-Two-Operators,2024-11-20,1.11.1,jeb-kr-amherst,8399c9b,1.5.1,49.952218,0.2945690155029297,0.008342981338500977,184.0,215.0,2010704,306912
QuantumAlgebra,Commute-Two-Operators,2024-11-21,1.11.1,jeb-kr-amherst,8399c9b,1.5.1,67.077904,0.6442821025848389,0.0187380313873291,192.0,150.0,2049804,306880
QuantumAlgebra,Commute-Two-Operators,2024-11-22,1.11.1,jeb-kr-amherst,8399c9b,1.5.1,56.736462,0.37282419204711914,0.010788917541503906,187.0,189.0,2036796,307076
QuantumAlgebra,Commute-Two-Operators,2024-11-23,1.11.1,jeb-kr-amherst,8399c9b,1.5.1,52.14056,0.3278179168701172,0.008558988571166992,185.0,206.0,2045072,307236
QuantumAlgebra,Commute-Two-Operators,2024-11-24,1.11.1,jeb-kr-amherst,8399c9b,1.5.1,66.150692,0.37309908866882324,0.011954784393310547,188.0,192.0,2029572,307124
QuantumAlgebra,Commute-Two-Operators,2024-11-25,1.11.1,jeb-kr-amherst,8399c9b,1.5.1,115.603863,0.6869981288909912,0.017318010330200195,157.0,114.0,2034196,307028
QuantumAlgebra,Commute-Two-Operators,2024-11-26,1.11.1,jeb-kr-amherst,8399c9b,1.5.1,60.284454,0.3652470111846924,0.011960983276367188,182.0,171.0,2033888,307076
QuantumAlgebra,Commute-Two-Operators,2024-11-27,1.11.1,jeb-kr-amherst,8399c9b,1.5.1,71.448524,0.39855408668518066,0.011121034622192383,175.0,164.0,2035280,307396
QuantumAlgebra,Commute-Two-Operators,2024-11-28,1.11.1,jeb-kr-amherst,8399c9b,1.5.1,58.257941,0.3957791328430176,0.009624004364013672,184.0,166.0,2024544,307004
QuantumAlgebra,Commute-Two-Operators,2024-11-29,1.11.1,jeb-kr-amherst,8399c9b,1.5.1,59.838432,0.3859119415283203,0.008846044540405273,183.0,167.0,2045628,307336
QuantumAlgebra,Commute-Two-Operators,2024-11-30,1.11.1,jeb-kr-amherst,8399c9b,1.5.1,51.618188,0.3475499153137207,0.008619070053100586,185.0,175.0,2028488,307352
QuantumAlgebra,Commute-Two-Operators,2024-12-01,1.11.1,jeb-kr-amherst,8399c9b,1.5.1,49.641275,0.2958190441131592,0.008334875106811523,184.0,215.0,2041852,307012
QuantumAlgebra,Commute-Two-Operators,2024-12-02,1.11.1,jeb-kr-amherst,8399c9b,1.5.1,49.608168,0.29482316970825195,0.008355855941772461,184.0,215.0,2062720,306864
QuantumAlgebra,Commute-Two-Operators,2024-12-03,1.11.1,jeb-kr-amherst,8399c9b,1.5.1,49.861276,0.2959890365600586,0.008339881896972656,184.0,215.0,2039488,307116
QuantumAlgebra,Commute-Two-Operators,2024-12-04,1.11.1,jeb-kr-amherst,8399c9b,1.5.1,49.275247,0.3072080612182617,0.008524894714355469,185.0,212.0,2027776,307008
QuantumAlgebra,Commute-Two-Operators,2024-12-05,1.11.1,jeb-kr-amherst,8399c9b,1.5.1,49.709069,0.2936527729034424,0.008416175842285156,184.0,216.0,2045948,306844
QuantumAlgebra,Commute-Two-Operators,2024-12-06,1.11.1,jeb-kr-amherst,8399c9b,1.5.1,50.078527,0.34430694580078125,0.008533000946044922,184.0,175.0,2040316,307064
QuantumAlgebra,Commute-Two-Operators,2024-12-07,1.11.1,jeb-kr-amherst,8399c9b,1.5.1,49.425492,0.32004308700561523,0.008552789688110352,184.0,181.0,2036660,307124
QuantumAlgebra,Commute-Two-Operators,2024-12-08,1.11.1,jeb-kr-amherst,8399c9b,1.5.1,49.606422,0.32900404930114746,0.008591890335083008,184.0,201.0,2021404,307148
QuantumAlgebra,Commute-Two-Operators,2024-12-09,1.11.1,jeb-kr-amherst,8399c9b,1.5.1,51.330783,0.3689610958099365,0.009276866912841797,185.0,190.0,2039440,307216
QuantumAlgebra,Commute-Two-Operators,2024-12-10,1.11.2,jeb-kr-amherst,8399c9b,1.5.1,82.150098,0.6532750129699707,0.020226001739501953,187.0,146.0,2032392,304400
QuantumAlgebra,Commute-Two-Operators,2024-12-11,1.11.2,jeb-kr-amherst,8399c9b,1.5.1,49.091497,0.3313629627227783,0.008443117141723633,186.0,177.0,2010284,304232
QuantumAlgebra,Commute-Two-Operators,2024-12-12,1.11.2,jeb-kr-amherst,8399c9b,1.5.1,48.935136,0.3128480911254883,0.008632898330688477,186.0,210.0,2015688,304016
QuantumAlgebra,Commute-Two-Operators,2024-12-13,1.11.2,jeb-kr-amherst,8399c9b,1.5.1,50.698115,0.3274719715118408,0.013208866119384766,187.0,205.0,2031976,304132
QuantumAlgebra,Commute-Two-Operators,2024-12-14,1.11.2,jeb-kr-amherst,8399c9b,1.5.1,49.119721,0.31354689598083496,0.008352041244506836,186.0,207.0,2009804,304332
QuantumAlgebra,Commute-Two-Operators,2024-12-15,1.11.2,jeb-kr-amherst,8399c9b,1.5.1,49.119356,0.34850406646728516,0.008484840393066406,186.0,175.0,2027784,304080
QuantumAlgebra,Commute-Two-Operators,2024-12-16,1.11.2,jeb-kr-amherst,8399c9b,1.5.1,48.924786,0.32543396949768066,0.008444070816040039,186.0,178.0,2007040,304612
QuantumAlgebra,Commute-Two-Operators,2024-12-17,1.11.2,jeb-kr-amherst,8399c9b,1.5.1,49.5312,0.32355809211730957,0.00842595100402832,186.0,179.0,2011932,303900
QuantumAlgebra,Commute-Two-Operators,2024-12-18,1.11.2,jeb-kr-amherst,8399c9b,1.5.1,49.277048,0.33474302291870117,0.008458137512207031,186.0,177.0,2029884,303988
QuantumAlgebra,Commute-Two-Operators,2024-12-19,1.11.2,jeb-kr-amherst,8399c9b,1.5.1,49.24312,0.32979893684387207,0.008424997329711914,186.0,177.0,2011248,304420
QuantumAlgebra,Commute-Two-Operators,2024-12-20,1.11.2,jeb-kr-amherst,8399c9b,1.5.1,49.197204,0.30067014694213867,0.008399009704589844,186.0,214.0,2027160,304032
QuantumAlgebra,Commute-Two-Operators,2024-12-21,1.11.2,jeb-kr-amherst,8399c9b,1.5.1,49.343442,0.3114919662475586,0.008414030075073242,186.0,210.0,2014124,304188
QuantumAlgebra,Commute-Two-Operators,2024-12-22,1.11.2,jeb-kr-amherst,8399c9b,1.5.1,49.186967,0.32576799392700195,0.00844717025756836,186.0,178.0,2014312,304232
QuantumAlgebra,Commute-Two-Operators,2024-12-23,1.11.2,jeb-kr-amherst,8399c9b,1.5.1,49.147471,0.3443920612335205,0.008358001708984375,186.0,184.0,2010312,303900
QuantumAlgebra,Commute-Two-Operators,2024-12-24,1.11.2,jeb-kr-amherst,8399c9b,1.5.1,49.126878,0.30258607864379883,0.008502960205078125,186.0,213.0,2010568,304276
QuantumAlgebra,Commute-Two-Operators,2024-12-25,1.11.2,jeb-kr-amherst,8399c9b,1.5.1,49.024467,0.33031392097473145,0.008419990539550781,186.0,177.0,2013244,304160
QuantumAlgebra,Commute-Two-Operators,2024-12-26,1.11.2,jeb-kr-amherst,8399c9b,1.5.1,49.229733,0.3251371383666992,0.008441925048828125,186.0,203.0,2027116,304076
QuantumAlgebra,Commute-Two-Operators,2024-12-27,1.11.2,jeb-kr-amherst,8399c9b,1.5.1,109.536018,0.6945891380310059,0.020725011825561523,161.0,108.0,2034220,304268
QuantumAlgebra,Commute-Two-Operators,2024-12-28,1.11.2,jeb-kr-amherst,8399c9b,1.5.1,102.115711,0.6755111217498779,0.020967960357666016,165.0,118.0,2045344,303920
QuantumAlgebra,Commute-Two-Operators,2024-12-29,1.11.2,jeb-kr-amherst,8399c9b,1.5.1,58.385391,0.33492493629455566,0.012512922286987305,192.0,197.0,2037956,304276
QuantumAlgebra,Commute-Two-Operators,2024-12-30,1.11.2,jeb-kr-amherst,8399c9b,1.5.1,57.557865,0.37897777557373047,0.009766101837158203,189.0,180.0,2020008,304328
QuantumAlgebra,Commute-Two-Operators,2024-12-31,1.11.2,jeb-kr-amherst,8399c9b,1.5.1,55.213261,0.4579451084136963,0.010848045349121094,190.0,159.0,2013616,304208
QuantumAlgebra,Commute-Two-Operators,2025-01-01,1.11.2,jeb-kr-amherst,8399c9b,1.5.1,51.438647,0.345822811126709,0.008480072021484375,186.0,198.0,2014624,304212
QuantumAlgebra,Commute-Two-Operators,2025-01-02,1.11.2,jeb-kr-amherst,8399c9b,1.5.1,49.212078,0.33173489570617676,0.008640050888061523,186.0,178.0,1994732,304584
QuantumAlgebra,Commute-Two-Operators,2025-01-03,1.11.2,jeb-kr-amherst,8399c9b,1.5.1,49.016658,0.32958102226257324,0.008552789688110352,186.0,177.0,2026296,304040
QuantumAlgebra,Commute-Two-Operators,2025-01-04,1.11.2,jeb-kr-amherst,8399c9b,1.5.1,48.874515,0.3418259620666504,0.008616924285888672,187.0,176.0,2012268,304412
QuantumAlgebra,Commute-Two-Operators,2025-01-05,1.11.2,jeb-kr-amherst,8399c9b,1.5.1,49.09045,0.3214550018310547,0.008376121520996094,186.0,180.0,2012840,303880
QuantumAlgebra,Commute-Two-Operators,2025-01-06,1.11.2,jeb-kr-amherst,8399c9b,1.5.1,48.956357,0.33550596237182617,0.008364200592041016,186.0,177.0,2013092,304216
QuantumAlgebra,Commute-Two-Operators,2025-01-07,1.11.2,jeb-kr-amherst,8399c9b,1.5.1,49.434569,0.33616209030151367,0.008343935012817383,186.0,199.0,2012824,304244
QuantumAlgebra,Commute-Two-Operators,2025-01-08,1.11.2,jeb-kr-amherst,8399c9b,1.5.1,49.155645,0.3236079216003418,0.008366107940673828,186.0,177.0,2029504,304000
QuantumAlgebra,Commute-Two-Operators,2025-01-09,1.11.2,jeb-kr-amherst,8399c9b,1.5.1,49.166988,0.3111000061035156,0.008597850799560547,186.0,194.0,2013740,304332
QuantumAlgebra,Commute-Two-Operators,2025-01-10,1.11.2,jeb-kr-amherst,8399c9b,1.5.1,49.584444,0.3112201690673828,0.008412837982177734,187.0,211.0,2010804,303944
QuantumAlgebra,Commute-Two-Operators,2025-01-11,1.11.2,jeb-kr-amherst,8399c9b,1.5.1,49.425993,0.3200211524963379,0.0083770751953125,186.0,181.0,2018968,304072
QuantumAlgebra,Commute-Two-Operators,2025-01-12,1.11.2,jeb-kr-amherst,8399c9b,1.5.1,49.15961,0.32337498664855957,0.008558034896850586,186.0,181.0,2029248,304308
QuantumAlgebra,Commute-Two-Operators,2025-01-13,1.11.2,jeb-kr-amherst,8399c9b,1.5.1,49.053214,0.34908390045166016,0.00838613510131836,186.0,175.0,2026240,304136
QuantumAlgebra,Commute-Two-Operators,2025-01-14,1.11.2,jeb-kr-amherst,8399c9b,1.5.1,49.350687,0.31218409538269043,0.008595943450927734,185.0,194.0,2011320,304236
QuantumAlgebra,Commute-Two-Operators,2025-01-15,1.11.2,jeb-kr-amherst,8399c9b,1.5.1,48.846246,0.33184099197387695,0.008324146270751953,187.0,201.0,2027096,304020
QuantumAlgebra,Commute-Two-Operators,2025-01-16,1.11.2,jeb-kr-amherst,8399c9b,1.5.1,49.075175,0.3146359920501709,0.008381843566894531,186.0,188.0,2010748,303924
QuantumAlgebra,Commute-Two-Operators,2025-01-17,1.11.2,jeb-kr-amherst,8399c9b,1.5.1,48.998531,0.32975292205810547,0.008489131927490234,186.0,177.0,2011504,304120
QuantumAlgebra,Commute-Two-Operators,2025-01-18,1.11.2,jeb-kr-amherst,8399c9b,1.5.1,49.535337,0.3100450038909912,0.008469820022583008,185.0,197.0,2011848,304304
QuantumAlgebra,Commute-Two-Operators,2025-01-19,1.11.2,jeb-kr-amherst,8399c9b,1.5.1,49.138356,0.35140299797058105,0.008422136306762695,186.0,174.0,2011844,304580
QuantumAlgebra,Commute-Two-Operators,2025-01-20,1.11.2,jeb-kr-amherst,8399c9b,1.5.1,49.152551,0.3095729351043701,0.008435964584350586,185.0,210.0,2010052,303852
QuantumAlgebra,Commute-Two-Operators,2025-01-21,1.11.2,jeb-kr-amherst,8399c9b,1.5.1,49.32009,0.3382399082183838,0.008474111557006836,186.0,176.0,2028484,304144
QuantumAlgebra,Commute-Two-Operators,2025-01-22,1.11.2,jeb-kr-amherst,8399c9b,1.5.1,49.114314,0.3374338150024414,0.008449077606201172,186.0,177.0,2013200,304156
QuantumAlgebra,Commute-Two-Operators,2025-01-23,1.11.2,jeb-kr-amherst,8399c9b,1.5.1,49.181075,0.3120839595794678,0.008457183837890625,186.0,196.0,2012092,304192
QuantumAlgebra,Commute-Two-Operators,2025-01-24,1.11.2,jeb-kr-amherst,8399c9b,1.5.1,49.377366,0.3218212127685547,0.008561849594116211,186.0,182.0,2014148,304112
QuantumAlgebra,Commute-Two-Operators,2025-01-25,1.11.2,jeb-kr-amherst,8399c9b,1.5.1,49.167202,0.3205070495605469,0.008466958999633789,186.0,179.0,1998572,304056
QuantumAlgebra,Commute-Two-Operators,2025-01-26,1.11.2,jeb-kr-amherst,8399c9b,1.5.1,49.137005,0.30208277702331543,0.008361101150512695,186.0,211.0,2023676,304064
QuantumAlgebra,Commute-Two-Operators,2025-01-27,1.11.2,jeb-kr-amherst,8399c9b,1.5.1,49.231463,0.34204888343811035,0.008444070816040039,185.0,175.0,2009688,304164
QuantumAlgebra,Commute-Two-Operators,2025-01-28,1.11.2,jeb-kr-amherst,8399c9b,1.5.1,49.104668,0.3255600929260254,0.008407831192016602,186.0,178.0,2012676,304228
QuantumAlgebra,Commute-Two-Operators,2025-01-29,1.11.2,jeb-kr-amherst,8399c9b,1.5.1,48.967897,0.31676316261291504,0.008472919464111328,186.0,185.0,2027296,303928
QuantumAlgebra,Commute-Two-Operators,2025-01-30,1.11.3,jeb-kr-amherst,8399c9b,1.5.1,51.186382,0.32331109046936035,0.008713960647583008,186.0,206.0,2020916,295792
QuantumAlgebra,Commute-Two-Operators,2025-01-31,1.11.3,jeb-kr-amherst,8399c9b,1.5.1,49.29231,0.292802095413208,0.008447885513305664,186.0,216.0,2018692,295840
QuantumAlgebra,Commute-Two-Operators,2025-02-01,1.11.3,jeb-kr-amherst,8399c9b,1.5.1,49.31905,0.28849101066589355,0.00840616226196289,186.0,217.0,2017060,296340
QuantumAlgebra,Commute-Two-Operators,2025-02-02,1.11.3,jeb-kr-amherst,8399c9b,1.5.1,48.973175,0.32412004470825195,0.008320093154907227,186.0,179.0,2003820,296196
QuantumAlgebra,Commute-Two-Operators,2025-02-03,1.11.3,jeb-kr-amherst,8399c9b,1.5.1,49.304996,0.2872591018676758,0.008388042449951172,186.0,217.0,2003180,295576
QuantumAlgebra,Commute-Two-Operators,2025-02-04,1.11.3,jeb-kr-amherst,8399c9b,1.5.1,49.114499,0.33510398864746094,0.008430957794189453,186.0,184.0,2003932,295820
QuantumAlgebra,Commute-Two-Operators,2025-02-05,1.11.3,jeb-kr-amherst,8399c9b,1.5.1,49.388178,0.30490589141845703,0.008506059646606445,186.0,186.0,2004768,296092
QuantumAlgebra,Commute-Two-Operators,2025-02-06,1.11.3,jeb-kr-amherst,8399c9b,1.5.1,49.047956,0.3046379089355469,0.008507966995239258,186.0,188.0,2005336,295968
QuantumAlgebra,Commute-Two-Operators,2025-02-07,1.11.3,jeb-kr-amherst,8399c9b,1.5.1,49.251257,0.2900388240814209,0.008624076843261719,186.0,216.0,2002372,295952
QuantumAlgebra,Commute-Two-Operators,2025-02-08,1.11.3,jeb-kr-amherst,8399c9b,1.5.1,48.872058,0.3031339645385742,0.008388996124267578,186.0,185.0,2019084,295904
QuantumAlgebra,Commute-Two-Operators,2025-02-09,1.11.3,jeb-kr-amherst,8399c9b,1.5.1,133.400235,0.6816530227661133,0.021188974380493164,160.0,104.0,2038496,296020
QuantumAlgebra,Commute-Two-Operators,2025-02-10,1.11.3,jeb-kr-amherst,8399c9b,1.5.1,55.101598,0.3171348571777344,0.009376049041748047,184.0,208.0,2004404,295992
QuantumAlgebra,Commute-Two-Operators,2025-02-12,1.11.3,jeb-kr-amherst,8399c9b,1.5.1,48.993018,0.28703880310058594,0.008357048034667969,186.0,217.0,2020840,295580
QuantumAlgebra,Commute-Two-Operators,2025-02-13,1.11.3,jeb-kr-amherst,8399c9b,1.5.1,49.091449,0.28652000427246094,0.008419990539550781,186.0,218.0,2001344,295408
QuantumAlgebra,Commute-Two-Operators,2025-02-14,1.11.3,jeb-kr-amherst,8399c9b,1.5.1,49.121228,0.3224527835845947,0.008375167846679688,186.0,179.0,2005848,296308
QuantumAlgebra,Commute-Two-Operators,2025-02-15,1.11.3,jeb-kr-amherst,8399c9b,1.5.1,49.088957,0.30329394340515137,0.008542060852050781,186.0,213.0,2016080,295848
QuantumAlgebra,Commute-Two-Operators,2025-02-17,1.11.3,jeb-kr-amherst,8399c9b,1.5.1,49.120867,0.28887486457824707,0.00834798812866211,186.0,216.0,2017408,296140
QuantumAlgebra,Commute-Two-Operators,2025-02-18,1.11.3,jeb-kr-amherst,8399c9b,1.5.1,49.264368,0.2889440059661865,0.008432149887084961,186.0,217.0,2019484,296292
QuantumAlgebra,Commute-Two-Operators,2025-02-19,1.11.3,jeb-kr-amherst,8399c9b,1.5.1,49.128176,0.2900969982147217,0.008322954177856445,186.0,217.0,2005316,295928
QuantumAlgebra,Commute-Two-Operators,2025-02-20,1.11.3,jeb-kr-amherst,8399c9b,1.5.1,80.657626,0.5978419780731201,0.017022132873535156,197.0,136.0,2028048,295708
QuantumAlgebra,Commute-Two-Operators,2025-02-21,1.11.3,jeb-kr-amherst,8399c9b,1.5.1,49.148657,0.33587098121643066,0.008389949798583984,186.0,193.0,2002468,296420
QuantumAlgebra,Commute-Two-Operators,2025-02-22,1.11.3,jeb-kr-amherst,8399c9b,1.5.1,49.244573,0.29311180114746094,0.008361101150512695,186.0,216.0,2001884,295864
QuantumAlgebra,Commute-Two-Operators,2025-02-23,1.11.3,jeb-kr-amherst,8399c9b,1.5.1,49.337025,0.28771090507507324,0.008440971374511719,186.0,218.0,2019696,295944
QuantumAlgebra,Commute-Two-Operators,2025-02-24,1.11.3,jeb-kr-amherst,8399c9b,1.5.1,49.026855,0.31609082221984863,0.008326053619384766,186.0,205.0,2002648,295740
QuantumAlgebra,Commute-Two-Operators,2025-02-25,1.11.3,jeb-kr-amherst,8399c9b,1.5.1,49.127277,0.2992818355560303,0.008474111557006836,186.0,214.0,2019980,296256
QuantumAlgebra,Commute-Two-Operators,2025-02-26,1.11.3,jeb-kr-amherst,8399c9b,1.5.1,48.823903,0.28623318672180176,0.00833582878112793,186.0,218.0,2021256,295960
QuantumAlgebra,Commute-Two-Operators,2025-02-27,1.11.3,jeb-kr-amherst,8399c9b,1.5.1,49.10462,0.3068530559539795,0.00836181640625,186.0,182.0,2004780,295756
QuantumAlgebra,Commute-Two-Operators,2025-02-28,1.11.3,jeb-kr-amherst,8399c9b,1.5.1,49.009557,0.29774904251098633,0.008363008499145508,186.0,212.0,2007732,295844
QuantumAlgebra,Commute-Two-Operators,2025-03-01,1.11.3,jeb-kr-amherst,8399c9b,1.5.1,49.212925,0.3320779800415039,0.0083770751953125,186.0,193.0,2001860,295968
QuantumAlgebra,Commute-Two-Operators,2025-03-03,1.11.3,jeb-kr-amherst,8399c9b,1.5.1,49.316518,0.2960679531097412,0.008519887924194336,186.0,204.0,2016892,295832
QuantumAlgebra,Commute-Two-Operators,2025-03-04,1.11.3,jeb-kr-amherst,8399c9b,1.5.1,49.083369,0.32076287269592285,0.008437156677246094,186.0,203.0,2021744,295760
QuantumAlgebra,Commute-Two-Operators,2025-03-05,1.11.3,jeb-kr-amherst,8399c9b,1.5.1,49.314618,0.31392693519592285,0.008273839950561523,186.0,181.0,2025912,295708
QuantumAlgebra,Commute-Two-Operators,2025-03-07,1.11.3,jeb-kr-amherst,8399c9b,1.5.1,49.00806,0.3306760787963867,0.008358001708984375,186.0,177.0,2003632,296040
QuantumAlgebra,Commute-Two-Operators,2025-03-08,1.11.3,jeb-kr-amherst,8399c9b,1.5.1,48.90637,0.32480812072753906,0.00832986831665039,186.0,202.0,2017016,295788
QuantumAlgebra,Commute-Two-Operators,2025-03-09,1.11.3,jeb-kr-amherst,8399c9b,1.5.1,49.10361,0.29039502143859863,0.00843501091003418,186.0,217.0,2001768,296080
QuantumAlgebra,Commute-Two-Operators,2025-03-10,1.11.3,jeb-kr-amherst,8399c9b,1.5.1,49.103267,0.29212188720703125,0.008282899856567383,186.0,216.0,2001704,295772
QuantumAlgebra,Commute-Two-Operators,2025-03-11,1.11.3,jeb-kr-amherst,8399c9b,1.5.1,49.080652,0.28690409660339355,0.008406877517700195,186.0,218.0,2003588,295744
QuantumAlgebra,Commute-Two-Operators,2025-03-12,1.11.3,jeb-kr-amherst,8399c9b,1.5.1,48.860737,0.2910780906677246,0.008369922637939453,186.0,216.0,2019820,295952
QuantumAlgebra,Commute-Two-Operators,2025-03-13,1.11.3,jeb-kr-amherst,8399c9b,1.5.1,49.042744,0.286362886428833,0.008347034454345703,186.0,218.0,2019440,295972
QuantumAlgebra,Commute-Two-Operators,2025-03-14,1.11.3,jeb-kr-amherst,8399c9b,1.5.1,49.27934,0.3367769718170166,0.00827789306640625,186.0,176.0,2009716,295908
QuantumAlgebra,Commute-Two-Operators,2025-03-15,1.11.3,jeb-kr-amherst,8399c9b,1.5.1,49.421963,0.31877708435058594,0.008383989334106445,186.0,180.0,2023932,295968
QuantumAlgebra,Commute-Two-Operators,2025-03-16,1.11.3,jeb-kr-amherst,8399c9b,1.5.1,49.397096,0.3204050064086914,0.008378982543945312,186.0,202.0,2002580,295832
QuantumAlgebra,Commute-Two-Operators,2025-03-17,1.11.3,jeb-kr-amherst,8399c9b,1.5.1,49.369848,0.30316996574401855,0.008636951446533203,186.0,213.0,2020320,296048
QuantumAlgebra,Commute-Two-Operators,2025-03-18,1.11.3,jeb-kr-amherst,8399c9b,1.5.1,65.016031,0.42841386795043945,0.017065048217773438,186.0,160.0,2025232,296096
QuantumAlgebra,Commute-Two-Operators,2025-03-19,1.11.3,jeb-kr-amherst,8399c9b,1.5.1,90.915146,0.6013379096984863,0.018485069274902344,181.0,129.0,2021240,296168
QuantumAlgebra,Commute-Two-Operators,2025-03-20,1.11.4,jeb-kr-amherst,8399c9b,1.5.1,52.286894,0.35405492782592773,0.009102106094360352,186.0,173.0,1998632,296936
QuantumAlgebra,Commute-Two-Operators,2025-03-21,1.11.4,jeb-kr-amherst,8399c9b,1.5.1,56.741897,0.38825511932373047,0.011516094207763672,185.0,188.0,2026812,296832
QuantumAlgebra,Commute-Two-Operators,2025-03-22,1.11.4,jeb-kr-amherst,8399c9b,1.5.1,57.995446,0.3415520191192627,0.0090789794921875,188.0,201.0,2034424,296960
QuantumAlgebra,Commute-Two-Operators,2025-03-23,1.11.4,jeb-kr-amherst,8399c9b,1.5.1,57.547765,0.37482690811157227,0.01037287712097168,184.0,169.0,2030216,296856
QuantumAlgebra,Commute-Two-Operators,2025-03-24,1.11.4,jeb-kr-amherst,8399c9b,1.5.1,50.213493,0.3085160255432129,0.00836801528930664,188.0,209.0,2007668,296344
QuantumAlgebra,Commute-Two-Operators,2025-03-25,1.11.4,jeb-kr-amherst,8399c9b,1.5.1,48.791404,0.3217179775238037,0.008418083190917969,187.0,178.0,2005864,296880
QuantumAlgebra,Commute-Two-Operators,2025-03-26,1.11.4,jeb-kr-amherst,8399c9b,1.5.1,48.8553,0.30501389503479004,0.008569002151489258,187.0,213.0,2014264,296648
QuantumAlgebra,Commute-Two-Operators,2025-03-27,1.11.4,jeb-kr-amherst,8399c9b,1.5.1,48.375455,0.3043789863586426,0.00834202766418457,187.0,196.0,2001824,296560
QuantumAlgebra,Commute-Two-Operators,2025-03-28,1.11.4,jeb-kr-amherst,8399c9b,1.5.1,48.528341,0.28764915466308594,0.008325815200805664,187.0,217.0,2007148,296792
QuantumAlgebra,Commute-Two-Operators,2025-03-29,1.11.4,jeb-kr-amherst,8399c9b,1.5.1,48.186115,0.3231179714202881,0.008368968963623047,188.0,180.0,2005156,296596
QuantumAlgebra,Commute-Two-Operators,2025-03-30,1.11.4,jeb-kr-amherst,8399c9b,1.5.1,48.567521,0.30283212661743164,0.008612871170043945,187.0,213.0,2022168,296472
QuantumAlgebra,Commute-Two-Operators,2025-03-31,1.11.4,jeb-kr-amherst,8399c9b,1.5.1,48.480418,0.28912878036499023,0.008491992950439453,187.0,216.0,2003068,296576
QuantumAlgebra,Commute-Two-Operators,2025-04-01,1.11.4,jeb-kr-amherst,8399c9b,1.5.1,48.35027,0.29456496238708496,0.008498907089233398,187.0,215.0,2023840,296676
QuantumAlgebra,Commute-Two-Operators,2025-04-02,1.11.4,jeb-kr-amherst,8399c9b,1.5.1,48.563775,0.2983250617980957,0.008317947387695312,187.0,206.0,2002156,296176
QuantumAlgebra,Commute-Two-Operators,2025-04-03,1.11.4,jeb-kr-amherst,8399c9b,1.5.1,48.944129,0.3002748489379883,0.008491039276123047,187.0,214.0,2003464,296348
QuantumAlgebra,Commute-Two-Operators,2025-04-04,1.11.4,jeb-kr-amherst,8399c9b,1.5.1,49.496999,0.3077211380004883,0.008508920669555664,187.0,212.0,2020872,296576
QuantumAlgebra,Commute-Two-Operators,2025-04-05,1.11.4,jeb-kr-amherst,8399c9b,1.5.1,48.575407,0.29148101806640625,0.008404970169067383,187.0,217.0,2022160,296180
QuantumAlgebra,Commute-Two-Operators,2025-04-06,1.11.4,jeb-kr-amherst,8399c9b,1.5.1,48.571344,0.28809595108032227,0.008369922637939453,187.0,218.0,2021192,296788
QuantumAlgebra,Commute-Two-Operators,2025-04-07,1.11.4,jeb-kr-amherst,8399c9b,1.5.1,48.439444,0.2928428649902344,0.00843501091003418,188.0,215.0,2004000,297024
QuantumAlgebra,Commute-Two-Operators,2025-04-08,1.11.4,jeb-kr-amherst,8399c9b,1.5.1,48.664981,0.3104739189147949,0.008388042449951172,187.0,181.0,2020396,297052
QuantumAlgebra,Commute-Two-Operators,2025-04-10,1.11.4,jeb-kr-amherst,8399c9b,1.5.1,48.616902,0.28840112686157227,0.008332967758178711,188.0,218.0,2009216,296864
QuantumAlgebra,Commute-Two-Operators,2025-04-11,1.11.4,jeb-kr-amherst,8399c9b,1.5.1,48.472573,0.3086237907409668,0.008550167083740234,187.0,186.0,2005040,296652
QuantumAlgebra,Commute-Two-Operators,2025-04-12,1.11.4,jeb-kr-amherst,8399c9b,1.5.1,48.773528,0.287416934967041,0.00830388069152832,187.0,218.0,2009308,296548
QuantumAlgebra,Commute-Two-Operators,2025-04-13,1.11.4,jeb-kr-amherst,8399c9b,1.5.1,64.526779,0.41599392890930176,0.011569023132324219,181.0,187.0,2025060,296828
QuantumAlgebra,Commute-Two-Operators,2025-04-14,1.11.4,jeb-kr-amherst,8399c9b,1.5.1,50.649599,0.3461010456085205,0.00839996337890625,189.0,192.0,2009024,296444
QuantumAlgebra,Commute-Two-Operators,2025-04-15,1.11.4,jeb-kr-amherst,8399c9b,1.5.1,60.521165,0.37462711334228516,0.010282039642333984,186.0,144.0,2003324,296840
QuantumAlgebra,Commute-Two-Operators,2025-04-16,1.11.4,jeb-kr-amherst,8399c9b,1.5.1,48.347595,0.3052959442138672,0.00843191146850586,188.0,187.0,2007856,296700
QuantumAlgebra,Commute-Two-Operators,2025-04-17,1.11.4,jeb-kr-amherst,8399c9b,1.5.1,48.485964,0.29204893112182617,0.008311033248901367,187.0,216.0,2006348,296724
QuantumAlgebra,Commute-Two-Operators,2025-04-18,1.11.4,jeb-kr-amherst,8399c9b,1.5.1,65.407724,0.35197997093200684,0.010756969451904297,190.0,178.0,2028512,296860
QuantumAlgebra,Commute-Two-Operators,2025-04-19,1.11.4,jeb-kr-amherst,8399c9b,1.5.1,51.009341,0.34351515769958496,0.009044885635375977,186.0,175.0,2021164,296960
QuantumAlgebra,Commute-Two-Operators,2025-04-20,1.11.5,jeb-kr-amherst,8399c9b,1.5.1,49.678789,0.30404186248779297,0.008810997009277344,190.0,204.0,2033072,304884
QuantumAlgebra,Commute-Two-Operators,2025-04-21,1.11.5,jeb-kr-amherst,8399c9b,1.5.1,49.684872,0.29849696159362793,0.008356094360351562,190.0,215.0,2012580,304444
QuantumAlgebra,Commute-Two-Operators,2025-04-22,1.11.5,jeb-kr-amherst,8399c9b,1.5.1,49.796557,0.31316304206848145,0.008382797241210938,190.0,189.0,1997592,304752
QuantumAlgebra,Commute-Two-Operators,2025-04-23,1.11.5,jeb-kr-amherst,8399c9b,1.5.1,50.099698,0.3116757869720459,0.008334159851074219,189.0,186.0,2010756,304932
QuantumAlgebra,Commute-Two-Operators,2025-04-24,1.11.5,jeb-kr-amherst,8399c9b,1.5.1,49.75006,0.2935190200805664,0.008388042449951172,190.0,216.0,2033024,304784
QuantumAlgebra,Commute-Two-Operators,2025-04-25,1.11.5,jeb-kr-amherst,8399c9b,1.5.1,49.327358,0.3205268383026123,0.008371114730834961,190.0,180.0,2037500,304420
QuantumAlgebra,Commute-Two-Operators,2025-04-26,1.11.5,jeb-kr-amherst,8399c9b,1.5.1,50.447663,0.3089580535888672,0.008352994918823242,190.0,197.0,2045612,304704
QuantumAlgebra,Commute-Two-Operators,2025-04-27,1.11.5,jeb-kr-amherst,8399c9b,1.5.1,50.019429,0.3145599365234375,0.008485078811645508,190.0,180.0,2047384,305112
QuantumAlgebra,Commute-Two-Operators,2025-04-28,1.11.5,jeb-kr-amherst,8399c9b,1.5.1,49.523174,0.2941899299621582,0.008430957794189453,190.0,216.0,2029880,305164
QuantumAlgebra,Commute-Two-Operators,2025-04-29,1.11.5,jeb-kr-amherst,8399c9b,1.5.1,49.797276,0.3084750175476074,0.008397817611694336,190.0,204.0,2033080,305096
QuantumAlgebra,Commute-Two-Operators,2025-04-30,1.11.5,jeb-kr-amherst,8399c9b,1.5.1,49.579022,0.29540514945983887,0.008418798446655273,190.0,215.0,2032052,304752
QuantumAlgebra,Commute-Two-Operators,2025-05-01,1.11.5,jeb-kr-amherst,8399c9b,1.5.1,49.688785,0.2944350242614746,0.008435964584350586,190.0,214.0,2030688,304812
QuantumAlgebra,Commute-Two-Operators,2025-05-02,1.11.5,jeb-kr-amherst,8399c9b,1.5.1,59.261089,0.3465869426727295,0.016855955123901367,187.0,183.0,2038524,305224
QuantumAlgebra,Commute-Two-Operators,2025-05-03,1.11.5,jeb-kr-amherst,8399c9b,1.5.1,51.37158,0.3272819519042969,0.008374929428100586,190.0,177.0,2051160,304948
QuantumAlgebra,Commute-Two-Operators,2025-05-04,1.11.5,jeb-kr-amherst,8399c9b,1.5.1,49.681922,0.2948141098022461,0.008487939834594727,190.0,216.0,2032720,305072
QuantumAlgebra,Commute-Two-Operators,2025-05-05,1.11.5,jeb-kr-amherst,8399c9b,1.5.1,67.487309,0.4886648654937744,0.013540029525756836,185.0,135.0,2062040,305452
QuantumAlgebra,Commute-Two-Operators,2025-05-06,1.11.5,jeb-kr-amherst,8399c9b,1.5.1,70.830512,0.405397891998291,0.011726140975952148,192.0,155.0,2038920,305072
QuantumAlgebra,Commute-Two-Operators,2025-05-07,1.11.5,jeb-kr-amherst,8399c9b,1.5.1,52.279634,0.3271298408508301,0.009189128875732422,189.0,196.0,2014748,304760
QuantumAlgebra,Commute-Two-Operators,2025-05-08,1.11.5,jeb-kr-amherst,8399c9b,1.5.1,49.9004,0.2916989326477051,0.00840902328491211,190.0,217.0,2032016,304816
QuantumAlgebra,Commute-Two-Operators,2025-05-09,1.11.5,jeb-kr-amherst,8399c9b,1.5.1,63.976485,0.37659597396850586,0.010967016220092773,194.0,169.0,2041692,305036
QuantumAlgebra,Commute-Two-Operators,2025-05-10,1.11.5,jeb-kr-amherst,8399c9b,1.5.1,123.315025,0.6240558624267578,0.0210421085357666,160.0,115.0,2062868,305216
QuantumAlgebra,Commute-Two-Operators,2025-05-11,1.11.5,jeb-kr-amherst,8399c9b,1.5.1,60.582765,0.3823709487915039,0.00957489013671875,194.0,169.0,2032516,304988
QuantumAlgebra,Commute-Two-Operators,2025-05-12,1.11.5,jeb-kr-amherst,8399c9b,1.5.1,49.855422,0.2945518493652344,0.008392095565795898,190.0,216.0,2019264,305088
QuantumAlgebra,Commute-Two-Operators,2025-05-13,1.11.5,jeb-kr-amherst,8399c9b,1.5.1,49.633048,0.30445313453674316,0.008400917053222656,190.0,191.0,2012160,305112
QuantumAlgebra,Commute-Two-Operators,2025-05-14,1.11.5,jeb-kr-amherst,8399c9b,1.5.1,49.767746,0.2928628921508789,0.00845789909362793,190.0,216.0,2011160,304800
QuantumAlgebra,Commute-Two-Operators,2025-05-15,1.11.5,jeb-kr-amherst,8399c9b,1.5.1,67.072039,0.36956000328063965,0.010672807693481445,193.0,196.0,2033552,305396
QuantumAlgebra,Commute-Two-Operators,2025-05-16,1.11.5,jeb-kr-amherst,8399c9b,1.5.1,96.450888,0.6951389312744141,0.022383928298950195,189.0,126.0,2059576,304920
QuantumAlgebra,Commute-Two-Operators,2025-05-18,1.11.5,jeb-kr-amherst,8399c9b,1.5.1,49.604584,0.3402719497680664,0.008444070816040039,190.0,176.0,2032008,305152
QuantumAlgebra,Commute-Two-Operators,2025-05-19,1.11.5,jeb-kr-amherst,8399c9b,1.5.1,49.524682,0.29329919815063477,0.008430957794189453,190.0,216.0,2045676,304840
QuantumAlgebra,Commute-Two-Operators,2025-05-20,1.11.5,jeb-kr-amherst,8399c9b,1.5.1,49.535814,0.2937488555908203,0.00839996337890625,190.0,216.0,2027644,304900
QuantumAlgebra,Commute-Two-Operators,2025-05-21,1.11.5,jeb-kr-amherst,8399c9b,1.5.1,49.316858,0.3392658233642578,0.008556127548217773,190.0,176.0,2032820,304204
QuantumAlgebra,Commute-Two-Operators,2025-05-22,1.11.5,jeb-kr-amherst,8399c9b,1.5.1,49.733781,0.29473185539245605,0.008489131927490234,190.0,215.0,2027392,305072
QuantumAlgebra,Commute-Two-Operators,2025-05-23,1.11.5,jeb-kr-amherst,8399c9b,1.5.1,49.642318,0.31777405738830566,0.008507013320922852,190.0,180.0,2030872,304740
QuantumAlgebra,Commute-Two-Operators,2025-05-24,1.11.5,jeb-kr-amherst,8399c9b,1.5.1,49.579177,0.2929530143737793,0.008625030517578125,190.0,216.0,2032160,305472
QuantumAlgebra,Commute-Two-Operators,2025-05-25,1.11.5,jeb-kr-amherst,8399c9b,1.5.1,49.451416,0.29252004623413086,0.008353948593139648,190.0,216.0,2014824,305084
QuantumAlgebra,Commute-Two-Operators,2025-05-26,1.11.5,jeb-kr-amherst,8399c9b,1.5.1,49.631416,0.2935340404510498,0.008433818817138672,190.0,216.0,2034920,304944
QuantumAlgebra,Commute-Two-Operators,2025-05-27,1.11.5,jeb-kr-amherst,8399c9b,1.5.1,49.729682,0.33666515350341797,0.008371829986572266,190.0,179.0,2032312,305072
QuantumAlgebra,Commute-Two-Operators,2025-05-28,1.11.5,jeb-kr-amherst,8399c9b,1.5.1,49.728074,0.30107617378234863,0.008395910263061523,190.0,213.0,2031344,305356
QuantumAlgebra,Commute-Two-Operators,2025-05-29,1.11.5,jeb-kr-amherst,8399c9b,1.5.1,49.770321,0.34090590476989746,0.008684158325195312,190.0,177.0,2014560,305216
QuantumAlgebra,Commute-Two-Operators,2025-05-30,1.11.5,jeb-kr-amherst,8399c9b,1.5.1,49.314113,0.32526707649230957,0.008455991744995117,191.0,203.0,2034924,305948
QuantumAlgebra,Commute-Two-Operators,2025-05-31,1.11.5,jeb-kr-amherst,8399c9b,1.5.1,49.349614,0.30893397331237793,0.008639097213745117,191.0,211.0,2035288,305684
QuantumAlgebra,Commute-Two-Operators,2025-06-01,1.11.5,jeb-kr-amherst,8399c9b,1.5.1,49.569979,0.3072960376739502,0.008861780166625977,190.0,212.0,2045612,306008
QuantumAlgebra,Commute-Two-Operators,2025-06-02,1.11.5,jeb-kr-amherst,8399c9b,1.5.1,49.722847,0.3267209529876709,0.008436918258666992,190.0,201.0,2014684,305840
QuantumAlgebra,Commute-Two-Operators,2025-06-03,1.11.5,jeb-kr-amherst,8399c9b,1.5.1,49.528965,0.2957570552825928,0.00843501091003418,190.0,216.0,2033680,305856
QuantumAlgebra,Commute-Two-Operators,2025-06-04,1.11.5,jeb-kr-amherst,8399c9b,1.5.1,49.596028,0.34406590461730957,0.008383035659790039,190.0,184.0,2011508,306264
QuantumAlgebra,Commute-Two-Operators,2025-06-05,1.11.5,jeb-kr-amherst,8399c9b,1.5.1,49.61775,0.2961771488189697,0.008430957794189453,190.0,216.0,2013976,306020
QuantumAlgebra,Commute-Two-Operators,2025-06-06,1.11.5,jeb-kr-amherst,8399c9b,1.5.1,114.766303,0.7048289775848389,0.020263195037841797,163.0,102.0,2067032,305680
QuantumAlgebra,Commute-Two-Operators,2025-06-07,1.11.5,jeb-kr-amherst,8399c9b,1.5.1,133.63604,0.7230439186096191,0.02305316925048828,152.0,98.0,2043696,305648
QuantumAlgebra,Commute-Two-Operators,2025-06-08,1.11.5,jeb-kr-amherst,8399c9b,1.5.1,129.101761,0.752249002456665,0.01941204071044922,157.0,106.0,2046144,306252
QuantumAlgebra,Commute-Two-Operators,2025-06-09,1.11.5,jeb-kr-amherst,8399c9b,1.5.1,72.287978,0.386199951171875,0.010937929153442383,197.0,193.0,2020516,305696
QuantumAlgebra,Commute-Two-Operators,2025-06-10,1.11.5,jeb-kr-amherst,8399c9b,1.5.1,51.76034,0.3379058837890625,0.008775949478149414,190.0,176.0,2027744,305764
QuantumAlgebra,Commute-Two-Operators,2025-06-11,1.11.5,jeb-kr-amherst,8399c9b,1.5.1,49.295969,0.31329798698425293,0.008512020111083984,190.0,182.0,2016448,306132
QuantumAlgebra,Commute-Two-Operators,2025-06-12,1.11.5,jeb-kr-amherst,8399c9b,1.5.1,49.814849,0.29884815216064453,0.008473873138427734,190.0,215.0,2026264,305572
QuantumAlgebra,Commute-Two-Operators,2025-06-13,1.11.5,jeb-kr-amherst,8399c9b,1.5.1,49.922966,0.348956823348999,0.008414030075073242,190.0,193.0,2032416,305836
QuantumAlgebra,Commute-Two-Operators,2025-06-14,1.11.5,jeb-kr-amherst,8399c9b,1.5.1,49.662524,0.30354809761047363,0.008475065231323242,190.0,204.0,2012184,305916
QuantumAlgebra,Commute-Two-Operators,2025-06-15,1.11.5,jeb-kr-amherst,8399c9b,1.5.1,49.669082,0.29538702964782715,0.00840306282043457,190.0,216.0,2032548,305964
QuantumAlgebra,Commute-Two-Operators,2025-06-16,1.11.5,jeb-kr-amherst,8399c9b,1.5.1,49.587177,0.2949841022491455,0.008685827255249023,190.0,216.0,2030760,305824
QuantumAlgebra,Commute-Two-Operators,2025-06-17,1.11.5,jeb-kr-amherst,8399c9b,1.5.1,49.800659,0.2979240417480469,0.008388996124267578,190.0,214.0,2031344,305776
QuantumAlgebra,Commute-Two-Operators,2025-06-18,1.11.5,jeb-kr-amherst,8399c9b,1.5.1,49.767202,0.311920166015625,0.008694887161254883,190.0,210.0,2011852,305588
QuantumAlgebra,Commute-Two-Operators,2025-06-19,1.11.5,jeb-kr-amherst,8399c9b,1.5.1,49.719945,0.2968440055847168,0.00850677490234375,190.0,215.0,2030980,305696
QuantumAlgebra,Commute-Two-Operators,2025-06-20,1.11.5,jeb-kr-amherst,8399c9b,1.5.1,51.296605,0.4405691623687744,0.01279592514038086,193.0,176.0,2044916,305572
QuantumAlgebra,Commute-Two-Operators,2025-06-21,1.11.5,jeb-kr-amherst,8399c9b,1.5.1,53.284343,0.3323390483856201,0.009159088134765625,191.0,205.0,2046980,305908
QuantumAlgebra,Commute-Two-Operators,2025-06-22,1.11.5,jeb-kr-amherst,8399c9b,1.5.1,49.755214,0.30188798904418945,0.008443117141723633,190.0,214.0,2038496,305556
QuantumAlgebra,Commute-Two-Operators,2025-06-23,1.11.5,jeb-kr-amherst,8399c9b,1.5.1,49.531844,0.2980630397796631,0.008366823196411133,190.0,214.0,2013772,305568
QuantumAlgebra,Commute-Two-Operators,2025-06-24,1.11.5,jeb-kr-amherst,8399c9b,1.5.1,49.420608,0.29471802711486816,0.008481979370117188,191.0,216.0,2028228,305908
QuantumAlgebra,Commute-Two-Operators,2025-06-25,1.11.5,jeb-kr-amherst,8399c9b,1.5.1,61.373581,0.3664240837097168,0.011117935180664062,180.0,190.0,2059432,306004
QuantumAlgebra,Commute-Two-Operators,2025-06-26,1.11.5,jeb-kr-amherst,8399c9b,1.5.1,134.705058,0.7329740524291992,0.01917099952697754,151.0,95.0,2025316,305980
QuantumAlgebra,Commute-Two-Operators,2025-06-27,1.11.5,jeb-kr-amherst,8399c9b,1.5.1,56.87727,0.3511769771575928,0.009449005126953125,193.0,200.0,2047704,305772
QuantumAlgebra,Commute-Two-Operators,2025-06-28,1.11.5,jeb-kr-amherst,8399c9b,1.5.1,51.174186,0.3305370807647705,0.00982213020324707,190.0,202.0,2021032,305704
QuantumAlgebra,Commute-Two-Operators,2025-06-29,1.11.5,jeb-kr-amherst,8399c9b,1.5.1,49.828197,0.31006288528442383,0.00861811637878418,190.0,211.0,2030524,306108
QuantumAlgebra,Commute-Two-Operators,2025-06-30,1.11.5,jeb-kr-amherst,8399c9b,1.5.1,49.819898,0.29524707794189453,0.008442878723144531,190.0,216.0,2026080,305860
QuantumAlgebra,Commute-Two-Operators,2025-07-01,1.11.5,jeb-kr-amherst,8399c9b,1.5.1,49.476932,0.3425769805908203,0.008424997329711914,190.0,192.0,2012464,305276
QuantumAlgebra,Commute-Two-Operators,2025-07-02,1.11.5,jeb-kr-amherst,8399c9b,1.5.1,49.407141,0.3025169372558594,0.00837397575378418,190.0,213.0,2031728,305488
QuantumAlgebra,Commute-Two-Operators,2025-07-03,1.11.5,jeb-kr-amherst,8399c9b,1.5.1,49.723308,0.31201601028442383,0.00864100456237793,190.0,211.0,2032332,306368
QuantumAlgebra,Commute-Two-Operators,2025-07-04,1.11.5,jeb-kr-amherst,8399c9b,1.5.1,49.758652,0.30970096588134766,0.008671045303344727,190.0,212.0,2032876,305744
QuantumAlgebra,Commute-Two-Operators,2025-07-05,1.11.5,jeb-kr-amherst,8399c9b,1.5.1,49.522828,0.29668593406677246,0.008410930633544922,190.0,214.0,2035608,305996
QuantumAlgebra,Commute-Two-Operators,2025-07-06,1.11.5,jeb-kr-amherst,8399c9b,1.5.1,49.509098,0.29891395568847656,0.008454084396362305,190.0,215.0,2030200,306004
QuantumAlgebra,Commute-Two-Operators,2025-07-07,1.11.5,jeb-kr-amherst,8399c9b,1.5.1,49.664558,0.3013901710510254,0.008695840835571289,190.0,206.0,2044508,305812
QuantumAlgebra,Commute-Two-Operators,2025-07-08,1.11.5,jeb-kr-amherst,8399c9b,1.5.1,49.859349,0.29728007316589355,0.008477926254272461,190.0,215.0,2032660,305680
QuantumAlgebra,Commute-Two-Operators,2025-07-09,1.11.5,jeb-kr-amherst,8399c9b,1.5.1,49.550341,0.29711294174194336,0.008426189422607422,190.0,215.0,2031804,305580
QuantumAlgebra,Commute-Two-Operators,2025-07-10,1.11.5,jeb-kr-amherst,8399c9b,1.5.1,49.947672,0.3438379764556885,0.008504867553710938,190.0,176.0,2031016,305696
QuantumAlgebra,Commute-Two-Operators,2025-07-11,1.11.5,jeb-kr-amherst,8399c9b,1.5.1,49.605864,0.33981895446777344,0.008476972579956055,190.0,185.0,2031340,306028
QuantumAlgebra,Commute-Two-Operators,2025-07-12,1.11.5,jeb-kr-amherst,8399c9b,1.5.1,49.59427,0.3012721538543701,0.008404970169067383,190.0,214.0,2049140,305648
QuantumAlgebra,Commute-Two-Operators,2025-07-13,1.11.5,jeb-kr-amherst,8399c9b,1.5.1,49.80285,0.2949950695037842,0.008714914321899414,190.0,215.0,2028260,305708
QuantumAlgebra,Commute-Two-Operators,2025-07-14,1.11.5,jeb-kr-amherst,8399c9b,1.5.1,49.802765,0.34014892578125,0.008495092391967773,190.0,180.0,2049336,305964
QuantumAlgebra,Commute-Two-Operators,2025-07-15,1.11.5,jeb-kr-amherst,8399c9b,1.5.1,49.625369,0.3464951515197754,0.008642911911010742,191.0,175.0,2031452,305412
QuantumAlgebra,Commute-Two-Operators,2025-07-16,1.11.5,jeb-kr-amherst,8399c9b,1.5.1,49.679856,0.29863595962524414,0.00842595100402832,190.0,215.0,2046560,305800
QuantumAlgebra,Commute-Two-Operators,2025-07-17,1.11.5,jeb-kr-amherst,8399c9b,1.5.1,49.751614,0.2949390411376953,0.008523941040039062,190.0,215.0,2012552,305664
QuantumAlgebra,Commute-Two-Operators,2025-07-18,1.11.5,jeb-kr-amherst,8399c9b,1.5.1,49.600844,0.29747796058654785,0.00840306282043457,190.0,215.0,2049348,305712
QuantumAlgebra,Commute-Two-Operators,2025-07-19,1.11.5,jeb-kr-amherst,8399c9b,1.5.1,49.79714,0.3098759651184082,0.008646011352539062,190.0,212.0,2045896,305784
QuantumAlgebra,Commute-Two-Operators,2025-10-13,1.12.0,jeb-kr-amherst,8399c9b,1.5.1,38.160808,0.1888599395751953,0.014782190322875977,185.0,119.0,2126696,337216
QuantumAlgebra,Commute-Two-Operators,2025-10-13,alpha,jeb-kr-amherst,8399c9b,1.5.1,40.193114,0.1872270107269287,0.014551877975463867,185.0,119.0,2128596,337344
QuantumAlgebra,Commute-Two-Operators,2025-10-13,lts,jeb-kr-amherst,8399c9b,1.5.1,12.225634,0.1776878833770752,0.03286409378051758,190.0,197.0,673192,275052
QuantumAlgebra,Commute-Two-Operators,2025-10-13,nightly,jeb-kr-amherst,8399c9b,1.5.1,51.276881,0.18119287490844727,0.014172077178955078,173.0,101.0,2498720,315444
QuantumAlgebra,Commute-Two-Operators,2025-10-13,release,jeb-kr-amherst,8399c9b,1.5.1,37.203128,0.18997812271118164,0.014829874038696289,185.0,119.0,2129464,337188
ReverseDiff,Gradient-Of-Square-Norm,2025-07-20,1.11.6,jeb-kr-amherst,3004b15,1.16.1,18.624743,1.7833168506622314,0.6188490390777588,190.0,119.0,2038456,315604
ReverseDiff,Gradient-Of-Square-Norm,2025-07-24,1.11.6,jeb-kr-amherst,3004b15,1.16.1,18.542314,1.7713580131530762,0.6172552108764648,190.0,116.0,2037820,315132
ReverseDiff,Gradient-Of-Square-Norm,2025-07-28,1.11.6,jeb-kr-amherst,3004b15,1.16.1,18.705019,1.7691800594329834,0.6196620464324951,190.0,116.0,2035788,315860
ReverseDiff,Gradient-Of-Square-Norm,2025-08-01,1.11.6,jeb-kr-amherst,3004b15,1.16.1,18.697336,1.740840196609497,0.6066288948059082,190.0,122.0,2033020,315632
ReverseDiff,Gradient-Of-Square-Norm,2025-08-06,1.11.6,jeb-kr-amherst,3004b15,1.16.1,18.692608,1.792470932006836,0.6257140636444092,189.0,117.0,2034220,315448
ReverseDiff,Gradient-Of-Square-Norm,2025-08-10,1.11.6,jeb-kr-amherst,3004b15,1.16.1,18.747978,1.78861403465271,0.6135151386260986,190.0,119.0,2033256,315368
ReverseDiff,Gradient-Of-Square-Norm,2025-08-14,1.11.6,jeb-kr-amherst,3004b15,1.16.1,18.564496,1.777561902999878,0.606860876083374,191.0,119.0,2052176,315620
ReverseDiff,Gradient-Of-Square-Norm,2025-08-18,1.11.6,jeb-kr-amherst,3004b15,1.16.1,18.694558,1.7725129127502441,0.6208770275115967,190.0,116.0,2034500,315284
ReverseDiff,Gradient-Of-Square-Norm,2025-08-22,1.11.6,jeb-kr-amherst,3004b15,1.16.1,19.335303,1.79203200340271,0.6363570690155029,190.0,120.0,2035216,315700
ReverseDiff,Gradient-Of-Square-Norm,2025-08-26,1.11.6,jeb-kr-amherst,3004b15,1.16.1,18.849726,1.745406150817871,0.6134819984436035,190.0,122.0,2019168,315540
ReverseDiff,Gradient-Of-Square-Norm,2025-08-30,1.11.6,jeb-kr-amherst,3004b15,1.16.1,18.736516,1.7786798477172852,0.6156051158905029,191.0,117.0,2049912,315708
ReverseDiff,Gradient-Of-Square-Norm,2025-09-03,1.11.6,jeb-kr-amherst,3004b15,1.16.1,18.669472,1.7674870491027832,0.6141409873962402,191.0,116.0,2034940,315332
ReverseDiff,Gradient-Of-Square-Norm,2025-09-07,1.11.6,jeb-kr-amherst,3004b15,1.16.1,18.766838,1.7521209716796875,0.6091699600219727,190.0,122.0,2051404,315340
ReverseDiff,Gradient-Of-Square-Norm,2025-09-11,1.11.6,jeb-kr-amherst,3004b15,1.16.1,18.649454,1.7534699440002441,0.6142280101776123,189.0,118.0,2033016,315488
ReverseDiff,Gradient-Of-Square-Norm,2025-09-15,1.11.6,jeb-kr-amherst,3004b15,1.16.1,18.647548,1.732145071029663,0.6091628074645996,190.0,122.0,2050448,315448
ReverseDiff,Gradient-Of-Square-Norm,2025-09-19,1.11.6,jeb-kr-amherst,3004b15,1.16.1,18.576267,1.7879860401153564,0.622528076171875,190.0,119.0,2053024,315632
ReverseDiff,Gradient-Of-Square-Norm,2025-09-20,1.11.7,jeb-kr-amherst,3004b15,1.16.1,18.384588,1.7413098812103271,0.614192008972168,190.0,121.0,2048332,321464
ReverseDiff,Gradient-Of-Square-Norm,2025-09-24,1.11.7,jeb-kr-amherst,3004b15,1.16.1,18.338967,1.7453398704528809,0.6153459548950195,190.0,121.0,2057504,321632
ReverseDiff,Gradient-Of-Square-Norm,2025-09-28,1.11.7,jeb-kr-amherst,3004b15,1.16.1,18.339856,1.759455919265747,0.6478579044342041,189.0,120.0,2054892,321708
ReverseDiff,Gradient-Of-Square-Norm,2025-10-02,1.11.7,jeb-kr-amherst,3004b15,1.16.1,18.468023,1.7356529235839844,0.6160640716552734,190.0,121.0,2053276,321364
ReverseDiff,Gradient-Of-Square-Norm,2025-10-03,1.11.7,jeb-kr-amherst,3004b15,1.16.1,45.040272,3.5045549869537354,1.45967698097229,147.0,101.0,2061380,321732
ReverseDiff,Gradient-Of-Square-Norm,2025-10-06,1.11.7,jeb-kr-amherst,3004b15,1.16.1,18.332574,1.7260470390319824,0.6128578186035156,190.0,121.0,2030800,321228
ReverseDiff,Gradient-Of-Square-Norm,2025-10-10,1.11.7,jeb-kr-amherst,3004b15,1.16.1,18.416126,1.7483270168304443,0.6200399398803711,190.0,119.0,2030108,321480
ReverseDiff,Gradient-Of-Square-Norm,2025-10-14,1.11.7,jeb-kr-amherst,3004b15,1.16.1,18.459004,1.783724069595337,0.6262688636779785,191.0,119.0,2047616,321828
ReverseDiff,Gradient-Of-Square-Norm,2025-10-15,1.12.0,jeb-kr-amherst,3004b15,1.16.1,23.693528,1.8355128765106201,0.7026519775390625,177.0,108.0,2124564,368480
ReverseDiff,Gradient-Of-Square-Norm,2025-10-19,1.12.0,jeb-kr-amherst,3004b15,1.16.1,23.512559,1.8554408550262451,0.6998231410980225,177.0,108.0,2128668,369364
ReverseDiff,Gradient-Of-Square-Norm,2025-10-23,1.12.0,jeb-kr-amherst,3004b15,1.16.1,23.442653,1.8360841274261475,0.7217838764190674,178.0,108.0,2124968,368940
ReverseDiff,Gradient-Of-Square-Norm,2025-10-24,1.12.0,jeb-kr-amherst,3004b15,1.16.1,23.629563,1.8623709678649902,0.7022049427032471,177.0,108.0,2127332,368752
ReverseDiff,Gradient-Of-Square-Norm,2025-10-25,1.12.1,jeb-kr-amherst,3004b15,1.16.1,23.910947,1.8729078769683838,0.7038049697875977,178.0,108.0,2086488,365592
ReverseDiff,Gradient-Of-Square-Norm,2025-10-29,1.12.1,jeb-kr-amherst,3004b15,1.16.1,24.055939,1.8862121105194092,0.714155912399292,177.0,108.0,2084820,366092
ReverseDiff,Gradient-Of-Square-Norm,2025-11-02,1.12.1,jeb-kr-amherst,3004b15,1.16.1,23.940189,1.863874912261963,0.7138631343841553,179.0,108.0,2087928,365200
ReverseDiff,Gradient-Of-Square-Norm,2025-11-06,1.12.1,jeb-kr-amherst,3004b15,1.16.1,23.90609,1.8575379848480225,0.7107870578765869,179.0,108.0,2134016,365852
ReverseDiff,Gradient-Of-Square-Norm,2025-11-10,1.12.1,jeb-kr-amherst,3004b15,1.16.1,24.114614,1.8509538173675537,0.7325501441955566,177.0,108.0,2086624,365736
ReverseDiff,Gradient-Of-Square-Norm,2025-11-14,1.12.1,jeb-kr-amherst,3004b15,1.16.1,23.862566,1.8621790409088135,0.7101900577545166,178.0,108.0,2097864,366656
ReverseDiff,Gradient-Of-Square-Norm,2025-11-18,1.12.1,jeb-kr-amherst,3004b15,1.16.1,24.193124,1.8664469718933105,0.7029609680175781,178.0,108.0,2084068,365964
ReverseDiff,Gradient-Of-Square-Norm,2025-11-23,1.12.2,jeb-kr-amherst,3004b15,1.16.1,26.473107,1.8656880855560303,0.7041230201721191,182.0,108.0,2107752,374840
ShareAdd,Get-Info-On-Stdlib-In-Internal-Shareadd-Format,2025-07-20,1.11.6,jeb-kr-amherst,3004b15,2.3.0,47.79527,0.7794508934020996,0.008028984069824219,203.0,149.0,2030872,388288
ShareAdd,Get-Info-On-Stdlib-In-Internal-Shareadd-Format,2025-07-24,1.11.6,jeb-kr-amherst,3004b15,2.3.0,47.20913,0.7427480220794678,0.008230924606323242,203.0,160.0,2045912,388660
ShareAdd,Get-Info-On-Stdlib-In-Internal-Shareadd-Format,2025-07-28,1.11.6,jeb-kr-amherst,3004b15,2.3.0,47.875566,0.7720777988433838,0.008069992065429688,203.0,142.0,2041952,388592
ShareAdd,Get-Info-On-Stdlib-In-Internal-Shareadd-Format,2025-08-01,1.11.6,jeb-kr-amherst,3004b15,2.3.0,47.54873,0.7748768329620361,0.008039236068725586,203.0,142.0,2055036,388840
ShareAdd,Get-Info-On-Stdlib-In-Internal-Shareadd-Format,2025-08-06,1.11.6,jeb-kr-amherst,3004b15,2.3.0,47.711148,0.7929518222808838,0.008112192153930664,203.0,154.0,2049840,388892
ShareAdd,Get-Info-On-Stdlib-In-Internal-Shareadd-Format,2025-08-10,1.11.6,jeb-kr-amherst,3004b15,2.3.0,47.880552,0.7674570083618164,0.00823211669921875,203.0,143.0,2046364,389200
ShareAdd,Get-Info-On-Stdlib-In-Internal-Shareadd-Format,2025-08-14,1.11.6,jeb-kr-amherst,3004b15,2.3.0,47.617412,0.750648021697998,0.008046865463256836,201.0,143.0,2033172,388380
ShareAdd,Get-Info-On-Stdlib-In-Internal-Shareadd-Format,2025-08-18,1.11.6,jeb-kr-amherst,3004b15,2.3.0,47.550615,0.782275915145874,0.008038043975830078,204.0,146.0,2033452,388944
ShareAdd,Get-Info-On-Stdlib-In-Internal-Shareadd-Format,2025-08-22,1.11.6,jeb-kr-amherst,3004b15,2.3.0,47.82694,0.7801799774169922,0.008048057556152344,203.0,142.0,2058012,388844
ShareAdd,Get-Info-On-Stdlib-In-Internal-Shareadd-Format,2025-08-26,1.11.6,jeb-kr-amherst,3004b15,2.3.0,47.777258,0.7796139717102051,0.007899999618530273,202.0,147.0,2043064,388884
ShareAdd,Get-Info-On-Stdlib-In-Internal-Shareadd-Format,2025-08-30,1.11.6,jeb-kr-amherst,3004b15,2.3.0,47.475122,0.7706248760223389,0.008010149002075195,202.0,142.0,2057624,388576
ShareAdd,Get-Info-On-Stdlib-In-Internal-Shareadd-Format,2025-09-03,1.11.6,jeb-kr-amherst,3004b15,2.3.0,47.654358,0.7766921520233154,0.008090972900390625,202.0,142.0,2043720,389056
ShareAdd,Get-Info-On-Stdlib-In-Internal-Shareadd-Format,2025-09-07,1.11.6,jeb-kr-amherst,3004b15,2.3.0,47.65856,0.7818529605865479,0.008054971694946289,204.0,146.0,2036304,388756
ShareAdd,Get-Info-On-Stdlib-In-Internal-Shareadd-Format,2025-09-11,1.11.6,jeb-kr-amherst,3004b15,2.3.0,47.316707,0.7723710536956787,0.008059024810791016,203.0,152.0,2050096,388716
ShareAdd,Get-Info-On-Stdlib-In-Internal-Shareadd-Format,2025-09-15,1.11.6,jeb-kr-amherst,3004b15,2.3.0,48.783279,0.7512781620025635,0.008287906646728516,204.0,159.0,2037704,388716
ShareAdd,Get-Info-On-Stdlib-In-Internal-Shareadd-Format,2025-09-19,1.11.6,jeb-kr-amherst,3004b15,2.3.0,47.618859,0.7824108600616455,0.007987022399902344,203.0,141.0,2043296,388300
ShareAdd,Get-Info-On-Stdlib-In-Internal-Shareadd-Format,2025-09-20,1.11.7,jeb-kr-amherst,3004b15,2.3.0,49.373326,0.77040696144104,0.007947921752929688,205.0,152.0,2027348,394716
ShareAdd,Get-Info-On-Stdlib-In-Internal-Shareadd-Format,2025-09-24,1.11.7,jeb-kr-amherst,3004b15,2.3.0,47.442919,0.7618441581726074,0.007921934127807617,203.0,151.0,2060816,394424
ShareAdd,Get-Info-On-Stdlib-In-Internal-Shareadd-Format,2025-09-28,1.11.7,jeb-kr-amherst,3004b15,2.3.0,47.555062,0.7986860275268555,0.007981061935424805,204.0,142.0,2031396,394380
ShareAdd,Get-Info-On-Stdlib-In-Internal-Shareadd-Format,2025-10-02,1.11.7,jeb-kr-amherst,3004b15,2.3.0,47.940601,0.795428991317749,0.007930994033813477,201.0,150.0,2027516,394076
ShareAdd,Get-Info-On-Stdlib-In-Internal-Shareadd-Format,2025-10-03,1.11.7,jeb-kr-amherst,3004b15,2.3.0,117.734274,1.766122817993164,0.01642012596130371,160.0,103.0,2054308,394476
ShareAdd,Get-Info-On-Stdlib-In-Internal-Shareadd-Format,2025-10-06,1.11.7,jeb-kr-amherst,3004b15,2.3.0,47.650776,0.7855210304260254,0.00790095329284668,202.0,142.0,2045492,394324
ShareAdd,Get-Info-On-Stdlib-In-Internal-Shareadd-Format,2025-10-10,1.11.7,jeb-kr-amherst,3004b15,2.3.0,47.401182,0.7502639293670654,0.007925033569335938,203.0,159.0,2029272,394180
ShareAdd,Get-Info-On-Stdlib-In-Internal-Shareadd-Format,2025-10-14,1.11.7,jeb-kr-amherst,3004b15,2.3.0,49.489708,0.8019001483917236,0.008261919021606445,204.0,152.0,2047292,394380
ShareAdd,Get-Info-On-Stdlib-In-Internal-Shareadd-Format,2025-10-15,1.12.0,jeb-kr-amherst,3004b15,2.3.0,33.906561,0.355741024017334,0.006300926208496094,199.0,113.0,2142060,390504
ShareAdd,Get-Info-On-Stdlib-In-Internal-Shareadd-Format,2025-10-19,1.12.0,jeb-kr-amherst,3004b15,2.3.0,30.956525,0.3457779884338379,0.0062978267669677734,200.0,114.0,2125080,390848
ShareAdd,Get-Info-On-Stdlib-In-Internal-Shareadd-Format,2025-10-24,1.12.0,jeb-kr-amherst,3004b15,2.3.0,30.578469,0.3446040153503418,0.00630497932434082,200.0,114.0,2115380,390672
ShareAdd,Get-Info-On-Stdlib-In-Internal-Shareadd-Format,2025-10-25,1.12.1,jeb-kr-amherst,3004b15,2.3.0,32.334444,0.36337709426879883,0.00659489631652832,202.0,113.0,2121424,388036
ShareAdd,Get-Info-On-Stdlib-In-Internal-Shareadd-Format,2025-10-29,1.12.1,jeb-kr-amherst,3004b15,2.3.0,32.172036,0.36093902587890625,0.006356954574584961,203.0,113.0,2125368,388156
ShareAdd,Get-Info-On-Stdlib-In-Internal-Shareadd-Format,2025-11-02,1.12.1,jeb-kr-amherst,3004b15,2.3.0,32.339998,0.3671910762786865,0.006742954254150391,202.0,113.0,2128412,388548
ShareAdd,Get-Info-On-Stdlib-In-Internal-Shareadd-Format,2025-11-06,1.12.1,jeb-kr-amherst,3004b15,2.3.0,35.967686,0.3579230308532715,0.006294965744018555,203.0,113.0,2129400,388084
ShareAdd,Get-Info-On-Stdlib-In-Internal-Shareadd-Format,2025-11-10,1.12.1,jeb-kr-amherst,3004b15,2.3.0,32.527622,0.3525080680847168,0.006306886672973633,203.0,113.0,2129052,388000
ShareAdd,Get-Info-On-Stdlib-In-Internal-Shareadd-Format,2025-11-14,1.12.1,jeb-kr-amherst,3004b15,2.3.0,32.219553,0.36018991470336914,0.006381988525390625,203.0,113.0,2128272,388320
ShareAdd,Get-Info-On-Stdlib-In-Internal-Shareadd-Format,2025-11-18,1.12.1,jeb-kr-amherst,3004b15,2.3.0,32.550893,0.36075711250305176,0.006414890289306641,203.0,113.0,2125424,388040
ShareAdd,Get-Info-On-Stdlib-In-Internal-Shareadd-Format,2025-11-23,1.12.2,jeb-kr-amherst,3004b15,2.3.0,34.207002,0.3541891574859619,0.006645917892456055,203.0,131.0,2155484,396740
ShareAdd,Get-Info-On-Stdlib-In-Internal-Shareadd-Format,2025-04-28,1.11.5,jeb-kr-amherst,8399c9b,2.1.1,46.02321,0.7509381771087646,0.007997989654541016,202.0,143.0,2036296,387308
ShareAdd,Get-Info-On-Stdlib-In-Internal-Shareadd-Format,2025-04-29,1.11.5,jeb-kr-amherst,8399c9b,2.1.1,46.222386,0.729748010635376,0.00797581672668457,201.0,161.0,2033380,387312
ShareAdd,Get-Info-On-Stdlib-In-Internal-Shareadd-Format,2025-04-30,1.11.5,jeb-kr-amherst,8399c9b,2.1.1,46.185828,0.7432980537414551,0.007914066314697266,202.0,144.0,2029344,387444
ShareAdd,Get-Info-On-Stdlib-In-Internal-Shareadd-Format,2025-05-01,1.11.5,jeb-kr-amherst,8399c9b,2.1.1,45.920724,0.7422599792480469,0.007831096649169922,202.0,144.0,2029356,387588
ShareAdd,Get-Info-On-Stdlib-In-Internal-Shareadd-Format,2025-05-02,1.11.5,jeb-kr-amherst,8399c9b,2.1.1,51.364385,0.8036630153656006,0.0084381103515625,206.0,150.0,2035292,387536
ShareAdd,Get-Info-On-Stdlib-In-Internal-Shareadd-Format,2025-05-03,1.11.5,jeb-kr-amherst,8399c9b,2.1.1,47.293775,0.730471134185791,0.007902860641479492,203.0,160.0,2040160,387152
ShareAdd,Get-Info-On-Stdlib-In-Internal-Shareadd-Format,2025-05-04,1.11.5,jeb-kr-amherst,8399c9b,2.1.1,45.834135,0.7189779281616211,0.007880926132202148,202.0,161.0,2050640,387580
ShareAdd,Get-Info-On-Stdlib-In-Internal-Shareadd-Format,2025-05-05,1.11.5,jeb-kr-amherst,8399c9b,2.1.1,68.414368,1.203057050704956,0.009271860122680664,207.0,138.0,2058336,387024
ShareAdd,Get-Info-On-Stdlib-In-Internal-Shareadd-Format,2025-05-06,1.11.5,jeb-kr-amherst,8399c9b,2.1.1,65.341947,0.978769063949585,0.010582923889160156,197.0,121.0,2041868,387668
ShareAdd,Get-Info-On-Stdlib-In-Internal-Shareadd-Format,2025-05-07,1.11.5,jeb-kr-amherst,8399c9b,2.1.1,48.034798,0.776857852935791,0.00810694694519043,202.0,149.0,2051716,387400
ShareAdd,Get-Info-On-Stdlib-In-Internal-Shareadd-Format,2025-05-08,1.11.5,jeb-kr-amherst,8399c9b,2.1.1,46.037459,0.7217299938201904,0.007943868637084961,202.0,161.0,2051168,387652
ShareAdd,Get-Info-On-Stdlib-In-Internal-Shareadd-Format,2025-05-09,1.11.5,jeb-kr-amherst,8399c9b,2.1.1,54.417097,0.8740048408508301,0.009192943572998047,203.0,151.0,2040460,387756
ShareAdd,Get-Info-On-Stdlib-In-Internal-Shareadd-Format,2025-05-10,1.11.5,jeb-kr-amherst,8399c9b,2.1.1,82.315809,0.9883360862731934,0.010085821151733398,187.0,146.0,2056904,387564
ShareAdd,Get-Info-On-Stdlib-In-Internal-Shareadd-Format,2025-05-11,1.11.5,jeb-kr-amherst,8399c9b,2.1.1,54.164929,0.8659658432006836,0.008906126022338867,206.0,147.0,2055980,387464
ShareAdd,Get-Info-On-Stdlib-In-Internal-Shareadd-Format,2025-05-12,1.11.5,jeb-kr-amherst,8399c9b,2.1.1,45.842093,0.7705869674682617,0.008018970489501953,202.0,143.0,2051900,387552
ShareAdd,Get-Info-On-Stdlib-In-Internal-Shareadd-Format,2025-05-13,1.11.5,jeb-kr-amherst,8399c9b,2.1.1,45.809838,0.7466640472412109,0.007941961288452148,202.0,144.0,2038144,387636
ShareAdd,Get-Info-On-Stdlib-In-Internal-Shareadd-Format,2025-05-14,1.11.5,jeb-kr-amherst,8399c9b,2.1.1,45.903782,0.7515311241149902,0.008210897445678711,202.0,144.0,2030312,387308
ShareAdd,Get-Info-On-Stdlib-In-Internal-Shareadd-Format,2025-05-15,1.11.5,jeb-kr-amherst,8399c9b,2.1.1,54.712476,0.8905861377716064,0.008893013000488281,200.0,151.0,2027624,387380
ShareAdd,Get-Info-On-Stdlib-In-Internal-Shareadd-Format,2025-05-16,1.11.5,jeb-kr-amherst,8399c9b,2.1.1,119.126099,1.7209279537200928,0.016156911849975586,174.0,104.0,2032468,387972
ShareAdd,Get-Info-On-Stdlib-In-Internal-Shareadd-Format,2025-05-18,1.11.5,jeb-kr-amherst,8399c9b,2.2.0,46.14684,0.720181941986084,0.007965087890625,202.0,159.0,2033916,387796
ShareAdd,Get-Info-On-Stdlib-In-Internal-Shareadd-Format,2025-05-19,1.11.5,jeb-kr-amherst,8399c9b,2.2.0,46.314443,0.74611496925354,0.00820016860961914,202.0,158.0,2049020,387364
ShareAdd,Get-Info-On-Stdlib-In-Internal-Shareadd-Format,2025-05-20,1.11.5,jeb-kr-amherst,8399c9b,2.2.0,46.150611,0.7306637763977051,0.007915019989013672,202.0,160.0,2050988,388064
ShareAdd,Get-Info-On-Stdlib-In-Internal-Shareadd-Format,2025-05-21,1.11.5,jeb-kr-amherst,8399c9b,2.2.0,46.23719,0.7198910713195801,0.00792694091796875,201.0,161.0,2050376,387492
ShareAdd,Get-Info-On-Stdlib-In-Internal-Shareadd-Format,2025-05-22,1.11.5,jeb-kr-amherst,8399c9b,2.2.0,46.287274,0.7388010025024414,0.007990837097167969,202.0,144.0,2029252,387896
ShareAdd,Get-Info-On-Stdlib-In-Internal-Shareadd-Format,2025-05-23,1.11.5,jeb-kr-amherst,8399c9b,2.2.0,46.083106,0.735537052154541,0.00804591178894043,203.0,160.0,2029716,387816
ShareAdd,Get-Info-On-Stdlib-In-Internal-Shareadd-Format,2025-05-24,1.11.5,jeb-kr-amherst,8399c9b,2.2.0,45.964342,0.7482540607452393,0.008026123046875,203.0,159.0,2031956,388252
ShareAdd,Get-Info-On-Stdlib-In-Internal-Shareadd-Format,2025-05-25,1.11.5,jeb-kr-amherst,8399c9b,2.2.0,45.968225,0.7193319797515869,0.007963895797729492,202.0,161.0,2020392,387564
ShareAdd,Get-Info-On-Stdlib-In-Internal-Shareadd-Format,2025-05-26,1.11.5,jeb-kr-amherst,8399c9b,2.2.0,46.171079,0.7609100341796875,0.008051872253417969,202.0,143.0,2031376,387604
ShareAdd,Get-Info-On-Stdlib-In-Internal-Shareadd-Format,2025-05-27,1.11.5,jeb-kr-amherst,8399c9b,2.2.0,46.17361,0.7183701992034912,0.007922887802124023,202.0,161.0,2050280,387500
ShareAdd,Get-Info-On-Stdlib-In-Internal-Shareadd-Format,2025-05-28,1.11.5,jeb-kr-amherst,8399c9b,2.2.0,45.603838,0.7155919075012207,0.007903099060058594,203.0,162.0,2036760,387780
ShareAdd,Get-Info-On-Stdlib-In-Internal-Shareadd-Format,2025-05-29,1.11.5,jeb-kr-amherst,8399c9b,2.2.0,45.859263,0.747715950012207,0.008047103881835938,202.0,159.0,2035244,387700
ShareAdd,Get-Info-On-Stdlib-In-Internal-Shareadd-Format,2025-05-30,1.11.5,jeb-kr-amherst,8399c9b,2.2.0,46.109627,0.7173120975494385,0.007871866226196289,201.0,162.0,2056240,388252
ShareAdd,Get-Info-On-Stdlib-In-Internal-Shareadd-Format,2025-05-31,1.11.5,jeb-kr-amherst,8399c9b,2.2.0,46.040012,0.7210800647735596,0.008027076721191406,202.0,161.0,2048784,387900
ShareAdd,Get-Info-On-Stdlib-In-Internal-Shareadd-Format,2025-06-01,1.11.5,jeb-kr-amherst,8399c9b,2.2.0,46.070395,0.7675039768218994,0.008016824722290039,202.0,152.0,2032296,387764
ShareAdd,Get-Info-On-Stdlib-In-Internal-Shareadd-Format,2025-06-02,1.11.5,jeb-kr-amherst,8399c9b,2.2.0,46.078748,0.7147378921508789,0.007893085479736328,202.0,162.0,2048236,387888
ShareAdd,Get-Info-On-Stdlib-In-Internal-Shareadd-Format,2025-06-03,1.11.5,jeb-kr-amherst,8399c9b,2.2.0,45.838957,0.7171978950500488,0.008096933364868164,202.0,161.0,2048364,387700
ShareAdd,Get-Info-On-Stdlib-In-Internal-Shareadd-Format,2025-06-04,1.11.5,jeb-kr-amherst,8399c9b,2.2.0,45.873003,0.7172760963439941,0.007877826690673828,202.0,161.0,2031880,387596
ShareAdd,Get-Info-On-Stdlib-In-Internal-Shareadd-Format,2025-06-05,1.11.5,jeb-kr-amherst,8399c9b,2.2.0,46.050445,0.7550270557403564,0.00805807113647461,202.0,155.0,2051832,387772
ShareAdd,Get-Info-On-Stdlib-In-Internal-Shareadd-Format,2025-06-06,1.11.5,jeb-kr-amherst,8399c9b,2.2.0,110.993216,1.697721004486084,0.015519142150878906,164.0,109.0,2046988,388152
ShareAdd,Get-Info-On-Stdlib-In-Internal-Shareadd-Format,2025-06-07,1.11.5,jeb-kr-amherst,8399c9b,2.2.0,117.251214,1.6347239017486572,0.019149065017700195,158.0,108.0,2044020,387908
ShareAdd,Get-Info-On-Stdlib-In-Internal-Shareadd-Format,2025-06-08,1.11.5,jeb-kr-amherst,8399c9b,2.2.0,117.347806,1.7555720806121826,0.01705193519592285,170.0,100.0,2058516,387620
ShareAdd,Get-Info-On-Stdlib-In-Internal-Shareadd-Format,2025-06-09,1.11.5,jeb-kr-amherst,8399c9b,2.2.0,72.679854,0.8801741600036621,0.010957956314086914,200.0,144.0,2027452,388220
ShareAdd,Get-Info-On-Stdlib-In-Internal-Shareadd-Format,2025-06-10,1.11.5,jeb-kr-amherst,8399c9b,2.2.0,48.073397,0.8116519451141357,0.010304927825927734,204.0,154.0,2030576,387200
ShareAdd,Get-Info-On-Stdlib-In-Internal-Shareadd-Format,2025-06-11,1.11.5,jeb-kr-amherst,8399c9b,2.2.0,46.276565,0.7188370227813721,0.007872819900512695,201.0,161.0,1997680,387480
ShareAdd,Get-Info-On-Stdlib-In-Internal-Shareadd-Format,2025-06-12,1.11.5,jeb-kr-amherst,8399c9b,2.2.0,46.101003,0.7216570377349854,0.00828099250793457,201.0,155.0,2016928,387728
ShareAdd,Get-Info-On-Stdlib-In-Internal-Shareadd-Format,2025-06-13,1.11.5,jeb-kr-amherst,8399c9b,2.2.0,45.928835,0.7207119464874268,0.007981061935424805,202.0,161.0,2049216,387708
ShareAdd,Get-Info-On-Stdlib-In-Internal-Shareadd-Format,2025-06-14,1.11.5,jeb-kr-amherst,8399c9b,2.2.0,45.949392,0.7479720115661621,0.007899999618530273,202.0,157.0,2050352,387908
ShareAdd,Get-Info-On-Stdlib-In-Internal-Shareadd-Format,2025-06-15,1.11.5,jeb-kr-amherst,8399c9b,2.2.0,46.849046,0.7271101474761963,0.008027791976928711,202.0,160.0,2031884,387764
ShareAdd,Get-Info-On-Stdlib-In-Internal-Shareadd-Format,2025-06-16,1.11.5,jeb-kr-amherst,8399c9b,2.2.0,46.083941,0.7236061096191406,0.007947921752929688,202.0,160.0,2032860,387240
ShareAdd,Get-Info-On-Stdlib-In-Internal-Shareadd-Format,2025-06-17,1.11.5,jeb-kr-amherst,8399c9b,2.2.0,45.836111,0.7210469245910645,0.007889032363891602,202.0,161.0,2049608,387824
ShareAdd,Get-Info-On-Stdlib-In-Internal-Shareadd-Format,2025-06-18,1.11.5,jeb-kr-amherst,8399c9b,2.2.0,46.048586,0.7161369323730469,0.007946014404296875,202.0,162.0,2029836,387852
ShareAdd,Get-Info-On-Stdlib-In-Internal-Shareadd-Format,2025-06-19,1.11.5,jeb-kr-amherst,8399c9b,2.2.0,46.101236,0.7257211208343506,0.007983922958374023,202.0,157.0,2050584,388080
ShareAdd,Get-Info-On-Stdlib-In-Internal-Shareadd-Format,2025-06-20,1.11.5,jeb-kr-amherst,8399c9b,2.2.0,114.221114,0.9544861316680908,0.012569904327392578,171.0,146.0,2041016,388072
ShareAdd,Get-Info-On-Stdlib-In-Internal-Shareadd-Format,2025-06-21,1.11.5,jeb-kr-amherst,8399c9b,2.2.0,49.577401,0.7617628574371338,0.008019208908081055,204.0,156.0,2042540,387592
ShareAdd,Get-Info-On-Stdlib-In-Internal-Shareadd-Format,2025-06-22,1.11.5,jeb-kr-amherst,8399c9b,2.2.0,46.690679,0.7435860633850098,0.008111000061035156,202.0,160.0,2035344,387688
ShareAdd,Get-Info-On-Stdlib-In-Internal-Shareadd-Format,2025-06-23,1.11.5,jeb-kr-amherst,8399c9b,2.3.0,46.357085,0.722538948059082,0.008383989334106445,202.0,161.0,2033156,387944
ShareAdd,Get-Info-On-Stdlib-In-Internal-Shareadd-Format,2025-06-24,1.11.5,jeb-kr-amherst,8399c9b,2.3.0,46.206555,0.7230911254882812,0.00804901123046875,202.0,161.0,2033604,388316
ShareAdd,Get-Info-On-Stdlib-In-Internal-Shareadd-Format,2025-06-25,1.11.5,jeb-kr-amherst,8399c9b,2.3.0,56.783267,0.8309531211853027,0.008700847625732422,206.0,154.0,2038816,388404
ShareAdd,Get-Info-On-Stdlib-In-Internal-Shareadd-Format,2025-06-26,1.11.5,jeb-kr-amherst,8399c9b,2.3.0,99.107734,0.9745211601257324,0.010365009307861328,169.0,135.0,2068968,388460
ShareAdd,Get-Info-On-Stdlib-In-Internal-Shareadd-Format,2025-06-27,1.11.5,jeb-kr-amherst,8399c9b,2.3.0,53.003169,0.9693660736083984,0.00964498519897461,204.0,124.0,2039684,388556
ShareAdd,Get-Info-On-Stdlib-In-Internal-Shareadd-Format,2025-06-28,1.11.5,jeb-kr-amherst,8399c9b,2.3.0,48.376357,0.8049790859222412,0.008623123168945312,202.0,141.0,2052476,388368
ShareAdd,Get-Info-On-Stdlib-In-Internal-Shareadd-Format,2025-06-29,1.11.5,jeb-kr-amherst,8399c9b,2.3.0,46.177799,0.766855001449585,0.007942914962768555,202.0,155.0,2054300,388384
ShareAdd,Get-Info-On-Stdlib-In-Internal-Shareadd-Format,2025-06-30,1.11.5,jeb-kr-amherst,8399c9b,2.3.0,46.2669,0.7561929225921631,0.008021116256713867,202.0,159.0,2033600,388544
ShareAdd,Get-Info-On-Stdlib-In-Internal-Shareadd-Format,2025-07-01,1.11.5,jeb-kr-amherst,8399c9b,2.3.0,47.072269,0.716001033782959,0.00810098648071289,200.0,162.0,2021200,388336
ShareAdd,Get-Info-On-Stdlib-In-Internal-Shareadd-Format,2025-07-02,1.11.5,jeb-kr-amherst,8399c9b,2.3.0,46.440012,0.7259809970855713,0.008033990859985352,201.0,157.0,2053556,388436
ShareAdd,Get-Info-On-Stdlib-In-Internal-Shareadd-Format,2025-07-03,1.11.5,jeb-kr-amherst,8399c9b,2.3.0,47.365521,0.7226748466491699,0.007892131805419922,199.0,161.0,2033000,388240
ShareAdd,Get-Info-On-Stdlib-In-Internal-Shareadd-Format,2025-07-04,1.11.5,jeb-kr-amherst,8399c9b,2.3.0,46.347942,0.7210490703582764,0.007898092269897461,201.0,161.0,2028672,388108
ShareAdd,Get-Info-On-Stdlib-In-Internal-Shareadd-Format,2025-07-05,1.11.5,jeb-kr-amherst,8399c9b,2.3.0,46.165973,0.7216780185699463,0.007953882217407227,202.0,161.0,2017320,388184
ShareAdd,Get-Info-On-Stdlib-In-Internal-Shareadd-Format,2025-07-06,1.11.5,jeb-kr-amherst,8399c9b,2.3.0,46.526155,0.751349925994873,0.00808095932006836,201.0,159.0,2033144,388228
ShareAdd,Get-Info-On-Stdlib-In-Internal-Shareadd-Format,2025-07-07,1.11.5,jeb-kr-amherst,8399c9b,2.3.0,46.630805,0.7246029376983643,0.007983922958374023,201.0,161.0,2031908,387892
ShareAdd,Get-Info-On-Stdlib-In-Internal-Shareadd-Format,2025-07-08,1.11.5,jeb-kr-amherst,8399c9b,2.3.0,46.284661,0.7274551391601562,0.007844924926757812,202.0,160.0,2051972,388216
ShareAdd,Get-Info-On-Stdlib-In-Internal-Shareadd-Format,2025-07-09,1.11.5,jeb-kr-amherst,8399c9b,2.3.0,46.408931,0.7255940437316895,0.00800013542175293,202.0,161.0,2038300,388072
ShareAdd,Get-Info-On-Stdlib-In-Internal-Shareadd-Format,2025-07-10,1.11.5,jeb-kr-amherst,8399c9b,2.3.0,46.427585,0.752316951751709,0.008046150207519531,202.0,159.0,2017112,388568
ShareAdd,Get-Info-On-Stdlib-In-Internal-Shareadd-Format,2025-07-11,1.11.5,jeb-kr-amherst,8399c9b,2.3.0,46.134415,0.7668869495391846,0.007884025573730469,202.0,152.0,2049908,388468
ShareAdd,Get-Info-On-Stdlib-In-Internal-Shareadd-Format,2025-07-12,1.11.5,jeb-kr-amherst,8399c9b,2.3.0,47.757773,0.7200021743774414,0.007920980453491211,201.0,161.0,2053876,388196
ShareAdd,Get-Info-On-Stdlib-In-Internal-Shareadd-Format,2025-07-13,1.11.5,jeb-kr-amherst,8399c9b,2.3.0,46.41734,0.7389590740203857,0.00783991813659668,202.0,156.0,2049236,388604
ShareAdd,Get-Info-On-Stdlib-In-Internal-Shareadd-Format,2025-07-14,1.11.5,jeb-kr-amherst,8399c9b,2.3.0,46.480852,0.7238709926605225,0.00795602798461914,202.0,161.0,2018852,388100
ShareAdd,Get-Info-On-Stdlib-In-Internal-Shareadd-Format,2025-07-15,1.11.5,jeb-kr-amherst,8399c9b,2.3.0,47.117991,0.7376508712768555,0.007990121841430664,201.0,144.0,2053208,388112
ShareAdd,Get-Info-On-Stdlib-In-Internal-Shareadd-Format,2025-07-16,1.11.5,jeb-kr-amherst,8399c9b,2.3.0,46.335133,0.7239491939544678,0.007910013198852539,202.0,161.0,2050792,388300
ShareAdd,Get-Info-On-Stdlib-In-Internal-Shareadd-Format,2025-07-17,1.11.5,jeb-kr-amherst,8399c9b,2.3.0,46.194854,0.7376229763031006,0.008060932159423828,202.0,160.0,2052392,388272
ShareAdd,Get-Info-On-Stdlib-In-Internal-Shareadd-Format,2025-07-18,1.11.5,jeb-kr-amherst,8399c9b,2.3.0,46.059463,0.7620739936828613,0.00793600082397461,202.0,143.0,2037624,388480
ShareAdd,Get-Info-On-Stdlib-In-Internal-Shareadd-Format,2025-07-19,1.11.5,jeb-kr-amherst,8399c9b,2.3.0,46.32488,0.7256090641021729,0.007890939712524414,202.0,161.0,2052276,388344
ShareAdd,Get-Info-On-Stdlib-In-Internal-Shareadd-Format,2025-10-13,1.12.0,jeb-kr-amherst,8399c9b,2.3.0,30.517901,0.3484828472137451,0.006257057189941406,200.0,114.0,2116780,390304
ShareAdd,Get-Info-On-Stdlib-In-Internal-Shareadd-Format,2025-10-13,alpha,jeb-kr-amherst,8399c9b,2.3.0,30.550805,0.34581780433654785,0.0062961578369140625,201.0,114.0,2126680,390340
ShareAdd,Get-Info-On-Stdlib-In-Internal-Shareadd-Format,2025-10-13,lts,jeb-kr-amherst,8399c9b,2.3.0,4.411185,0.14182209968566895,0.0038881301879882812,141.0,220.0,418364,260168
ShareAdd,Get-Info-On-Stdlib-In-Internal-Shareadd-Format,2025-10-13,nightly,jeb-kr-amherst,8399c9b,2.3.0,48.914415,0.34928417205810547,0.006361961364746094,187.0,100.0,2566920,371508
ShareAdd,Get-Info-On-Stdlib-In-Internal-Shareadd-Format,2025-10-13,release,jeb-kr-amherst,8399c9b,2.3.0,30.967417,0.3495759963989258,0.006381988525390625,199.0,114.0,2122788,390628
SparseMatrixColorings,Basic-Coloring,2025-10-15,1.12.0,jeb-kr-amherst,3004b15,0.4.21,8.285575,0.17091798782348633,0.08260703086853027,170.0,117.0,2126280,308032
SparseMatrixColorings,Basic-Coloring,2025-10-19,1.12.0,jeb-kr-amherst,3004b15,0.4.21,8.240738,0.1692202091217041,0.0834968090057373,171.0,116.0,2134884,307520
SparseMatrixColorings,Basic-Coloring,2025-10-24,1.12.0,jeb-kr-amherst,3004b15,0.4.21,8.259938,0.17008519172668457,0.08259987831115723,172.0,117.0,2126296,307892
SparseMatrixColorings,Basic-Coloring,2025-10-25,1.12.1,jeb-kr-amherst,3004b15,0.4.21,8.338888,0.1719379425048828,0.08220291137695312,171.0,117.0,2085588,303592
SparseMatrixColorings,Basic-Coloring,2025-10-29,1.12.1,jeb-kr-amherst,3004b15,0.4.21,8.351531,0.1690521240234375,0.0831308364868164,172.0,117.0,2084996,304044
SparseMatrixColorings,Basic-Coloring,2025-11-02,1.12.1,jeb-kr-amherst,3004b15,0.4.21,8.345139,0.1704721450805664,0.08419299125671387,171.0,117.0,2087320,303900
SparseMatrixColorings,Basic-Coloring,2025-11-06,1.12.1,jeb-kr-amherst,3004b15,0.4.21,8.240818,0.1730508804321289,0.08355116844177246,172.0,117.0,2088184,303948
SparseMatrixColorings,Basic-Coloring,2025-11-10,1.12.1,jeb-kr-amherst,3004b15,0.4.21,8.316046,0.16952800750732422,0.08217096328735352,172.0,117.0,2133828,304200
SparseMatrixColorings,Basic-Coloring,2025-11-14,1.12.1,jeb-kr-amherst,3004b15,0.4.21,8.352912,0.17310214042663574,0.08559179306030273,171.0,117.0,2087772,303556
SparseMatrixColorings,Basic-Coloring,2025-11-18,1.12.1,jeb-kr-amherst,3004b15,0.4.21,8.219029,0.1700890064239502,0.08316898345947266,172.0,117.0,2088452,303660
SparseMatrixColorings,Basic-Coloring,2025-11-23,1.12.2,jeb-kr-amherst,3004b15,0.4.21,8.924446,0.16812610626220703,0.08188700675964355,169.0,117.0,2104680,309840
StaticArrays,Matrix-Multiplication,2025-07-20,1.11.6,jeb-kr-amherst,3004b15,1.9.14,6.142036,0.14769983291625977,0.09749698638916016,176.0,234.0,2036364,255616
StaticArrays,Matrix-Multiplication,2025-07-24,1.11.6,jeb-kr-amherst,3004b15,1.9.14,6.300319,0.17752885818481445,0.09998393058776855,178.0,189.0,2058608,255488
StaticArrays,Matrix-Multiplication,2025-07-28,1.11.6,jeb-kr-amherst,3004b15,1.9.14,6.071353,0.1437239646911621,0.09689593315124512,176.0,237.0,2034800,255232
StaticArrays,Matrix-Multiplication,2025-08-01,1.11.6,jeb-kr-amherst,3004b15,1.9.14,6.077559,0.1870589256286621,0.0972890853881836,178.0,198.0,2050244,255744
StaticArrays,Matrix-Multiplication,2025-08-06,1.11.6,jeb-kr-amherst,3004b15,1.9.14,6.167732,0.1459031105041504,0.1000518798828125,177.0,235.0,2035812,255488
StaticArrays,Matrix-Multiplication,2025-08-10,1.11.6,jeb-kr-amherst,3004b15,1.9.14,6.090334,0.17115998268127441,0.10129284858703613,177.0,218.0,2032708,255488
StaticArrays,Matrix-Multiplication,2025-08-14,1.11.6,jeb-kr-amherst,3004b15,1.9.14,6.112444,0.14536118507385254,0.09930086135864258,178.0,235.0,2051360,255360
StaticArrays,Matrix-Multiplication,2025-08-18,1.11.6,jeb-kr-amherst,3004b15,1.9.14,6.09783,0.1568140983581543,0.09690690040588379,177.0,201.0,2024876,255356
StaticArrays,Matrix-Multiplication,2025-08-22,1.11.6,jeb-kr-amherst,3004b15,1.9.14,6.037238,0.1599287986755371,0.0996541976928711,178.0,226.0,2052580,255488
StaticArrays,Matrix-Multiplication,2025-08-26,1.11.6,jeb-kr-amherst,3004b15,1.9.14,6.211226,0.18041014671325684,0.09840893745422363,178.0,189.0,2036928,255488
StaticArrays,Matrix-Multiplication,2025-08-30,1.11.6,jeb-kr-amherst,3004b15,1.9.14,6.057147,0.18773412704467773,0.10166788101196289,178.0,197.0,2037628,255612
StaticArrays,Matrix-Multiplication,2025-09-03,1.11.6,jeb-kr-amherst,3004b15,1.9.14,6.111725,0.17372798919677734,0.10039901733398438,177.0,191.0,2023016,255872
StaticArrays,Matrix-Multiplication,2025-09-07,1.11.6,jeb-kr-amherst,3004b15,1.9.14,6.193204,0.14859914779663086,0.10306882858276367,177.0,224.0,2026104,255360
StaticArrays,Matrix-Multiplication,2025-09-11,1.11.6,jeb-kr-amherst,3004b15,1.9.14,6.135383,0.1887989044189453,0.10111498832702637,174.0,208.0,2039492,255744
StaticArrays,Matrix-Multiplication,2025-09-15,1.11.6,jeb-kr-amherst,3004b15,1.9.14,6.10361,0.18581199645996094,0.09780001640319824,181.0,199.0,2031848,255716
StaticArrays,Matrix-Multiplication,2025-09-19,1.11.6,jeb-kr-amherst,3004b15,1.9.14,6.154482,0.15091395378112793,0.09854388236999512,178.0,225.0,2035648,255480
StaticArrays,Matrix-Multiplication,2025-09-20,1.11.7,jeb-kr-amherst,3004b15,1.9.14,6.060436,0.18021702766418457,0.09739804267883301,177.0,188.0,2056448,261504
StaticArrays,Matrix-Multiplication,2025-09-24,1.11.7,jeb-kr-amherst,3004b15,1.9.14,6.022616,0.1511220932006836,0.09689998626708984,177.0,216.0,2042220,261608
StaticArrays,Matrix-Multiplication,2025-09-28,1.11.7,jeb-kr-amherst,3004b15,1.9.14,6.057004,0.18054699897766113,0.09834909439086914,177.0,188.0,2029024,261504
StaticArrays,Matrix-Multiplication,2025-10-02,1.11.7,jeb-kr-amherst,3004b15,1.9.14,6.013199,0.14843392372131348,0.09918689727783203,178.0,231.0,2022168,261376
StaticArrays,Matrix-Multiplication,2025-10-03,1.11.7,jeb-kr-amherst,3004b15,1.9.14,14.005401,0.31050992012023926,0.22914719581604004,147.0,113.0,2041408,261504
StaticArrays,Matrix-Multiplication,2025-10-06,1.11.7,jeb-kr-amherst,3004b15,1.9.14,6.092129,0.14805197715759277,0.09795188903808594,176.0,231.0,2048100,261504
StaticArrays,Matrix-Multiplication,2025-10-10,1.11.7,jeb-kr-amherst,3004b15,1.9.14,6.138415,0.18327713012695312,0.0976860523223877,176.0,186.0,2047396,261504
StaticArrays,Matrix-Multiplication,2025-10-14,1.11.7,jeb-kr-amherst,3004b15,1.9.14,6.067192,0.1737370491027832,0.09970307350158691,180.0,189.0,2052856,262016
StaticArrays,Matrix-Multiplication,2025-10-15,1.12.0,jeb-kr-amherst,3004b15,1.9.14,6.462092,0.11235499382019043,0.07173395156860352,169.0,120.0,2132652,305112
StaticArrays,Matrix-Multiplication,2025-10-19,1.12.0,jeb-kr-amherst,3004b15,1.9.14,6.628304,0.11323785781860352,0.0733790397644043,168.0,120.0,2133804,305472
StaticArrays,Matrix-Multiplication,2025-10-24,1.12.0,jeb-kr-amherst,3004b15,1.9.14,6.546985,0.11677694320678711,0.07364511489868164,167.0,119.0,2124020,305084
StaticArrays,Matrix-Multiplication,2025-10-25,1.12.1,jeb-kr-amherst,3004b15,1.9.14,6.671255,0.11480093002319336,0.0759739875793457,170.0,120.0,2088612,301452
StaticArrays,Matrix-Multiplication,2025-10-29,1.12.1,jeb-kr-amherst,3004b15,1.9.14,6.65617,0.11417293548583984,0.0736849308013916,167.0,120.0,2087172,301512
StaticArrays,Matrix-Multiplication,2025-11-02,1.12.1,jeb-kr-amherst,3004b15,1.9.14,6.663971,0.11490106582641602,0.07387399673461914,168.0,120.0,2088208,301104
StaticArrays,Matrix-Multiplication,2025-11-06,1.12.1,jeb-kr-amherst,3004b15,1.9.14,6.574146,0.1180429458618164,0.0733330249786377,168.0,119.0,2089516,301596
StaticArrays,Matrix-Multiplication,2025-11-10,1.12.1,jeb-kr-amherst,3004b15,1.9.14,6.742602,0.11473417282104492,0.0735769271850586,167.0,120.0,2086688,301728
StaticArrays,Matrix-Multiplication,2025-11-14,1.12.1,jeb-kr-amherst,3004b15,1.9.14,6.660189,0.1144261360168457,0.07246899604797363,167.0,120.0,2085016,301464
StaticArrays,Matrix-Multiplication,2025-11-18,1.12.1,jeb-kr-amherst,3004b15,1.9.14,6.68694,0.11509394645690918,0.07329010963439941,168.0,120.0,2088060,301628
StaticArrays,Matrix-Multiplication,2025-11-23,1.12.2,jeb-kr-amherst,3004b15,1.9.14,7.275277,0.1132209300994873,0.07328605651855469,166.0,120.0,2147528,308124
UnROOT,Loading-A-Typical-Hep-Ex--Root-File,2025-07-20,1.11.6,jeb-kr-amherst,3004b15,0.10.37,68.455037,1.9312958717346191,1.3499741554260254,260.0,117.0,2055764,462160
UnROOT,Loading-A-Typical-Hep-Ex--Root-File,2025-07-24,1.11.6,jeb-kr-amherst,3004b15,0.10.37,71.137235,1.9380159378051758,1.3649141788482666,259.0,113.0,2054300,466116
UnROOT,Loading-A-Typical-Hep-Ex--Root-File,2025-07-28,1.11.6,jeb-kr-amherst,3004b15,0.10.37,68.10031,1.963136911392212,1.3331780433654785,262.0,117.0,2038348,464300
UnROOT,Loading-A-Typical-Hep-Ex--Root-File,2025-08-01,1.11.6,jeb-kr-amherst,3004b15,0.10.37,67.119736,1.9300639629364014,1.5600969791412354,260.0,112.0,2038720,460508
UnROOT,Loading-A-Typical-Hep-Ex--Root-File,2025-08-06,1.11.6,jeb-kr-amherst,3004b15,0.10.37,67.400215,1.9534640312194824,1.408473014831543,260.0,113.0,2012060,462696
UnROOT,Loading-A-Typical-Hep-Ex--Root-File,2025-08-10,1.11.6,jeb-kr-amherst,3004b15,0.10.37,69.87432,1.9799690246582031,1.426016092300415,259.0,113.0,2044444,463724
UnROOT,Loading-A-Typical-Hep-Ex--Root-File,2025-08-14,1.11.6,jeb-kr-amherst,3004b15,0.10.37,67.518588,1.9202711582183838,1.5095868110656738,260.0,116.0,2037396,460968
UnROOT,Loading-A-Typical-Hep-Ex--Root-File,2025-08-18,1.11.6,jeb-kr-amherst,3004b15,0.10.37,70.231738,1.9460978507995605,1.3973782062530518,260.0,113.0,2043852,465788
UnROOT,Loading-A-Typical-Hep-Ex--Root-File,2025-08-22,1.11.6,jeb-kr-amherst,3004b15,0.10.37,66.832962,1.922672986984253,1.368699073791504,261.0,113.0,2022248,461180
UnROOT,Loading-A-Typical-Hep-Ex--Root-File,2025-08-26,1.11.6,jeb-kr-amherst,3004b15,0.10.37,67.658288,1.9110639095306396,1.3642339706420898,261.0,117.0,2038296,460952
UnROOT,Loading-A-Typical-Hep-Ex--Root-File,2025-08-30,1.11.6,jeb-kr-amherst,3004b15,0.10.37,69.779334,1.9361498355865479,1.3660571575164795,260.0,113.0,2038488,463344
UnROOT,Loading-A-Typical-Hep-Ex--Root-File,2025-09-03,1.11.6,jeb-kr-amherst,3004b15,0.10.37,68.034457,1.9152178764343262,1.9071710109710693,261.0,115.0,2052496,459956
UnROOT,Loading-A-Typical-Hep-Ex--Root-File,2025-09-07,1.11.6,jeb-kr-amherst,3004b15,0.10.37,67.784615,1.975107192993164,1.3207409381866455,261.0,117.0,2039968,462932
UnROOT,Loading-A-Typical-Hep-Ex--Root-File,2025-09-11,1.11.6,jeb-kr-amherst,3004b15,0.10.37,70.030832,2.012315034866333,1.408634901046753,259.0,112.0,2021020,463004
UnROOT,Loading-A-Typical-Hep-Ex--Root-File,2025-09-15,1.11.6,jeb-kr-amherst,3004b15,0.10.37,69.625771,1.8958439826965332,1.3784971237182617,259.0,117.0,2058436,462440
UnROOT,Loading-A-Typical-Hep-Ex--Root-File,2025-09-19,1.11.6,jeb-kr-amherst,3004b15,0.10.37,67.469737,1.9402079582214355,1.3473601341247559,260.0,117.0,2037544,463868
UnROOT,Loading-A-Typical-Hep-Ex--Root-File,2025-09-20,1.11.7,jeb-kr-amherst,3004b15,0.10.37,69.690312,1.8929951190948486,1.3948209285736084,259.0,117.0,2013448,472476
UnROOT,Loading-A-Typical-Hep-Ex--Root-File,2025-09-24,1.11.7,jeb-kr-amherst,3004b15,0.10.37,67.762539,1.9239299297332764,1.3404350280761719,261.0,114.0,2047540,468532
UnROOT,Loading-A-Typical-Hep-Ex--Root-File,2025-09-28,1.11.7,jeb-kr-amherst,3004b15,0.10.37,70.212341,1.924238920211792,1.3558950424194336,257.0,113.0,2031420,471104
UnROOT,Loading-A-Typical-Hep-Ex--Root-File,2025-10-02,1.11.7,jeb-kr-amherst,3004b15,0.10.37,67.776881,1.9900059700012207,1.330528974533081,260.0,114.0,2036592,469040
UnROOT,Loading-A-Typical-Hep-Ex--Root-File,2025-10-03,1.11.7,jeb-kr-amherst,3004b15,0.10.37,149.648854,3.6521499156951904,2.595529079437256,191.0,104.0,2068696,475688
UnROOT,Loading-A-Typical-Hep-Ex--Root-File,2025-10-06,1.11.7,jeb-kr-amherst,3004b15,0.10.37,70.103641,1.9319489002227783,1.3699941635131836,260.0,113.0,2055432,470196
UnROOT,Loading-A-Typical-Hep-Ex--Root-File,2025-10-10,1.11.7,jeb-kr-amherst,3004b15,0.10.37,66.974684,1.8952040672302246,1.3209669589996338,261.0,117.0,2056300,468516
UnROOT,Loading-A-Typical-Hep-Ex--Root-File,2025-10-14,1.11.7,jeb-kr-amherst,3004b15,0.10.37,68.046295,2.0007359981536865,1.3551390171051025,261.0,113.0,2053260,468984
Zygote,Gradient-Of-Square-Norm,2025-07-20,1.11.6,jeb-kr-amherst,3004b15,0.7.10,35.217429,0.5962851047515869,0.3983578681945801,208.0,136.0,2050364,340960
Zygote,Gradient-Of-Square-Norm,2025-07-24,1.11.6,jeb-kr-amherst,3004b15,0.7.10,35.436731,0.5959558486938477,0.39348912239074707,210.0,136.0,2030708,340836
Zygote,Gradient-Of-Square-Norm,2025-07-28,1.11.6,jeb-kr-amherst,3004b15,0.7.10,34.96649,0.571160078048706,0.4003119468688965,209.0,149.0,2034172,340692
Zygote,Gradient-Of-Square-Norm,2025-08-01,1.11.6,jeb-kr-amherst,3004b15,0.7.10,35.172429,0.5715889930725098,0.3929779529571533,209.0,137.0,2035536,340656
Zygote,Gradient-Of-Square-Norm,2025-08-06,1.11.6,jeb-kr-amherst,3004b15,0.7.10,35.137938,0.6032822132110596,0.40898680686950684,211.0,135.0,2024660,340988
Zygote,Gradient-Of-Square-Norm,2025-08-10,1.11.6,jeb-kr-amherst,3004b15,0.7.10,35.173653,0.5645058155059814,0.3958780765533447,210.0,150.0,2036860,340900
Zygote,Gradient-Of-Square-Norm,2025-08-14,1.11.6,jeb-kr-amherst,3004b15,0.7.10,35.405101,0.5587260723114014,0.3928558826446533,209.0,150.0,2024360,341012
Zygote,Gradient-Of-Square-Norm,2025-08-18,1.11.6,jeb-kr-amherst,3004b15,0.7.10,35.176355,0.5511629581451416,0.39538002014160156,210.0,150.0,2051816,341032
Zygote,Gradient-Of-Square-Norm,2025-08-22,1.11.6,jeb-kr-amherst,3004b15,0.7.10,35.056234,0.6008200645446777,0.3980228900909424,210.0,141.0,2018192,341096
Zygote,Gradient-Of-Square-Norm,2025-08-26,1.11.6,jeb-kr-amherst,3004b15,0.7.10,35.010693,0.5981600284576416,0.40372681617736816,209.0,136.0,2027364,340820
Zygote,Gradient-Of-Square-Norm,2025-08-30,1.11.6,jeb-kr-amherst,3004b15,0.7.10,35.094585,0.5618131160736084,0.3900918960571289,209.0,148.0,2034460,341096
Zygote,Gradient-Of-Square-Norm,2025-09-03,1.11.6,jeb-kr-amherst,3004b15,0.7.10,34.982085,0.5772719383239746,0.39388298988342285,210.0,143.0,2049820,340980
Zygote,Gradient-Of-Square-Norm,2025-09-07,1.11.6,jeb-kr-amherst,3004b15,0.7.10,35.063121,0.5580899715423584,0.40043187141418457,209.0,149.0,2042984,341252
Zygote,Gradient-Of-Square-Norm,2025-09-11,1.11.6,jeb-kr-amherst,3004b15,0.7.10,36.590502,0.5731379985809326,0.40437984466552734,210.0,143.0,2035664,341112
Zygote,Gradient-Of-Square-Norm,2025-09-15,1.11.6,jeb-kr-amherst,3004b15,0.7.10,35.19739,0.5637550354003906,0.39187097549438477,209.0,142.0,2022756,340948
Zygote,Gradient-Of-Square-Norm,2025-09-19,1.11.6,jeb-kr-amherst,3004b15,0.7.10,35.124711,0.5721831321716309,0.3961758613586426,210.0,145.0,2035284,340852
Zygote,Gradient-Of-Square-Norm,2025-09-20,1.11.7,jeb-kr-amherst,3004b15,0.7.10,35.218465,0.581096887588501,0.39930105209350586,209.0,146.0,2029952,347216
Zygote,Gradient-Of-Square-Norm,2025-09-24,1.11.7,jeb-kr-amherst,3004b15,0.7.10,35.57704,0.6100349426269531,0.4075920581817627,209.0,135.0,2054696,346688
Zygote,Gradient-Of-Square-Norm,2025-09-28,1.11.7,jeb-kr-amherst,3004b15,0.7.10,35.129236,0.5865709781646729,0.4088740348815918,208.0,136.0,2035944,346700
Zygote,Gradient-Of-Square-Norm,2025-10-02,1.11.7,jeb-kr-amherst,3004b15,0.7.10,36.1973,0.6293461322784424,0.41539597511291504,208.0,141.0,2029492,347140
Zygote,Gradient-Of-Square-Norm,2025-10-03,1.11.7,jeb-kr-amherst,3004b15,0.7.10,72.230329,0.9181079864501953,0.6078798770904541,180.0,121.0,2030348,346996
Zygote,Gradient-Of-Square-Norm,2025-10-06,1.11.7,jeb-kr-amherst,3004b15,0.7.10,35.1772,0.5764820575714111,0.3940701484680176,210.0,136.0,2023720,346588
Zygote,Gradient-Of-Square-Norm,2025-10-10,1.11.7,jeb-kr-amherst,3004b15,0.7.10,35.637868,0.5622138977050781,0.3932499885559082,210.0,145.0,2055648,346776
Zygote,Gradient-Of-Square-Norm,2025-10-14,1.11.7,jeb-kr-amherst,3004b15,0.7.10,35.075575,0.5620551109313965,0.3940238952636719,210.0,150.0,2025436,346216
Zygote,Gradient-Of-Square-Norm,2025-10-15,1.12.0,jeb-kr-amherst,3004b15,0.7.10,41.119308,0.555354118347168,0.40016794204711914,201.0,115.0,2127908,395256
Zygote,Gradient-Of-Square-Norm,2025-10-19,1.12.0,jeb-kr-amherst,3004b15,0.7.10,40.731404,0.581165075302124,0.39757394790649414,201.0,115.0,2130616,394840
Zygote,Gradient-Of-Square-Norm,2025-10-24,1.12.0,jeb-kr-amherst,3004b15,0.7.10,40.903826,0.5502350330352783,0.39663004875183105,200.0,115.0,2128004,395364
Zygote,Gradient-Of-Square-Norm,2025-10-25,1.12.1,jeb-kr-amherst,3004b15,0.7.10,40.835112,0.563633918762207,0.4014010429382324,200.0,115.0,2088780,390428
Zygote,Gradient-Of-Square-Norm,2025-10-29,1.12.1,jeb-kr-amherst,3004b15,0.7.10,40.960547,0.5501840114593506,0.41034698486328125,200.0,115.0,2087260,390328
Zygote,Gradient-Of-Square-Norm,2025-11-02,1.12.1,jeb-kr-amherst,3004b15,0.7.10,40.968462,0.563136100769043,0.3957839012145996,202.0,115.0,2087824,390508
Zygote,Gradient-Of-Square-Norm,2025-11-06,1.12.1,jeb-kr-amherst,3004b15,0.7.10,41.155282,0.5545229911804199,0.3960602283477783,200.0,115.0,2088644,390740
Zygote,Gradient-Of-Square-Norm,2025-11-10,1.12.1,jeb-kr-amherst,3004b15,0.7.10,41.193806,0.5554578304290771,0.39478516578674316,200.0,116.0,2086272,393956
Zygote,Gradient-Of-Square-Norm,2025-11-14,1.12.1,jeb-kr-amherst,3004b15,0.7.10,41.084879,0.5714888572692871,0.39502406120300293,201.0,115.0,2086728,390588
Zygote,Gradient-Of-Square-Norm,2025-11-18,1.12.1,jeb-kr-amherst,3004b15,0.7.10,41.105009,0.5735042095184326,0.43129682540893555,200.0,115.0,2085252,394044
Zygote,Gradient-Of-Square-Norm,2025-11-23,1.12.2,jeb-kr-amherst,3004b15,0.7.10,47.402909,0.5579960346221924,0.3943359851837158,207.0,115.0,2109380,397584
