nice: cannot set niceness: Permission denied
[0K
[0K[175749] signal 11 (1): Segmentation fault
[0Kin expression starting at /workdir/depot/packages/Accessors/cfsTn/src/functionlenses.jl:2
[0Kcheckbounds at ./essentials.jl:381 [inlined]
[0K_iterate_abstractarray at ./abstractarray.jl:1248 [inlined]
[0Kiterate at ./abstractarray.jl:1241 [inlined]
[0Kiterate at ./abstractarray.jl:1241 [inlined]
[0K_foldl_impl at ./reduce.jl:54
[0Kfoldl_impl at ./reduce.jl:46
[0Kmapfoldl_impl at ./reduce.jl:42
[0Kunknown function (ip: 0x74f01451f1ac) at (unknown file)
[0K#mapfoldl#265 at ./reduce.jl:173
[0Kmapfoldl at ./reduce.jl:173 [inlined]
[0K#foldl#266 at ./reduce.jl:196
[0Kunknown function (ip: 0x74f01451f08d) at (unknown file)
[0Kfoldl at ./reduce.jl:196 [inlined]
[0Kfoldtree at /workdir/depot/packages/Accessors/cfsTn/src/sugar.jl:139
[0Kneed_dynamic_optic at /workdir/depot/packages/Accessors/cfsTn/src/sugar.jl:142
[0Kunknown function (ip: 0x74f01451ee32) at (unknown file)
[0K_any at ./anyall.jl:124
[0Kunknown function (ip: 0x74f01451ed5e) at (unknown file)
[0K#any#756 at ./reducedim.jl:993
[0Kany at ./reducedim.jl:993
[0Kunknown function (ip: 0x74f01451e794) at (unknown file)
[0Kparse_obj_optics at /workdir/depot/packages/Accessors/cfsTn/src/sugar.jl:205
[0Kparse_obj_optic at /workdir/depot/packages/Accessors/cfsTn/src/sugar.jl:278
[0Kunknown function (ip: 0x74f014510929) at (unknown file)
[0K#setmacro#67 at /workdir/depot/packages/Accessors/cfsTn/src/sugar.jl:321
[0Ksetmacro at /workdir/depot/packages/Accessors/cfsTn/src/sugar.jl:312
[0Kunknown function (ip: 0x74f01450ea8d) at (unknown file)
[0K@set at /workdir/depot/packages/Accessors/cfsTn/src/sugar.jl:33
[0Kunknown function (ip: 0x74f014509fc9) at (unknown file)
[0Kjl_invoke_julia_macro at /cache/build/builder-amdci4-1/julialang/julia-master/src/ast.c:1064
[0Kjl_expand_macros at /cache/build/builder-amdci4-1/julialang/julia-master/src/ast.c:1126
[0Kjl_expand_macros at /cache/build/builder-amdci4-1/julialang/julia-master/src/ast.c:1175
[0Kjl_expand_macros at /cache/build/builder-amdci4-1/julialang/julia-master/src/ast.c:1175
[0Kjl_fl_lower at /cache/build/builder-amdci4-1/julialang/julia-master/src/ast.c:1204
[0Kfl_lower at ./flfrontend.jl:24
[0Kjfptr_fl_lower_1.1 at /root/.julia/juliaup/julia-nightly/lib/julia/sys.so (unknown line)
[0Kjl_apply at /cache/build/builder-amdci4-1/julialang/julia-master/src/julia.h:2295 [inlined]
[0Kijl_lower at /cache/build/builder-amdci4-1/julialang/julia-master/src/ast.c:1271
[0Kjl_eval_toplevel_stmts at /cache/build/builder-amdci4-1/julialang/julia-master/src/toplevel.c:598
[0Kjl_toplevel_eval_flex at /cache/build/builder-amdci4-1/julialang/julia-master/src/toplevel.c:684
[0Kijl_toplevel_eval at /cache/build/builder-amdci4-1/julialang/julia-master/src/toplevel.c:780
[0Kijl_toplevel_eval_in at /cache/build/builder-amdci4-1/julialang/julia-master/src/toplevel.c:825
[0Keval at ./boot.jl:517
[0Kinclude_string at ./loading.jl:3130
[0K_include at ./loading.jl:3190
[0Kinclude at ./Base.jl:324
[0KIncludeInto at ./Base.jl:325
[0Kjfptr_IncludeInto_1.1 at /root/.julia/juliaup/julia-nightly/lib/julia/sys.so (unknown line)
[0Kjl_apply at /cache/build/builder-amdci4-1/julialang/julia-master/src/julia.h:2295 [inlined]
[0Kdo_call at /cache/build/builder-amdci4-1/julialang/julia-master/src/interpreter.c:123
[0Keval_value at /cache/build/builder-amdci4-1/julialang/julia-master/src/interpreter.c:243
[0Keval_stmt_value at /cache/build/builder-amdci4-1/julialang/julia-master/src/interpreter.c:194 [inlined]
[0Keval_body at /cache/build/builder-amdci4-1/julialang/julia-master/src/interpreter.c:679
[0Kjl_interpret_toplevel_thunk at /cache/build/builder-amdci4-1/julialang/julia-master/src/interpreter.c:884
[0Kijl_eval_thunk at /cache/build/builder-amdci4-1/julialang/julia-master/src/toplevel.c:766
[0Kjl_toplevel_eval_flex at /cache/build/builder-amdci4-1/julialang/julia-master/src/toplevel.c:712
[0Kjl_eval_toplevel_stmts at /cache/build/builder-amdci4-1/julialang/julia-master/src/toplevel.c:602
[0Kjl_eval_module_expr at /cache/build/builder-amdci4-1/julialang/julia-master/src/toplevel.c:263 [inlined]
[0Kjl_toplevel_eval_flex at /cache/build/builder-amdci4-1/julialang/julia-master/src/toplevel.c:665
[0Kjl_eval_toplevel_stmts at /cache/build/builder-amdci4-1/julialang/julia-master/src/toplevel.c:602
[0Kjl_toplevel_eval_flex at /cache/build/builder-amdci4-1/julialang/julia-master/src/toplevel.c:684
[0Kijl_toplevel_eval at /cache/build/builder-amdci4-1/julialang/julia-master/src/toplevel.c:780
[0Kijl_toplevel_eval_in at /cache/build/builder-amdci4-1/julialang/julia-master/src/toplevel.c:825
[0Keval at ./boot.jl:517
[0Kinclude_string at ./loading.jl:3130
[0K_include at ./loading.jl:3190
[0Kinclude at ./Base.jl:323
[0Kinclude_package_for_output at ./loading.jl:3288
[0Kjfptr_include_package_for_output_1.1 at /root/.julia/juliaup/julia-nightly/lib/julia/sys.so (unknown line)
[0Kjl_apply at /cache/build/builder-amdci4-1/julialang/julia-master/src/julia.h:2295 [inlined]
[0Kdo_call at /cache/build/builder-amdci4-1/julialang/julia-master/src/interpreter.c:123
[0Keval_value at /cache/build/builder-amdci4-1/julialang/julia-master/src/interpreter.c:243
[0Keval_stmt_value at /cache/build/builder-amdci4-1/julialang/julia-master/src/interpreter.c:194 [inlined]
[0Keval_body at /cache/build/builder-amdci4-1/julialang/julia-master/src/interpreter.c:679
[0Kjl_interpret_toplevel_thunk at /cache/build/builder-amdci4-1/julialang/julia-master/src/interpreter.c:884
[0Kijl_eval_thunk at /cache/build/builder-amdci4-1/julialang/julia-master/src/toplevel.c:766
[0Kjl_toplevel_eval_flex at /cache/build/builder-amdci4-1/julialang/julia-master/src/toplevel.c:712
[0Kjl_eval_toplevel_stmts at /cache/build/builder-amdci4-1/julialang/julia-master/src/toplevel.c:602
[0Kjl_toplevel_eval_flex at /cache/build/builder-amdci4-1/julialang/julia-master/src/toplevel.c:684
[0Kijl_toplevel_eval at /cache/build/builder-amdci4-1/julialang/julia-master/src/toplevel.c:780
[0Kijl_toplevel_eval_in at /cache/build/builder-amdci4-1/julialang/julia-master/src/toplevel.c:825
[0Keval at ./boot.jl:517
[0Kinclude_string at ./loading.jl:3130
[0Kinclude_string at ./loading.jl:3140 [inlined]
[0Kexec_options at ./client.jl:342
[0K_start at ./client.jl:585
[0Kjfptr__start_0.1 at /root/.julia/juliaup/julia-nightly/lib/julia/sys.so (unknown line)
[0Kjl_apply at /cache/build/builder-amdci4-1/julialang/julia-master/src/julia.h:2295 [inlined]
[0Ktrue_main at /cache/build/builder-amdci4-1/julialang/julia-master/src/jlapi.c:971
[0Kjl_repl_entrypoint at /cache/build/builder-amdci4-1/julialang/julia-master/src/jlapi.c:1138
[0Kmain at /cache/build/builder-amdci4-1/julialang/julia-master/cli/loader_exe.c:58
[0Kunknown function (ip: 0x74f03007e249) at /lib/x86_64-linux-gnu/libc.so.6
[0K__libc_start_main at /lib/x86_64-linux-gnu/libc.so.6 (unknown line)
[0Kunknown function (ip: 0x4010b8) at /workspace/srcdir/glibc-2.17/csu/../sysdeps/x86_64/start.S
[0KAllocations: 1582198 (Pool: 1582178; Big: 20); GC: 2
[0KERROR: LoadError: Precompiled image Base.PkgId(Base.UUID("7d9f7c33-5ae7-4f3b-8dc6-eff91059b697"), "Accessors") not available with flags CacheFlags(; use_pkgimages=true, debug_level=1, check_bounds=0, inline=true, opt_level=2)
[0KStacktrace:
[0K  [1] error(s::String)
[0K    @ Base ./error.jl:56
[0K  [2] __require_prelocked(pkg::Base.PkgId, env::String)
[0K    @ Base ./loading.jl:2840
[0K  [3] _require_prelocked(uuidkey::Base.PkgId, env::String)
[0K    @ Base ./loading.jl:2694
[0K  [4] macro expansion
[0K    @ ./loading.jl:2621 [inlined]
[0K  [5] macro expansion
[0K    @ ./lock.jl:376 [inlined]
[0K  [6] __require(into::Module, mod::Symbol)
[0K    @ Base ./loading.jl:2585
[0K  [7] require
[0K    @ ./loading.jl:2561 [inlined]
[0K  [8] eval_import_path
[0K    @ ./module.jl:36 [inlined]
[0K  [9] eval_import_path_all(at::Module, path::Expr, keyword::String)
[0K    @ Base ./module.jl:60
[0K [10] _eval_import(::Bool, ::Module, ::Expr, ::Expr, ::Vararg{Expr})
[0K    @ Base ./module.jl:101
[0K [11] top-level scope
[0K    @ /workdir/depot/packages/Accessors/cfsTn/ext/LinearAlgebraExt.jl:3
[0K [12] include(mod::Module, _path::String)
[0K    @ Base ./Base.jl:323
[0K [13] include_package_for_output(pkg::Base.PkgId, input::String, syntax_version::VersionNumber, depot_path::Vector{String}, dl_load_path::Vector{String}, load_path::Vector{String}, concrete_deps::Vector{Pair{Base.PkgId, UInt128}}, source::Nothing)
[0K    @ Base ./loading.jl:3288
[0K [14] top-level scope
[0K    @ stdin:5
[0K [15] eval(m::Module, e::Any)
[0K    @ Core ./boot.jl:517
[0K [16] include_string(mapexpr::typeof(identity), mod::Module, code::String, filename::String)
[0K    @ Base ./loading.jl:3130
[0K [17] include_string
[0K    @ ./loading.jl:3140 [inlined]
[0K [18] exec_options(opts::Base.JLOptions)
[0K    @ Base ./client.jl:342
[0K [19] _start()
[0K    @ Base ./client.jl:585
[0Kin expression starting at /workdir/depot/packages/Accessors/cfsTn/ext/LinearAlgebraExt.jl:1
[0Kin expression starting at stdin:5
[0KERROR: LoadError: Precompiled image Base.PkgId(Base.UUID("7d9f7c33-5ae7-4f3b-8dc6-eff91059b697"), "Accessors") not available with flags CacheFlags(; use_pkgimages=true, debug_level=1, check_bounds=0, inline=true, opt_level=2)
[0KStacktrace:
[0K  [1] error(s::String)
[0K    @ Base ./error.jl:56
[0K  [2] __require_prelocked(pkg::Base.PkgId, env::String)
[0K    @ Base ./loading.jl:2840
[0K  [3] _require_prelocked(uuidkey::Base.PkgId, env::String)
[0K    @ Base ./loading.jl:2694
[0K  [4] macro expansion
[0K    @ ./loading.jl:2621 [inlined]
[0K  [5] macro expansion
[0K    @ ./lock.jl:376 [inlined]
[0K  [6] __require(into::Module, mod::Symbol)
[0K    @ Base ./loading.jl:2585
[0K  [7] require
[0K    @ ./loading.jl:2561 [inlined]
[0K  [8] eval_import_path
[0K    @ ./module.jl:36 [inlined]
[0K  [9] eval_import_path_all(at::Module, path::Expr, keyword::String)
[0K    @ Base ./module.jl:60
[0K [10] _eval_using
[0K    @ ./module.jl:137 [inlined]
[0K [11] _eval_using(to::Module, path::Expr)
[0K    @ Base ./module.jl:137
[0K [12] top-level scope
[0K    @ /workdir/depot/packages/Accessors/cfsTn/ext/StaticArraysExt.jl:3
[0K [13] include(mod::Module, _path::String)
[0K    @ Base ./Base.jl:323
[0K [14] include_package_for_output(pkg::Base.PkgId, input::String, syntax_version::VersionNumber, depot_path::Vector{String}, dl_load_path::Vector{String}, load_path::Vector{String}, concrete_deps::Vector{Pair{Base.PkgId, UInt128}}, source::Nothing)
[0K    @ Base ./loading.jl:3288
[0K [15] top-level scope
[0K    @ stdin:5
[0K [16] eval(m::Module, e::Any)
[0K    @ Core ./boot.jl:517
[0K [17] include_string(mapexpr::typeof(identity), mod::Module, code::String, filename::String)
[0K    @ Base ./loading.jl:3130
[0K [18] include_string
[0K    @ ./loading.jl:3140 [inlined]
[0K [19] exec_options(opts::Base.JLOptions)
[0K    @ Base ./client.jl:342
[0K [20] _start()
[0K    @ Base ./client.jl:585
[0Kin expression starting at /workdir/depot/packages/Accessors/cfsTn/ext/StaticArraysExt.jl:1
[0Kin expression starting at stdin:5
[0KERROR: LoadError: Precompiled image Base.PkgId(Base.UUID("7d9f7c33-5ae7-4f3b-8dc6-eff91059b697"), "Accessors") not available with flags CacheFlags(; use_pkgimages=true, debug_level=1, check_bounds=0, inline=true, opt_level=2)
[0KStacktrace:
[0KERROR: LoadError: Precompiled image Base.PkgId(Base.UUID("7d9f7c33-5ae7-4f3b-8dc6-eff91059b697"), "Accessors") not available with flags CacheFlags(; use_pkgimages=true, debug_level=1, check_bounds=0, inline=true, opt_level=2)
[0KStacktrace:
[0K  [1] error(s::String)
[0K  [1] error(s::String)
[0K    @ Base ./error.jl:56
[0K    @ Base ./error.jl:56
[0K  [2] __require_prelocked(pkg::Base.PkgId, env::String)
[0K  [2] __require_prelocked(pkg::Base.PkgId, env::String)
[0K    @ Base ./loading.jl:2840
[0K  [3] _require_prelocked(uuidkey::Base.PkgId, env::String)
[0K    @ Base ./loading.jl:2840
[0K    @ Base ./loading.jl:2694
[0K  [3] _require_prelocked(uuidkey::Base.PkgId, env::String)
[0K  [4] macro expansion
[0K    @ Base ./loading.jl:2694
[0K    @ ./loading.jl:2621 [inlined]
[0K  [4] macro expansion
[0K  [5] macro expansion
[0K    @ ./loading.jl:2621 [inlined]
[0K    @ ./lock.jl:376 [inlined]
[0K  [5] macro expansion
[0K    @ ./lock.jl:376 [inlined]
[0K  [6] __require(into::Module, mod::Symbol)
[0K  [6] __require(into::Module, mod::Symbol)
[0K    @ Base ./loading.jl:2585
[0K  [7] require
[0K    @ Base ./loading.jl:2585
[0K    @ ./loading.jl:2561 [inlined]
[0K  [7] require
[0K  [8] eval_import_path
[0K    @ ./loading.jl:2561 [inlined]
[0K    @ ./module.jl:36 [inlined]
[0K  [8] eval_import_path
[0K    @ ./module.jl:36 [inlined]
[0K  [9] eval_import_path_all(at::Module, path::Expr, keyword::String)
[0K    @ Base ./module.jl:60
[0K  [9] eval_import_path_all(at::Module, path::Expr, keyword::String)
[0K    @ Base ./module.jl:60
[0K [10] _eval_import(::Bool, ::Module, ::Expr, ::Expr, ::Vararg{Expr})
[0K [10] _eval_import(::Bool, ::Module, ::Expr, ::Expr, ::Vararg{Expr})
[0K    @ Base ./module.jl:101
[0K    @ Base ./module.jl:101
[0K [11] top-level scope
[0K [11] top-level scope
[0K    @ /workdir/depot/packages/SciMLOperators/uWgDC/src/SciMLOperators.jl:12
[0K    @ /workdir/depot/packages/SymbolicIndexingInterface/D9aQf/src/SymbolicIndexingInterface.jl:6
[0K [12] include(mod::Module, _path::String)
[0K [12] include(mod::Module, _path::String)
[0K    @ Base ./Base.jl:323
[0K    @ Base ./Base.jl:323
[0K [13] include_package_for_output(pkg::Base.PkgId, input::String, syntax_version::VersionNumber, depot_path::Vector{String}, dl_load_path::Vector{String}, load_path::Vector{String}, concrete_deps::Vector{Pair{Base.PkgId, UInt128}}, source::Nothing)
[0K [13] include_package_for_output(pkg::Base.PkgId, input::String, syntax_version::VersionNumber, depot_path::Vector{String}, dl_load_path::Vector{String}, load_path::Vector{String}, concrete_deps::Vector{Pair{Base.PkgId, UInt128}}, source::Nothing)
[0K    @ Base ./loading.jl:3288
[0K [14] top-level scope
[0K    @ Base ./loading.jl:3288
[0K    @ stdin:5
[0K [14] top-level scope
[0K [15] eval(m::Module, e::Any)
[0K    @ stdin:5
[0K    @ Core ./boot.jl:517
[0K [15] eval(m::Module, e::Any)
[0K [16] include_string(mapexpr::typeof(identity), mod::Module, code::String, filename::String)
[0K    @ Core ./boot.jl:517
[0K    @ Base ./loading.jl:3130
[0K [17] include_string
[0K [16] include_string(mapexpr::typeof(identity), mod::Module, code::String, filename::String)
[0K    @ ./loading.jl:3140 [inlined]
[0K    @ Base ./loading.jl:3130
[0K [17] include_string
[0K    @ ./loading.jl:3140 [inlined]
[0K [18] exec_options(opts::Base.JLOptions)
[0K    @ Base ./client.jl:342
[0K [18] exec_options(opts::Base.JLOptions)
[0K [19] _start()
[0K    @ Base ./client.jl:342
[0K [19] _start()
[0K    @ Base ./client.jl:585
[0Kin expression starting at /workdir/depot/packages/SciMLOperators/uWgDC/src/SciMLOperators.jl:1
[0Kin expression starting at stdin:5
[0K    @ Base ./client.jl:585
[0Kin expression starting at /workdir/depot/packages/SymbolicIndexingInterface/D9aQf/src/SymbolicIndexingInterface.jl:1
[0Kin expression starting at stdin:5
[0KERROR: LoadError: Precompiled image Base.PkgId(Base.UUID("c0aeaf25-5076-4817-a8d5-81caf7dfa961"), "SciMLOperators") not available with flags CacheFlags(; use_pkgimages=true, debug_level=1, check_bounds=0, inline=true, opt_level=2)
[0KStacktrace:
[0KERROR: LoadError: Precompiled image Base.PkgId(Base.UUID("c0aeaf25-5076-4817-a8d5-81caf7dfa961"), "SciMLOperators") not available with flags CacheFlags(; use_pkgimages=true, debug_level=1, check_bounds=0, inline=true, opt_level=2)
[0KStacktrace:
[0K  [1] error(s::String)
[0K    @ Base ./error.jl:56
[0K  [2] __require_prelocked(pkg::Base.PkgId, env::String)
[0K    @ Base ./loading.jl:2840
[0K  [3] _require_prelocked(uuidkey::Base.PkgId, env::String)
[0K    @ Base ./loading.jl:2694
[0K  [4] macro expansion
[0K    @ ./loading.jl:2621 [inlined]
[0K  [5] macro expansion
[0K    @ ./lock.jl:376 [inlined]
[0K  [6] __require(into::Module, mod::Symbol)
[0K    @ Base ./loading.jl:2585
[0K  [7] require
[0K    @ ./loading.jl:2561 [inlined]
[0K  [8] eval_import_path
[0K    @ ./module.jl:36 [inlined]
[0K  [9] _eval_import(imported::Bool, to::Module, from::Nothing, paths::Expr)
[0K    @ Base ./module.jl:111
[0K [10] top-level scope
[0K    @ /workdir/depot/packages/SciMLOperators/uWgDC/ext/SciMLOperatorsStaticArraysCoreExt.jl:3
[0K [11] include(mod::Module, _path::String)
[0K    @ Base ./Base.jl:323
[0K [12] include_package_for_output(pkg::Base.PkgId, input::String, syntax_version::VersionNumber, depot_path::Vector{String}, dl_load_path::Vector{String}, load_path::Vector{String}, concrete_deps::Vector{Pair{Base.PkgId, UInt128}}, source::Nothing)
[0K    @ Base ./loading.jl:3288
[0K [13] top-level scope
[0K    @ stdin:5
[0K [14] eval(m::Module, e::Any)
[0K    @ Core ./boot.jl:517
[0K [15] include_string(mapexpr::typeof(identity), mod::Module, code::String, filename::String)
[0K    @ Base ./loading.jl:3130
[0K [16] include_string
[0K    @ ./loading.jl:3140 [inlined]
[0K [17] exec_options(opts::Base.JLOptions)
[0K    @ Base ./client.jl:342
[0K [18] _start()
[0K    @ Base ./client.jl:585
[0Kin expression starting at /workdir/depot/packages/SciMLOperators/uWgDC/ext/SciMLOperatorsStaticArraysCoreExt.jl:1
[0Kin expression starting at stdin:5
[0K  [1] error(s::String)
[0K    @ Base ./error.jl:56
[0K  [2] __require_prelocked(pkg::Base.PkgId, env::String)
[0K    @ Base ./loading.jl:2840
[0K  [3] _require_prelocked(uuidkey::Base.PkgId, env::String)
[0K    @ Base ./loading.jl:2694
[0K  [4] macro expansion
[0K    @ ./loading.jl:2621 [inlined]
[0K  [5] macro expansion
[0K    @ ./lock.jl:376 [inlined]
[0K  [6] __require(into::Module, mod::Symbol)
[0K    @ Base ./loading.jl:2585
[0K  [7] require
[0K    @ ./loading.jl:2561 [inlined]
[0K  [8] eval_import_path
[0K    @ ./module.jl:36 [inlined]
[0K  [9] _eval_import(imported::Bool, to::Module, from::Nothing, paths::Expr)
[0K    @ Base ./module.jl:111
[0K [10] top-level scope
[0K    @ /workdir/depot/packages/SciMLOperators/uWgDC/ext/SciMLOperatorsSparseArraysExt.jl:3
[0K [11] include(mod::Module, _path::String)
[0K    @ Base ./Base.jl:323
[0K [12] include_package_for_output(pkg::Base.PkgId, input::String, syntax_version::VersionNumber, depot_path::Vector{String}, dl_load_path::Vector{String}, load_path::Vector{String}, concrete_deps::Vector{Pair{Base.PkgId, UInt128}}, source::Nothing)
[0K    @ Base ./loading.jl:3288
[0K [13] top-level scope
[0K    @ stdin:5
[0K [14] eval(m::Module, e::Any)
[0K    @ Core ./boot.jl:517
[0K [15] include_string(mapexpr::typeof(identity), mod::Module, code::String, filename::String)
[0K    @ Base ./loading.jl:3130
[0K [16] include_string
[0K    @ ./loading.jl:3140 [inlined]
[0K [17] exec_options(opts::Base.JLOptions)
[0K    @ Base ./client.jl:342
[0K [18] _start()
[0K    @ Base ./client.jl:585
[0Kin expression starting at /workdir/depot/packages/SciMLOperators/uWgDC/ext/SciMLOperatorsSparseArraysExt.jl:1
[0Kin expression starting at stdin:5
[0KERROR: LoadError: Precompiled image Base.PkgId(Base.UUID("2efcf032-c050-4f8e-a9bb-153293bab1f5"), "SymbolicIndexingInterface") not available with flags CacheFlags(; use_pkgimages=true, debug_level=1, check_bounds=0, inline=true, opt_level=2)
[0KStacktrace:
[0K  [1] error(s::String)
[0K    @ Base ./error.jl:56
[0K  [2] __require_prelocked(pkg::Base.PkgId, env::String)
[0K    @ Base ./loading.jl:2840
[0K  [3] _require_prelocked(uuidkey::Base.PkgId, env::String)
[0K    @ Base ./loading.jl:2694
[0K  [4] macro expansion
[0K    @ ./loading.jl:2621 [inlined]
[0K  [5] macro expansion
[0K    @ ./lock.jl:376 [inlined]
[0K  [6] __require(into::Module, mod::Symbol)
[0K    @ Base ./loading.jl:2585
[0K  [7] require
[0K    @ ./loading.jl:2561 [inlined]
[0K  [8] eval_import_path
[0K    @ ./module.jl:36 [inlined]
[0K  [9] eval_import_path_all(at::Module, path::Expr, keyword::String)
[0K    @ Base ./module.jl:60
[0K [10] _eval_using
[0K    @ ./module.jl:137 [inlined]
[0K [11] _eval_using(to::Module, path::Expr)
[0K    @ Base ./module.jl:137
[0K [12] top-level scope
[0K    @ /workdir/depot/packages/RecursiveArrayTools/AvG3i/src/RecursiveArrayTools.jl:10
[0K [13] include(mod::Module, _path::String)
[0K    @ Base ./Base.jl:323
[0K [14] include_package_for_output(pkg::Base.PkgId, input::String, syntax_version::VersionNumber, depot_path::Vector{String}, dl_load_path::Vector{String}, load_path::Vector{String}, concrete_deps::Vector{Pair{Base.PkgId, UInt128}}, source::Nothing)
[0K    @ Base ./loading.jl:3288
[0K [15] top-level scope
[0K    @ stdin:5
[0K [16] eval(m::Module, e::Any)
[0K    @ Core ./boot.jl:517
[0K [17] include_string(mapexpr::typeof(identity), mod::Module, code::String, filename::String)
[0K    @ Base ./loading.jl:3130
[0K [18] include_string
[0K    @ ./loading.jl:3140 [inlined]
[0K [19] exec_options(opts::Base.JLOptions)
[0K    @ Base ./client.jl:342
[0K [20] _start()
[0K    @ Base ./client.jl:585
[0Kin expression starting at /workdir/depot/packages/RecursiveArrayTools/AvG3i/src/RecursiveArrayTools.jl:2
[0Kin expression starting at stdin:5
[0KERROR: LoadError: Precompiled image Base.PkgId(Base.UUID("731186ca-8d62-57ce-b412-fbd966d074cd"), "RecursiveArrayTools") not available with flags CacheFlags(; use_pkgimages=true, debug_level=1, check_bounds=0, inline=true, opt_level=2)
[0KStacktrace:
[0K  [1] error(s::String)
[0K    @ Base ./error.jl:56
[0K  [2] __require_prelocked(pkg::Base.PkgId, env::String)
[0K    @ Base ./loading.jl:2840
[0K  [3] _require_prelocked(uuidkey::Base.PkgId, env::String)
[0K    @ Base ./loading.jl:2694
[0K  [4] macro expansion
[0K    @ ./loading.jl:2621 [inlined]
[0K  [5] macro expansion
[0K    @ ./lock.jl:376 [inlined]
[0K  [6] __require(into::Module, mod::Symbol)
[0K    @ Base ./loading.jl:2585
[0K  [7] require
[0K    @ ./loading.jl:2561 [inlined]
[0K  [8] eval_import_path
[0K    @ ./module.jl:36 [inlined]
[0K  [9] eval_import_path_all(at::Module, path::Expr, keyword::String)
[0K    @ Base ./module.jl:60
[0K [10] _eval_using
[0K    @ ./module.jl:137 [inlined]
[0K [11] _eval_using(to::Module, path::Expr)
[0K    @ Base ./module.jl:137
[0K [12] top-level scope
[0K    @ /workdir/depot/packages/RecursiveArrayTools/AvG3i/ext/RecursiveArrayToolsForwardDiffExt.jl:3
[0K [13] include(mod::Module, _path::String)
[0K    @ Base ./Base.jl:323
[0K [14] include_package_for_output(pkg::Base.PkgId, input::String, syntax_version::VersionNumber, depot_path::Vector{String}, dl_load_path::Vector{String}, load_path::Vector{String}, concrete_deps::Vector{Pair{Base.PkgId, UInt128}}, source::Nothing)
[0K    @ Base ./loading.jl:3288
[0K [15] top-level scope
[0K    @ stdin:5
[0K [16] eval(m::Module, e::Any)
[0K    @ Core ./boot.jl:517
[0K [17] include_string(mapexpr::typeof(identity), mod::Module, code::String, filename::String)
[0K    @ Base ./loading.jl:3130
[0K [18] include_string
[0K    @ ./loading.jl:3140 [inlined]
[0K [19] exec_options(opts::Base.JLOptions)
[0K    @ Base ./client.jl:342
[0K [20] _start()
[0K    @ Base ./client.jl:585
[0Kin expression starting at /workdir/depot/packages/RecursiveArrayTools/AvG3i/ext/RecursiveArrayToolsForwardDiffExt.jl:1
[0Kin expression starting at stdin:5
[0KERROR: LoadError: Precompiled image Base.PkgId(Base.UUID("731186ca-8d62-57ce-b412-fbd966d074cd"), "RecursiveArrayTools") not available with flags CacheFlags(; use_pkgimages=true, debug_level=1, check_bounds=0, inline=true, opt_level=2)
[0KStacktrace:
[0KERROR: LoadError: Precompiled image Base.PkgId(Base.UUID("731186ca-8d62-57ce-b412-fbd966d074cd"), "RecursiveArrayTools") not available with flags CacheFlags(; use_pkgimages=true, debug_level=1, check_bounds=0, inline=true, opt_level=2)
[0KStacktrace:
[0K  [1] error(s::String)
[0K    @ Base ./error.jl:56
[0K  [2] __require_prelocked(pkg::Base.PkgId, env::String)
[0K    @ Base ./loading.jl:2840
[0K  [3] _require_prelocked(uuidkey::Base.PkgId, env::String)
[0K    @ Base ./loading.jl:2694
[0K  [4] macro expansion
[0K    @ ./loading.jl:2621 [inlined]
[0K  [5] macro expansion
[0K    @ ./lock.jl:376 [inlined]
[0K  [6] __require(into::Module, mod::Symbol)
[0K    @ Base ./loading.jl:2585
[0K  [7] require
[0K    @ ./loading.jl:2561 [inlined]
[0K  [8] eval_import_path
[0K    @ ./module.jl:36 [inlined]
[0K  [9] eval_import_path_all(at::Module, path::Expr, keyword::String)
[0K    @ Base ./module.jl:60
[0K [10] _eval_using
[0K    @ ./module.jl:137 [inlined]
[0K [11] _eval_using(to::Module, path::Expr)
[0K    @ Base ./module.jl:137
[0K [12] top-level scope
[0K    @ /workdir/depot/packages/RecursiveArrayTools/AvG3i/ext/RecursiveArrayToolsStatisticsExt.jl:3
[0K [13] include(mod::Module, _path::String)
[0K    @ Base ./Base.jl:323
[0K  [1] error(s::String)
[0K    @ Base ./error.jl:56
[0K  [2] __require_prelocked(pkg::Base.PkgId, env::String)
[0K    @ Base ./loading.jl:2840
[0K  [3] _require_prelocked(uuidkey::Base.PkgId, env::String)
[0K    @ Base ./loading.jl:2694
[0K  [4] macro expansion
[0K    @ ./loading.jl:2621 [inlined]
[0K  [5] macro expansion
[0K    @ ./lock.jl:376 [inlined]
[0K  [6] __require(into::Module, mod::Symbol)
[0K    @ Base ./loading.jl:2585
[0K  [7] require
[0K    @ ./loading.jl:2561 [inlined]
[0K  [8] eval_import_path
[0K    @ ./module.jl:36 [inlined]
[0K  [9] eval_import_path_all(at::Module, path::Expr, keyword::String)
[0K    @ Base ./module.jl:60
[0K [10] _eval_using
[0K    @ ./module.jl:137 [inlined]
[0K [11] _eval_using(to::Module, path::Expr)
[0K    @ Base ./module.jl:137
[0K [12] top-level scope
[0K    @ /workdir/depot/packages/RecursiveArrayTools/AvG3i/ext/RecursiveArrayToolsFastBroadcastExt.jl:3
[0K [13] include(mod::Module, _path::String)
[0K    @ Base ./Base.jl:323
[0K [14] include_package_for_output(pkg::Base.PkgId, input::String, syntax_version::VersionNumber, depot_path::Vector{String}, dl_load_path::Vector{String}, load_path::Vector{String}, concrete_deps::Vector{Pair{Base.PkgId, UInt128}}, source::Nothing)
[0K    @ Base ./loading.jl:3288
[0K [15] top-level scope
[0K    @ stdin:5
[0K [16] eval(m::Module, e::Any)
[0K    @ Core ./boot.jl:517
[0K [17] include_string(mapexpr::typeof(identity), mod::Module, code::String, filename::String)
[0K    @ Base ./loading.jl:3130
[0K [18] include_string
[0K    @ ./loading.jl:3140 [inlined]
[0K [19] exec_options(opts::Base.JLOptions)
[0K    @ Base ./client.jl:342
[0K [20] _start()
[0K    @ Base ./client.jl:585
[0Kin expression starting at /workdir/depot/packages/RecursiveArrayTools/AvG3i/ext/RecursiveArrayToolsStatisticsExt.jl:1
[0Kin expression starting at stdin:5
[0K [14] include_package_for_output(pkg::Base.PkgId, input::String, syntax_version::VersionNumber, depot_path::Vector{String}, dl_load_path::Vector{String}, load_path::Vector{String}, concrete_deps::Vector{Pair{Base.PkgId, UInt128}}, source::Nothing)
[0K    @ Base ./loading.jl:3288
[0K [15] top-level scope
[0K    @ stdin:5
[0K [16] eval(m::Module, e::Any)
[0K    @ Core ./boot.jl:517
[0K [17] include_string(mapexpr::typeof(identity), mod::Module, code::String, filename::String)
[0K    @ Base ./loading.jl:3130
[0K [18] include_string
[0K    @ ./loading.jl:3140 [inlined]
[0K [19] exec_options(opts::Base.JLOptions)
[0K    @ Base ./client.jl:342
[0K [20] _start()
[0K    @ Base ./client.jl:585
[0Kin expression starting at /workdir/depot/packages/RecursiveArrayTools/AvG3i/ext/RecursiveArrayToolsFastBroadcastExt.jl:1
[0Kin expression starting at stdin:5
[0KERROR: LoadError: Precompiled image Base.PkgId(Base.UUID("731186ca-8d62-57ce-b412-fbd966d074cd"), "RecursiveArrayTools") not available with flags CacheFlags(; use_pkgimages=true, debug_level=1, check_bounds=0, inline=true, opt_level=2)
[0KStacktrace:
[0K  [1] error(s::String)
[0K    @ Base ./error.jl:56
[0K  [2] __require_prelocked(pkg::Base.PkgId, env::String)
[0K    @ Base ./loading.jl:2840
[0K  [3] _require_prelocked(uuidkey::Base.PkgId, env::String)
[0K    @ Base ./loading.jl:2694
[0K  [4] macro expansion
[0K    @ ./loading.jl:2621 [inlined]
[0K  [5] macro expansion
[0K    @ ./lock.jl:376 [inlined]
[0K  [6] __require(into::Module, mod::Symbol)
[0K    @ Base ./loading.jl:2585
[0K  [7] require
[0K    @ ./loading.jl:2561 [inlined]
[0K  [8] eval_import_path
[0K    @ ./module.jl:36 [inlined]
[0K  [9] _eval_import(imported::Bool, to::Module, from::Nothing, paths::Expr)
[0K    @ Base ./module.jl:111
[0K [10] top-level scope
[0K    @ /workdir/depot/packages/RecursiveArrayTools/AvG3i/ext/RecursiveArrayToolsSparseArraysExt.jl:4
[0K [11] include(mod::Module, _path::String)
[0K    @ Base ./Base.jl:323
[0K [12] include_package_for_output(pkg::Base.PkgId, input::String, syntax_version::VersionNumber, depot_path::Vector{String}, dl_load_path::Vector{String}, load_path::Vector{String}, concrete_deps::Vector{Pair{Base.PkgId, UInt128}}, source::Nothing)
[0K    @ Base ./loading.jl:3288
[0K [13] top-level scope
[0K    @ stdin:5
[0K [14] eval(m::Module, e::Any)
[0K    @ Core ./boot.jl:517
[0K [15] include_string(mapexpr::typeof(identity), mod::Module, code::String, filename::String)
[0K    @ Base ./loading.jl:3130
[0K [16] include_string
[0K    @ ./loading.jl:3140 [inlined]
[0K [17] exec_options(opts::Base.JLOptions)
[0K    @ Base ./client.jl:342
[0K [18] _start()
[0K    @ Base ./client.jl:585
[0Kin expression starting at /workdir/depot/packages/RecursiveArrayTools/AvG3i/ext/RecursiveArrayToolsSparseArraysExt.jl:1
[0Kin expression starting at stdin:5
[0KERROR: LoadError: Precompiled image Base.PkgId(Base.UUID("731186ca-8d62-57ce-b412-fbd966d074cd"), "RecursiveArrayTools") not available with flags CacheFlags(; use_pkgimages=true, debug_level=1, check_bounds=0, inline=true, opt_level=2)
[0KStacktrace:
[0K  [1] error(s::String)
[0K    @ Base ./error.jl:56
[0K  [2] __require_prelocked(pkg::Base.PkgId, env::String)
[0K    @ Base ./loading.jl:2840
[0K  [3] _require_prelocked(uuidkey::Base.PkgId, env::String)
[0K    @ Base ./loading.jl:2694
[0K  [4] macro expansion
[0K    @ ./loading.jl:2621 [inlined]
[0K  [5] macro expansion
[0K    @ ./lock.jl:376 [inlined]
[0K  [6] __require(into::Module, mod::Symbol)
[0K    @ Base ./loading.jl:2585
[0K  [7] require
[0K    @ ./loading.jl:2561 [inlined]
[0K  [8] eval_import_path
[0K    @ ./module.jl:36 [inlined]
[0K  [9] eval_import_path_all(at::Module, path::Expr, keyword::String)
[0K    @ Base ./module.jl:60
[0K [10] _eval_using
[0K    @ ./module.jl:137 [inlined]
[0K [11] _eval_using(to::Module, path::Expr)
[0K    @ Base ./module.jl:137
[0K [12] top-level scope
[0K    @ /workdir/depot/packages/SciMLBase/eTBDr/src/SciMLBase.jl:7
[0K [13] include(mod::Module, _path::String)
[0K    @ Base ./Base.jl:323
[0K [14] include_package_for_output(pkg::Base.PkgId, input::String, syntax_version::VersionNumber, depot_path::Vector{String}, dl_load_path::Vector{String}, load_path::Vector{String}, concrete_deps::Vector{Pair{Base.PkgId, UInt128}}, source::Nothing)
[0K    @ Base ./loading.jl:3288
[0K [15] top-level scope
[0K    @ stdin:5
[0K [16] eval(m::Module, e::Any)
[0K    @ Core ./boot.jl:517
[0K [17] include_string(mapexpr::typeof(identity), mod::Module, code::String, filename::String)
[0K    @ Base ./loading.jl:3130
[0K [18] include_string
[0K    @ ./loading.jl:3140 [inlined]
[0K [19] exec_options(opts::Base.JLOptions)
[0K    @ Base ./client.jl:342
[0K [20] _start()
[0K    @ Base ./client.jl:585
[0Kin expression starting at /workdir/depot/packages/SciMLBase/eTBDr/src/SciMLBase.jl:1
[0Kin expression starting at stdin:5
[0KERROR: LoadError: Precompiled image Base.PkgId(Base.UUID("0bca4576-84f4-4d90-8ffe-ffa030f20462"), "SciMLBase") not available with flags CacheFlags(; use_pkgimages=true, debug_level=1, check_bounds=0, inline=true, opt_level=2)
[0KStacktrace:
[0KERROR: LoadError: Precompiled image Base.PkgId(Base.UUID("0bca4576-84f4-4d90-8ffe-ffa030f20462"), "SciMLBase") not available with flags CacheFlags(; use_pkgimages=true, debug_level=1, check_bounds=0, inline=true, opt_level=2)
[0KStacktrace:
[0K  [1] error(s::String)
[0K    @ Base ./error.jl:56
[0K  [2] __require_prelocked(pkg::Base.PkgId, env::String)
[0K    @ Base ./loading.jl:2840
[0K  [3] _require_prelocked(uuidkey::Base.PkgId, env::String)
[0K    @ Base ./loading.jl:2694
[0K  [4] macro expansion
[0K    @ ./loading.jl:2621 [inlined]
[0K  [5] macro expansion
[0K    @ ./lock.jl:376 [inlined]
[0K  [6] __require(into::Module, mod::Symbol)
[0K    @ Base ./loading.jl:2585
[0K  [7] require
[0K    @ ./loading.jl:2561 [inlined]
[0K  [8] eval_import_path
[0K    @ ./module.jl:36 [inlined]
[0K  [9] eval_import_path_all(at::Module, path::Expr, keyword::String)
[0K    @ Base ./module.jl:60
[0K [10] _eval_using
[0K    @ ./module.jl:137 [inlined]
[0K [11] _eval_using(to::Module, path::Expr)
[0K    @ Base ./module.jl:137
[0K [12] top-level scope
[0K    @ /workdir/depot/packages/SciMLBase/eTBDr/ext/SciMLBaseForwardDiffExt.jl:3
[0K [13] include(mod::Module, _path::String)
[0K    @ Base ./Base.jl:323
[0K [14] include_package_for_output(pkg::Base.PkgId, input::String, syntax_version::VersionNumber, depot_path::Vector{String}, dl_load_path::Vector{String}, load_path::Vector{String}, concrete_deps::Vector{Pair{Base.PkgId, UInt128}}, source::Nothing)
[0K    @ Base ./loading.jl:3288
[0K [15] top-level scope
[0K    @ stdin:5
[0K [16] eval(m::Module, e::Any)
[0K    @ Core ./boot.jl:517
[0K [17] include_string(mapexpr::typeof(identity), mod::Module, code::String, filename::String)
[0K    @ Base ./loading.jl:3130
[0K [18] include_string
[0K    @ ./loading.jl:3140 [inlined]
[0K [19] exec_options(opts::Base.JLOptions)
[0K    @ Base ./client.jl:342
[0K [20] _start()
[0K    @ Base ./client.jl:585
[0Kin expression starting at /workdir/depot/packages/SciMLBase/eTBDr/ext/SciMLBaseForwardDiffExt.jl:1
[0Kin expression starting at stdin:5
[0KERROR: LoadError: Precompiled image Base.PkgId(Base.UUID("0bca4576-84f4-4d90-8ffe-ffa030f20462"), "SciMLBase") not available with flags CacheFlags(; use_pkgimages=true, debug_level=1, check_bounds=0, inline=true, opt_level=2)
[0KStacktrace:
[0K  [1] error(s::String)
[0K    @ Base ./error.jl:56
[0K  [2] __require_prelocked(pkg::Base.PkgId, env::String)
[0K    @ Base ./loading.jl:2840
[0K  [3] _require_prelocked(uuidkey::Base.PkgId, env::String)
[0K    @ Base ./loading.jl:2694
[0K  [4] macro expansion
[0K    @ ./loading.jl:2621 [inlined]
[0K  [5] macro expansion
[0K    @ ./lock.jl:376 [inlined]
[0K  [6] __require(into::Module, mod::Symbol)
[0K    @ Base ./loading.jl:2585
[0K  [7] require
[0K    @ ./loading.jl:2561 [inlined]
[0K  [8] eval_import_path
[0K    @ ./module.jl:36 [inlined]
[0K  [9] eval_import_path_all(at::Module, path::Expr, keyword::String)
[0K    @ Base ./module.jl:60
[0K [10] _eval_using
[0K    @ ./module.jl:137 [inlined]
[0K [11] _eval_using(to::Module, path::Expr)
[0K    @ Base ./module.jl:137
[0K [12] top-level scope
[0K    @ /workdir/depot/packages/SciMLBase/eTBDr/ext/SciMLBaseDifferentiationInterfaceExt.jl:3
[0K [13] include(mod::Module, _path::String)
[0K    @ Base ./Base.jl:323
[0K  [1] error(s::String)
[0K    @ Base ./error.jl:56
[0K  [2] __require_prelocked(pkg::Base.PkgId, env::String)
[0K    @ Base ./loading.jl:2840
[0K  [3] _require_prelocked(uuidkey::Base.PkgId, env::String)
[0K    @ Base ./loading.jl:2694
[0K  [4] macro expansion
[0K    @ ./loading.jl:2621 [inlined]
[0K [14] include_package_for_output(pkg::Base.PkgId, input::String, syntax_version::VersionNumber, depot_path::Vector{String}, dl_load_path::Vector{String}, load_path::Vector{String}, concrete_deps::Vector{Pair{Base.PkgId, UInt128}}, source::Nothing)
[0K  [5] macro expansion
[0K    @ ./lock.jl:376 [inlined]
[0K    @ Base ./loading.jl:3288
[0K [15] top-level scope
[0K  [6] __require(into::Module, mod::Symbol)
[0K    @ stdin:5
[0K    @ Base ./loading.jl:2585
[0K  [7] require
[0K [16] eval(m::Module, e::Any)
[0K    @ ./loading.jl:2561 [inlined]
[0K    @ Core ./boot.jl:517
[0K  [8] eval_import_path
[0K    @ ./module.jl:36 [inlined]
[0K [17] include_string(mapexpr::typeof(identity), mod::Module, code::String, filename::String)
[0K  [9] eval_import_path_all(at::Module, path::Expr, keyword::String)
[0K    @ Base ./loading.jl:3130
[0K [18] include_string
[0K    @ Base ./module.jl:60
[0K    @ ./loading.jl:3140 [inlined]
[0K [10] _eval_using
[0K    @ ./module.jl:137 [inlined]
[0K [19] exec_options(opts::Base.JLOptions)
[0K [11] _eval_using(to::Module, path::Expr)
[0K    @ Base ./client.jl:342
[0K    @ Base ./module.jl:137
[0K [20] _start()
[0K [12] top-level scope
[0K    @ /workdir/depot/packages/SciMLBase/eTBDr/ext/SciMLBaseChainRulesCoreExt.jl:3
[0K    @ Base ./client.jl:585
[0Kin expression starting at /workdir/depot/packages/SciMLBase/eTBDr/ext/SciMLBaseDifferentiationInterfaceExt.jl:1
[0Kin expression starting at stdin:5
[0K [13] include(mod::Module, _path::String)
[0K    @ Base ./Base.jl:323
[0K [14] include_package_for_output(pkg::Base.PkgId, input::String, syntax_version::VersionNumber, depot_path::Vector{String}, dl_load_path::Vector{String}, load_path::Vector{String}, concrete_deps::Vector{Pair{Base.PkgId, UInt128}}, source::Nothing)
[0K    @ Base ./loading.jl:3288
[0K [15] top-level scope
[0K    @ stdin:5
[0K [16] eval(m::Module, e::Any)
[0K    @ Core ./boot.jl:517
[0K [17] include_string(mapexpr::typeof(identity), mod::Module, code::String, filename::String)
[0K    @ Base ./loading.jl:3130
[0K [18] include_string
[0K    @ ./loading.jl:3140 [inlined]
[0K [19] exec_options(opts::Base.JLOptions)
[0K    @ Base ./client.jl:342
[0K [20] _start()
[0K    @ Base ./client.jl:585
[0Kin expression starting at /workdir/depot/packages/SciMLBase/eTBDr/ext/SciMLBaseChainRulesCoreExt.jl:1
[0Kin expression starting at stdin:5
[0KERROR: LoadError: Precompiled image Base.PkgId(Base.UUID("0bca4576-84f4-4d90-8ffe-ffa030f20462"), "SciMLBase") not available with flags CacheFlags(; use_pkgimages=true, debug_level=1, check_bounds=0, inline=true, opt_level=2)
[0KStacktrace:
[0K  [1] error(s::String)
[0K    @ Base ./error.jl:56
[0K  [2] __require_prelocked(pkg::Base.PkgId, env::String)
[0K    @ Base ./loading.jl:2840
[0K  [3] _require_prelocked(uuidkey::Base.PkgId, env::String)
[0K    @ Base ./loading.jl:2694
[0K  [4] macro expansion
[0K    @ ./loading.jl:2621 [inlined]
[0K  [5] macro expansion
[0K    @ ./lock.jl:376 [inlined]
[0K  [6] __require(into::Module, mod::Symbol)
[0K    @ Base ./loading.jl:2585
[0K  [7] require
[0K    @ ./loading.jl:2561 [inlined]
[0K  [8] eval_import_path
[0K    @ ./module.jl:36 [inlined]
[0K  [9] eval_import_path_all(at::Module, path::Expr, keyword::String)
[0K    @ Base ./module.jl:60
[0K [10] _eval_import(::Bool, ::Module, ::Expr, ::Expr, ::Vararg{Expr})
[0K    @ Base ./module.jl:101
[0K [11] top-level scope
[0K    @ /workdir/depot/packages/SciMLJacobianOperators/k05eI/src/SciMLJacobianOperators.jl:10
[0K [12] include(mod::Module, _path::String)
[0K    @ Base ./Base.jl:323
[0K [13] include_package_for_output(pkg::Base.PkgId, input::String, syntax_version::VersionNumber, depot_path::Vector{String}, dl_load_path::Vector{String}, load_path::Vector{String}, concrete_deps::Vector{Pair{Base.PkgId, UInt128}}, source::Nothing)
[0K    @ Base ./loading.jl:3288
[0K [14] top-level scope
[0K    @ stdin:5
[0K [15] eval(m::Module, e::Any)
[0K    @ Core ./boot.jl:517
[0K [16] include_string(mapexpr::typeof(identity), mod::Module, code::String, filename::String)
[0K    @ Base ./loading.jl:3130
[0K [17] include_string
[0K    @ ./loading.jl:3140 [inlined]
[0K [18] exec_options(opts::Base.JLOptions)
[0K    @ Base ./client.jl:342
[0K [19] _start()
[0K    @ Base ./client.jl:585
[0Kin expression starting at /workdir/depot/packages/SciMLJacobianOperators/k05eI/src/SciMLJacobianOperators.jl:1
[0Kin expression starting at stdin:5
[0KERROR: LoadError: Precompiled image Base.PkgId(Base.UUID("0bca4576-84f4-4d90-8ffe-ffa030f20462"), "SciMLBase") not available with flags CacheFlags(; use_pkgimages=true, debug_level=1, check_bounds=0, inline=true, opt_level=2)
[0KStacktrace:
[0K  [1] error(s::String)
[0K    @ Base ./error.jl:56
[0K  [2] __require_prelocked(pkg::Base.PkgId, env::String)
[0K    @ Base ./loading.jl:2840
[0K  [3] _require_prelocked(uuidkey::Base.PkgId, env::String)
[0K    @ Base ./loading.jl:2694
[0K  [4] macro expansion
[0K    @ ./loading.jl:2621 [inlined]
[0K  [5] macro expansion
[0K    @ ./lock.jl:376 [inlined]
[0K  [6] __require(into::Module, mod::Symbol)
[0K    @ Base ./loading.jl:2585
[0K  [7] require
[0K    @ ./loading.jl:2561 [inlined]
[0K  [8] eval_import_path
[0K    @ ./module.jl:36 [inlined]
[0K  [9] eval_import_path_all(at::Module, path::Expr, keyword::String)
[0K    @ Base ./module.jl:60
[0K [10] _eval_import(::Bool, ::Module, ::Expr, ::Expr, ::Vararg{Expr})
[0K    @ Base ./module.jl:101
[0K [11] top-level scope
[0K    @ /workdir/depot/packages/LinearSolve/NzF29/src/LinearSolve.jl:18
[0K [12] include(mod::Module, _path::String)
[0K    @ Base ./Base.jl:323
[0K [13] include_package_for_output(pkg::Base.PkgId, input::String, syntax_version::VersionNumber, depot_path::Vector{String}, dl_load_path::Vector{String}, load_path::Vector{String}, concrete_deps::Vector{Pair{Base.PkgId, UInt128}}, source::Nothing)
[0K    @ Base ./loading.jl:3288
[0K [14] top-level scope
[0K    @ stdin:5
[0K [15] eval(m::Module, e::Any)
[0K    @ Core ./boot.jl:517
[0K [16] include_string(mapexpr::typeof(identity), mod::Module, code::String, filename::String)
[0K    @ Base ./loading.jl:3130
[0K [17] include_string
[0K    @ ./loading.jl:3140 [inlined]
[0K [18] exec_options(opts::Base.JLOptions)
[0K    @ Base ./client.jl:342
[0K [19] _start()
[0K    @ Base ./client.jl:585
[0Kin expression starting at /workdir/depot/packages/LinearSolve/NzF29/src/LinearSolve.jl:1
[0Kin expression starting at stdin:5
[0KERROR: LoadError: Precompiled image Base.PkgId(Base.UUID("7ed4a6bd-45f5-4d41-b270-4a48e9bafcae"), "LinearSolve") not available with flags CacheFlags(; use_pkgimages=true, debug_level=1, check_bounds=0, inline=true, opt_level=2)
[0KStacktrace:
[0K  [1] error(s::String)
[0K    @ Base ./error.jl:56
[0K  [2] __require_prelocked(pkg::Base.PkgId, env::String)
[0K    @ Base ./loading.jl:2840
[0K  [3] _require_prelocked(uuidkey::Base.PkgId, env::String)
[0K    @ Base ./loading.jl:2694
[0K  [4] macro expansion
[0K    @ ./loading.jl:2621 [inlined]
[0K  [5] macro expansion
[0K    @ ./lock.jl:376 [inlined]
[0K  [6] __require(into::Module, mod::Symbol)
[0K    @ Base ./loading.jl:2585
[0K  [7] require
[0K    @ ./loading.jl:2561 [inlined]
[0K  [8] eval_import_path
[0K    @ ./module.jl:36 [inlined]
[0K  [9] eval_import_path_all(at::Module, path::Expr, keyword::String)
[0K    @ Base ./module.jl:60
[0K [10] _eval_using
[0K    @ ./module.jl:137 [inlined]
[0K [11] _eval_using(to::Module, path::Expr)
[0K    @ Base ./module.jl:137
[0K [12] top-level scope
[0K    @ /workdir/depot/packages/LinearSolve/NzF29/ext/LinearSolveForwardDiffExt.jl:3
[0K [13] include(mod::Module, _path::String)
[0K    @ Base ./Base.jl:323
[0KERROR: LoadError: Precompiled image Base.PkgId(Base.UUID("7ed4a6bd-45f5-4d41-b270-4a48e9bafcae"), "LinearSolve") not available with flags CacheFlags(; use_pkgimages=true, debug_level=1, check_bounds=0, inline=true, opt_level=2)
[0KStacktrace:
[0K [14] include_package_for_output(pkg::Base.PkgId, input::String, syntax_version::VersionNumber, depot_path::Vector{String}, dl_load_path::Vector{String}, load_path::Vector{String}, concrete_deps::Vector{Pair{Base.PkgId, UInt128}}, source::Nothing)
[0K    @ Base ./loading.jl:3288
[0K [15] top-level scope
[0K    @ stdin:5
[0K [16] eval(m::Module, e::Any)
[0K    @ Core ./boot.jl:517
[0K [17] include_string(mapexpr::typeof(identity), mod::Module, code::String, filename::String)
[0K    @ Base ./loading.jl:3130
[0K [18] include_string
[0K    @ ./loading.jl:3140 [inlined]
[0K [19] exec_options(opts::Base.JLOptions)
[0K    @ Base ./client.jl:342
[0K [20] _start()
[0K    @ Base ./client.jl:585
[0Kin expression starting at /workdir/depot/packages/LinearSolve/NzF29/ext/LinearSolveForwardDiffExt.jl:1
[0Kin expression starting at stdin:5
[0K  [1] error(s::String)
[0K    @ Base ./error.jl:56
[0K  [2] __require_prelocked(pkg::Base.PkgId, env::String)
[0K    @ Base ./loading.jl:2840
[0K  [3] _require_prelocked(uuidkey::Base.PkgId, env::String)
[0K    @ Base ./loading.jl:2694
[0K  [4] macro expansion
[0K    @ ./loading.jl:2621 [inlined]
[0K  [5] macro expansion
[0K    @ ./lock.jl:376 [inlined]
[0K  [6] __require(into::Module, mod::Symbol)
[0K    @ Base ./loading.jl:2585
[0K  [7] require
[0KERROR: LoadError: Precompiled image Base.PkgId(Base.UUID("0bca4576-84f4-4d90-8ffe-ffa030f20462"), "SciMLBase") not available with flags CacheFlags(; use_pkgimages=true, debug_level=1, check_bounds=0, inline=true, opt_level=2)
[0K    @ ./loading.jl:2561 [inlined]
[0KStacktrace:
[0K  [8] eval_import_path
[0K    @ ./module.jl:36 [inlined]
[0K  [9] eval_import_path_all(at::Module, path::Expr, keyword::String)
[0K    @ Base ./module.jl:60
[0KERROR: LoadError: Precompiled image Base.PkgId(Base.UUID("731186ca-8d62-57ce-b412-fbd966d074cd"), "RecursiveArrayTools") not available with flags CacheFlags(; use_pkgimages=true, debug_level=1, check_bounds=0, inline=true, opt_level=2)
[0KStacktrace:
[0K [10] _eval_import(::Bool, ::Module, ::Expr, ::Expr, ::Vararg{Expr})
[0K    @ Base ./module.jl:101
[0K [11] top-level scope
[0K    @ /workdir/depot/packages/LinearSolve/NzF29/ext/LinearSolveSparseArraysExt.jl:3
[0K [12] include(mod::Module, _path::String)
[0K    @ Base ./Base.jl:323
[0K [13] include_package_for_output(pkg::Base.PkgId, input::String, syntax_version::VersionNumber, depot_path::Vector{String}, dl_load_path::Vector{String}, load_path::Vector{String}, concrete_deps::Vector{Pair{Base.PkgId, UInt128}}, source::Nothing)
[0K    @ Base ./loading.jl:3288
[0K [14] top-level scope
[0K    @ stdin:5
[0K [15] eval(m::Module, e::Any)
[0K    @ Core ./boot.jl:517
[0K [16] include_string(mapexpr::typeof(identity), mod::Module, code::String, filename::String)
[0K    @ Base ./loading.jl:3130
[0K [17] include_string
[0K    @ ./loading.jl:3140 [inlined]
[0K [18] exec_options(opts::Base.JLOptions)
[0K    @ Base ./client.jl:342
[0K [19] _start()
[0K    @ Base ./client.jl:585
[0Kin expression starting at /workdir/depot/packages/LinearSolve/NzF29/ext/LinearSolveSparseArraysExt.jl:1
[0Kin expression starting at stdin:5
[0K  [1] error(s::String)
[0K    @ Base ./error.jl:56
[0K  [2] __require_prelocked(pkg::Base.PkgId, env::String)
[0K    @ Base ./loading.jl:2840
[0K  [1] error(s::String)
[0K  [3] _require_prelocked(uuidkey::Base.PkgId, env::String)
[0K    @ Base ./loading.jl:2694
[0K  [4] macro expansion
[0K    @ ./loading.jl:2621 [inlined]
[0K    @ Base ./error.jl:56
[0K  [5] macro expansion
[0K    @ ./lock.jl:376 [inlined]
[0K  [6] __require(into::Module, mod::Symbol)
[0K  [2] __require_prelocked(pkg::Base.PkgId, env::String)
[0K    @ Base ./loading.jl:2585
[0K    @ Base ./loading.jl:2840
[0K  [7] require
[0K    @ ./loading.jl:2561 [inlined]
[0K  [3] _require_prelocked(uuidkey::Base.PkgId, env::String)
[0K  [8] eval_import_path
[0K    @ Base ./loading.jl:2694
[0K    @ ./module.jl:36 [inlined]
[0K  [4] macro expansion
[0K  [9] eval_import_path_all(at::Module, path::Expr, keyword::String)
[0K    @ ./loading.jl:2621 [inlined]
[0K  [5] macro expansion
[0K    @ Base ./module.jl:60
[0K    @ ./lock.jl:376 [inlined]
[0K  [6] __require(into::Module, mod::Symbol)
[0K    @ Base ./loading.jl:2585
[0K  [7] require
[0K    @ ./loading.jl:2561 [inlined]
[0K  [8] eval_import_path
[0K    @ ./module.jl:36 [inlined]
[0K  [9] eval_import_path_all(at::Module, path::Expr, keyword::String)
[0K    @ Base ./module.jl:60
[0K [10] _eval_import(::Bool, ::Module, ::Expr, ::Expr, ::Vararg{Expr})
[0K [10] _eval_import(::Bool, ::Module, ::Expr, ::Expr, ::Vararg{Expr})
[0K    @ Base ./module.jl:101
[0K    @ Base ./module.jl:101
[0K [11] top-level scope
[0K [11] top-level scope
[0K    @ /workdir/depot/packages/NonlinearSolveBase/Rw8Vf/src/NonlinearSolveBase.jl:18
[0K    @ /workdir/depot/packages/LineSearch/ZrjLJ/src/LineSearch.jl:9
[0K [12] include(mod::Module, _path::String)
[0K [12] include(mod::Module, _path::String)
[0K    @ Base ./Base.jl:323
[0K    @ Base ./Base.jl:323
[0K [13] include_package_for_output(pkg::Base.PkgId, input::String, syntax_version::VersionNumber, depot_path::Vector{String}, dl_load_path::Vector{String}, load_path::Vector{String}, concrete_deps::Vector{Pair{Base.PkgId, UInt128}}, source::Nothing)
[0K    @ Base ./loading.jl:3288
[0K [14] top-level scope
[0K    @ stdin:5
[0K [15] eval(m::Module, e::Any)
[0K    @ Core ./boot.jl:517
[0K [16] include_string(mapexpr::typeof(identity), mod::Module, code::String, filename::String)
[0K    @ Base ./loading.jl:3130
[0K [17] include_string
[0K    @ ./loading.jl:3140 [inlined]
[0K [18] exec_options(opts::Base.JLOptions)
[0K    @ Base ./client.jl:342
[0K [19] _start()
[0K    @ Base ./client.jl:585
[0Kin expression starting at /workdir/depot/packages/NonlinearSolveBase/Rw8Vf/src/NonlinearSolveBase.jl:1
[0Kin expression starting at stdin:5
[0K [13] include_package_for_output(pkg::Base.PkgId, input::String, syntax_version::VersionNumber, depot_path::Vector{String}, dl_load_path::Vector{String}, load_path::Vector{String}, concrete_deps::Vector{Pair{Base.PkgId, UInt128}}, source::Nothing)
[0K    @ Base ./loading.jl:3288
[0K [14] top-level scope
[0K    @ stdin:5
[0K [15] eval(m::Module, e::Any)
[0K    @ Core ./boot.jl:517
[0K [16] include_string(mapexpr::typeof(identity), mod::Module, code::String, filename::String)
[0K    @ Base ./loading.jl:3130
[0K [17] include_string
[0K    @ ./loading.jl:3140 [inlined]
[0K [18] exec_options(opts::Base.JLOptions)
[0K    @ Base ./client.jl:342
[0K [19] _start()
[0K    @ Base ./client.jl:585
[0Kin expression starting at /workdir/depot/packages/LineSearch/ZrjLJ/src/LineSearch.jl:1
[0Kin expression starting at stdin:5
[0KERROR: LoadError: Precompiled image Base.PkgId(Base.UUID("0bca4576-84f4-4d90-8ffe-ffa030f20462"), "SciMLBase") not available with flags CacheFlags(; use_pkgimages=true, debug_level=1, check_bounds=0, inline=true, opt_level=2)
[0KStacktrace:
[0KERROR: LoadError: Precompiled image Base.PkgId(Base.UUID("7ed4a6bd-45f5-4d41-b270-4a48e9bafcae"), "LinearSolve") not available with flags CacheFlags(; use_pkgimages=true, debug_level=1, check_bounds=0, inline=true, opt_level=2)
[0KStacktrace:
[0KERROR: LoadError: Precompiled image Base.PkgId(Base.UUID("be0214bd-f91f-a760-ac4e-3421ce2b2da0"), "NonlinearSolveBase") not available with flags CacheFlags(; use_pkgimages=true, debug_level=1, check_bounds=0, inline=true, opt_level=2)
[0KStacktrace:
[0K  [1] error(s::String)
[0K    @ Base ./error.jl:56
[0K  [2] __require_prelocked(pkg::Base.PkgId, env::String)
[0K    @ Base ./loading.jl:2840
[0K  [3] _require_prelocked(uuidkey::Base.PkgId, env::String)
[0K    @ Base ./loading.jl:2694
[0K  [4] macro expansion
[0K    @ ./loading.jl:2621 [inlined]
[0K  [5] macro expansion
[0K    @ ./lock.jl:376 [inlined]
[0K  [6] __require(into::Module, mod::Symbol)
[0K    @ Base ./loading.jl:2585
[0K  [7] require
[0K    @ ./loading.jl:2561 [inlined]
[0K  [8] eval_import_path
[0K    @ ./module.jl:36 [inlined]
[0K  [9] eval_import_path_all(at::Module, path::Expr, keyword::String)
[0K    @ Base ./module.jl:60
[0K  [1] error(s::String)
[0K    @ Base ./error.jl:56
[0K  [2] __require_prelocked(pkg::Base.PkgId, env::String)
[0K    @ Base ./loading.jl:2840
[0K  [3] _require_prelocked(uuidkey::Base.PkgId, env::String)
[0K    @ Base ./loading.jl:2694
[0K  [4] macro expansion
[0K    @ ./loading.jl:2621 [inlined]
[0K  [5] macro expansion
[0K    @ ./lock.jl:376 [inlined]
[0K  [6] __require(into::Module, mod::Symbol)
[0K    @ Base ./loading.jl:2585
[0K  [7] require
[0K    @ ./loading.jl:2561 [inlined]
[0K  [8] eval_import_path
[0K    @ ./module.jl:36 [inlined]
[0K  [9] eval_import_path_all(at::Module, path::Expr, keyword::String)
[0K    @ Base ./module.jl:60
[0K  [1] error(s::String)
[0K    @ Base ./error.jl:56
[0K  [2] __require_prelocked(pkg::Base.PkgId, env::String)
[0K    @ Base ./loading.jl:2840
[0K  [3] _require_prelocked(uuidkey::Base.PkgId, env::String)
[0K    @ Base ./loading.jl:2694
[0K  [4] macro expansion
[0K    @ ./loading.jl:2621 [inlined]
[0K  [5] macro expansion
[0K    @ ./lock.jl:376 [inlined]
[0K  [6] __require(into::Module, mod::Symbol)
[0K    @ Base ./loading.jl:2585
[0K  [7] require
[0K    @ ./loading.jl:2561 [inlined]
[0K  [8] eval_import_path
[0K    @ ./module.jl:36 [inlined]
[0K  [9] eval_import_path_all(at::Module, path::Expr, keyword::String)
[0K    @ Base ./module.jl:60
[0K [10] _eval_using
[0K    @ ./module.jl:137 [inlined]
[0K [11] _eval_using(to::Module, path::Expr)
[0K    @ Base ./module.jl:137
[0K [12] top-level scope
[0K    @ /workdir/depot/packages/NonlinearSolveBase/Rw8Vf/ext/NonlinearSolveBaseChainRulesCoreExt.jl:3
[0K [13] include(mod::Module, _path::String)
[0K    @ Base ./Base.jl:323
[0K [14] include_package_for_output(pkg::Base.PkgId, input::String, syntax_version::VersionNumber, depot_path::Vector{String}, dl_load_path::Vector{String}, load_path::Vector{String}, concrete_deps::Vector{Pair{Base.PkgId, UInt128}}, source::Nothing)
[0K    @ Base ./loading.jl:3288
[0K [15] top-level scope
[0K    @ stdin:5
[0K [16] eval(m::Module, e::Any)
[0K    @ Core ./boot.jl:517
[0K [17] include_string(mapexpr::typeof(identity), mod::Module, code::String, filename::String)
[0K    @ Base ./loading.jl:3130
[0K [18] include_string
[0K    @ ./loading.jl:3140 [inlined]
[0K [19] exec_options(opts::Base.JLOptions)
[0K    @ Base ./client.jl:342
[0K [20] _start()
[0K    @ Base ./client.jl:585
[0Kin expression starting at /workdir/depot/packages/NonlinearSolveBase/Rw8Vf/ext/NonlinearSolveBaseChainRulesCoreExt.jl:1
[0Kin expression starting at stdin:5
[0K [10] _eval_import(::Bool, ::Module, ::Expr, ::Expr, ::Vararg{Expr})
[0K    @ Base ./module.jl:101
[0K [11] top-level scope
[0K    @ /workdir/depot/packages/NonlinearSolveBase/Rw8Vf/ext/NonlinearSolveBaseSparseMatrixColoringsExt.jl:4
[0K [12] include(mod::Module, _path::String)
[0K    @ Base ./Base.jl:323
[0K [10] _eval_import(::Bool, ::Module, ::Expr, ::Expr, ::Vararg{Expr})
[0K    @ Base ./module.jl:101
[0K [11] top-level scope
[0K    @ /workdir/depot/packages/LinearSolve/NzF29/ext/LinearSolveEnzymeExt.jl:3
[0K [12] include(mod::Module, _path::String)
[0K    @ Base ./Base.jl:323
[0K [13] include_package_for_output(pkg::Base.PkgId, input::String, syntax_version::VersionNumber, depot_path::Vector{String}, dl_load_path::Vector{String}, load_path::Vector{String}, concrete_deps::Vector{Pair{Base.PkgId, UInt128}}, source::Nothing)
[0K    @ Base ./loading.jl:3288
[0K [14] top-level scope
[0K    @ stdin:5
[0K [15] eval(m::Module, e::Any)
[0K    @ Core ./boot.jl:517
[0K [16] include_string(mapexpr::typeof(identity), mod::Module, code::String, filename::String)
[0K [13] include_package_for_output(pkg::Base.PkgId, input::String, syntax_version::VersionNumber, depot_path::Vector{String}, dl_load_path::Vector{String}, load_path::Vector{String}, concrete_deps::Vector{Pair{Base.PkgId, UInt128}}, source::Nothing)
[0K    @ Base ./loading.jl:3130
[0K [17] include_string
[0K    @ Base ./loading.jl:3288
[0K    @ ./loading.jl:3140 [inlined]
[0K [14] top-level scope
[0K    @ stdin:5
[0K [18] exec_options(opts::Base.JLOptions)
[0K    @ Base ./client.jl:342
[0K [15] eval(m::Module, e::Any)
[0K [19] _start()
[0K    @ Core ./boot.jl:517
[0K    @ Base ./client.jl:585
[0Kin expression starting at /workdir/depot/packages/NonlinearSolveBase/Rw8Vf/ext/NonlinearSolveBaseSparseMatrixColoringsExt.jl:1
[0Kin expression starting at stdin:5
[0K [16] include_string(mapexpr::typeof(identity), mod::Module, code::String, filename::String)
[0K    @ Base ./loading.jl:3130
[0K [17] include_string
[0K    @ ./loading.jl:3140 [inlined]
[0K [18] exec_options(opts::Base.JLOptions)
[0K    @ Base ./client.jl:342
[0K [19] _start()
[0K    @ Base ./client.jl:585
[0Kin expression starting at /workdir/depot/packages/LinearSolve/NzF29/ext/LinearSolveEnzymeExt.jl:1
[0Kin expression starting at stdin:5
[0KERROR: LoadError: Precompiled image Base.PkgId(Base.UUID("7ed4a6bd-45f5-4d41-b270-4a48e9bafcae"), "LinearSolve") not available with flags CacheFlags(; use_pkgimages=true, debug_level=1, check_bounds=0, inline=true, opt_level=2)
[0KStacktrace:
[0K  [1] error(s::String)
[0K    @ Base ./error.jl:56
[0K  [2] __require_prelocked(pkg::Base.PkgId, env::String)
[0K    @ Base ./loading.jl:2840
[0K  [3] _require_prelocked(uuidkey::Base.PkgId, env::String)
[0K    @ Base ./loading.jl:2694
[0K  [4] macro expansion
[0K    @ ./loading.jl:2621 [inlined]
[0K  [5] macro expansion
[0K    @ ./lock.jl:376 [inlined]
[0K  [6] __require(into::Module, mod::Symbol)
[0K    @ Base ./loading.jl:2585
[0K  [7] require
[0K    @ ./loading.jl:2561 [inlined]
[0K  [8] eval_import_path
[0K    @ ./module.jl:36 [inlined]
[0K  [9] eval_import_path_all(at::Module, path::Expr, keyword::String)
[0K    @ Base ./module.jl:60
[0K [10] _eval_import(::Bool, ::Module, ::Expr, ::Expr, ::Vararg{Expr})
[0K    @ Base ./module.jl:101
[0K [11] top-level scope
[0K    @ /workdir/depot/packages/NonlinearSolveBase/Rw8Vf/ext/NonlinearSolveBaseLinearSolveExt.jl:6
[0K [12] include(mod::Module, _path::String)
[0K    @ Base ./Base.jl:323
[0K [13] include_package_for_output(pkg::Base.PkgId, input::String, syntax_version::VersionNumber, depot_path::Vector{String}, dl_load_path::Vector{String}, load_path::Vector{String}, concrete_deps::Vector{Pair{Base.PkgId, UInt128}}, source::Nothing)
[0K    @ Base ./loading.jl:3288
[0K [14] top-level scope
[0K    @ stdin:5
[0K [15] eval(m::Module, e::Any)
[0K    @ Core ./boot.jl:517
[0K [16] include_string(mapexpr::typeof(identity), mod::Module, code::String, filename::String)
[0K    @ Base ./loading.jl:3130
[0K [17] include_string
[0K    @ ./loading.jl:3140 [inlined]
[0K [18] exec_options(opts::Base.JLOptions)
[0K    @ Base ./client.jl:342
[0K [19] _start()
[0K    @ Base ./client.jl:585
[0Kin expression starting at /workdir/depot/packages/NonlinearSolveBase/Rw8Vf/ext/NonlinearSolveBaseLinearSolveExt.jl:1
[0Kin expression starting at stdin:5
[0KERROR: LoadError: Precompiled image Base.PkgId(Base.UUID("be0214bd-f91f-a760-ac4e-3421ce2b2da0"), "NonlinearSolveBase") not available with flags CacheFlags(; use_pkgimages=true, debug_level=1, check_bounds=0, inline=true, opt_level=2)
[0KStacktrace:
[0K  [1] error(s::String)
[0K    @ Base ./error.jl:56
[0K  [2] __require_prelocked(pkg::Base.PkgId, env::String)
[0K    @ Base ./loading.jl:2840
[0K  [3] _require_prelocked(uuidkey::Base.PkgId, env::String)
[0K    @ Base ./loading.jl:2694
[0K  [4] macro expansion
[0K    @ ./loading.jl:2621 [inlined]
[0K  [5] macro expansion
[0K    @ ./lock.jl:376 [inlined]
[0K  [6] __require(into::Module, mod::Symbol)
[0K    @ Base ./loading.jl:2585
[0K  [7] require
[0K    @ ./loading.jl:2561 [inlined]
[0K  [8] eval_import_path
[0K    @ ./module.jl:36 [inlined]
[0K  [9] eval_import_path_all(at::Module, path::Expr, keyword::String)
[0K    @ Base ./module.jl:60
[0K [10] _eval_import(::Bool, ::Module, ::Expr, ::Expr, ::Vararg{Expr})
[0K    @ Base ./module.jl:101
[0K [11] top-level scope
[0K    @ /workdir/depot/packages/NonlinearSolveBase/Rw8Vf/ext/NonlinearSolveBaseSparseArraysExt.jl:5
[0K [12] include(mod::Module, _path::String)
[0K    @ Base ./Base.jl:323
[0K [13] include_package_for_output(pkg::Base.PkgId, input::String, syntax_version::VersionNumber, depot_path::Vector{String}, dl_load_path::Vector{String}, load_path::Vector{String}, concrete_deps::Vector{Pair{Base.PkgId, UInt128}}, source::Nothing)
[0K    @ Base ./loading.jl:3288
[0K [14] top-level scope
[0K    @ stdin:5
[0K [15] eval(m::Module, e::Any)
[0K    @ Core ./boot.jl:517
[0K [16] include_string(mapexpr::typeof(identity), mod::Module, code::String, filename::String)
[0K    @ Base ./loading.jl:3130
[0K [17] include_string
[0K    @ ./loading.jl:3140 [inlined]
[0K [18] exec_options(opts::Base.JLOptions)
[0K    @ Base ./client.jl:342
[0K [19] _start()
[0K    @ Base ./client.jl:585
[0Kin expression starting at /workdir/depot/packages/NonlinearSolveBase/Rw8Vf/ext/NonlinearSolveBaseSparseArraysExt.jl:1
[0Kin expression starting at stdin:5
[0KERROR: LoadError: Precompiled image Base.PkgId(Base.UUID("be0214bd-f91f-a760-ac4e-3421ce2b2da0"), "NonlinearSolveBase") not available with flags CacheFlags(; use_pkgimages=true, debug_level=1, check_bounds=0, inline=true, opt_level=2)
[0KStacktrace:
[0KERROR: LoadError: Precompiled image Base.PkgId(Base.UUID("87fe0de2-c867-4266-b59a-2f0a94fc965b"), "LineSearch") not available with flags CacheFlags(; use_pkgimages=true, debug_level=1, check_bounds=0, inline=true, opt_level=2)
[0KStacktrace:
[0K  [1] error(s::String)
[0K    @ Base ./error.jl:56
[0K  [2] __require_prelocked(pkg::Base.PkgId, env::String)
[0K    @ Base ./loading.jl:2840
[0K  [3] _require_prelocked(uuidkey::Base.PkgId, env::String)
[0K    @ Base ./loading.jl:2694
[0K  [4] macro expansion
[0K    @ ./loading.jl:2621 [inlined]
[0K  [5] macro expansion
[0K    @ ./lock.jl:376 [inlined]
[0K  [6] __require(into::Module, mod::Symbol)
[0K    @ Base ./loading.jl:2585
[0K  [7] require
[0K    @ ./loading.jl:2561 [inlined]
[0K  [8] eval_import_path
[0K    @ ./module.jl:36 [inlined]
[0K  [9] eval_import_path_all(at::Module, path::Expr, keyword::String)
[0K    @ Base ./module.jl:60
[0K [10] _eval_import(::Bool, ::Module, ::Expr, ::Expr, ::Vararg{Expr})
[0K    @ Base ./module.jl:101
[0K [11] top-level scope
[0K    @ /workdir/depot/packages/BracketingNonlinearSolve/BCMUl/src/BracketingNonlinearSolve.jl:8
[0K [12] include(mod::Module, _path::String)
[0K    @ Base ./Base.jl:323
[0K  [1] error(s::String)
[0K    @ Base ./error.jl:56
[0K  [2] __require_prelocked(pkg::Base.PkgId, env::String)
[0K    @ Base ./loading.jl:2840
[0K  [3] _require_prelocked(uuidkey::Base.PkgId, env::String)
[0K    @ Base ./loading.jl:2694
[0K  [4] macro expansion
[0K    @ ./loading.jl:2621 [inlined]
[0K  [5] macro expansion
[0K    @ ./lock.jl:376 [inlined]
[0K  [6] __require(into::Module, mod::Symbol)
[0K    @ Base ./loading.jl:2585
[0K  [7] require
[0K    @ ./loading.jl:2561 [inlined]
[0K  [8] eval_import_path
[0K    @ ./module.jl:36 [inlined]
[0K  [9] eval_import_path_all(at::Module, path::Expr, keyword::String)
[0K    @ Base ./module.jl:60
[0K [13] include_package_for_output(pkg::Base.PkgId, input::String, syntax_version::VersionNumber, depot_path::Vector{String}, dl_load_path::Vector{String}, load_path::Vector{String}, concrete_deps::Vector{Pair{Base.PkgId, UInt128}}, source::Nothing)
[0K    @ Base ./loading.jl:3288
[0K [14] top-level scope
[0K    @ stdin:5
[0K [15] eval(m::Module, e::Any)
[0K    @ Core ./boot.jl:517
[0K [16] include_string(mapexpr::typeof(identity), mod::Module, code::String, filename::String)
[0K    @ Base ./loading.jl:3130
[0K [17] include_string
[0K    @ ./loading.jl:3140 [inlined]
[0K [18] exec_options(opts::Base.JLOptions)
[0K    @ Base ./client.jl:342
[0K [19] _start()
[0K    @ Base ./client.jl:585
[0Kin expression starting at /workdir/depot/packages/BracketingNonlinearSolve/BCMUl/src/BracketingNonlinearSolve.jl:1
[0Kin expression starting at stdin:5
[0K [10] _eval_import(::Bool, ::Module, ::Expr, ::Expr, ::Vararg{Expr})
[0K    @ Base ./module.jl:101
[0K [11] top-level scope
[0K    @ /workdir/depot/packages/LineSearch/ZrjLJ/ext/LineSearchLineSearchesExt.jl:5
[0K [12] include(mod::Module, _path::String)
[0K    @ Base ./Base.jl:323
[0K [13] include_package_for_output(pkg::Base.PkgId, input::String, syntax_version::VersionNumber, depot_path::Vector{String}, dl_load_path::Vector{String}, load_path::Vector{String}, concrete_deps::Vector{Pair{Base.PkgId, UInt128}}, source::Nothing)
[0K    @ Base ./loading.jl:3288
[0K [14] top-level scope
[0K    @ stdin:5
[0K [15] eval(m::Module, e::Any)
[0K    @ Core ./boot.jl:517
[0K [16] include_string(mapexpr::typeof(identity), mod::Module, code::String, filename::String)
[0K    @ Base ./loading.jl:3130
[0K [17] include_string
[0K    @ ./loading.jl:3140 [inlined]
[0K [18] exec_options(opts::Base.JLOptions)
[0K    @ Base ./client.jl:342
[0K [19] _start()
[0K    @ Base ./client.jl:585
[0Kin expression starting at /workdir/depot/packages/LineSearch/ZrjLJ/ext/LineSearchLineSearchesExt.jl:1
[0Kin expression starting at stdin:5
[0KERROR: LoadError: Precompiled image Base.PkgId(Base.UUID("87fe0de2-c867-4266-b59a-2f0a94fc965b"), "LineSearch") not available with flags CacheFlags(; use_pkgimages=true, debug_level=1, check_bounds=0, inline=true, opt_level=2)
[0KStacktrace:
[0K  [1] error(s::String)
[0K    @ Base ./error.jl:56
[0K  [2] __require_prelocked(pkg::Base.PkgId, env::String)
[0K    @ Base ./loading.jl:2840
[0K  [3] _require_prelocked(uuidkey::Base.PkgId, env::String)
[0K    @ Base ./loading.jl:2694
[0K  [4] macro expansion
[0K    @ ./loading.jl:2621 [inlined]
[0K  [5] macro expansion
[0K    @ ./lock.jl:376 [inlined]
[0K  [6] __require(into::Module, mod::Symbol)
[0K    @ Base ./loading.jl:2585
[0K  [7] require
[0K    @ ./loading.jl:2561 [inlined]
[0K  [8] eval_import_path
[0K    @ ./module.jl:36 [inlined]
[0K  [9] eval_import_path_all(at::Module, path::Expr, keyword::String)
[0K    @ Base ./module.jl:60
[0KERROR: LoadError: Precompiled image Base.PkgId(Base.UUID("0bca4576-84f4-4d90-8ffe-ffa030f20462"), "SciMLBase") not available with flags CacheFlags(; use_pkgimages=true, debug_level=1, check_bounds=0, inline=true, opt_level=2)
[0KStacktrace:
[0K [10] _eval_import(::Bool, ::Module, ::Expr, ::Expr, ::Vararg{Expr})
[0K    @ Base ./module.jl:101
[0K [11] top-level scope
[0K    @ /workdir/depot/packages/NonlinearSolveBase/Rw8Vf/ext/NonlinearSolveBaseLineSearchExt.jl:3
[0K [12] include(mod::Module, _path::String)
[0K    @ Base ./Base.jl:323
[0K [13] include_package_for_output(pkg::Base.PkgId, input::String, syntax_version::VersionNumber, depot_path::Vector{String}, dl_load_path::Vector{String}, load_path::Vector{String}, concrete_deps::Vector{Pair{Base.PkgId, UInt128}}, source::Nothing)
[0K    @ Base ./loading.jl:3288
[0K [14] top-level scope
[0K    @ stdin:5
[0K [15] eval(m::Module, e::Any)
[0K    @ Core ./boot.jl:517
[0K [16] include_string(mapexpr::typeof(identity), mod::Module, code::String, filename::String)
[0K    @ Base ./loading.jl:3130
[0K [17] include_string
[0K    @ ./loading.jl:3140 [inlined]
[0K [18] exec_options(opts::Base.JLOptions)
[0K    @ Base ./client.jl:342
[0K [19] _start()
[0K    @ Base ./client.jl:585
[0Kin expression starting at /workdir/depot/packages/NonlinearSolveBase/Rw8Vf/ext/NonlinearSolveBaseLineSearchExt.jl:1
[0Kin expression starting at stdin:5
[0K  [1] error(s::String)
[0K    @ Base ./error.jl:56
[0K  [2] __require_prelocked(pkg::Base.PkgId, env::String)
[0K    @ Base ./loading.jl:2840
[0K  [3] _require_prelocked(uuidkey::Base.PkgId, env::String)
[0K    @ Base ./loading.jl:2694
[0K  [4] macro expansion
[0K    @ ./loading.jl:2621 [inlined]
[0K  [5] macro expansion
[0K    @ ./lock.jl:376 [inlined]
[0K  [6] __require(into::Module, mod::Symbol)
[0K    @ Base ./loading.jl:2585
[0K  [7] require
[0K    @ ./loading.jl:2561 [inlined]
[0K  [8] eval_import_path
[0K    @ ./module.jl:36 [inlined]
[0K  [9] eval_import_path_all(at::Module, path::Expr, keyword::String)
[0K    @ Base ./module.jl:60
[0K [10] _eval_import(::Bool, ::Module, ::Expr, ::Expr, ::Vararg{Expr})
[0K    @ Base ./module.jl:101
[0K [11] top-level scope
[0K    @ /workdir/depot/packages/NonlinearSolveBase/Rw8Vf/ext/NonlinearSolveBaseForwardDiffExt.jl:9
[0K [12] include(mod::Module, _path::String)
[0K    @ Base ./Base.jl:323
[0K [13] include_package_for_output(pkg::Base.PkgId, input::String, syntax_version::VersionNumber, depot_path::Vector{String}, dl_load_path::Vector{String}, load_path::Vector{String}, concrete_deps::Vector{Pair{Base.PkgId, UInt128}}, source::Nothing)
[0K    @ Base ./loading.jl:3288
[0K [14] top-level scope
[0K    @ stdin:5
[0K [15] eval(m::Module, e::Any)
[0K    @ Core ./boot.jl:517
[0K [16] include_string(mapexpr::typeof(identity), mod::Module, code::String, filename::String)
[0K    @ Base ./loading.jl:3130
[0K [17] include_string
[0K    @ ./loading.jl:3140 [inlined]
[0K [18] exec_options(opts::Base.JLOptions)
[0K    @ Base ./client.jl:342
[0K [19] _start()
[0K    @ Base ./client.jl:585
[0Kin expression starting at /workdir/depot/packages/NonlinearSolveBase/Rw8Vf/ext/NonlinearSolveBaseForwardDiffExt.jl:1
[0Kin expression starting at stdin:5
[0KERROR: LoadError: Precompiled image Base.PkgId(Base.UUID("7ed4a6bd-45f5-4d41-b270-4a48e9bafcae"), "LinearSolve") not available with flags CacheFlags(; use_pkgimages=true, debug_level=1, check_bounds=0, inline=true, opt_level=2)
[0KStacktrace:
[0K  [1] error(s::String)
[0K    @ Base ./error.jl:56
[0K  [2] __require_prelocked(pkg::Base.PkgId, env::String)
[0K    @ Base ./loading.jl:2840
[0K  [3] _require_prelocked(uuidkey::Base.PkgId, env::String)
[0K    @ Base ./loading.jl:2694
[0K  [4] macro expansion
[0K    @ ./loading.jl:2621 [inlined]
[0K  [5] macro expansion
[0K    @ ./lock.jl:376 [inlined]
[0K  [6] __require(into::Module, mod::Symbol)
[0K    @ Base ./loading.jl:2585
[0K  [7] require
[0K    @ ./loading.jl:2561 [inlined]
[0K  [8] eval_import_path
[0K    @ ./module.jl:36 [inlined]
[0K  [9] eval_import_path_all(at::Module, path::Expr, keyword::String)
[0K    @ Base ./module.jl:60
[0K [10] _eval_import(::Bool, ::Module, ::Expr, ::Expr, ::Vararg{Expr})
[0K    @ Base ./module.jl:101
[0K [11] top-level scope
[0K    @ /workdir/depot/packages/NonlinearSolveQuasiNewton/wYNEY/src/NonlinearSolveQuasiNewton.jl:12
[0K [12] include(mod::Module, _path::String)
[0K    @ Base ./Base.jl:323
[0K [13] include_package_for_output(pkg::Base.PkgId, input::String, syntax_version::VersionNumber, depot_path::Vector{String}, dl_load_path::Vector{String}, load_path::Vector{String}, concrete_deps::Vector{Pair{Base.PkgId, UInt128}}, source::Nothing)
[0K    @ Base ./loading.jl:3288
[0K [14] top-level scope
[0K    @ stdin:5
[0K [15] eval(m::Module, e::Any)
[0K    @ Core ./boot.jl:517
[0K [16] include_string(mapexpr::typeof(identity), mod::Module, code::String, filename::String)
[0K    @ Base ./loading.jl:3130
[0K [17] include_string
[0K    @ ./loading.jl:3140 [inlined]
[0K [18] exec_options(opts::Base.JLOptions)
[0K    @ Base ./client.jl:342
[0K [19] _start()
[0K    @ Base ./client.jl:585
[0Kin expression starting at /workdir/depot/packages/NonlinearSolveQuasiNewton/wYNEY/src/NonlinearSolveQuasiNewton.jl:1
[0Kin expression starting at stdin:5
[0KERROR: LoadError: Precompiled image Base.PkgId(Base.UUID("be0214bd-f91f-a760-ac4e-3421ce2b2da0"), "NonlinearSolveBase") not available with flags CacheFlags(; use_pkgimages=true, debug_level=1, check_bounds=0, inline=true, opt_level=2)
[0KStacktrace:
[0K  [1] error(s::String)
[0K    @ Base ./error.jl:56
[0K  [2] __require_prelocked(pkg::Base.PkgId, env::String)
[0K    @ Base ./loading.jl:2840
[0K  [3] _require_prelocked(uuidkey::Base.PkgId, env::String)
[0K    @ Base ./loading.jl:2694
[0K  [4] macro expansion
[0K    @ ./loading.jl:2621 [inlined]
[0K  [5] macro expansion
[0K    @ ./lock.jl:376 [inlined]
[0K  [6] __require(into::Module, mod::Symbol)
[0K    @ Base ./loading.jl:2585
[0K  [7] require
[0K    @ ./loading.jl:2561 [inlined]
[0K  [8] eval_import_path
[0K    @ ./module.jl:36 [inlined]
[0K  [9] eval_import_path_all(at::Module, path::Expr, keyword::String)
[0K    @ Base ./module.jl:60
[0KERROR: LoadError: Precompiled image Base.PkgId(Base.UUID("87fe0de2-c867-4266-b59a-2f0a94fc965b"), "LineSearch") not available with flags CacheFlags(; use_pkgimages=true, debug_level=1, check_bounds=0, inline=true, opt_level=2)
[0KStacktrace:
[0K  [1] error(s::String)
[0K    @ Base ./error.jl:56
[0K  [2] __require_prelocked(pkg::Base.PkgId, env::String)
[0K    @ Base ./loading.jl:2840
[0K  [3] _require_prelocked(uuidkey::Base.PkgId, env::String)
[0K    @ Base ./loading.jl:2694
[0K  [4] macro expansion
[0K    @ ./loading.jl:2621 [inlined]
[0K  [5] macro expansion
[0K    @ ./lock.jl:376 [inlined]
[0K  [6] __require(into::Module, mod::Symbol)
[0K    @ Base ./loading.jl:2585
[0K  [7] require
[0K    @ ./loading.jl:2561 [inlined]
[0K  [8] eval_import_path
[0K    @ ./module.jl:36 [inlined]
[0K  [9] eval_import_path_all(at::Module, path::Expr, keyword::String)
[0K    @ Base ./module.jl:60
[0K [10] _eval_import(::Bool, ::Module, ::Expr, ::Expr, ::Vararg{Expr})
[0K    @ Base ./module.jl:101
[0K [11] top-level scope
[0K    @ /workdir/depot/packages/BracketingNonlinearSolve/BCMUl/ext/BracketingNonlinearSolveForwardDiffExt.jl:5
[0K [12] include(mod::Module, _path::String)
[0K    @ Base ./Base.jl:323
[0K [13] include_package_for_output(pkg::Base.PkgId, input::String, syntax_version::VersionNumber, depot_path::Vector{String}, dl_load_path::Vector{String}, load_path::Vector{String}, concrete_deps::Vector{Pair{Base.PkgId, UInt128}}, source::Nothing)
[0K    @ Base ./loading.jl:3288
[0K [14] top-level scope
[0K    @ stdin:5
[0K [15] eval(m::Module, e::Any)
[0K    @ Core ./boot.jl:517
[0K [16] include_string(mapexpr::typeof(identity), mod::Module, code::String, filename::String)
[0K    @ Base ./loading.jl:3130
[0K [17] include_string
[0K    @ ./loading.jl:3140 [inlined]
[0K [18] exec_options(opts::Base.JLOptions)
[0K    @ Base ./client.jl:342
[0K [19] _start()
[0K    @ Base ./client.jl:585
[0Kin expression starting at /workdir/depot/packages/BracketingNonlinearSolve/BCMUl/ext/BracketingNonlinearSolveForwardDiffExt.jl:1
[0Kin expression starting at stdin:5
[0K [10] _eval_import(::Bool, ::Module, ::Expr, ::Expr, ::Vararg{Expr})
[0K    @ Base ./module.jl:101
[0K [11] top-level scope
[0K    @ /workdir/depot/packages/NonlinearSolveSpectralMethods/MM0BP/src/NonlinearSolveSpectralMethods.jl:8
[0K [12] include(mod::Module, _path::String)
[0K    @ Base ./Base.jl:323
[0K [13] include_package_for_output(pkg::Base.PkgId, input::String, syntax_version::VersionNumber, depot_path::Vector{String}, dl_load_path::Vector{String}, load_path::Vector{String}, concrete_deps::Vector{Pair{Base.PkgId, UInt128}}, source::Nothing)
[0K    @ Base ./loading.jl:3288
[0K [14] top-level scope
[0K    @ stdin:5
[0K [15] eval(m::Module, e::Any)
[0K    @ Core ./boot.jl:517
[0K [16] include_string(mapexpr::typeof(identity), mod::Module, code::String, filename::String)
[0K    @ Base ./loading.jl:3130
[0K [17] include_string
[0K    @ ./loading.jl:3140 [inlined]
[0K [18] exec_options(opts::Base.JLOptions)
[0K    @ Base ./client.jl:342
[0K [19] _start()
[0K    @ Base ./client.jl:585
[0Kin expression starting at /workdir/depot/packages/NonlinearSolveSpectralMethods/MM0BP/src/NonlinearSolveSpectralMethods.jl:1
[0Kin expression starting at stdin:5
[0KERROR: LoadError: Precompiled image Base.PkgId(Base.UUID("87fe0de2-c867-4266-b59a-2f0a94fc965b"), "LineSearch") not available with flags CacheFlags(; use_pkgimages=true, debug_level=1, check_bounds=0, inline=true, opt_level=2)
[0KStacktrace:
[0K  [1] error(s::String)
[0K    @ Base ./error.jl:56
[0K  [2] __require_prelocked(pkg::Base.PkgId, env::String)
[0K    @ Base ./loading.jl:2840
[0K  [3] _require_prelocked(uuidkey::Base.PkgId, env::String)
[0K    @ Base ./loading.jl:2694
[0K  [4] macro expansion
[0K    @ ./loading.jl:2621 [inlined]
[0K  [5] macro expansion
[0K    @ ./lock.jl:376 [inlined]
[0K  [6] __require(into::Module, mod::Symbol)
[0K    @ Base ./loading.jl:2585
[0K  [7] require
[0K    @ ./loading.jl:2561 [inlined]
[0K  [8] eval_import_path
[0K    @ ./module.jl:36 [inlined]
[0K  [9] eval_import_path_all(at::Module, path::Expr, keyword::String)
[0K    @ Base ./module.jl:60
[0K [10] _eval_import(::Bool, ::Module, ::Expr, ::Expr, ::Vararg{Expr})
[0K    @ Base ./module.jl:101
[0K [11] top-level scope
[0K    @ /workdir/depot/packages/NonlinearSolveFirstOrder/hAPzw/src/NonlinearSolveFirstOrder.jl:11
[0K [12] include(mod::Module, _path::String)
[0K    @ Base ./Base.jl:323
[0K [13] include_package_for_output(pkg::Base.PkgId, input::String, syntax_version::VersionNumber, depot_path::Vector{String}, dl_load_path::Vector{String}, load_path::Vector{String}, concrete_deps::Vector{Pair{Base.PkgId, UInt128}}, source::Nothing)
[0K    @ Base ./loading.jl:3288
[0K [14] top-level scope
[0K    @ stdin:5
[0K [15] eval(m::Module, e::Any)
[0K    @ Core ./boot.jl:517
[0K [16] include_string(mapexpr::typeof(identity), mod::Module, code::String, filename::String)
[0K    @ Base ./loading.jl:3130
[0K [17] include_string
[0K    @ ./loading.jl:3140 [inlined]
[0K [18] exec_options(opts::Base.JLOptions)
[0K    @ Base ./client.jl:342
[0K [19] _start()
[0K    @ Base ./client.jl:585
[0Kin expression starting at /workdir/depot/packages/NonlinearSolveFirstOrder/hAPzw/src/NonlinearSolveFirstOrder.jl:1
[0Kin expression starting at stdin:5
[0KERROR: LoadError: Precompiled image Base.PkgId(Base.UUID("731186ca-8d62-57ce-b412-fbd966d074cd"), "RecursiveArrayTools") not available with flags CacheFlags(; use_pkgimages=true, debug_level=1, check_bounds=0, inline=true, opt_level=2)
[0KStacktrace:
[0K  [1] error(s::String)
[0K    @ Base ./error.jl:56
[0K  [2] __require_prelocked(pkg::Base.PkgId, env::String)
[0K    @ Base ./loading.jl:2840
[0K  [3] _require_prelocked(uuidkey::Base.PkgId, env::String)
[0K    @ Base ./loading.jl:2694
[0K  [4] macro expansion
[0K    @ ./loading.jl:2621 [inlined]
[0K  [5] macro expansion
[0K    @ ./lock.jl:376 [inlined]
[0K  [6] __require(into::Module, mod::Symbol)
[0K    @ Base ./loading.jl:2585
[0K  [7] require
[0K    @ ./loading.jl:2561 [inlined]
[0K  [8] eval_import_path
[0K    @ ./module.jl:36 [inlined]
[0K  [9] _eval_import(imported::Bool, to::Module, from::Nothing, paths::Expr)
[0K    @ Base ./module.jl:111
[0K [10] top-level scope
[0K    @ /workdir/depot/packages/DiffEqBase/4RFWW/src/DiffEqBase.jl:29
[0K [11] include(mod::Module, _path::String)
[0K    @ Base ./Base.jl:323
[0K [12] include_package_for_output(pkg::Base.PkgId, input::String, syntax_version::VersionNumber, depot_path::Vector{String}, dl_load_path::Vector{String}, load_path::Vector{String}, concrete_deps::Vector{Pair{Base.PkgId, UInt128}}, source::Nothing)
[0K    @ Base ./loading.jl:3288
[0K [13] top-level scope
[0K    @ stdin:5
[0K [14] eval(m::Module, e::Any)
[0K    @ Core ./boot.jl:517
[0K [15] include_string(mapexpr::typeof(identity), mod::Module, code::String, filename::String)
[0K    @ Base ./loading.jl:3130
[0K [16] include_string
[0K    @ ./loading.jl:3140 [inlined]
[0K [17] exec_options(opts::Base.JLOptions)
[0K    @ Base ./client.jl:342
[0K [18] _start()
[0K    @ Base ./client.jl:585
[0Kin expression starting at /workdir/depot/packages/DiffEqBase/4RFWW/src/DiffEqBase.jl:1
[0Kin expression starting at stdin:5
[0KERROR: LoadError: Precompiled image Base.PkgId(Base.UUID("0bca4576-84f4-4d90-8ffe-ffa030f20462"), "SciMLBase") not available with flags CacheFlags(; use_pkgimages=true, debug_level=1, check_bounds=0, inline=true, opt_level=2)
[0KStacktrace:
[0K  [1] error(s::String)
[0K    @ Base ./error.jl:56
[0K  [2] __require_prelocked(pkg::Base.PkgId, env::String)
[0K    @ Base ./loading.jl:2840
[0K  [3] _require_prelocked(uuidkey::Base.PkgId, env::String)
[0K    @ Base ./loading.jl:2694
[0K  [4] macro expansion
[0K    @ ./loading.jl:2621 [inlined]
[0K  [5] macro expansion
[0K    @ ./lock.jl:376 [inlined]
[0K  [6] __require(into::Module, mod::Symbol)
[0K    @ Base ./loading.jl:2585
[0K  [7] require
[0K    @ ./loading.jl:2561 [inlined]
[0K  [8] eval_import_path
[0K    @ ./module.jl:36 [inlined]
[0K  [9] eval_import_path_all(at::Module, path::Expr, keyword::String)
[0K    @ Base ./module.jl:60
[0K [10] _eval_import(::Bool, ::Module, ::Expr, ::Expr, ::Vararg{Expr})
[0K    @ Base ./module.jl:101
[0K [11] top-level scope
[0K    @ /workdir/depot/packages/NonlinearSolveQuasiNewton/wYNEY/ext/NonlinearSolveQuasiNewtonForwardDiffExt.jl:5
[0K [12] include(mod::Module, _path::String)
[0K    @ Base ./Base.jl:323
[0K [13] include_package_for_output(pkg::Base.PkgId, input::String, syntax_version::VersionNumber, depot_path::Vector{String}, dl_load_path::Vector{String}, load_path::Vector{String}, concrete_deps::Vector{Pair{Base.PkgId, UInt128}}, source::Nothing)
[0K    @ Base ./loading.jl:3288
[0K [14] top-level scope
[0K    @ stdin:5
[0K [15] eval(m::Module, e::Any)
[0K    @ Core ./boot.jl:517
[0K [16] include_string(mapexpr::typeof(identity), mod::Module, code::String, filename::String)
[0K    @ Base ./loading.jl:3130
[0K [17] include_string
[0K    @ ./loading.jl:3140 [inlined]
[0K [18] exec_options(opts::Base.JLOptions)
[0K    @ Base ./client.jl:342
[0K [19] _start()
[0K    @ Base ./client.jl:585
[0Kin expression starting at /workdir/depot/packages/NonlinearSolveQuasiNewton/wYNEY/ext/NonlinearSolveQuasiNewtonForwardDiffExt.jl:1
[0Kin expression starting at stdin:5
[0KERROR: LoadError: Precompiled image Base.PkgId(Base.UUID("70df07ce-3d50-431d-a3e7-ca6ddb60ac1e"), "BracketingNonlinearSolve") not available with flags CacheFlags(; use_pkgimages=true, debug_level=1, check_bounds=0, inline=true, opt_level=2)
[0KStacktrace:
[0K  [1] error(s::String)
[0K    @ Base ./error.jl:56
[0K  [2] __require_prelocked(pkg::Base.PkgId, env::String)
[0K    @ Base ./loading.jl:2840
[0K  [3] _require_prelocked(uuidkey::Base.PkgId, env::String)
[0K    @ Base ./loading.jl:2694
[0K  [4] macro expansion
[0K    @ ./loading.jl:2621 [inlined]
[0K  [5] macro expansion
[0K    @ ./lock.jl:376 [inlined]
[0K  [6] __require(into::Module, mod::Symbol)
[0K    @ Base ./loading.jl:2585
[0K  [7] require
[0K    @ ./loading.jl:2561 [inlined]
[0K  [8] eval_import_path
[0K    @ ./module.jl:36 [inlined]
[0K  [9] eval_import_path_all(at::Module, path::Expr, keyword::String)
[0K    @ Base ./module.jl:60
[0KERROR: LoadError: Precompiled image Base.PkgId(Base.UUID("70df07ce-3d50-431d-a3e7-ca6ddb60ac1e"), "BracketingNonlinearSolve") not available with flags CacheFlags(; use_pkgimages=true, debug_level=1, check_bounds=0, inline=true, opt_level=2)
[0KStacktrace:
[0K [10] _eval_import(::Bool, ::Module, ::Expr, ::Expr, ::Vararg{Expr})
[0K    @ Base ./module.jl:101
[0K [11] top-level scope
[0K    @ /workdir/depot/packages/BracketingNonlinearSolve/BCMUl/ext/BracketingNonlinearSolveChainRulesCoreExt.jl:3
[0K [12] include(mod::Module, _path::String)
[0K    @ Base ./Base.jl:323
[0K [13] include_package_for_output(pkg::Base.PkgId, input::String, syntax_version::VersionNumber, depot_path::Vector{String}, dl_load_path::Vector{String}, load_path::Vector{String}, concrete_deps::Vector{Pair{Base.PkgId, UInt128}}, source::Nothing)
[0K    @ Base ./loading.jl:3288
[0K [14] top-level scope
[0K    @ stdin:5
[0K [15] eval(m::Module, e::Any)
[0K    @ Core ./boot.jl:517
[0K [16] include_string(mapexpr::typeof(identity), mod::Module, code::String, filename::String)
[0K    @ Base ./loading.jl:3130
[0K [17] include_string
[0K    @ ./loading.jl:3140 [inlined]
[0K [18] exec_options(opts::Base.JLOptions)
[0K    @ Base ./client.jl:342
[0K [19] _start()
[0K    @ Base ./client.jl:585
[0Kin expression starting at /workdir/depot/packages/BracketingNonlinearSolve/BCMUl/ext/BracketingNonlinearSolveChainRulesCoreExt.jl:1
[0Kin expression starting at stdin:5
[0K  [1] error(s::String)
[0K    @ Base ./error.jl:56
[0K  [2] __require_prelocked(pkg::Base.PkgId, env::String)
[0K    @ Base ./loading.jl:2840
[0K  [3] _require_prelocked(uuidkey::Base.PkgId, env::String)
[0K    @ Base ./loading.jl:2694
[0K  [4] macro expansion
[0K    @ ./loading.jl:2621 [inlined]
[0K  [5] macro expansion
[0K    @ ./lock.jl:376 [inlined]
[0K  [6] __require(into::Module, mod::Symbol)
[0K    @ Base ./loading.jl:2585
[0K  [7] require
[0K    @ ./loading.jl:2561 [inlined]
[0K  [8] eval_import_path
[0K    @ ./module.jl:36 [inlined]
[0K  [9] eval_import_path_all(at::Module, path::Expr, keyword::String)
[0K    @ Base ./module.jl:60
[0K [10] _eval_import(::Bool, ::Module, ::Expr, ::Expr, ::Vararg{Expr})
[0K    @ Base ./module.jl:101
[0K [11] top-level scope
[0K    @ /workdir/depot/packages/SimpleNonlinearSolve/SQzZW/src/SimpleNonlinearSolve.jl:8
[0K [12] include(mod::Module, _path::String)
[0K    @ Base ./Base.jl:323
[0K [13] include_package_for_output(pkg::Base.PkgId, input::String, syntax_version::VersionNumber, depot_path::Vector{String}, dl_load_path::Vector{String}, load_path::Vector{String}, concrete_deps::Vector{Pair{Base.PkgId, UInt128}}, source::Nothing)
[0K    @ Base ./loading.jl:3288
[0K [14] top-level scope
[0K    @ stdin:5
[0K [15] eval(m::Module, e::Any)
[0K    @ Core ./boot.jl:517
[0K [16] include_string(mapexpr::typeof(identity), mod::Module, code::String, filename::String)
[0K    @ Base ./loading.jl:3130
[0K [17] include_string
[0K    @ ./loading.jl:3140 [inlined]
[0K [18] exec_options(opts::Base.JLOptions)
[0K    @ Base ./client.jl:342
[0K [19] _start()
[0K    @ Base ./client.jl:585
[0Kin expression starting at /workdir/depot/packages/SimpleNonlinearSolve/SQzZW/src/SimpleNonlinearSolve.jl:1
[0Kin expression starting at stdin:5
[0KERROR: LoadError: Precompiled image Base.PkgId(Base.UUID("0bca4576-84f4-4d90-8ffe-ffa030f20462"), "SciMLBase") not available with flags CacheFlags(; use_pkgimages=true, debug_level=1, check_bounds=0, inline=true, opt_level=2)
[0KStacktrace:
[0K  [1] error(s::String)
[0K    @ Base ./error.jl:56
[0K  [2] __require_prelocked(pkg::Base.PkgId, env::String)
[0K    @ Base ./loading.jl:2840
[0K  [3] _require_prelocked(uuidkey::Base.PkgId, env::String)
[0K    @ Base ./loading.jl:2694
[0K  [4] macro expansion
[0K    @ ./loading.jl:2621 [inlined]
[0K  [5] macro expansion
[0K    @ ./lock.jl:376 [inlined]
[0K  [6] __require(into::Module, mod::Symbol)
[0K    @ Base ./loading.jl:2585
[0K  [7] require
[0K    @ ./loading.jl:2561 [inlined]
[0K  [8] eval_import_path
[0K    @ ./module.jl:36 [inlined]
[0K  [9] eval_import_path_all(at::Module, path::Expr, keyword::String)
[0K    @ Base ./module.jl:60
[0K [10] _eval_import(::Bool, ::Module, ::Expr, ::Expr, ::Vararg{Expr})
[0K    @ Base ./module.jl:101
[0K [11] top-level scope
[0K    @ /workdir/depot/packages/NonlinearSolveSpectralMethods/MM0BP/ext/NonlinearSolveSpectralMethodsForwardDiffExt.jl:5
[0K [12] include(mod::Module, _path::String)
[0K    @ Base ./Base.jl:323
[0K [13] include_package_for_output(pkg::Base.PkgId, input::String, syntax_version::VersionNumber, depot_path::Vector{String}, dl_load_path::Vector{String}, load_path::Vector{String}, concrete_deps::Vector{Pair{Base.PkgId, UInt128}}, source::Nothing)
[0K    @ Base ./loading.jl:3288
[0K [14] top-level scope
[0K    @ stdin:5
[0K [15] eval(m::Module, e::Any)
[0K    @ Core ./boot.jl:517
[0K [16] include_string(mapexpr::typeof(identity), mod::Module, code::String, filename::String)
[0K    @ Base ./loading.jl:3130
[0K [17] include_string
[0K    @ ./loading.jl:3140 [inlined]
[0K [18] exec_options(opts::Base.JLOptions)
[0K    @ Base ./client.jl:342
[0K [19] _start()
[0K    @ Base ./client.jl:585
[0Kin expression starting at /workdir/depot/packages/NonlinearSolveSpectralMethods/MM0BP/ext/NonlinearSolveSpectralMethodsForwardDiffExt.jl:1
[0Kin expression starting at stdin:5
[0KERROR: LoadError: Precompiled image Base.PkgId(Base.UUID("2b5f629d-d688-5b77-993f-72d75c75574e"), "DiffEqBase") not available with flags CacheFlags(; use_pkgimages=true, debug_level=1, check_bounds=0, inline=true, opt_level=2)
[0KStacktrace:
[0K  [1] error(s::String)
[0K    @ Base ./error.jl:56
[0K  [2] __require_prelocked(pkg::Base.PkgId, env::String)
[0K    @ Base ./loading.jl:2840
[0K  [3] _require_prelocked(uuidkey::Base.PkgId, env::String)
[0K    @ Base ./loading.jl:2694
[0K  [4] macro expansion
[0K    @ ./loading.jl:2621 [inlined]
[0K  [5] macro expansion
[0K    @ ./lock.jl:376 [inlined]
[0K  [6] __require(into::Module, mod::Symbol)
[0K    @ Base ./loading.jl:2585
[0K  [7] require
[0K    @ ./loading.jl:2561 [inlined]
[0K  [8] eval_import_path
[0K    @ ./module.jl:36 [inlined]
[0K  [9] eval_import_path_all(at::Module, path::Expr, keyword::String)
[0K    @ Base ./module.jl:60
[0K [10] _eval_using
[0K    @ ./module.jl:137 [inlined]
[0K [11] _eval_using(to::Module, path::Expr)
[0K    @ Base ./module.jl:137
[0K [12] top-level scope
[0K    @ /workdir/depot/packages/DiffEqBase/4RFWW/ext/DiffEqBaseChainRulesCoreExt.jl:3
[0K [13] include(mod::Module, _path::String)
[0K    @ Base ./Base.jl:323
[0K [14] include_package_for_output(pkg::Base.PkgId, input::String, syntax_version::VersionNumber, depot_path::Vector{String}, dl_load_path::Vector{String}, load_path::Vector{String}, concrete_deps::Vector{Pair{Base.PkgId, UInt128}}, source::Nothing)
[0K    @ Base ./loading.jl:3288
[0K [15] top-level scope
[0K    @ stdin:5
[0K [16] eval(m::Module, e::Any)
[0K    @ Core ./boot.jl:517
[0K [17] include_string(mapexpr::typeof(identity), mod::Module, code::String, filename::String)
[0K    @ Base ./loading.jl:3130
[0K [18] include_string
[0K    @ ./loading.jl:3140 [inlined]
[0K [19] exec_options(opts::Base.JLOptions)
[0K    @ Base ./client.jl:342
[0K [20] _start()
[0K    @ Base ./client.jl:585
[0Kin expression starting at /workdir/depot/packages/DiffEqBase/4RFWW/ext/DiffEqBaseChainRulesCoreExt.jl:1
[0Kin expression starting at stdin:5
[0KERROR: LoadError: Precompiled image Base.PkgId(Base.UUID("2b5f629d-d688-5b77-993f-72d75c75574e"), "DiffEqBase") not available with flags CacheFlags(; use_pkgimages=true, debug_level=1, check_bounds=0, inline=true, opt_level=2)
[0KStacktrace:
[0K  [1] error(s::String)
[0K    @ Base ./error.jl:56
[0K  [2] __require_prelocked(pkg::Base.PkgId, env::String)
[0K    @ Base ./loading.jl:2840
[0K  [3] _require_prelocked(uuidkey::Base.PkgId, env::String)
[0K    @ Base ./loading.jl:2694
[0K  [4] macro expansion
[0K    @ ./loading.jl:2621 [inlined]
[0K  [5] macro expansion
[0K    @ ./lock.jl:376 [inlined]
[0K  [6] __require(into::Module, mod::Symbol)
[0K    @ Base ./loading.jl:2585
[0K  [7] require
[0K    @ ./loading.jl:2561 [inlined]
[0K  [8] eval_import_path
[0K    @ ./module.jl:36 [inlined]
[0K  [9] eval_import_path_all(at::Module, path::Expr, keyword::String)
[0K    @ Base ./module.jl:60
[0K [10] _eval_import(::Bool, ::Module, ::Expr, ::Expr, ::Vararg{Expr})
[0K    @ Base ./module.jl:101
[0K [11] top-level scope
[0K    @ /workdir/depot/packages/DiffEqBase/4RFWW/ext/DiffEqBaseSparseArraysExt.jl:4
[0K [12] include(mod::Module, _path::String)
[0K    @ Base ./Base.jl:323
[0K [13] include_package_for_output(pkg::Base.PkgId, input::String, syntax_version::VersionNumber, depot_path::Vector{String}, dl_load_path::Vector{String}, load_path::Vector{String}, concrete_deps::Vector{Pair{Base.PkgId, UInt128}}, source::Nothing)
[0K    @ Base ./loading.jl:3288
[0K [14] top-level scope
[0K    @ stdin:5
[0K [15] eval(m::Module, e::Any)
[0K    @ Core ./boot.jl:517
[0K [16] include_string(mapexpr::typeof(identity), mod::Module, code::String, filename::String)
[0K    @ Base ./loading.jl:3130
[0K [17] include_string
[0K    @ ./loading.jl:3140 [inlined]
[0K [18] exec_options(opts::Base.JLOptions)
[0K    @ Base ./client.jl:342
[0K [19] _start()
[0K    @ Base ./client.jl:585
[0Kin expression starting at /workdir/depot/packages/DiffEqBase/4RFWW/ext/DiffEqBaseSparseArraysExt.jl:1
[0Kin expression starting at stdin:5
[0KERROR: LoadError: Precompiled image Base.PkgId(Base.UUID("2b5f629d-d688-5b77-993f-72d75c75574e"), "DiffEqBase") not available with flags CacheFlags(; use_pkgimages=true, debug_level=1, check_bounds=0, inline=true, opt_level=2)
[0KStacktrace:
[0K  [1] error(s::String)
[0K    @ Base ./error.jl:56
[0K  [2] __require_prelocked(pkg::Base.PkgId, env::String)
[0K    @ Base ./loading.jl:2840
[0K  [3] _require_prelocked(uuidkey::Base.PkgId, env::String)
[0K    @ Base ./loading.jl:2694
[0K  [4] macro expansion
[0K    @ ./loading.jl:2621 [inlined]
[0K  [5] macro expansion
[0K    @ ./lock.jl:376 [inlined]
[0K  [6] __require(into::Module, mod::Symbol)
[0K    @ Base ./loading.jl:2585
[0K  [7] require
[0K    @ ./loading.jl:2561 [inlined]
[0K  [8] eval_import_path
[0K    @ ./module.jl:36 [inlined]
[0K  [9] eval_import_path_all(at::Module, path::Expr, keyword::String)
[0K    @ Base ./module.jl:60
[0K [10] _eval_using
[0K    @ ./module.jl:137 [inlined]
[0K [11] _eval_using(to::Module, path::Expr)
[0K    @ Base ./module.jl:137
[0K [12] top-level scope
[0K    @ /workdir/depot/packages/DiffEqBase/4RFWW/ext/DiffEqBaseForwardDiffExt.jl:3
[0K [13] include(mod::Module, _path::String)
[0K    @ Base ./Base.jl:323
[0K [14] include_package_for_output(pkg::Base.PkgId, input::String, syntax_version::VersionNumber, depot_path::Vector{String}, dl_load_path::Vector{String}, load_path::Vector{String}, concrete_deps::Vector{Pair{Base.PkgId, UInt128}}, source::Nothing)
[0K    @ Base ./loading.jl:3288
[0K [15] top-level scope
[0K    @ stdin:5
[0K [16] eval(m::Module, e::Any)
[0K    @ Core ./boot.jl:517
[0K [17] include_string(mapexpr::typeof(identity), mod::Module, code::String, filename::String)
[0K    @ Base ./loading.jl:3130
[0K [18] include_string
[0K    @ ./loading.jl:3140 [inlined]
[0K [19] exec_options(opts::Base.JLOptions)
[0K    @ Base ./client.jl:342
[0K [20] _start()
[0K    @ Base ./client.jl:585
[0Kin expression starting at /workdir/depot/packages/DiffEqBase/4RFWW/ext/DiffEqBaseForwardDiffExt.jl:1
[0Kin expression starting at stdin:5
[0KERROR: LoadError: Precompiled image Base.PkgId(Base.UUID("0bca4576-84f4-4d90-8ffe-ffa030f20462"), "SciMLBase") not available with flags CacheFlags(; use_pkgimages=true, debug_level=1, check_bounds=0, inline=true, opt_level=2)
[0KStacktrace:
[0K  [1] error(s::String)
[0K    @ Base ./error.jl:56
[0K  [2] __require_prelocked(pkg::Base.PkgId, env::String)
[0K    @ Base ./loading.jl:2840
[0K  [3] _require_prelocked(uuidkey::Base.PkgId, env::String)
[0K    @ Base ./loading.jl:2694
[0K  [4] macro expansion
[0K    @ ./loading.jl:2621 [inlined]
[0K  [5] macro expansion
[0K    @ ./lock.jl:376 [inlined]
[0K  [6] __require(into::Module, mod::Symbol)
[0K    @ Base ./loading.jl:2585
[0K  [7] require
[0K    @ ./loading.jl:2561 [inlined]
[0K  [8] eval_import_path
[0K    @ ./module.jl:36 [inlined]
[0K  [9] eval_import_path_all(at::Module, path::Expr, keyword::String)
[0K    @ Base ./module.jl:60
[0K [10] _eval_using
[0K    @ ./module.jl:137 [inlined]
[0K [11] _eval_using(to::Module, path::Expr)
[0K    @ Base ./module.jl:137
[0K [12] top-level scope
[0K    @ /workdir/depot/packages/OrdinaryDiffEqCore/tusSd/src/OrdinaryDiffEqCore.jl:11
[0K [13] include(mod::Module, _path::String)
[0K    @ Base ./Base.jl:323
[0K [14] include_package_for_output(pkg::Base.PkgId, input::String, syntax_version::VersionNumber, depot_path::Vector{String}, dl_load_path::Vector{String}, load_path::Vector{String}, concrete_deps::Vector{Pair{Base.PkgId, UInt128}}, source::Nothing)
[0K    @ Base ./loading.jl:3288
[0K [15] top-level scope
[0K    @ stdin:5
[0K [16] eval(m::Module, e::Any)
[0K    @ Core ./boot.jl:517
[0K [17] include_string(mapexpr::typeof(identity), mod::Module, code::String, filename::String)
[0K    @ Base ./loading.jl:3130
[0K [18] include_string
[0K    @ ./loading.jl:3140 [inlined]
[0K [19] exec_options(opts::Base.JLOptions)
[0K    @ Base ./client.jl:342
[0K [20] _start()
[0K    @ Base ./client.jl:585
[0Kin expression starting at /workdir/depot/packages/OrdinaryDiffEqCore/tusSd/src/OrdinaryDiffEqCore.jl:1
[0Kin expression starting at stdin:5
[0KERROR: LoadError: Precompiled image Base.PkgId(Base.UUID("be0214bd-f91f-a760-ac4e-3421ce2b2da0"), "NonlinearSolveBase") not available with flags CacheFlags(; use_pkgimages=true, debug_level=1, check_bounds=0, inline=true, opt_level=2)
[0KStacktrace:
[0K  [1] error(s::String)
[0K    @ Base ./error.jl:56
[0K  [2] __require_prelocked(pkg::Base.PkgId, env::String)
[0K    @ Base ./loading.jl:2840
[0K  [3] _require_prelocked(uuidkey::Base.PkgId, env::String)
[0K    @ Base ./loading.jl:2694
[0K  [4] macro expansion
[0K    @ ./loading.jl:2621 [inlined]
[0K  [5] macro expansion
[0K    @ ./lock.jl:376 [inlined]
[0K  [6] __require(into::Module, mod::Symbol)
[0K    @ Base ./loading.jl:2585
[0K  [7] require
[0K    @ ./loading.jl:2561 [inlined]
[0K  [8] eval_import_path
[0K    @ ./module.jl:36 [inlined]
[0K  [9] eval_import_path_all(at::Module, path::Expr, keyword::String)
[0K    @ Base ./module.jl:60
[0K [10] _eval_import(::Bool, ::Module, ::Expr, ::Expr, ::Vararg{Expr})
[0K    @ Base ./module.jl:101
[0K [11] top-level scope
[0K    @ /workdir/depot/packages/SimpleNonlinearSolve/SQzZW/ext/SimpleNonlinearSolveChainRulesCoreExt.jl:5
[0K [12] include(mod::Module, _path::String)
[0K    @ Base ./Base.jl:323
[0K [13] include_package_for_output(pkg::Base.PkgId, input::String, syntax_version::VersionNumber, depot_path::Vector{String}, dl_load_path::Vector{String}, load_path::Vector{String}, concrete_deps::Vector{Pair{Base.PkgId, UInt128}}, source::Nothing)
[0K    @ Base ./loading.jl:3288
[0K [14] top-level scope
[0K    @ stdin:5
[0K [15] eval(m::Module, e::Any)
[0K    @ Core ./boot.jl:517
[0K [16] include_string(mapexpr::typeof(identity), mod::Module, code::String, filename::String)
[0K    @ Base ./loading.jl:3130
[0K [17] include_string
[0K    @ ./loading.jl:3140 [inlined]
[0K [18] exec_options(opts::Base.JLOptions)
[0K    @ Base ./client.jl:342
[0K [19] _start()
[0K    @ Base ./client.jl:585
[0Kin expression starting at /workdir/depot/packages/SimpleNonlinearSolve/SQzZW/ext/SimpleNonlinearSolveChainRulesCoreExt.jl:1
[0Kin expression starting at stdin:5
[0KERROR: LoadError: Precompiled image Base.PkgId(Base.UUID("bbf590c4-e513-4bbe-9b18-05decba2e5d8"), "OrdinaryDiffEqCore") not available with flags CacheFlags(; use_pkgimages=true, debug_level=1, check_bounds=0, inline=true, opt_level=2)
[0KStacktrace:
[0KERROR: LoadError: Precompiled image Base.PkgId(Base.UUID("bbf590c4-e513-4bbe-9b18-05decba2e5d8"), "OrdinaryDiffEqCore") not available with flags CacheFlags(; use_pkgimages=true, debug_level=1, check_bounds=0, inline=true, opt_level=2)
[0KStacktrace:
[0KERROR: LoadError: Precompiled image Base.PkgId(Base.UUID("bbf590c4-e513-4bbe-9b18-05decba2e5d8"), "OrdinaryDiffEqCore") not available with flags CacheFlags(; use_pkgimages=true, debug_level=1, check_bounds=0, inline=true, opt_level=2)
[0KStacktrace:
[0K  [1] error(s::String)
[0K  [1] error(s::String)
[0K    @ Base ./error.jl:56
[0K    @ Base ./error.jl:56
[0K  [2] __require_prelocked(pkg::Base.PkgId, env::String)
[0K  [2] __require_prelocked(pkg::Base.PkgId, env::String)
[0K    @ Base ./loading.jl:2840
[0K  [3] _require_prelocked(uuidkey::Base.PkgId, env::String)
[0K    @ Base ./loading.jl:2840
[0K    @ Base ./loading.jl:2694
[0K  [3] _require_prelocked(uuidkey::Base.PkgId, env::String)
[0K  [4] macro expansion
[0K    @ ./loading.jl:2621 [inlined]
[0K  [5] macro expansion
[0K    @ Base ./loading.jl:2694
[0K    @ ./lock.jl:376 [inlined]
[0K  [4] macro expansion
[0K  [6] __require(into::Module, mod::Symbol)
[0K    @ ./loading.jl:2621 [inlined]
[0K  [5] macro expansion
[0K    @ Base ./loading.jl:2585
[0K  [7] require
[0K    @ ./loading.jl:2561 [inlined]
[0K    @ ./lock.jl:376 [inlined]
[0K  [8] eval_import_path
[0K    @ ./module.jl:36 [inlined]
[0K  [9] eval_import_path_all(at::Module, path::Expr, keyword::String)
[0K  [6] __require(into::Module, mod::Symbol)
[0K    @ Base ./module.jl:60
[0K    @ Base ./loading.jl:2585
[0K  [7] require
[0K    @ ./loading.jl:2561 [inlined]
[0K  [8] eval_import_path
[0K    @ ./module.jl:36 [inlined]
[0K  [9] eval_import_path_all(at::Module, path::Expr, keyword::String)
[0K    @ Base ./module.jl:60
[0K  [1] error(s::String)
[0K    @ Base ./error.jl:56
[0K  [2] __require_prelocked(pkg::Base.PkgId, env::String)
[0K    @ Base ./loading.jl:2840
[0K  [3] _require_prelocked(uuidkey::Base.PkgId, env::String)
[0K    @ Base ./loading.jl:2694
[0K  [4] macro expansion
[0K    @ ./loading.jl:2621 [inlined]
[0K  [5] macro expansion
[0K    @ ./lock.jl:376 [inlined]
[0K  [6] __require(into::Module, mod::Symbol)
[0K    @ Base ./loading.jl:2585
[0K  [7] require
[0K    @ ./loading.jl:2561 [inlined]
[0K  [8] eval_import_path
[0K    @ ./module.jl:36 [inlined]
[0K  [9] eval_import_path_all(at::Module, path::Expr, keyword::String)
[0K    @ Base ./module.jl:60
[0K [10] _eval_import(::Bool, ::Module, ::Expr, ::Expr, ::Vararg{Expr})
[0K    @ Base ./module.jl:101
[0K [11] top-level scope
[0K    @ /workdir/depot/packages/OrdinaryDiffEqStabilizedRK/pJRa0/src/OrdinaryDiffEqStabilizedRK.jl:3
[0K [10] _eval_import(::Bool, ::Module, ::Expr, ::Expr, ::Vararg{Expr})
[0K [12] include(mod::Module, _path::String)
[0K    @ Base ./Base.jl:323
[0K    @ Base ./module.jl:101
[0K [11] top-level scope
[0K    @ /workdir/depot/packages/OrdinaryDiffEqVerner/WnII6/src/OrdinaryDiffEqVerner.jl:3
[0K [12] include(mod::Module, _path::String)
[0K    @ Base ./Base.jl:323
[0K [13] include_package_for_output(pkg::Base.PkgId, input::String, syntax_version::VersionNumber, depot_path::Vector{String}, dl_load_path::Vector{String}, load_path::Vector{String}, concrete_deps::Vector{Pair{Base.PkgId, UInt128}}, source::Nothing)
[0K    @ Base ./loading.jl:3288
[0K [14] top-level scope
[0K    @ stdin:5
[0K [15] eval(m::Module, e::Any)
[0K    @ Core ./boot.jl:517
[0K [16] include_string(mapexpr::typeof(identity), mod::Module, code::String, filename::String)
[0K [13] include_package_for_output(pkg::Base.PkgId, input::String, syntax_version::VersionNumber, depot_path::Vector{String}, dl_load_path::Vector{String}, load_path::Vector{String}, concrete_deps::Vector{Pair{Base.PkgId, UInt128}}, source::Nothing)
[0K    @ Base ./loading.jl:3130
[0K [17] include_string
[0K    @ ./loading.jl:3140 [inlined]
[0K    @ Base ./loading.jl:3288
[0K [18] exec_options(opts::Base.JLOptions)
[0K [14] top-level scope
[0K    @ Base ./client.jl:342
[0K    @ stdin:5
[0K [19] _start()
[0K [15] eval(m::Module, e::Any)
[0K    @ Base ./client.jl:585
[0Kin expression starting at /workdir/depot/packages/OrdinaryDiffEqStabilizedRK/pJRa0/src/OrdinaryDiffEqStabilizedRK.jl:1
[0Kin expression starting at stdin:5
[0K    @ Core ./boot.jl:517
[0K [16] include_string(mapexpr::typeof(identity), mod::Module, code::String, filename::String)
[0K    @ Base ./loading.jl:3130
[0K [17] include_string
[0K    @ ./loading.jl:3140 [inlined]
[0K [18] exec_options(opts::Base.JLOptions)
[0K    @ Base ./client.jl:342
[0K [19] _start()
[0K    @ Base ./client.jl:585
[0Kin expression starting at /workdir/depot/packages/OrdinaryDiffEqVerner/WnII6/src/OrdinaryDiffEqVerner.jl:1
[0Kin expression starting at stdin:5
[0K [10] _eval_import(::Bool, ::Module, ::Expr, ::Expr, ::Vararg{Expr})
[0K    @ Base ./module.jl:101
[0K [11] top-level scope
[0K    @ /workdir/depot/packages/OrdinaryDiffEqFunctionMap/AnTNZ/src/OrdinaryDiffEqFunctionMap.jl:3
[0K [12] include(mod::Module, _path::String)
[0K    @ Base ./Base.jl:323
[0K [13] include_package_for_output(pkg::Base.PkgId, input::String, syntax_version::VersionNumber, depot_path::Vector{String}, dl_load_path::Vector{String}, load_path::Vector{String}, concrete_deps::Vector{Pair{Base.PkgId, UInt128}}, source::Nothing)
[0K    @ Base ./loading.jl:3288
[0K [14] top-level scope
[0K    @ stdin:5
[0K [15] eval(m::Module, e::Any)
[0K    @ Core ./boot.jl:517
[0K [16] include_string(mapexpr::typeof(identity), mod::Module, code::String, filename::String)
[0K    @ Base ./loading.jl:3130
[0K [17] include_string
[0K    @ ./loading.jl:3140 [inlined]
[0K [18] exec_options(opts::Base.JLOptions)
[0K    @ Base ./client.jl:342
[0K [19] _start()
[0K    @ Base ./client.jl:585
[0Kin expression starting at /workdir/depot/packages/OrdinaryDiffEqFunctionMap/AnTNZ/src/OrdinaryDiffEqFunctionMap.jl:1
[0Kin expression starting at stdin:5
[0KERROR: LoadError: Precompiled image Base.PkgId(Base.UUID("bbf590c4-e513-4bbe-9b18-05decba2e5d8"), "OrdinaryDiffEqCore") not available with flags CacheFlags(; use_pkgimages=true, debug_level=1, check_bounds=0, inline=true, opt_level=2)
[0KStacktrace:
[0K  [1] error(s::String)
[0K    @ Base ./error.jl:56
[0K  [2] __require_prelocked(pkg::Base.PkgId, env::String)
[0K    @ Base ./loading.jl:2840
[0K  [3] _require_prelocked(uuidkey::Base.PkgId, env::String)
[0K    @ Base ./loading.jl:2694
[0K  [4] macro expansion
[0K    @ ./loading.jl:2621 [inlined]
[0K  [5] macro expansion
[0K    @ ./lock.jl:376 [inlined]
[0K  [6] __require(into::Module, mod::Symbol)
[0K    @ Base ./loading.jl:2585
[0K  [7] require
[0K    @ ./loading.jl:2561 [inlined]
[0K  [8] eval_import_path
[0K    @ ./module.jl:36 [inlined]
[0K  [9] eval_import_path_all(at::Module, path::Expr, keyword::String)
[0K    @ Base ./module.jl:60
[0KERROR: LoadError: Precompiled image Base.PkgId(Base.UUID("bbf590c4-e513-4bbe-9b18-05decba2e5d8"), "OrdinaryDiffEqCore") not available with flags CacheFlags(; use_pkgimages=true, debug_level=1, check_bounds=0, inline=true, opt_level=2)
[0KStacktrace:
[0K [10] _eval_import(::Bool, ::Module, ::Expr, ::Expr, ::Vararg{Expr})
[0K    @ Base ./module.jl:101
[0K [11] top-level scope
[0K    @ /workdir/depot/packages/OrdinaryDiffEqQPRK/mTzfG/src/OrdinaryDiffEqQPRK.jl:3
[0K [12] include(mod::Module, _path::String)
[0K    @ Base ./Base.jl:323
[0K [13] include_package_for_output(pkg::Base.PkgId, input::String, syntax_version::VersionNumber, depot_path::Vector{String}, dl_load_path::Vector{String}, load_path::Vector{String}, concrete_deps::Vector{Pair{Base.PkgId, UInt128}}, source::Nothing)
[0K    @ Base ./loading.jl:3288
[0K [14] top-level scope
[0K    @ stdin:5
[0K [15] eval(m::Module, e::Any)
[0K    @ Core ./boot.jl:517
[0K [16] include_string(mapexpr::typeof(identity), mod::Module, code::String, filename::String)
[0K    @ Base ./loading.jl:3130
[0K [17] include_string
[0K    @ ./loading.jl:3140 [inlined]
[0K [18] exec_options(opts::Base.JLOptions)
[0K    @ Base ./client.jl:342
[0K [19] _start()
[0K    @ Base ./client.jl:585
[0Kin expression starting at /workdir/depot/packages/OrdinaryDiffEqQPRK/mTzfG/src/OrdinaryDiffEqQPRK.jl:1
[0Kin expression starting at stdin:5
[0K  [1] error(s::String)
[0K    @ Base ./error.jl:56
[0K  [2] __require_prelocked(pkg::Base.PkgId, env::String)
[0K    @ Base ./loading.jl:2840
[0K  [3] _require_prelocked(uuidkey::Base.PkgId, env::String)
[0K    @ Base ./loading.jl:2694
[0K  [4] macro expansion
[0K    @ ./loading.jl:2621 [inlined]
[0K  [5] macro expansion
[0K    @ ./lock.jl:376 [inlined]
[0K  [6] __require(into::Module, mod::Symbol)
[0K    @ Base ./loading.jl:2585
[0K  [7] require
[0K    @ ./loading.jl:2561 [inlined]
[0K  [8] eval_import_path
[0K    @ ./module.jl:36 [inlined]
[0K  [9] eval_import_path_all(at::Module, path::Expr, keyword::String)
[0K    @ Base ./module.jl:60
[0K [10] _eval_import(::Bool, ::Module, ::Expr, ::Expr, ::Vararg{Expr})
[0K    @ Base ./module.jl:101
[0K [11] top-level scope
[0K    @ /workdir/depot/packages/OrdinaryDiffEqCore/tusSd/ext/OrdinaryDiffEqCoreSparseArraysExt.jl:4
[0K [12] include(mod::Module, _path::String)
[0K    @ Base ./Base.jl:323
[0K [13] include_package_for_output(pkg::Base.PkgId, input::String, syntax_version::VersionNumber, depot_path::Vector{String}, dl_load_path::Vector{String}, load_path::Vector{String}, concrete_deps::Vector{Pair{Base.PkgId, UInt128}}, source::Nothing)
[0K    @ Base ./loading.jl:3288
[0K [14] top-level scope
[0K    @ stdin:5
[0K [15] eval(m::Module, e::Any)
[0K    @ Core ./boot.jl:517
[0K [16] include_string(mapexpr::typeof(identity), mod::Module, code::String, filename::String)
[0K    @ Base ./loading.jl:3130
[0K [17] include_string
[0K    @ ./loading.jl:3140 [inlined]
[0K [18] exec_options(opts::Base.JLOptions)
[0K    @ Base ./client.jl:342
[0K [19] _start()
[0K    @ Base ./client.jl:585
[0Kin expression starting at /workdir/depot/packages/OrdinaryDiffEqCore/tusSd/ext/OrdinaryDiffEqCoreSparseArraysExt.jl:1
[0Kin expression starting at stdin:5
[0KERROR: LoadError: Precompiled image Base.PkgId(Base.UUID("bbf590c4-e513-4bbe-9b18-05decba2e5d8"), "OrdinaryDiffEqCore") not available with flags CacheFlags(; use_pkgimages=true, debug_level=1, check_bounds=0, inline=true, opt_level=2)
[0KStacktrace:
[0KERROR: LoadError: Precompiled image Base.PkgId(Base.UUID("bbf590c4-e513-4bbe-9b18-05decba2e5d8"), "OrdinaryDiffEqCore") not available with flags CacheFlags(; use_pkgimages=true, debug_level=1, check_bounds=0, inline=true, opt_level=2)
[0KStacktrace:
[0K  [1] error(s::String)
[0K    @ Base ./error.jl:56
[0K  [2] __require_prelocked(pkg::Base.PkgId, env::String)
[0K    @ Base ./loading.jl:2840
[0K  [3] _require_prelocked(uuidkey::Base.PkgId, env::String)
[0K    @ Base ./loading.jl:2694
[0K  [4] macro expansion
[0K    @ ./loading.jl:2621 [inlined]
[0K  [5] macro expansion
[0K    @ ./lock.jl:376 [inlined]
[0K  [6] __require(into::Module, mod::Symbol)
[0K    @ Base ./loading.jl:2585
[0K  [7] require
[0K    @ ./loading.jl:2561 [inlined]
[0K  [8] eval_import_path
[0K    @ ./module.jl:36 [inlined]
[0K  [9] eval_import_path_all(at::Module, path::Expr, keyword::String)
[0K    @ Base ./module.jl:60
[0K  [1] error(s::String)
[0K    @ Base ./error.jl:56
[0K  [2] __require_prelocked(pkg::Base.PkgId, env::String)
[0K    @ Base ./loading.jl:2840
[0K  [3] _require_prelocked(uuidkey::Base.PkgId, env::String)
[0K    @ Base ./loading.jl:2694
[0K  [4] macro expansion
[0K    @ ./loading.jl:2621 [inlined]
[0K  [5] macro expansion
[0K    @ ./lock.jl:376 [inlined]
[0K  [6] __require(into::Module, mod::Symbol)
[0K    @ Base ./loading.jl:2585
[0K  [7] require
[0K    @ ./loading.jl:2561 [inlined]
[0K  [8] eval_import_path
[0K    @ ./module.jl:36 [inlined]
[0K  [9] eval_import_path_all(at::Module, path::Expr, keyword::String)
[0K    @ Base ./module.jl:60
[0KERROR: LoadError: Precompiled image Base.PkgId(Base.UUID("bbf590c4-e513-4bbe-9b18-05decba2e5d8"), "OrdinaryDiffEqCore") not available with flags CacheFlags(; use_pkgimages=true, debug_level=1, check_bounds=0, inline=true, opt_level=2)
[0KStacktrace:
[0K [10] _eval_import(::Bool, ::Module, ::Expr, ::Expr, ::Vararg{Expr})
[0K    @ Base ./module.jl:101
[0K [11] top-level scope
[0K    @ /workdir/depot/packages/OrdinaryDiffEqFeagin/Rg6kp/src/OrdinaryDiffEqFeagin.jl:3
[0K [12] include(mod::Module, _path::String)
[0K    @ Base ./Base.jl:323
[0K [13] include_package_for_output(pkg::Base.PkgId, input::String, syntax_version::VersionNumber, depot_path::Vector{String}, dl_load_path::Vector{String}, load_path::Vector{String}, concrete_deps::Vector{Pair{Base.PkgId, UInt128}}, source::Nothing)
[0K    @ Base ./loading.jl:3288
[0K [14] top-level scope
[0K    @ stdin:5
[0K [15] eval(m::Module, e::Any)
[0K    @ Core ./boot.jl:517
[0K [16] include_string(mapexpr::typeof(identity), mod::Module, code::String, filename::String)
[0K    @ Base ./loading.jl:3130
[0K [17] include_string
[0K    @ ./loading.jl:3140 [inlined]
[0K [18] exec_options(opts::Base.JLOptions)
[0K    @ Base ./client.jl:342
[0K [19] _start()
[0K    @ Base ./client.jl:585
[0Kin expression starting at /workdir/depot/packages/OrdinaryDiffEqFeagin/Rg6kp/src/OrdinaryDiffEqFeagin.jl:1
[0Kin expression starting at stdin:5
[0K [10] _eval_import(::Bool, ::Module, ::Expr, ::Expr, ::Vararg{Expr})
[0K    @ Base ./module.jl:101
[0K [11] top-level scope
[0K    @ /workdir/depot/packages/OrdinaryDiffEqLowOrderRK/t2Tup/src/OrdinaryDiffEqLowOrderRK.jl:3
[0K [12] include(mod::Module, _path::String)
[0K    @ Base ./Base.jl:323
[0K [13] include_package_for_output(pkg::Base.PkgId, input::String, syntax_version::VersionNumber, depot_path::Vector{String}, dl_load_path::Vector{String}, load_path::Vector{String}, concrete_deps::Vector{Pair{Base.PkgId, UInt128}}, source::Nothing)
[0K    @ Base ./loading.jl:3288
[0K [14] top-level scope
[0K    @ stdin:5
[0K [15] eval(m::Module, e::Any)
[0K    @ Core ./boot.jl:517
[0K [16] include_string(mapexpr::typeof(identity), mod::Module, code::String, filename::String)
[0K    @ Base ./loading.jl:3130
[0K [17] include_string
[0K    @ ./loading.jl:3140 [inlined]
[0K [18] exec_options(opts::Base.JLOptions)
[0K    @ Base ./client.jl:342
[0K [19] _start()
[0K    @ Base ./client.jl:585
[0Kin expression starting at /workdir/depot/packages/OrdinaryDiffEqLowOrderRK/t2Tup/src/OrdinaryDiffEqLowOrderRK.jl:1
[0Kin expression starting at stdin:5
[0K  [1] error(s::String)
[0K    @ Base ./error.jl:56
[0K  [2] __require_prelocked(pkg::Base.PkgId, env::String)
[0K    @ Base ./loading.jl:2840
[0K  [3] _require_prelocked(uuidkey::Base.PkgId, env::String)
[0K    @ Base ./loading.jl:2694
[0K  [4] macro expansion
[0K    @ ./loading.jl:2621 [inlined]
[0K  [5] macro expansion
[0K    @ ./lock.jl:376 [inlined]
[0K  [6] __require(into::Module, mod::Symbol)
[0K    @ Base ./loading.jl:2585
[0K  [7] require
[0K    @ ./loading.jl:2561 [inlined]
[0K  [8] eval_import_path
[0K    @ ./module.jl:36 [inlined]
[0K  [9] eval_import_path_all(at::Module, path::Expr, keyword::String)
[0K    @ Base ./module.jl:60
[0K [10] _eval_import(::Bool, ::Module, ::Expr, ::Expr, ::Vararg{Expr})
[0K    @ Base ./module.jl:101
[0K [11] top-level scope
[0K    @ /workdir/depot/packages/OrdinaryDiffEqSymplecticRK/9sQIf/src/OrdinaryDiffEqSymplecticRK.jl:3
[0K [12] include(mod::Module, _path::String)
[0K    @ Base ./Base.jl:323
[0K [13] include_package_for_output(pkg::Base.PkgId, input::String, syntax_version::VersionNumber, depot_path::Vector{String}, dl_load_path::Vector{String}, load_path::Vector{String}, concrete_deps::Vector{Pair{Base.PkgId, UInt128}}, source::Nothing)
[0K    @ Base ./loading.jl:3288
[0K [14] top-level scope
[0K    @ stdin:5
[0K [15] eval(m::Module, e::Any)
[0K    @ Core ./boot.jl:517
[0K [16] include_string(mapexpr::typeof(identity), mod::Module, code::String, filename::String)
[0K    @ Base ./loading.jl:3130
[0K [17] include_string
[0K    @ ./loading.jl:3140 [inlined]
[0K [18] exec_options(opts::Base.JLOptions)
[0K    @ Base ./client.jl:342
[0K [19] _start()
[0K    @ Base ./client.jl:585
[0Kin expression starting at /workdir/depot/packages/OrdinaryDiffEqSymplecticRK/9sQIf/src/OrdinaryDiffEqSymplecticRK.jl:1
[0Kin expression starting at stdin:5
[0KERROR: LoadError: Precompiled image Base.PkgId(Base.UUID("bbf590c4-e513-4bbe-9b18-05decba2e5d8"), "OrdinaryDiffEqCore") not available with flags CacheFlags(; use_pkgimages=true, debug_level=1, check_bounds=0, inline=true, opt_level=2)
[0KStacktrace:
[0K  [1] error(s::String)
[0K    @ Base ./error.jl:56
[0K  [2] __require_prelocked(pkg::Base.PkgId, env::String)
[0K    @ Base ./loading.jl:2840
[0K  [3] _require_prelocked(uuidkey::Base.PkgId, env::String)
[0K    @ Base ./loading.jl:2694
[0K  [4] macro expansion
[0K    @ ./loading.jl:2621 [inlined]
[0K  [5] macro expansion
[0K    @ ./lock.jl:376 [inlined]
[0K  [6] __require(into::Module, mod::Symbol)
[0K    @ Base ./loading.jl:2585
[0K  [7] require
[0K    @ ./loading.jl:2561 [inlined]
[0K  [8] eval_import_path
[0K    @ ./module.jl:36 [inlined]
[0K  [9] eval_import_path_all(at::Module, path::Expr, keyword::String)
[0K    @ Base ./module.jl:60
[0K [10] _eval_import(::Bool, ::Module, ::Expr, ::Expr, ::Vararg{Expr})
[0K    @ Base ./module.jl:101
[0K [11] top-level scope
[0K    @ /workdir/depot/packages/OrdinaryDiffEqSSPRK/4XvhT/src/OrdinaryDiffEqSSPRK.jl:3
[0K [12] include(mod::Module, _path::String)
[0K    @ Base ./Base.jl:323
[0K [13] include_package_for_output(pkg::Base.PkgId, input::String, syntax_version::VersionNumber, depot_path::Vector{String}, dl_load_path::Vector{String}, load_path::Vector{String}, concrete_deps::Vector{Pair{Base.PkgId, UInt128}}, source::Nothing)
[0K    @ Base ./loading.jl:3288
[0K [14] top-level scope
[0K    @ stdin:5
[0K [15] eval(m::Module, e::Any)
[0K    @ Core ./boot.jl:517
[0K [16] include_string(mapexpr::typeof(identity), mod::Module, code::String, filename::String)
[0K    @ Base ./loading.jl:3130
[0K [17] include_string
[0K    @ ./loading.jl:3140 [inlined]
[0K [18] exec_options(opts::Base.JLOptions)
[0K    @ Base ./client.jl:342
[0K [19] _start()
[0K    @ Base ./client.jl:585
[0Kin expression starting at /workdir/depot/packages/OrdinaryDiffEqSSPRK/4XvhT/src/OrdinaryDiffEqSSPRK.jl:1
[0Kin expression starting at stdin:5
[0KERROR: LoadError: Precompiled image Base.PkgId(Base.UUID("bbf590c4-e513-4bbe-9b18-05decba2e5d8"), "OrdinaryDiffEqCore") not available with flags CacheFlags(; use_pkgimages=true, debug_level=1, check_bounds=0, inline=true, opt_level=2)
[0KStacktrace:
[0K  [1] error(s::String)
[0K    @ Base ./error.jl:56
[0K  [2] __require_prelocked(pkg::Base.PkgId, env::String)
[0K    @ Base ./loading.jl:2840
[0K  [3] _require_prelocked(uuidkey::Base.PkgId, env::String)
[0K    @ Base ./loading.jl:2694
[0K  [4] macro expansion
[0K    @ ./loading.jl:2621 [inlined]
[0K  [5] macro expansion
[0K    @ ./lock.jl:376 [inlined]
[0K  [6] __require(into::Module, mod::Symbol)
[0K    @ Base ./loading.jl:2585
[0K  [7] require
[0K    @ ./loading.jl:2561 [inlined]
[0K  [8] eval_import_path
[0K    @ ./module.jl:36 [inlined]
[0K  [9] eval_import_path_all(at::Module, path::Expr, keyword::String)
[0K    @ Base ./module.jl:60
[0K [10] _eval_import(::Bool, ::Module, ::Expr, ::Expr, ::Vararg{Expr})
[0K    @ Base ./module.jl:101
[0K [11] top-level scope
[0K    @ /workdir/depot/packages/OrdinaryDiffEqRKN/yxAka/src/OrdinaryDiffEqRKN.jl:3
[0K [12] include(mod::Module, _path::String)
[0K    @ Base ./Base.jl:323
[0K [13] include_package_for_output(pkg::Base.PkgId, input::String, syntax_version::VersionNumber, depot_path::Vector{String}, dl_load_path::Vector{String}, load_path::Vector{String}, concrete_deps::Vector{Pair{Base.PkgId, UInt128}}, source::Nothing)
[0K    @ Base ./loading.jl:3288
[0K [14] top-level scope
[0K    @ stdin:5
[0K [15] eval(m::Module, e::Any)
[0K    @ Core ./boot.jl:517
[0K [16] include_string(mapexpr::typeof(identity), mod::Module, code::String, filename::String)
[0K    @ Base ./loading.jl:3130
[0K [17] include_string
[0K    @ ./loading.jl:3140 [inlined]
[0K [18] exec_options(opts::Base.JLOptions)
[0K    @ Base ./client.jl:342
[0K [19] _start()
[0K    @ Base ./client.jl:585
[0Kin expression starting at /workdir/depot/packages/OrdinaryDiffEqRKN/yxAka/src/OrdinaryDiffEqRKN.jl:1
[0Kin expression starting at stdin:5
[0KERROR: LoadError: Precompiled image Base.PkgId(Base.UUID("bbf590c4-e513-4bbe-9b18-05decba2e5d8"), "OrdinaryDiffEqCore") not available with flags CacheFlags(; use_pkgimages=true, debug_level=1, check_bounds=0, inline=true, opt_level=2)
[0KStacktrace:
[0KERROR: LoadError: Precompiled image Base.PkgId(Base.UUID("bbf590c4-e513-4bbe-9b18-05decba2e5d8"), "OrdinaryDiffEqCore") not available with flags CacheFlags(; use_pkgimages=true, debug_level=1, check_bounds=0, inline=true, opt_level=2)
[0KStacktrace:
[0K  [1] error(s::String)
[0K    @ Base ./error.jl:56
[0K  [2] __require_prelocked(pkg::Base.PkgId, env::String)
[0K    @ Base ./loading.jl:2840
[0K  [3] _require_prelocked(uuidkey::Base.PkgId, env::String)
[0K    @ Base ./loading.jl:2694
[0K  [4] macro expansion
[0K    @ ./loading.jl:2621 [inlined]
[0K  [5] macro expansion
[0K    @ ./lock.jl:376 [inlined]
[0K  [6] __require(into::Module, mod::Symbol)
[0K    @ Base ./loading.jl:2585
[0K  [7] require
[0K    @ ./loading.jl:2561 [inlined]
[0K  [8] eval_import_path
[0K    @ ./module.jl:36 [inlined]
[0K  [9] eval_import_path_all(at::Module, path::Expr, keyword::String)
[0K    @ Base ./module.jl:60
[0K  [1] error(s::String)
[0K    @ Base ./error.jl:56
[0K  [2] __require_prelocked(pkg::Base.PkgId, env::String)
[0K    @ Base ./loading.jl:2840
[0K  [3] _require_prelocked(uuidkey::Base.PkgId, env::String)
[0K    @ Base ./loading.jl:2694
[0K  [4] macro expansion
[0K    @ ./loading.jl:2621 [inlined]
[0K  [5] macro expansion
[0K    @ ./lock.jl:376 [inlined]
[0K  [6] __require(into::Module, mod::Symbol)
[0K    @ Base ./loading.jl:2585
[0K  [7] require
[0K    @ ./loading.jl:2561 [inlined]
[0K  [8] eval_import_path
[0K    @ ./module.jl:36 [inlined]
[0K  [9] eval_import_path_all(at::Module, path::Expr, keyword::String)
[0K    @ Base ./module.jl:60
[0K [10] _eval_import(::Bool, ::Module, ::Expr, ::Expr, ::Vararg{Expr})
[0K    @ Base ./module.jl:101
[0K [11] top-level scope
[0K    @ /workdir/depot/packages/OrdinaryDiffEqAdamsBashforthMoulton/UAG3o/src/OrdinaryDiffEqAdamsBashforthMoulton.jl:3
[0K [10] _eval_import(::Bool, ::Module, ::Expr, ::Expr, ::Vararg{Expr})
[0K [12] include(mod::Module, _path::String)
[0K    @ Base ./module.jl:101
[0K [11] top-level scope
[0K    @ Base ./Base.jl:323
[0K    @ /workdir/depot/packages/OrdinaryDiffEqHighOrderRK/DbRNi/src/OrdinaryDiffEqHighOrderRK.jl:3
[0K [12] include(mod::Module, _path::String)
[0K    @ Base ./Base.jl:323
[0K [13] include_package_for_output(pkg::Base.PkgId, input::String, syntax_version::VersionNumber, depot_path::Vector{String}, dl_load_path::Vector{String}, load_path::Vector{String}, concrete_deps::Vector{Pair{Base.PkgId, UInt128}}, source::Nothing)
[0K [13] include_package_for_output(pkg::Base.PkgId, input::String, syntax_version::VersionNumber, depot_path::Vector{String}, dl_load_path::Vector{String}, load_path::Vector{String}, concrete_deps::Vector{Pair{Base.PkgId, UInt128}}, source::Nothing)
[0K    @ Base ./loading.jl:3288
[0K    @ Base ./loading.jl:3288
[0K [14] top-level scope
[0K [14] top-level scope
[0K    @ stdin:5
[0K    @ stdin:5
[0K [15] eval(m::Module, e::Any)
[0K    @ Core ./boot.jl:517
[0K [15] eval(m::Module, e::Any)
[0K [16] include_string(mapexpr::typeof(identity), mod::Module, code::String, filename::String)
[0K    @ Core ./boot.jl:517
[0K    @ Base ./loading.jl:3130
[0K [17] include_string
[0K    @ ./loading.jl:3140 [inlined]
[0K [16] include_string(mapexpr::typeof(identity), mod::Module, code::String, filename::String)
[0K [18] exec_options(opts::Base.JLOptions)
[0K    @ Base ./loading.jl:3130
[0K    @ Base ./client.jl:342
[0K [17] include_string
[0K [19] _start()
[0K    @ ./loading.jl:3140 [inlined]
[0K    @ Base ./client.jl:585
[0Kin expression starting at /workdir/depot/packages/OrdinaryDiffEqHighOrderRK/DbRNi/src/OrdinaryDiffEqHighOrderRK.jl:1
[0Kin expression starting at stdin:5
[0K [18] exec_options(opts::Base.JLOptions)
[0K    @ Base ./client.jl:342
[0K [19] _start()
[0K    @ Base ./client.jl:585
[0Kin expression starting at /workdir/depot/packages/OrdinaryDiffEqAdamsBashforthMoulton/UAG3o/src/OrdinaryDiffEqAdamsBashforthMoulton.jl:1
[0Kin expression starting at stdin:5
[0KERROR: LoadError: Precompiled image Base.PkgId(Base.UUID("bbf590c4-e513-4bbe-9b18-05decba2e5d8"), "OrdinaryDiffEqCore") not available with flags CacheFlags(; use_pkgimages=true, debug_level=1, check_bounds=0, inline=true, opt_level=2)
[0KStacktrace:
[0K  [1] error(s::String)
[0K    @ Base ./error.jl:56
[0K  [2] __require_prelocked(pkg::Base.PkgId, env::String)
[0K    @ Base ./loading.jl:2840
[0K  [3] _require_prelocked(uuidkey::Base.PkgId, env::String)
[0K    @ Base ./loading.jl:2694
[0K  [4] macro expansion
[0K    @ ./loading.jl:2621 [inlined]
[0K  [5] macro expansion
[0K    @ ./lock.jl:376 [inlined]
[0K  [6] __require(into::Module, mod::Symbol)
[0K    @ Base ./loading.jl:2585
[0K  [7] require
[0K    @ ./loading.jl:2561 [inlined]
[0K  [8] eval_import_path
[0K    @ ./module.jl:36 [inlined]
[0K  [9] eval_import_path_all(at::Module, path::Expr, keyword::String)
[0K    @ Base ./module.jl:60
[0K [10] _eval_import(::Bool, ::Module, ::Expr, ::Expr, ::Vararg{Expr})
[0K    @ Base ./module.jl:101
[0K [11] top-level scope
[0K    @ /workdir/depot/packages/OrdinaryDiffEqTsit5/7fE34/src/OrdinaryDiffEqTsit5.jl:3
[0K [12] include(mod::Module, _path::String)
[0K    @ Base ./Base.jl:323
[0K [13] include_package_for_output(pkg::Base.PkgId, input::String, syntax_version::VersionNumber, depot_path::Vector{String}, dl_load_path::Vector{String}, load_path::Vector{String}, concrete_deps::Vector{Pair{Base.PkgId, UInt128}}, source::Nothing)
[0K    @ Base ./loading.jl:3288
[0K [14] top-level scope
[0K    @ stdin:5
[0K [15] eval(m::Module, e::Any)
[0K    @ Core ./boot.jl:517
[0K [16] include_string(mapexpr::typeof(identity), mod::Module, code::String, filename::String)
[0K    @ Base ./loading.jl:3130
[0K [17] include_string
[0K    @ ./loading.jl:3140 [inlined]
[0K [18] exec_options(opts::Base.JLOptions)
[0K    @ Base ./client.jl:342
[0K [19] _start()
[0K    @ Base ./client.jl:585
[0Kin expression starting at /workdir/depot/packages/OrdinaryDiffEqTsit5/7fE34/src/OrdinaryDiffEqTsit5.jl:1
[0Kin expression starting at stdin:5
[0KERROR: LoadError: Precompiled image Base.PkgId(Base.UUID("bbf590c4-e513-4bbe-9b18-05decba2e5d8"), "OrdinaryDiffEqCore") not available with flags CacheFlags(; use_pkgimages=true, debug_level=1, check_bounds=0, inline=true, opt_level=2)
[0KStacktrace:
[0K  [1] error(s::String)
[0K    @ Base ./error.jl:56
[0K  [2] __require_prelocked(pkg::Base.PkgId, env::String)
[0K    @ Base ./loading.jl:2840
[0K  [3] _require_prelocked(uuidkey::Base.PkgId, env::String)
[0K    @ Base ./loading.jl:2694
[0K  [4] macro expansion
[0K    @ ./loading.jl:2621 [inlined]
[0K  [5] macro expansion
[0K    @ ./lock.jl:376 [inlined]
[0K  [6] __require(into::Module, mod::Symbol)
[0K    @ Base ./loading.jl:2585
[0K  [7] require
[0K    @ ./loading.jl:2561 [inlined]
[0K  [8] eval_import_path
[0K    @ ./module.jl:36 [inlined]
[0K  [9] eval_import_path_all(at::Module, path::Expr, keyword::String)
[0K    @ Base ./module.jl:60
[0K [10] _eval_import(::Bool, ::Module, ::Expr, ::Expr, ::Vararg{Expr})
[0K    @ Base ./module.jl:101
[0K [11] top-level scope
[0K    @ /workdir/depot/packages/OrdinaryDiffEqPRK/hJhVZ/src/OrdinaryDiffEqPRK.jl:3
[0K [12] include(mod::Module, _path::String)
[0K    @ Base ./Base.jl:323
[0K [13] include_package_for_output(pkg::Base.PkgId, input::String, syntax_version::VersionNumber, depot_path::Vector{String}, dl_load_path::Vector{String}, load_path::Vector{String}, concrete_deps::Vector{Pair{Base.PkgId, UInt128}}, source::Nothing)
[0K    @ Base ./loading.jl:3288
[0K [14] top-level scope
[0K    @ stdin:5
[0K [15] eval(m::Module, e::Any)
[0K    @ Core ./boot.jl:517
[0K [16] include_string(mapexpr::typeof(identity), mod::Module, code::String, filename::String)
[0K    @ Base ./loading.jl:3130
[0K [17] include_string
[0K    @ ./loading.jl:3140 [inlined]
[0K [18] exec_options(opts::Base.JLOptions)
[0K    @ Base ./client.jl:342
[0K [19] _start()
[0K    @ Base ./client.jl:585
[0Kin expression starting at /workdir/depot/packages/OrdinaryDiffEqPRK/hJhVZ/src/OrdinaryDiffEqPRK.jl:1
[0Kin expression starting at stdin:5
[0KERROR: LoadError: Precompiled image Base.PkgId(Base.UUID("bbf590c4-e513-4bbe-9b18-05decba2e5d8"), "OrdinaryDiffEqCore") not available with flags CacheFlags(; use_pkgimages=true, debug_level=1, check_bounds=0, inline=true, opt_level=2)
[0KStacktrace:
[0K  [1] error(s::String)
[0K    @ Base ./error.jl:56
[0K  [2] __require_prelocked(pkg::Base.PkgId, env::String)
[0K    @ Base ./loading.jl:2840
[0K  [3] _require_prelocked(uuidkey::Base.PkgId, env::String)
[0K    @ Base ./loading.jl:2694
[0K  [4] macro expansion
[0K    @ ./loading.jl:2621 [inlined]
[0K  [5] macro expansion
[0K    @ ./lock.jl:376 [inlined]
[0K  [6] __require(into::Module, mod::Symbol)
[0K    @ Base ./loading.jl:2585
[0K  [7] require
[0K    @ ./loading.jl:2561 [inlined]
[0K  [8] eval_import_path
[0K    @ ./module.jl:36 [inlined]
[0K  [9] eval_import_path_all(at::Module, path::Expr, keyword::String)
[0K    @ Base ./module.jl:60
[0K [10] _eval_import(::Bool, ::Module, ::Expr, ::Expr, ::Vararg{Expr})
[0K    @ Base ./module.jl:101
[0K [11] top-level scope
[0K    @ /workdir/depot/packages/OrdinaryDiffEqLowStorageRK/O3WTQ/src/OrdinaryDiffEqLowStorageRK.jl:3
[0K [12] include(mod::Module, _path::String)
[0K    @ Base ./Base.jl:323
[0K [13] include_package_for_output(pkg::Base.PkgId, input::String, syntax_version::VersionNumber, depot_path::Vector{String}, dl_load_path::Vector{String}, load_path::Vector{String}, concrete_deps::Vector{Pair{Base.PkgId, UInt128}}, source::Nothing)
[0K    @ Base ./loading.jl:3288
[0K [14] top-level scope
[0K    @ stdin:5
[0K [15] eval(m::Module, e::Any)
[0K    @ Core ./boot.jl:517
[0K [16] include_string(mapexpr::typeof(identity), mod::Module, code::String, filename::String)
[0K    @ Base ./loading.jl:3130
[0K [17] include_string
[0K    @ ./loading.jl:3140 [inlined]
[0K [18] exec_options(opts::Base.JLOptions)
[0K    @ Base ./client.jl:342
[0K [19] _start()
[0K    @ Base ./client.jl:585
[0Kin expression starting at /workdir/depot/packages/OrdinaryDiffEqLowStorageRK/O3WTQ/src/OrdinaryDiffEqLowStorageRK.jl:1
[0Kin expression starting at stdin:5
[0KERROR: LoadError: Precompiled image Base.PkgId(Base.UUID("bbf590c4-e513-4bbe-9b18-05decba2e5d8"), "OrdinaryDiffEqCore") not available with flags CacheFlags(; use_pkgimages=true, debug_level=1, check_bounds=0, inline=true, opt_level=2)
[0KStacktrace:
[0KERROR: LoadError: Precompiled image Base.PkgId(Base.UUID("87fe0de2-c867-4266-b59a-2f0a94fc965b"), "LineSearch") not available with flags CacheFlags(; use_pkgimages=true, debug_level=1, check_bounds=0, inline=true, opt_level=2)
[0KStacktrace:
[0K  [1] error(s::String)
[0K    @ Base ./error.jl:56
[0K  [2] __require_prelocked(pkg::Base.PkgId, env::String)
[0K    @ Base ./loading.jl:2840
[0K  [3] _require_prelocked(uuidkey::Base.PkgId, env::String)
[0K    @ Base ./loading.jl:2694
[0K  [4] macro expansion
[0K    @ ./loading.jl:2621 [inlined]
[0K  [5] macro expansion
[0K    @ ./lock.jl:376 [inlined]
[0K  [6] __require(into::Module, mod::Symbol)
[0K    @ Base ./loading.jl:2585
[0K  [7] require
[0K    @ ./loading.jl:2561 [inlined]
[0K  [8] eval_import_path
[0K    @ ./module.jl:36 [inlined]
[0K  [9] eval_import_path_all(at::Module, path::Expr, keyword::String)
[0K    @ Base ./module.jl:60
[0K  [1] error(s::String)
[0K    @ Base ./error.jl:56
[0K  [2] __require_prelocked(pkg::Base.PkgId, env::String)
[0K    @ Base ./loading.jl:2840
[0K  [3] _require_prelocked(uuidkey::Base.PkgId, env::String)
[0K    @ Base ./loading.jl:2694
[0K  [4] macro expansion
[0K    @ ./loading.jl:2621 [inlined]
[0K  [5] macro expansion
[0K    @ ./lock.jl:376 [inlined]
[0K  [6] __require(into::Module, mod::Symbol)
[0K    @ Base ./loading.jl:2585
[0K  [7] require
[0K    @ ./loading.jl:2561 [inlined]
[0K  [8] eval_import_path
[0K    @ ./module.jl:36 [inlined]
[0K  [9] eval_import_path_all(at::Module, path::Expr, keyword::String)
[0K    @ Base ./module.jl:60
[0K [10] _eval_import(::Bool, ::Module, ::Expr, ::Expr, ::Vararg{Expr})
[0K    @ Base ./module.jl:101
[0K [11] top-level scope
[0K    @ /workdir/depot/packages/NonlinearSolve/UXo1A/src/NonlinearSolve.jl:11
[0K [12] include(mod::Module, _path::String)
[0K    @ Base ./Base.jl:323
[0K [13] include_package_for_output(pkg::Base.PkgId, input::String, syntax_version::VersionNumber, depot_path::Vector{String}, dl_load_path::Vector{String}, load_path::Vector{String}, concrete_deps::Vector{Pair{Base.PkgId, UInt128}}, source::Nothing)
[0K    @ Base ./loading.jl:3288
[0K [14] top-level scope
[0K    @ stdin:5
[0K [15] eval(m::Module, e::Any)
[0K    @ Core ./boot.jl:517
[0K [16] include_string(mapexpr::typeof(identity), mod::Module, code::String, filename::String)
[0K    @ Base ./loading.jl:3130
[0K [17] include_string
[0K    @ ./loading.jl:3140 [inlined]
[0K [18] exec_options(opts::Base.JLOptions)
[0K    @ Base ./client.jl:342
[0K [19] _start()
[0K    @ Base ./client.jl:585
[0Kin expression starting at /workdir/depot/packages/NonlinearSolve/UXo1A/src/NonlinearSolve.jl:1
[0Kin expression starting at stdin:5
[0K [10] _eval_import(::Bool, ::Module, ::Expr, ::Expr, ::Vararg{Expr})
[0K    @ Base ./module.jl:101
[0K [11] top-level scope
[0K    @ /workdir/depot/packages/OrdinaryDiffEqLinear/eKKw7/src/OrdinaryDiffEqLinear.jl:3
[0K [12] include(mod::Module, _path::String)
[0K    @ Base ./Base.jl:323
[0K [13] include_package_for_output(pkg::Base.PkgId, input::String, syntax_version::VersionNumber, depot_path::Vector{String}, dl_load_path::Vector{String}, load_path::Vector{String}, concrete_deps::Vector{Pair{Base.PkgId, UInt128}}, source::Nothing)
[0K    @ Base ./loading.jl:3288
[0K [14] top-level scope
[0K    @ stdin:5
[0K [15] eval(m::Module, e::Any)
[0K    @ Core ./boot.jl:517
[0K [16] include_string(mapexpr::typeof(identity), mod::Module, code::String, filename::String)
[0K    @ Base ./loading.jl:3130
[0K [17] include_string
[0K    @ ./loading.jl:3140 [inlined]
[0K [18] exec_options(opts::Base.JLOptions)
[0K    @ Base ./client.jl:342
[0K [19] _start()
[0K    @ Base ./client.jl:585
[0Kin expression starting at /workdir/depot/packages/OrdinaryDiffEqLinear/eKKw7/src/OrdinaryDiffEqLinear.jl:1
[0Kin expression starting at stdin:5
[0KERROR: LoadError: Precompiled image Base.PkgId(Base.UUID("7ed4a6bd-45f5-4d41-b270-4a48e9bafcae"), "LinearSolve") not available with flags CacheFlags(; use_pkgimages=true, debug_level=1, check_bounds=0, inline=true, opt_level=2)
[0KStacktrace:
[0K  [1] error(s::String)
[0K    @ Base ./error.jl:56
[0K  [2] __require_prelocked(pkg::Base.PkgId, env::String)
[0K    @ Base ./loading.jl:2840
[0K  [3] _require_prelocked(uuidkey::Base.PkgId, env::String)
[0K    @ Base ./loading.jl:2694
[0K  [4] macro expansion
[0K    @ ./loading.jl:2621 [inlined]
[0K  [5] macro expansion
[0K    @ ./lock.jl:376 [inlined]
[0K  [6] __require(into::Module, mod::Symbol)
[0K    @ Base ./loading.jl:2585
[0K  [7] require
[0K    @ ./loading.jl:2561 [inlined]
[0K  [8] eval_import_path
[0K    @ ./module.jl:36 [inlined]
[0K  [9] _eval_import(imported::Bool, to::Module, from::Nothing, paths::Expr)
[0K    @ Base ./module.jl:111
[0K [10] top-level scope
[0K    @ /workdir/depot/packages/OrdinaryDiffEqDifferentiation/qvYUh/src/OrdinaryDiffEqDifferentiation.jl:8
[0K [11] include(mod::Module, _path::String)
[0K    @ Base ./Base.jl:323
[0K [12] include_package_for_output(pkg::Base.PkgId, input::String, syntax_version::VersionNumber, depot_path::Vector{String}, dl_load_path::Vector{String}, load_path::Vector{String}, concrete_deps::Vector{Pair{Base.PkgId, UInt128}}, source::Nothing)
[0K    @ Base ./loading.jl:3288
[0K [13] top-level scope
[0K    @ stdin:5
[0K [14] eval(m::Module, e::Any)
[0K    @ Core ./boot.jl:517
[0K [15] include_string(mapexpr::typeof(identity), mod::Module, code::String, filename::String)
[0K    @ Base ./loading.jl:3130
[0K [16] include_string
[0K    @ ./loading.jl:3140 [inlined]
[0K [17] exec_options(opts::Base.JLOptions)
[0K    @ Base ./client.jl:342
[0K [18] _start()
[0K    @ Base ./client.jl:585
[0Kin expression starting at /workdir/depot/packages/OrdinaryDiffEqDifferentiation/qvYUh/src/OrdinaryDiffEqDifferentiation.jl:1
[0Kin expression starting at stdin:5
[0KERROR: LoadError: Precompiled image Base.PkgId(Base.UUID("bbf590c4-e513-4bbe-9b18-05decba2e5d8"), "OrdinaryDiffEqCore") not available with flags CacheFlags(; use_pkgimages=true, debug_level=1, check_bounds=0, inline=true, opt_level=2)
[0KStacktrace:
[0K  [1] error(s::String)
[0K    @ Base ./error.jl:56
[0K  [2] __require_prelocked(pkg::Base.PkgId, env::String)
[0K    @ Base ./loading.jl:2840
[0K  [3] _require_prelocked(uuidkey::Base.PkgId, env::String)
[0K    @ Base ./loading.jl:2694
[0K  [4] macro expansion
[0K    @ ./loading.jl:2621 [inlined]
[0K  [5] macro expansion
[0K    @ ./lock.jl:376 [inlined]
[0K  [6] __require(into::Module, mod::Symbol)
[0K    @ Base ./loading.jl:2585
[0K  [7] require
[0K    @ ./loading.jl:2561 [inlined]
[0K  [8] eval_import_path
[0K    @ ./module.jl:36 [inlined]
[0K  [9] eval_import_path_all(at::Module, path::Expr, keyword::String)
[0K    @ Base ./module.jl:60
[0K [10] _eval_import(::Bool, ::Module, ::Expr, ::Expr, ::Vararg{Expr})
[0K    @ Base ./module.jl:101
[0K [11] top-level scope
[0K    @ /workdir/depot/packages/OrdinaryDiffEqExplicitRK/iPnx4/src/OrdinaryDiffEqExplicitRK.jl:3
[0K [12] include(mod::Module, _path::String)
[0K    @ Base ./Base.jl:323
[0K [13] include_package_for_output(pkg::Base.PkgId, input::String, syntax_version::VersionNumber, depot_path::Vector{String}, dl_load_path::Vector{String}, load_path::Vector{String}, concrete_deps::Vector{Pair{Base.PkgId, UInt128}}, source::Nothing)
[0K    @ Base ./loading.jl:3288
[0K [14] top-level scope
[0K    @ stdin:5
[0K [15] eval(m::Module, e::Any)
[0K    @ Core ./boot.jl:517
[0K [16] include_string(mapexpr::typeof(identity), mod::Module, code::String, filename::String)
[0K    @ Base ./loading.jl:3130
[0K [17] include_string
[0K    @ ./loading.jl:3140 [inlined]
[0K [18] exec_options(opts::Base.JLOptions)
[0K    @ Base ./client.jl:342
[0K [19] _start()
[0K    @ Base ./client.jl:585
[0Kin expression starting at /workdir/depot/packages/OrdinaryDiffEqExplicitRK/iPnx4/src/OrdinaryDiffEqExplicitRK.jl:1
[0Kin expression starting at stdin:5
[0KERROR: LoadError: Precompiled image Base.PkgId(Base.UUID("bbf590c4-e513-4bbe-9b18-05decba2e5d8"), "OrdinaryDiffEqCore") not available with flags CacheFlags(; use_pkgimages=true, debug_level=1, check_bounds=0, inline=true, opt_level=2)
[0KStacktrace:
[0K  [1] error(s::String)
[0K    @ Base ./error.jl:56
[0K  [2] __require_prelocked(pkg::Base.PkgId, env::String)
[0K    @ Base ./loading.jl:2840
[0K  [3] _require_prelocked(uuidkey::Base.PkgId, env::String)
[0K    @ Base ./loading.jl:2694
[0K  [4] macro expansion
[0K    @ ./loading.jl:2621 [inlined]
[0K  [5] macro expansion
[0K    @ ./lock.jl:376 [inlined]
[0K  [6] __require(into::Module, mod::Symbol)
[0K    @ Base ./loading.jl:2585
[0K  [7] require
[0K    @ ./loading.jl:2561 [inlined]
[0K  [8] eval_import_path
[0K    @ ./module.jl:36 [inlined]
[0K  [9] eval_import_path_all(at::Module, path::Expr, keyword::String)
[0K    @ Base ./module.jl:60
[0K [10] _eval_import(::Bool, ::Module, ::Expr, ::Expr, ::Vararg{Expr})
[0K    @ Base ./module.jl:101
[0K [11] top-level scope
[0K    @ /workdir/depot/packages/OrdinaryDiffEqNordsieck/Buyq1/src/OrdinaryDiffEqNordsieck.jl:3
[0K [12] include(mod::Module, _path::String)
[0K    @ Base ./Base.jl:323
[0K [13] include_package_for_output(pkg::Base.PkgId, input::String, syntax_version::VersionNumber, depot_path::Vector{String}, dl_load_path::Vector{String}, load_path::Vector{String}, concrete_deps::Vector{Pair{Base.PkgId, UInt128}}, source::Nothing)
[0K    @ Base ./loading.jl:3288
[0K [14] top-level scope
[0K    @ stdin:5
[0K [15] eval(m::Module, e::Any)
[0K    @ Core ./boot.jl:517
[0K [16] include_string(mapexpr::typeof(identity), mod::Module, code::String, filename::String)
[0K    @ Base ./loading.jl:3130
[0K [17] include_string
[0K    @ ./loading.jl:3140 [inlined]
[0K [18] exec_options(opts::Base.JLOptions)
[0K    @ Base ./client.jl:342
[0K [19] _start()
[0K    @ Base ./client.jl:585
[0Kin expression starting at /workdir/depot/packages/OrdinaryDiffEqNordsieck/Buyq1/src/OrdinaryDiffEqNordsieck.jl:1
[0Kin expression starting at stdin:5
[0KERROR: LoadError: Precompiled image Base.PkgId(Base.UUID("4302a76b-040a-498a-8c04-15b101fed76b"), "OrdinaryDiffEqDifferentiation") not available with flags CacheFlags(; use_pkgimages=true, debug_level=1, check_bounds=0, inline=true, opt_level=2)
[0KStacktrace:
[0K  [1] error(s::String)
[0K    @ Base ./error.jl:56
[0K  [2] __require_prelocked(pkg::Base.PkgId, env::String)
[0K    @ Base ./loading.jl:2840
[0K  [3] _require_prelocked(uuidkey::Base.PkgId, env::String)
[0K    @ Base ./loading.jl:2694
[0K  [4] macro expansion
[0K    @ ./loading.jl:2621 [inlined]
[0K  [5] macro expansion
[0K    @ ./lock.jl:376 [inlined]
[0K  [6] __require(into::Module, mod::Symbol)
[0K    @ Base ./loading.jl:2585
[0K  [7] require
[0K    @ ./loading.jl:2561 [inlined]
[0K  [8] eval_import_path
[0K    @ ./module.jl:36 [inlined]
[0K  [9] eval_import_path_all(at::Module, path::Expr, keyword::String)
[0K    @ Base ./module.jl:60
[0K [10] _eval_using
[0K    @ ./module.jl:137 [inlined]
[0K [11] _eval_using(to::Module, path::Expr)
[0K    @ Base ./module.jl:137
[0K [12] top-level scope
[0K    @ /workdir/depot/packages/OrdinaryDiffEqDifferentiation/qvYUh/ext/OrdinaryDiffEqDifferentiationSparseArraysExt.jl:3
[0K [13] include(mod::Module, _path::String)
[0K    @ Base ./Base.jl:323
[0K [14] include_package_for_output(pkg::Base.PkgId, input::String, syntax_version::VersionNumber, depot_path::Vector{String}, dl_load_path::Vector{String}, load_path::Vector{String}, concrete_deps::Vector{Pair{Base.PkgId, UInt128}}, source::Nothing)
[0K    @ Base ./loading.jl:3288
[0K [15] top-level scope
[0K    @ stdin:5
[0K [16] eval(m::Module, e::Any)
[0K    @ Core ./boot.jl:517
[0K [17] include_string(mapexpr::typeof(identity), mod::Module, code::String, filename::String)
[0K    @ Base ./loading.jl:3130
[0K [18] include_string
[0K    @ ./loading.jl:3140 [inlined]
[0K [19] exec_options(opts::Base.JLOptions)
[0K    @ Base ./client.jl:342
[0K [20] _start()
[0K    @ Base ./client.jl:585
[0Kin expression starting at /workdir/depot/packages/OrdinaryDiffEqDifferentiation/qvYUh/ext/OrdinaryDiffEqDifferentiationSparseArraysExt.jl:1
[0Kin expression starting at stdin:5
[0KERROR: LoadError: Precompiled image Base.PkgId(Base.UUID("bbf590c4-e513-4bbe-9b18-05decba2e5d8"), "OrdinaryDiffEqCore") not available with flags CacheFlags(; use_pkgimages=true, debug_level=1, check_bounds=0, inline=true, opt_level=2)
[0KStacktrace:
[0KERROR: LoadError: Precompiled image Base.PkgId(Base.UUID("bbf590c4-e513-4bbe-9b18-05decba2e5d8"), "OrdinaryDiffEqCore") not available with flags CacheFlags(; use_pkgimages=true, debug_level=1, check_bounds=0, inline=true, opt_level=2)
[0KStacktrace:
[0KERROR: LoadError: Precompiled image Base.PkgId(Base.UUID("bbf590c4-e513-4bbe-9b18-05decba2e5d8"), "OrdinaryDiffEqCore") not available with flags CacheFlags(; use_pkgimages=true, debug_level=1, check_bounds=0, inline=true, opt_level=2)
[0KStacktrace:
[0K  [1] error(s::String)
[0K    @ Base ./error.jl:56
[0K  [2] __require_prelocked(pkg::Base.PkgId, env::String)
[0K    @ Base ./loading.jl:2840
[0K  [3] _require_prelocked(uuidkey::Base.PkgId, env::String)
[0K    @ Base ./loading.jl:2694
[0K  [4] macro expansion
[0K    @ ./loading.jl:2621 [inlined]
[0K  [5] macro expansion
[0K    @ ./lock.jl:376 [inlined]
[0K  [6] __require(into::Module, mod::Symbol)
[0K    @ Base ./loading.jl:2585
[0K  [7] require
[0K    @ ./loading.jl:2561 [inlined]
[0K  [8] eval_import_path
[0K    @ ./module.jl:36 [inlined]
[0K  [9] eval_import_path_all(at::Module, path::Expr, keyword::String)
[0K    @ Base ./module.jl:60
[0K  [1] error(s::String)
[0K    @ Base ./error.jl:56
[0K  [2] __require_prelocked(pkg::Base.PkgId, env::String)
[0K    @ Base ./loading.jl:2840
[0K  [3] _require_prelocked(uuidkey::Base.PkgId, env::String)
[0K    @ Base ./loading.jl:2694
[0K  [4] macro expansion
[0K    @ ./loading.jl:2621 [inlined]
[0K  [5] macro expansion
[0K    @ ./lock.jl:376 [inlined]
[0K  [6] __require(into::Module, mod::Symbol)
[0K    @ Base ./loading.jl:2585
[0K  [7] require
[0K    @ ./loading.jl:2561 [inlined]
[0K  [8] eval_import_path
[0K    @ ./module.jl:36 [inlined]
[0K  [9] eval_import_path_all(at::Module, path::Expr, keyword::String)
[0K    @ Base ./module.jl:60
[0KERROR: LoadError: Precompiled image Base.PkgId(Base.UUID("0bca4576-84f4-4d90-8ffe-ffa030f20462"), "SciMLBase") not available with flags CacheFlags(; use_pkgimages=true, debug_level=1, check_bounds=0, inline=true, opt_level=2)
[0KStacktrace:
[0K  [1] error(s::String)
[0K    @ Base ./error.jl:56
[0K  [2] __require_prelocked(pkg::Base.PkgId, env::String)
[0K    @ Base ./loading.jl:2840
[0K  [3] _require_prelocked(uuidkey::Base.PkgId, env::String)
[0K    @ Base ./loading.jl:2694
[0K  [4] macro expansion
[0K    @ ./loading.jl:2621 [inlined]
[0K  [5] macro expansion
[0K    @ ./lock.jl:376 [inlined]
[0K  [6] __require(into::Module, mod::Symbol)
[0K    @ Base ./loading.jl:2585
[0K  [7] require
[0K    @ ./loading.jl:2561 [inlined]
[0K  [8] eval_import_path
[0K    @ ./module.jl:36 [inlined]
[0K  [9] eval_import_path_all(at::Module, path::Expr, keyword::String)
[0K    @ Base ./module.jl:60
[0K [10] _eval_import(::Bool, ::Module, ::Expr, ::Expr, ::Vararg{Expr})
[0K    @ Base ./module.jl:101
[0K [11] top-level scope
[0K    @ /workdir/depot/packages/OrdinaryDiffEqRosenbrock/eGDYm/src/OrdinaryDiffEqRosenbrock.jl:3
[0K [12] include(mod::Module, _path::String)
[0K    @ Base ./Base.jl:323
[0K [10] _eval_import(::Bool, ::Module, ::Expr, ::Expr, ::Vararg{Expr})
[0K    @ Base ./module.jl:101
[0K [11] top-level scope
[0K    @ /workdir/depot/packages/OrdinaryDiffEqExponentialRK/wcxeI/src/OrdinaryDiffEqExponentialRK.jl:3
[0K [12] include(mod::Module, _path::String)
[0K    @ Base ./Base.jl:323
[0K [13] include_package_for_output(pkg::Base.PkgId, input::String, syntax_version::VersionNumber, depot_path::Vector{String}, dl_load_path::Vector{String}, load_path::Vector{String}, concrete_deps::Vector{Pair{Base.PkgId, UInt128}}, source::Nothing)
[0K    @ Base ./loading.jl:3288
[0K [14] top-level scope
[0K    @ stdin:5
[0K [15] eval(m::Module, e::Any)
[0K    @ Core ./boot.jl:517
[0K [16] include_string(mapexpr::typeof(identity), mod::Module, code::String, filename::String)
[0K    @ Base ./loading.jl:3130
[0K [17] include_string
[0K    @ ./loading.jl:3140 [inlined]
[0K [18] exec_options(opts::Base.JLOptions)
[0K    @ Base ./client.jl:342
[0K [19] _start()
[0K    @ Base ./client.jl:585
[0Kin expression starting at /workdir/depot/packages/OrdinaryDiffEqRosenbrock/eGDYm/src/OrdinaryDiffEqRosenbrock.jl:1
[0Kin expression starting at stdin:5
[0K [13] include_package_for_output(pkg::Base.PkgId, input::String, syntax_version::VersionNumber, depot_path::Vector{String}, dl_load_path::Vector{String}, load_path::Vector{String}, concrete_deps::Vector{Pair{Base.PkgId, UInt128}}, source::Nothing)
[0K    @ Base ./loading.jl:3288
[0K [14] top-level scope
[0K    @ stdin:5
[0K [15] eval(m::Module, e::Any)
[0K    @ Core ./boot.jl:517
[0K [16] include_string(mapexpr::typeof(identity), mod::Module, code::String, filename::String)
[0K    @ Base ./loading.jl:3130
[0K [17] include_string
[0K    @ ./loading.jl:3140 [inlined]
[0K [18] exec_options(opts::Base.JLOptions)
[0K    @ Base ./client.jl:342
[0K [19] _start()
[0K    @ Base ./client.jl:585
[0Kin expression starting at /workdir/depot/packages/OrdinaryDiffEqExponentialRK/wcxeI/src/OrdinaryDiffEqExponentialRK.jl:1
[0Kin expression starting at stdin:5
[0K [10] _eval_import(::Bool, ::Module, ::Expr, ::Expr, ::Vararg{Expr})
[0K    @ Base ./module.jl:101
[0K [11] top-level scope
[0K    @ /workdir/depot/packages/OrdinaryDiffEqExtrapolation/gpeJ0/src/OrdinaryDiffEqExtrapolation.jl:3
[0K [12] include(mod::Module, _path::String)
[0K    @ Base ./Base.jl:323
[0K [13] include_package_for_output(pkg::Base.PkgId, input::String, syntax_version::VersionNumber, depot_path::Vector{String}, dl_load_path::Vector{String}, load_path::Vector{String}, concrete_deps::Vector{Pair{Base.PkgId, UInt128}}, source::Nothing)
[0K    @ Base ./loading.jl:3288
[0K [14] top-level scope
[0K    @ stdin:5
[0K [15] eval(m::Module, e::Any)
[0K    @ Core ./boot.jl:517
[0K [16] include_string(mapexpr::typeof(identity), mod::Module, code::String, filename::String)
[0K    @ Base ./loading.jl:3130
[0K [17] include_string
[0K    @ ./loading.jl:3140 [inlined]
[0K [18] exec_options(opts::Base.JLOptions)
[0K    @ Base ./client.jl:342
[0K [19] _start()
[0K    @ Base ./client.jl:585
[0Kin expression starting at /workdir/depot/packages/OrdinaryDiffEqExtrapolation/gpeJ0/src/OrdinaryDiffEqExtrapolation.jl:1
[0Kin expression starting at stdin:5
[0K  [1] error(s::String)
[0K    @ Base ./error.jl:56
[0K  [2] __require_prelocked(pkg::Base.PkgId, env::String)
[0K    @ Base ./loading.jl:2840
[0K  [3] _require_prelocked(uuidkey::Base.PkgId, env::String)
[0K    @ Base ./loading.jl:2694
[0K  [4] macro expansion
[0K    @ ./loading.jl:2621 [inlined]
[0K  [5] macro expansion
[0K    @ ./lock.jl:376 [inlined]
[0K  [6] __require(into::Module, mod::Symbol)
[0K    @ Base ./loading.jl:2585
[0K  [7] require
[0K    @ ./loading.jl:2561 [inlined]
[0K  [8] eval_import_path
[0K    @ ./module.jl:36 [inlined]
[0K  [9] _eval_import(imported::Bool, to::Module, from::Nothing, paths::Expr)
[0K    @ Base ./module.jl:111
[0K [10] top-level scope
[0K    @ /workdir/depot/packages/OrdinaryDiffEqNonlinearSolve/VssNh/src/OrdinaryDiffEqNonlinearSolve.jl:5
[0K [11] include(mod::Module, _path::String)
[0K    @ Base ./Base.jl:323
[0K [12] include_package_for_output(pkg::Base.PkgId, input::String, syntax_version::VersionNumber, depot_path::Vector{String}, dl_load_path::Vector{String}, load_path::Vector{String}, concrete_deps::Vector{Pair{Base.PkgId, UInt128}}, source::Nothing)
[0K    @ Base ./loading.jl:3288
[0K [13] top-level scope
[0K    @ stdin:5
[0K [14] eval(m::Module, e::Any)
[0K    @ Core ./boot.jl:517
[0K [15] include_string(mapexpr::typeof(identity), mod::Module, code::String, filename::String)
[0K    @ Base ./loading.jl:3130
[0K [16] include_string
[0K    @ ./loading.jl:3140 [inlined]
[0K [17] exec_options(opts::Base.JLOptions)
[0K    @ Base ./client.jl:342
[0K [18] _start()
[0K    @ Base ./client.jl:585
[0Kin expression starting at /workdir/depot/packages/OrdinaryDiffEqNonlinearSolve/VssNh/src/OrdinaryDiffEqNonlinearSolve.jl:1
[0Kin expression starting at stdin:5
[0KERROR: LoadError: Precompiled image Base.PkgId(Base.UUID("bbf590c4-e513-4bbe-9b18-05decba2e5d8"), "OrdinaryDiffEqCore") not available with flags CacheFlags(; use_pkgimages=true, debug_level=1, check_bounds=0, inline=true, opt_level=2)
[0KStacktrace:
[0KERROR: LoadError: Precompiled image Base.PkgId(Base.UUID("bbf590c4-e513-4bbe-9b18-05decba2e5d8"), "OrdinaryDiffEqCore") not available with flags CacheFlags(; use_pkgimages=true, debug_level=1, check_bounds=0, inline=true, opt_level=2)
[0KStacktrace:
[0KERROR: LoadError: Precompiled image Base.PkgId(Base.UUID("bbf590c4-e513-4bbe-9b18-05decba2e5d8"), "OrdinaryDiffEqCore") not available with flags CacheFlags(; use_pkgimages=true, debug_level=1, check_bounds=0, inline=true, opt_level=2)
[0KStacktrace:
[0KERROR: LoadError: Precompiled image Base.PkgId(Base.UUID("bbf590c4-e513-4bbe-9b18-05decba2e5d8"), "OrdinaryDiffEqCore") not available with flags CacheFlags(; use_pkgimages=true, debug_level=1, check_bounds=0, inline=true, opt_level=2)
[0KStacktrace:
[0K  [1] error(s::String)
[0K    @ Base ./error.jl:56
[0K  [2] __require_prelocked(pkg::Base.PkgId, env::String)
[0K    @ Base ./loading.jl:2840
[0K  [3] _require_prelocked(uuidkey::Base.PkgId, env::String)
[0K    @ Base ./loading.jl:2694
[0K  [4] macro expansion
[0K    @ ./loading.jl:2621 [inlined]
[0K  [5] macro expansion
[0K    @ ./lock.jl:376 [inlined]
[0K  [6] __require(into::Module, mod::Symbol)
[0K    @ Base ./loading.jl:2585
[0K  [7] require
[0K    @ ./loading.jl:2561 [inlined]
[0K  [8] eval_import_path
[0K    @ ./module.jl:36 [inlined]
[0K  [9] eval_import_path_all(at::Module, path::Expr, keyword::String)
[0K    @ Base ./module.jl:60
[0K  [1] error(s::String)
[0K    @ Base ./error.jl:56
[0K  [2] __require_prelocked(pkg::Base.PkgId, env::String)
[0K    @ Base ./loading.jl:2840
[0K  [3] _require_prelocked(uuidkey::Base.PkgId, env::String)
[0K    @ Base ./loading.jl:2694
[0K  [4] macro expansion
[0K    @ ./loading.jl:2621 [inlined]
[0K  [5] macro expansion
[0K    @ ./lock.jl:376 [inlined]
[0K  [6] __require(into::Module, mod::Symbol)
[0K    @ Base ./loading.jl:2585
[0K  [7] require
[0K    @ ./loading.jl:2561 [inlined]
[0K  [8] eval_import_path
[0K    @ ./module.jl:36 [inlined]
[0K  [9] eval_import_path_all(at::Module, path::Expr, keyword::String)
[0K    @ Base ./module.jl:60
[0KERROR: LoadError: Precompiled image Base.PkgId(Base.UUID("bbf590c4-e513-4bbe-9b18-05decba2e5d8"), "OrdinaryDiffEqCore") not available with flags CacheFlags(; use_pkgimages=true, debug_level=1, check_bounds=0, inline=true, opt_level=2)
[0KStacktrace:
[0K  [1] error(s::String)
[0K  [1] error(s::String)
[0K    @ Base ./error.jl:56
[0K    @ Base ./error.jl:56
[0K  [2] __require_prelocked(pkg::Base.PkgId, env::String)
[0K  [2] __require_prelocked(pkg::Base.PkgId, env::String)
[0K    @ Base ./loading.jl:2840
[0K    @ Base ./loading.jl:2840
[0K  [3] _require_prelocked(uuidkey::Base.PkgId, env::String)
[0K  [3] _require_prelocked(uuidkey::Base.PkgId, env::String)
[0K    @ Base ./loading.jl:2694
[0K    @ Base ./loading.jl:2694
[0K  [4] macro expansion
[0K  [4] macro expansion
[0K    @ ./loading.jl:2621 [inlined]
[0K    @ ./loading.jl:2621 [inlined]
[0K  [5] macro expansion
[0K  [5] macro expansion
[0K    @ ./lock.jl:376 [inlined]
[0K    @ ./lock.jl:376 [inlined]
[0K  [6] __require(into::Module, mod::Symbol)
[0K  [6] __require(into::Module, mod::Symbol)
[0K    @ Base ./loading.jl:2585
[0K    @ Base ./loading.jl:2585
[0K  [7] require
[0K  [7] require
[0K    @ ./loading.jl:2561 [inlined]
[0K    @ ./loading.jl:2561 [inlined]
[0K  [8] eval_import_path
[0K  [8] eval_import_path
[0K    @ ./module.jl:36 [inlined]
[0K    @ ./module.jl:36 [inlined]
[0K  [9] eval_import_path_all(at::Module, path::Expr, keyword::String)
[0K  [9] eval_import_path_all(at::Module, path::Expr, keyword::String)
[0K    @ Base ./module.jl:60
[0K    @ Base ./module.jl:60
[0K [10] _eval_import(::Bool, ::Module, ::Expr, ::Expr, ::Vararg{Expr})
[0K    @ Base ./module.jl:101
[0K [11] top-level scope
[0K    @ /workdir/depot/packages/OrdinaryDiffEqIMEXMultistep/4kNGT/src/OrdinaryDiffEqIMEXMultistep.jl:3
[0K [12] include(mod::Module, _path::String)
[0K    @ Base ./Base.jl:323
[0K [10] _eval_import(::Bool, ::Module, ::Expr, ::Expr, ::Vararg{Expr})
[0K    @ Base ./module.jl:101
[0K [11] top-level scope
[0K    @ /workdir/depot/packages/OrdinaryDiffEqStabilizedIRK/oOtOW/src/OrdinaryDiffEqStabilizedIRK.jl:3
[0K [12] include(mod::Module, _path::String)
[0K    @ Base ./Base.jl:323
[0K [13] include_package_for_output(pkg::Base.PkgId, input::String, syntax_version::VersionNumber, depot_path::Vector{String}, dl_load_path::Vector{String}, load_path::Vector{String}, concrete_deps::Vector{Pair{Base.PkgId, UInt128}}, source::Nothing)
[0K    @ Base ./loading.jl:3288
[0K [14] top-level scope
[0K    @ stdin:5
[0K [15] eval(m::Module, e::Any)
[0K    @ Core ./boot.jl:517
[0K [16] include_string(mapexpr::typeof(identity), mod::Module, code::String, filename::String)
[0K    @ Base ./loading.jl:3130
[0K [17] include_string
[0K    @ ./loading.jl:3140 [inlined]
[0K [18] exec_options(opts::Base.JLOptions)
[0K    @ Base ./client.jl:342
[0K [19] _start()
[0K    @ Base ./client.jl:585
[0Kin expression starting at /workdir/depot/packages/OrdinaryDiffEqIMEXMultistep/4kNGT/src/OrdinaryDiffEqIMEXMultistep.jl:1
[0Kin expression starting at stdin:5
[0K [13] include_package_for_output(pkg::Base.PkgId, input::String, syntax_version::VersionNumber, depot_path::Vector{String}, dl_load_path::Vector{String}, load_path::Vector{String}, concrete_deps::Vector{Pair{Base.PkgId, UInt128}}, source::Nothing)
[0K    @ Base ./loading.jl:3288
[0K [14] top-level scope
[0K    @ stdin:5
[0K [15] eval(m::Module, e::Any)
[0K    @ Core ./boot.jl:517
[0K [16] include_string(mapexpr::typeof(identity), mod::Module, code::String, filename::String)
[0K    @ Base ./loading.jl:3130
[0K [17] include_string
[0K    @ ./loading.jl:3140 [inlined]
[0K [18] exec_options(opts::Base.JLOptions)
[0K    @ Base ./client.jl:342
[0K [19] _start()
[0K    @ Base ./client.jl:585
[0Kin expression starting at /workdir/depot/packages/OrdinaryDiffEqStabilizedIRK/oOtOW/src/OrdinaryDiffEqStabilizedIRK.jl:1
[0Kin expression starting at stdin:5
[0K [10] _eval_import(::Bool, ::Module, ::Expr, ::Expr, ::Vararg{Expr})
[0K    @ Base ./module.jl:101
[0K [11] top-level scope
[0K    @ /workdir/depot/packages/OrdinaryDiffEqPDIRK/l3OBX/src/OrdinaryDiffEqPDIRK.jl:3
[0K [12] include(mod::Module, _path::String)
[0K    @ Base ./Base.jl:323
[0K [10] _eval_import(::Bool, ::Module, ::Expr, ::Expr, ::Vararg{Expr})
[0K    @ Base ./module.jl:101
[0K [11] top-level scope
[0K    @ /workdir/depot/packages/OrdinaryDiffEqFIRK/oAd1o/src/OrdinaryDiffEqFIRK.jl:3
[0K [12] include(mod::Module, _path::String)
[0K    @ Base ./Base.jl:323
[0K [13] include_package_for_output(pkg::Base.PkgId, input::String, syntax_version::VersionNumber, depot_path::Vector{String}, dl_load_path::Vector{String}, load_path::Vector{String}, concrete_deps::Vector{Pair{Base.PkgId, UInt128}}, source::Nothing)
[0K    @ Base ./loading.jl:3288
[0K [14] top-level scope
[0K    @ stdin:5
[0K [15] eval(m::Module, e::Any)
[0K    @ Core ./boot.jl:517
[0K [16] include_string(mapexpr::typeof(identity), mod::Module, code::String, filename::String)
[0K    @ Base ./loading.jl:3130
[0K [17] include_string
[0K    @ ./loading.jl:3140 [inlined]
[0K [18] exec_options(opts::Base.JLOptions)
[0K    @ Base ./client.jl:342
[0K [19] _start()
[0K    @ Base ./client.jl:585
[0Kin expression starting at /workdir/depot/packages/OrdinaryDiffEqPDIRK/l3OBX/src/OrdinaryDiffEqPDIRK.jl:1
[0Kin expression starting at stdin:5
[0K [13] include_package_for_output(pkg::Base.PkgId, input::String, syntax_version::VersionNumber, depot_path::Vector{String}, dl_load_path::Vector{String}, load_path::Vector{String}, concrete_deps::Vector{Pair{Base.PkgId, UInt128}}, source::Nothing)
[0K    @ Base ./loading.jl:3288
[0K [14] top-level scope
[0K  [1] error(s::String)
[0K    @ stdin:5
[0K [15] eval(m::Module, e::Any)
[0K    @ Core ./boot.jl:517
[0K    @ Base ./error.jl:56
[0K [16] include_string(mapexpr::typeof(identity), mod::Module, code::String, filename::String)
[0K    @ Base ./loading.jl:3130
[0K [17] include_string
[0K  [2] __require_prelocked(pkg::Base.PkgId, env::String)
[0K    @ ./loading.jl:3140 [inlined]
[0K    @ Base ./loading.jl:2840
[0K [18] exec_options(opts::Base.JLOptions)
[0K  [3] _require_prelocked(uuidkey::Base.PkgId, env::String)
[0K    @ Base ./client.jl:342
[0K    @ Base ./loading.jl:2694
[0K [19] _start()
[0K  [4] macro expansion
[0K    @ ./loading.jl:2621 [inlined]
[0K  [5] macro expansion
[0K    @ Base ./client.jl:585
[0Kin expression starting at /workdir/depot/packages/OrdinaryDiffEqFIRK/oAd1o/src/OrdinaryDiffEqFIRK.jl:1
[0Kin expression starting at stdin:5
[0K    @ ./lock.jl:376 [inlined]
[0K  [6] __require(into::Module, mod::Symbol)
[0K    @ Base ./loading.jl:2585
[0K  [7] require
[0K    @ ./loading.jl:2561 [inlined]
[0K  [8] eval_import_path
[0K    @ ./module.jl:36 [inlined]
[0K  [9] eval_import_path_all(at::Module, path::Expr, keyword::String)
[0K    @ Base ./module.jl:60
[0K [10] _eval_import(::Bool, ::Module, ::Expr, ::Expr, ::Vararg{Expr})
[0K    @ Base ./module.jl:101
[0K [11] top-level scope
[0K    @ /workdir/depot/packages/OrdinaryDiffEqSDIRK/x9yQd/src/OrdinaryDiffEqSDIRK.jl:3
[0K [12] include(mod::Module, _path::String)
[0K    @ Base ./Base.jl:323
[0K [13] include_package_for_output(pkg::Base.PkgId, input::String, syntax_version::VersionNumber, depot_path::Vector{String}, dl_load_path::Vector{String}, load_path::Vector{String}, concrete_deps::Vector{Pair{Base.PkgId, UInt128}}, source::Nothing)
[0K    @ Base ./loading.jl:3288
[0K [14] top-level scope
[0K    @ stdin:5
[0K [15] eval(m::Module, e::Any)
[0K    @ Core ./boot.jl:517
[0K [16] include_string(mapexpr::typeof(identity), mod::Module, code::String, filename::String)
[0K    @ Base ./loading.jl:3130
[0K [17] include_string
[0K    @ ./loading.jl:3140 [inlined]
[0K [18] exec_options(opts::Base.JLOptions)
[0K    @ Base ./client.jl:342
[0K [19] _start()
[0K    @ Base ./client.jl:585
[0Kin expression starting at /workdir/depot/packages/OrdinaryDiffEqSDIRK/x9yQd/src/OrdinaryDiffEqSDIRK.jl:1
[0Kin expression starting at stdin:5
[0KERROR: LoadError: Precompiled image Base.PkgId(Base.UUID("bbf590c4-e513-4bbe-9b18-05decba2e5d8"), "OrdinaryDiffEqCore") not available with flags CacheFlags(; use_pkgimages=true, debug_level=1, check_bounds=0, inline=true, opt_level=2)
[0KStacktrace:
[0K  [1] error(s::String)
[0K    @ Base ./error.jl:56
[0K  [2] __require_prelocked(pkg::Base.PkgId, env::String)
[0K    @ Base ./loading.jl:2840
[0K  [3] _require_prelocked(uuidkey::Base.PkgId, env::String)
[0K    @ Base ./loading.jl:2694
[0K  [4] macro expansion
[0K    @ ./loading.jl:2621 [inlined]
[0K  [5] macro expansion
[0K    @ ./lock.jl:376 [inlined]
[0K  [6] __require(into::Module, mod::Symbol)
[0K    @ Base ./loading.jl:2585
[0K  [7] require
[0K    @ ./loading.jl:2561 [inlined]
[0K  [8] eval_import_path
[0K    @ ./module.jl:36 [inlined]
[0K  [9] eval_import_path_all(at::Module, path::Expr, keyword::String)
[0K    @ Base ./module.jl:60
[0K [10] _eval_import(::Bool, ::Module, ::Expr, ::Expr, ::Vararg{Expr})
[0K    @ Base ./module.jl:101
[0K [11] top-level scope
[0K    @ /workdir/depot/packages/OrdinaryDiffEqBDF/C5XSM/src/OrdinaryDiffEqBDF.jl:3
[0K [12] include(mod::Module, _path::String)
[0K    @ Base ./Base.jl:323
[0K [13] include_package_for_output(pkg::Base.PkgId, input::String, syntax_version::VersionNumber, depot_path::Vector{String}, dl_load_path::Vector{String}, load_path::Vector{String}, concrete_deps::Vector{Pair{Base.PkgId, UInt128}}, source::Nothing)
[0K    @ Base ./loading.jl:3288
[0K [14] top-level scope
[0K    @ stdin:5
[0K [15] eval(m::Module, e::Any)
[0K    @ Core ./boot.jl:517
[0K [16] include_string(mapexpr::typeof(identity), mod::Module, code::String, filename::String)
[0K    @ Base ./loading.jl:3130
[0K [17] include_string
[0K    @ ./loading.jl:3140 [inlined]
[0K [18] exec_options(opts::Base.JLOptions)
[0K    @ Base ./client.jl:342
[0K [19] _start()
[0K    @ Base ./client.jl:585
[0Kin expression starting at /workdir/depot/packages/OrdinaryDiffEqBDF/C5XSM/src/OrdinaryDiffEqBDF.jl:1
[0Kin expression starting at stdin:5
[0KERROR: LoadError: Precompiled image Base.PkgId(Base.UUID("bbf590c4-e513-4bbe-9b18-05decba2e5d8"), "OrdinaryDiffEqCore") not available with flags CacheFlags(; use_pkgimages=true, debug_level=1, check_bounds=0, inline=true, opt_level=2)
[0KStacktrace:
[0K  [1] error(s::String)
[0K    @ Base ./error.jl:56
[0K  [2] __require_prelocked(pkg::Base.PkgId, env::String)
[0K    @ Base ./loading.jl:2840
[0K  [3] _require_prelocked(uuidkey::Base.PkgId, env::String)
[0K    @ Base ./loading.jl:2694
[0K  [4] macro expansion
[0K    @ ./loading.jl:2621 [inlined]
[0K  [5] macro expansion
[0K    @ ./lock.jl:376 [inlined]
[0K  [6] __require(into::Module, mod::Symbol)
[0K    @ Base ./loading.jl:2585
[0K  [7] require
[0K    @ ./loading.jl:2561 [inlined]
[0K  [8] eval_import_path
[0K    @ ./module.jl:36 [inlined]
[0K  [9] eval_import_path_all(at::Module, path::Expr, keyword::String)
[0K    @ Base ./module.jl:60
[0K [10] _eval_import(::Bool, ::Module, ::Expr, ::Expr, ::Vararg{Expr})
[0K    @ Base ./module.jl:101
[0K [11] top-level scope
[0K    @ /workdir/depot/packages/OrdinaryDiffEqDefault/m9dxh/src/OrdinaryDiffEqDefault.jl:3
[0K [12] include(mod::Module, _path::String)
[0K    @ Base ./Base.jl:323
[0K [13] include_package_for_output(pkg::Base.PkgId, input::String, syntax_version::VersionNumber, depot_path::Vector{String}, dl_load_path::Vector{String}, load_path::Vector{String}, concrete_deps::Vector{Pair{Base.PkgId, UInt128}}, source::Nothing)
[0K    @ Base ./loading.jl:3288
[0K [14] top-level scope
[0K    @ stdin:5
[0K [15] eval(m::Module, e::Any)
[0K    @ Core ./boot.jl:517
[0K [16] include_string(mapexpr::typeof(identity), mod::Module, code::String, filename::String)
[0K    @ Base ./loading.jl:3130
[0K [17] include_string
[0K    @ ./loading.jl:3140 [inlined]
[0K [18] exec_options(opts::Base.JLOptions)
[0K    @ Base ./client.jl:342
[0K [19] _start()
[0K    @ Base ./client.jl:585
[0Kin expression starting at /workdir/depot/packages/OrdinaryDiffEqDefault/m9dxh/src/OrdinaryDiffEqDefault.jl:1
[0Kin expression starting at stdin:5
[0KERROR: LoadError: Precompiled image Base.PkgId(Base.UUID("0bca4576-84f4-4d90-8ffe-ffa030f20462"), "SciMLBase") not available with flags CacheFlags(; use_pkgimages=true, debug_level=1, check_bounds=0, inline=true, opt_level=2)
[0KStacktrace:
[0K  [1] error(s::String)
[0K    @ Base ./error.jl:56
[0K  [2] __require_prelocked(pkg::Base.PkgId, env::String)
[0K    @ Base ./loading.jl:2840
[0K  [3] _require_prelocked(uuidkey::Base.PkgId, env::String)
[0K    @ Base ./loading.jl:2694
[0K  [4] macro expansion
[0K    @ ./loading.jl:2621 [inlined]
[0K  [5] macro expansion
[0K    @ ./lock.jl:376 [inlined]
[0K  [6] __require(into::Module, mod::Symbol)
[0K    @ Base ./loading.jl:2585
[0K  [7] require
[0K    @ ./loading.jl:2561 [inlined]
[0K  [8] eval_import_path
[0K    @ ./module.jl:36 [inlined]
[0K  [9] eval_import_path_all(at::Module, path::Expr, keyword::String)
[0K    @ Base ./module.jl:60
[0K [10] _eval_using
[0K    @ ./module.jl:137 [inlined]
[0K [11] _eval_using(to::Module, path::Expr)
[0K    @ Base ./module.jl:137
[0K [12] top-level scope
[0K    @ /workdir/depot/packages/OrdinaryDiffEq/4eLaL/src/OrdinaryDiffEq.jl:7
[0K [13] include(mod::Module, _path::String)
[0K    @ Base ./Base.jl:323
[0K [14] include_package_for_output(pkg::Base.PkgId, input::String, syntax_version::VersionNumber, depot_path::Vector{String}, dl_load_path::Vector{String}, load_path::Vector{String}, concrete_deps::Vector{Pair{Base.PkgId, UInt128}}, source::Nothing)
[0K    @ Base ./loading.jl:3288
[0K [15] top-level scope
[0K    @ stdin:5
[0K [16] eval(m::Module, e::Any)
[0K    @ Core ./boot.jl:517
[0K [17] include_string(mapexpr::typeof(identity), mod::Module, code::String, filename::String)
[0K    @ Base ./loading.jl:3130
[0K [18] include_string
[0K    @ ./loading.jl:3140 [inlined]
[0K [19] exec_options(opts::Base.JLOptions)
[0K    @ Base ./client.jl:342
[0K [20] _start()
[0K    @ Base ./client.jl:585
[0Kin expression starting at /workdir/depot/packages/OrdinaryDiffEq/4eLaL/src/OrdinaryDiffEq.jl:1
[0Kin expression starting at stdin:5

  78 dependencies had output during precompilation:
┌ BracketingNonlinearSolve
│  ERROR: LoadError: Precompiled image Base.PkgId(Base.UUID("be0214bd-f91f-a760-ac4e-3421ce2b2da0"), "NonlinearSolveBase") not available with flags CacheFlags(; use_pkgimages=true, debug_level=1, check_bounds=0, inline=true, opt_level=2)
│  Stacktrace:
│    [1] error(s::String)
│      @ Base ./error.jl:56
│    [2] __require_prelocked(pkg::Base.PkgId, env::String)
│      @ Base ./loading.jl:2840
│    [3] _require_prelocked(uuidkey::Base.PkgId, env::String)
│      @ Base ./loading.jl:2694
│    [4] macro expansion
│      @ ./loading.jl:2621 [inlined]
│    [5] macro expansion
│      @ ./lock.jl:376 [inlined]
│    [6] __require(into::Module, mod::Symbol)
│      @ Base ./loading.jl:2585
│    [7] require
│      @ ./loading.jl:2561 [inlined]
│    [8] eval_import_path
│      @ ./module.jl:36 [inlined]
│    [9] eval_import_path_all(at::Module, path::Expr, keyword::String)
│      @ Base ./module.jl:60
│   [10] _eval_import(::Bool, ::Module, ::Expr, ::Expr, ::Vararg{Expr})
│      @ Base ./module.jl:101
│   [11] top-level scope
│      @ /workdir/depot/packages/BracketingNonlinearSolve/BCMUl/src/BracketingNonlinearSolve.jl:8
│   [12] include(mod::Module, _path::String)
│      @ Base ./Base.jl:323
│   [13] include_package_for_output(pkg::Base.PkgId, input::String, syntax_version::VersionNumber, depot_path::Vector{String}, dl_load_path::Vector{String}, load_path::Vector{String}, concrete_deps::Vector{Pair{Base.PkgId, UInt128}}, source::Nothing)
│      @ Base ./loading.jl:3288
│   [14] top-level scope
│      @ stdin:5
│   [15] eval(m::Module, e::Any)
│      @ Core ./boot.jl:517
│   [16] include_string(mapexpr::typeof(identity), mod::Module, code::String, filename::String)
│      @ Base ./loading.jl:3130
│   [17] include_string
│      @ ./loading.jl:3140 [inlined]
│   [18] exec_options(opts::Base.JLOptions)
│      @ Base ./client.jl:342
│   [19] _start()
│      @ Base ./client.jl:585
│  in expression starting at /workdir/depot/packages/BracketingNonlinearSolve/BCMUl/src/BracketingNonlinearSolve.jl:1
│  in expression starting at stdin:5
└  
┌ OrdinaryDiffEqNonlinearSolve
│  ERROR: LoadError: Precompiled image Base.PkgId(Base.UUID("0bca4576-84f4-4d90-8ffe-ffa030f20462"), "SciMLBase") not available with flags CacheFlags(; use_pkgimages=true, debug_level=1, check_bounds=0, inline=true, opt_level=2)
│  Stacktrace:
│    [1] error(s::String)
│      @ Base ./error.jl:56
│    [2] __require_prelocked(pkg::Base.PkgId, env::String)
│      @ Base ./loading.jl:2840
│    [3] _require_prelocked(uuidkey::Base.PkgId, env::String)
│      @ Base ./loading.jl:2694
│    [4] macro expansion
│      @ ./loading.jl:2621 [inlined]
│    [5] macro expansion
│      @ ./lock.jl:376 [inlined]
│    [6] __require(into::Module, mod::Symbol)
│      @ Base ./loading.jl:2585
│    [7] require
│      @ ./loading.jl:2561 [inlined]
│    [8] eval_import_path
│      @ ./module.jl:36 [inlined]
│    [9] _eval_import(imported::Bool, to::Module, from::Nothing, paths::Expr)
│      @ Base ./module.jl:111
│   [10] top-level scope
│      @ /workdir/depot/packages/OrdinaryDiffEqNonlinearSolve/VssNh/src/OrdinaryDiffEqNonlinearSolve.jl:5
│   [11] include(mod::Module, _path::String)
│      @ Base ./Base.jl:323
│   [12] include_package_for_output(pkg::Base.PkgId, input::String, syntax_version::VersionNumber, depot_path::Vector{String}, dl_load_path::Vector{String}, load_path::Vector{String}, concrete_deps::Vector{Pair{Base.PkgId, UInt128}}, source::Nothing)
│      @ Base ./loading.jl:3288
│   [13] top-level scope
│      @ stdin:5
│   [14] eval(m::Module, e::Any)
│      @ Core ./boot.jl:517
│   [15] include_string(mapexpr::typeof(identity), mod::Module, code::String, filename::String)
│      @ Base ./loading.jl:3130
│   [16] include_string
│      @ ./loading.jl:3140 [inlined]
│   [17] exec_options(opts::Base.JLOptions)
│      @ Base ./client.jl:342
│   [18] _start()
│      @ Base ./client.jl:585
│  in expression starting at /workdir/depot/packages/OrdinaryDiffEqNonlinearSolve/VssNh/src/OrdinaryDiffEqNonlinearSolve.jl:1
│  in expression starting at stdin:5
└  
┌ DiffEqBase → DiffEqBaseSparseArraysExt
│  ERROR: LoadError: Precompiled image Base.PkgId(Base.UUID("2b5f629d-d688-5b77-993f-72d75c75574e"), "DiffEqBase") not available with flags CacheFlags(; use_pkgimages=true, debug_level=1, check_bounds=0, inline=true, opt_level=2)
│  Stacktrace:
│    [1] error(s::String)
│      @ Base ./error.jl:56
│    [2] __require_prelocked(pkg::Base.PkgId, env::String)
│      @ Base ./loading.jl:2840
│    [3] _require_prelocked(uuidkey::Base.PkgId, env::String)
│      @ Base ./loading.jl:2694
│    [4] macro expansion
│      @ ./loading.jl:2621 [inlined]
│    [5] macro expansion
│      @ ./lock.jl:376 [inlined]
│    [6] __require(into::Module, mod::Symbol)
│      @ Base ./loading.jl:2585
│    [7] require
│      @ ./loading.jl:2561 [inlined]
│    [8] eval_import_path
│      @ ./module.jl:36 [inlined]
│    [9] eval_import_path_all(at::Module, path::Expr, keyword::String)
│      @ Base ./module.jl:60
│   [10] _eval_import(::Bool, ::Module, ::Expr, ::Expr, ::Vararg{Expr})
│      @ Base ./module.jl:101
│   [11] top-level scope
│      @ /workdir/depot/packages/DiffEqBase/4RFWW/ext/DiffEqBaseSparseArraysExt.jl:4
│   [12] include(mod::Module, _path::String)
│      @ Base ./Base.jl:323
│   [13] include_package_for_output(pkg::Base.PkgId, input::String, syntax_version::VersionNumber, depot_path::Vector{String}, dl_load_path::Vector{String}, load_path::Vector{String}, concrete_deps::Vector{Pair{Base.PkgId, UInt128}}, source::Nothing)
│      @ Base ./loading.jl:3288
│   [14] top-level scope
│      @ stdin:5
│   [15] eval(m::Module, e::Any)
│      @ Core ./boot.jl:517
│   [16] include_string(mapexpr::typeof(identity), mod::Module, code::String, filename::String)
│      @ Base ./loading.jl:3130
│   [17] include_string
│      @ ./loading.jl:3140 [inlined]
│   [18] exec_options(opts::Base.JLOptions)
│      @ Base ./client.jl:342
│   [19] _start()
│      @ Base ./client.jl:585
│  in expression starting at /workdir/depot/packages/DiffEqBase/4RFWW/ext/DiffEqBaseSparseArraysExt.jl:1
│  in expression starting at stdin:5
└  
┌ OrdinaryDiffEqLowStorageRK
│  ERROR: LoadError: Precompiled image Base.PkgId(Base.UUID("bbf590c4-e513-4bbe-9b18-05decba2e5d8"), "OrdinaryDiffEqCore") not available with flags CacheFlags(; use_pkgimages=true, debug_level=1, check_bounds=0, inline=true, opt_level=2)
│  Stacktrace:
│    [1] error(s::String)
│      @ Base ./error.jl:56
│    [2] __require_prelocked(pkg::Base.PkgId, env::String)
│      @ Base ./loading.jl:2840
│    [3] _require_prelocked(uuidkey::Base.PkgId, env::String)
│      @ Base ./loading.jl:2694
│    [4] macro expansion
│      @ ./loading.jl:2621 [inlined]
│    [5] macro expansion
│      @ ./lock.jl:376 [inlined]
│    [6] __require(into::Module, mod::Symbol)
│      @ Base ./loading.jl:2585
│    [7] require
│      @ ./loading.jl:2561 [inlined]
│    [8] eval_import_path
│      @ ./module.jl:36 [inlined]
│    [9] eval_import_path_all(at::Module, path::Expr, keyword::String)
│      @ Base ./module.jl:60
│   [10] _eval_import(::Bool, ::Module, ::Expr, ::Expr, ::Vararg{Expr})
│      @ Base ./module.jl:101
│   [11] top-level scope
│      @ /workdir/depot/packages/OrdinaryDiffEqLowStorageRK/O3WTQ/src/OrdinaryDiffEqLowStorageRK.jl:3
│   [12] include(mod::Module, _path::String)
│      @ Base ./Base.jl:323
│   [13] include_package_for_output(pkg::Base.PkgId, input::String, syntax_version::VersionNumber, depot_path::Vector{String}, dl_load_path::Vector{String}, load_path::Vector{String}, concrete_deps::Vector{Pair{Base.PkgId, UInt128}}, source::Nothing)
│      @ Base ./loading.jl:3288
│   [14] top-level scope
│      @ stdin:5
│   [15] eval(m::Module, e::Any)
│      @ Core ./boot.jl:517
│   [16] include_string(mapexpr::typeof(identity), mod::Module, code::String, filename::String)
│      @ Base ./loading.jl:3130
│   [17] include_string
│      @ ./loading.jl:3140 [inlined]
│   [18] exec_options(opts::Base.JLOptions)
│      @ Base ./client.jl:342
│   [19] _start()
│      @ Base ./client.jl:585
│  in expression starting at /workdir/depot/packages/OrdinaryDiffEqLowStorageRK/O3WTQ/src/OrdinaryDiffEqLowStorageRK.jl:1
│  in expression starting at stdin:5
└  
┌ NonlinearSolveBase → NonlinearSolveBaseForwardDiffExt
│  ERROR: LoadError: Precompiled image Base.PkgId(Base.UUID("0bca4576-84f4-4d90-8ffe-ffa030f20462"), "SciMLBase") not available with flags CacheFlags(; use_pkgimages=true, debug_level=1, check_bounds=0, inline=true, opt_level=2)
│  Stacktrace:
│    [1] error(s::String)
│      @ Base ./error.jl:56
│    [2] __require_prelocked(pkg::Base.PkgId, env::String)
│      @ Base ./loading.jl:2840
│    [3] _require_prelocked(uuidkey::Base.PkgId, env::String)
│      @ Base ./loading.jl:2694
│    [4] macro expansion
│      @ ./loading.jl:2621 [inlined]
│    [5] macro expansion
│      @ ./lock.jl:376 [inlined]
│    [6] __require(into::Module, mod::Symbol)
│      @ Base ./loading.jl:2585
│    [7] require
│      @ ./loading.jl:2561 [inlined]
│    [8] eval_import_path
│      @ ./module.jl:36 [inlined]
│    [9] eval_import_path_all(at::Module, path::Expr, keyword::String)
│      @ Base ./module.jl:60
│   [10] _eval_import(::Bool, ::Module, ::Expr, ::Expr, ::Vararg{Expr})
│      @ Base ./module.jl:101
│   [11] top-level scope
│      @ /workdir/depot/packages/NonlinearSolveBase/Rw8Vf/ext/NonlinearSolveBaseForwardDiffExt.jl:9
│   [12] include(mod::Module, _path::String)
│      @ Base ./Base.jl:323
│   [13] include_package_for_output(pkg::Base.PkgId, input::String, syntax_version::VersionNumber, depot_path::Vector{String}, dl_load_path::Vector{String}, load_path::Vector{String}, concrete_deps::Vector{Pair{Base.PkgId, UInt128}}, source::Nothing)
│      @ Base ./loading.jl:3288
│   [14] top-level scope
│      @ stdin:5
│   [15] eval(m::Module, e::Any)
│      @ Core ./boot.jl:517
│   [16] include_string(mapexpr::typeof(identity), mod::Module, code::String, filename::String)
│      @ Base ./loading.jl:3130
│   [17] include_string
│      @ ./loading.jl:3140 [inlined]
│   [18] exec_options(opts::Base.JLOptions)
│      @ Base ./client.jl:342
│   [19] _start()
│      @ Base ./client.jl:585
│  in expression starting at /workdir/depot/packages/NonlinearSolveBase/Rw8Vf/ext/NonlinearSolveBaseForwardDiffExt.jl:1
│  in expression starting at stdin:5
└  
┌ OrdinaryDiffEqCore
│  ERROR: LoadError: Precompiled image Base.PkgId(Base.UUID("0bca4576-84f4-4d90-8ffe-ffa030f20462"), "SciMLBase") not available with flags CacheFlags(; use_pkgimages=true, debug_level=1, check_bounds=0, inline=true, opt_level=2)
│  Stacktrace:
│    [1] error(s::String)
│      @ Base ./error.jl:56
│    [2] __require_prelocked(pkg::Base.PkgId, env::String)
│      @ Base ./loading.jl:2840
│    [3] _require_prelocked(uuidkey::Base.PkgId, env::String)
│      @ Base ./loading.jl:2694
│    [4] macro expansion
│      @ ./loading.jl:2621 [inlined]
│    [5] macro expansion
│      @ ./lock.jl:376 [inlined]
│    [6] __require(into::Module, mod::Symbol)
│      @ Base ./loading.jl:2585
│    [7] require
│      @ ./loading.jl:2561 [inlined]
│    [8] eval_import_path
│      @ ./module.jl:36 [inlined]
│    [9] eval_import_path_all(at::Module, path::Expr, keyword::String)
│      @ Base ./module.jl:60
│   [10] _eval_using
│      @ ./module.jl:137 [inlined]
│   [11] _eval_using(to::Module, path::Expr)
│      @ Base ./module.jl:137
│   [12] top-level scope
│      @ /workdir/depot/packages/OrdinaryDiffEqCore/tusSd/src/OrdinaryDiffEqCore.jl:11
│   [13] include(mod::Module, _path::String)
│      @ Base ./Base.jl:323
│   [14] include_package_for_output(pkg::Base.PkgId, input::String, syntax_version::VersionNumber, depot_path::Vector{String}, dl_load_path::Vector{String}, load_path::Vector{String}, concrete_deps::Vector{Pair{Base.PkgId, UInt128}}, source::Nothing)
│      @ Base ./loading.jl:3288
│   [15] top-level scope
│      @ stdin:5
│   [16] eval(m::Module, e::Any)
│      @ Core ./boot.jl:517
│   [17] include_string(mapexpr::typeof(identity), mod::Module, code::String, filename::String)
│      @ Base ./loading.jl:3130
│   [18] include_string
│      @ ./loading.jl:3140 [inlined]
│   [19] exec_options(opts::Base.JLOptions)
│      @ Base ./client.jl:342
│   [20] _start()
│      @ Base ./client.jl:585
│  in expression starting at /workdir/depot/packages/OrdinaryDiffEqCore/tusSd/src/OrdinaryDiffEqCore.jl:1
│  in expression starting at stdin:5
└  
┌ OrdinaryDiffEqQPRK
│  ERROR: LoadError: Precompiled image Base.PkgId(Base.UUID("bbf590c4-e513-4bbe-9b18-05decba2e5d8"), "OrdinaryDiffEqCore") not available with flags CacheFlags(; use_pkgimages=true, debug_level=1, check_bounds=0, inline=true, opt_level=2)
│  Stacktrace:
│    [1] error(s::String)
│      @ Base ./error.jl:56
│    [2] __require_prelocked(pkg::Base.PkgId, env::String)
│      @ Base ./loading.jl:2840
│    [3] _require_prelocked(uuidkey::Base.PkgId, env::String)
│      @ Base ./loading.jl:2694
│    [4] macro expansion
│      @ ./loading.jl:2621 [inlined]
│    [5] macro expansion
│      @ ./lock.jl:376 [inlined]
│    [6] __require(into::Module, mod::Symbol)
│      @ Base ./loading.jl:2585
│    [7] require
│      @ ./loading.jl:2561 [inlined]
│    [8] eval_import_path
│      @ ./module.jl:36 [inlined]
│    [9] eval_import_path_all(at::Module, path::Expr, keyword::String)
│      @ Base ./module.jl:60
│   [10] _eval_import(::Bool, ::Module, ::Expr, ::Expr, ::Vararg{Expr})
│      @ Base ./module.jl:101
│   [11] top-level scope
│      @ /workdir/depot/packages/OrdinaryDiffEqQPRK/mTzfG/src/OrdinaryDiffEqQPRK.jl:3
│   [12] include(mod::Module, _path::String)
│      @ Base ./Base.jl:323
│   [13] include_package_for_output(pkg::Base.PkgId, input::String, syntax_version::VersionNumber, depot_path::Vector{String}, dl_load_path::Vector{String}, load_path::Vector{String}, concrete_deps::Vector{Pair{Base.PkgId, UInt128}}, source::Nothing)
│      @ Base ./loading.jl:3288
│   [14] top-level scope
│      @ stdin:5
│   [15] eval(m::Module, e::Any)
│      @ Core ./boot.jl:517
│   [16] include_string(mapexpr::typeof(identity), mod::Module, code::String, filename::String)
│      @ Base ./loading.jl:3130
│   [17] include_string
│      @ ./loading.jl:3140 [inlined]
│   [18] exec_options(opts::Base.JLOptions)
│      @ Base ./client.jl:342
│   [19] _start()
│      @ Base ./client.jl:585
│  in expression starting at /workdir/depot/packages/OrdinaryDiffEqQPRK/mTzfG/src/OrdinaryDiffEqQPRK.jl:1
│  in expression starting at stdin:5
└  
┌ LineSearch → LineSearchLineSearchesExt
│  ERROR: LoadError: Precompiled image Base.PkgId(Base.UUID("87fe0de2-c867-4266-b59a-2f0a94fc965b"), "LineSearch") not available with flags CacheFlags(; use_pkgimages=true, debug_level=1, check_bounds=0, inline=true, opt_level=2)
│  Stacktrace:
│    [1] error(s::String)
│      @ Base ./error.jl:56
│    [2] __require_prelocked(pkg::Base.PkgId, env::String)
│      @ Base ./loading.jl:2840
│    [3] _require_prelocked(uuidkey::Base.PkgId, env::String)
│      @ Base ./loading.jl:2694
│    [4] macro expansion
│      @ ./loading.jl:2621 [inlined]
│    [5] macro expansion
│      @ ./lock.jl:376 [inlined]
│    [6] __require(into::Module, mod::Symbol)
│      @ Base ./loading.jl:2585
│    [7] require
│      @ ./loading.jl:2561 [inlined]
│    [8] eval_import_path
│      @ ./module.jl:36 [inlined]
│    [9] eval_import_path_all(at::Module, path::Expr, keyword::String)
│      @ Base ./module.jl:60
│   [10] _eval_import(::Bool, ::Module, ::Expr, ::Expr, ::Vararg{Expr})
│      @ Base ./module.jl:101
│   [11] top-level scope
│      @ /workdir/depot/packages/LineSearch/ZrjLJ/ext/LineSearchLineSearchesExt.jl:5
│   [12] include(mod::Module, _path::String)
│      @ Base ./Base.jl:323
│   [13] include_package_for_output(pkg::Base.PkgId, input::String, syntax_version::VersionNumber, depot_path::Vector{String}, dl_load_path::Vector{String}, load_path::Vector{String}, concrete_deps::Vector{Pair{Base.PkgId, UInt128}}, source::Nothing)
│      @ Base ./loading.jl:3288
│   [14] top-level scope
│      @ stdin:5
│   [15] eval(m::Module, e::Any)
│      @ Core ./boot.jl:517
│   [16] include_string(mapexpr::typeof(identity), mod::Module, code::String, filename::String)
│      @ Base ./loading.jl:3130
│   [17] include_string
│      @ ./loading.jl:3140 [inlined]
│   [18] exec_options(opts::Base.JLOptions)
│      @ Base ./client.jl:342
│   [19] _start()
│      @ Base ./client.jl:585
│  in expression starting at /workdir/depot/packages/LineSearch/ZrjLJ/ext/LineSearchLineSearchesExt.jl:1
│  in expression starting at stdin:5
└  
┌ Accessors
│  [175749] signal 11 (1): Segmentation fault
│  in expression starting at /workdir/depot/packages/Accessors/cfsTn/src/functionlenses.jl:2
│  checkbounds at ./essentials.jl:381 [inlined]
│  _iterate_abstractarray at ./abstractarray.jl:1248 [inlined]
│  iterate at ./abstractarray.jl:1241 [inlined]
│  iterate at ./abstractarray.jl:1241 [inlined]
│  _foldl_impl at ./reduce.jl:54
│  foldl_impl at ./reduce.jl:46
│  mapfoldl_impl at ./reduce.jl:42
│  unknown function (ip: 0x74f01451f1ac) at (unknown file)
│  #mapfoldl#265 at ./reduce.jl:173
│  mapfoldl at ./reduce.jl:173 [inlined]
│  #foldl#266 at ./reduce.jl:196
│  unknown function (ip: 0x74f01451f08d) at (unknown file)
│  foldl at ./reduce.jl:196 [inlined]
│  foldtree at /workdir/depot/packages/Accessors/cfsTn/src/sugar.jl:139
│  need_dynamic_optic at /workdir/depot/packages/Accessors/cfsTn/src/sugar.jl:142
│  unknown function (ip: 0x74f01451ee32) at (unknown file)
│  _any at ./anyall.jl:124
│  unknown function (ip: 0x74f01451ed5e) at (unknown file)
│  #any#756 at ./reducedim.jl:993
│  any at ./reducedim.jl:993
│  unknown function (ip: 0x74f01451e794) at (unknown file)
│  parse_obj_optics at /workdir/depot/packages/Accessors/cfsTn/src/sugar.jl:205
│  parse_obj_optic at /workdir/depot/packages/Accessors/cfsTn/src/sugar.jl:278
│  unknown function (ip: 0x74f014510929) at (unknown file)
│  #setmacro#67 at /workdir/depot/packages/Accessors/cfsTn/src/sugar.jl:321
│  setmacro at /workdir/depot/packages/Accessors/cfsTn/src/sugar.jl:312
│  unknown function (ip: 0x74f01450ea8d) at (unknown file)
│  @set at /workdir/depot/packages/Accessors/cfsTn/src/sugar.jl:33
│  unknown function (ip: 0x74f014509fc9) at (unknown file)
│  jl_invoke_julia_macro at /cache/build/builder-amdci4-1/julialang/julia-master/src/ast.c:1064
│  jl_expand_macros at /cache/build/builder-amdci4-1/julialang/julia-master/src/ast.c:1126
│  jl_expand_macros at /cache/build/builder-amdci4-1/julialang/julia-master/src/ast.c:1175
│  jl_expand_macros at /cache/build/builder-amdci4-1/julialang/julia-master/src/ast.c:1175
│  jl_fl_lower at /cache/build/builder-amdci4-1/julialang/julia-master/src/ast.c:1204
│  fl_lower at ./flfrontend.jl:24
│  jfptr_fl_lower_1.1 at /root/.julia/juliaup/julia-nightly/lib/julia/sys.so (unknown line)
│  jl_apply at /cache/build/builder-amdci4-1/julialang/julia-master/src/julia.h:2295 [inlined]
│  ijl_lower at /cache/build/builder-amdci4-1/julialang/julia-master/src/ast.c:1271
│  jl_eval_toplevel_stmts at /cache/build/builder-amdci4-1/julialang/julia-master/src/toplevel.c:598
│  jl_toplevel_eval_flex at /cache/build/builder-amdci4-1/julialang/julia-master/src/toplevel.c:684
│  ijl_toplevel_eval at /cache/build/builder-amdci4-1/julialang/julia-master/src/toplevel.c:780
│  ijl_toplevel_eval_in at /cache/build/builder-amdci4-1/julialang/julia-master/src/toplevel.c:825
│  eval at ./boot.jl:517
│  include_string at ./loading.jl:3130
│  _include at ./loading.jl:3190
│  include at ./Base.jl:324
│  IncludeInto at ./Base.jl:325
│  jfptr_IncludeInto_1.1 at /root/.julia/juliaup/julia-nightly/lib/julia/sys.so (unknown line)
│  jl_apply at /cache/build/builder-amdci4-1/julialang/julia-master/src/julia.h:2295 [inlined]
│  do_call at /cache/build/builder-amdci4-1/julialang/julia-master/src/interpreter.c:123
│  eval_value at /cache/build/builder-amdci4-1/julialang/julia-master/src/interpreter.c:243
│  eval_stmt_value at /cache/build/builder-amdci4-1/julialang/julia-master/src/interpreter.c:194 [inlined]
│  eval_body at /cache/build/builder-amdci4-1/julialang/julia-master/src/interpreter.c:679
│  jl_interpret_toplevel_thunk at /cache/build/builder-amdci4-1/julialang/julia-master/src/interpreter.c:884
│  ijl_eval_thunk at /cache/build/builder-amdci4-1/julialang/julia-master/src/toplevel.c:766
│  jl_toplevel_eval_flex at /cache/build/builder-amdci4-1/julialang/julia-master/src/toplevel.c:712
│  jl_eval_toplevel_stmts at /cache/build/builder-amdci4-1/julialang/julia-master/src/toplevel.c:602
│  jl_eval_module_expr at /cache/build/builder-amdci4-1/julialang/julia-master/src/toplevel.c:263 [inlined]
│  jl_toplevel_eval_flex at /cache/build/builder-amdci4-1/julialang/julia-master/src/toplevel.c:665
│  jl_eval_toplevel_stmts at /cache/build/builder-amdci4-1/julialang/julia-master/src/toplevel.c:602
│  jl_toplevel_eval_flex at /cache/build/builder-amdci4-1/julialang/julia-master/src/toplevel.c:684
│  ijl_toplevel_eval at /cache/build/builder-amdci4-1/julialang/julia-master/src/toplevel.c:780
│  ijl_toplevel_eval_in at /cache/build/builder-amdci4-1/julialang/julia-master/src/toplevel.c:825
│  eval at ./boot.jl:517
│  include_string at ./loading.jl:3130
│  _include at ./loading.jl:3190
│  include at ./Base.jl:323
│  include_package_for_output at ./loading.jl:3288
│  jfptr_include_package_for_output_1.1 at /root/.julia/juliaup/julia-nightly/lib/julia/sys.so (unknown line)
│  jl_apply at /cache/build/builder-amdci4-1/julialang/julia-master/src/julia.h:2295 [inlined]
│  do_call at /cache/build/builder-amdci4-1/julialang/julia-master/src/interpreter.c:123
│  eval_value at /cache/build/builder-amdci4-1/julialang/julia-master/src/interpreter.c:243
│  eval_stmt_value at /cache/build/builder-amdci4-1/julialang/julia-master/src/interpreter.c:194 [inlined]
│  eval_body at /cache/build/builder-amdci4-1/julialang/julia-master/src/interpreter.c:679
│  jl_interpret_toplevel_thunk at /cache/build/builder-amdci4-1/julialang/julia-master/src/interpreter.c:884
│  ijl_eval_thunk at /cache/build/builder-amdci4-1/julialang/julia-master/src/toplevel.c:766
│  jl_toplevel_eval_flex at /cache/build/builder-amdci4-1/julialang/julia-master/src/toplevel.c:712
│  jl_eval_toplevel_stmts at /cache/build/builder-amdci4-1/julialang/julia-master/src/toplevel.c:602
│  jl_toplevel_eval_flex at /cache/build/builder-amdci4-1/julialang/julia-master/src/toplevel.c:684
│  ijl_toplevel_eval at /cache/build/builder-amdci4-1/julialang/julia-master/src/toplevel.c:780
│  ijl_toplevel_eval_in at /cache/build/builder-amdci4-1/julialang/julia-master/src/toplevel.c:825
│  eval at ./boot.jl:517
│  include_string at ./loading.jl:3130
│  include_string at ./loading.jl:3140 [inlined]
│  exec_options at ./client.jl:342
│  _start at ./client.jl:585
│  jfptr__start_0.1 at /root/.julia/juliaup/julia-nightly/lib/julia/sys.so (unknown line)
│  jl_apply at /cache/build/builder-amdci4-1/julialang/julia-master/src/julia.h:2295 [inlined]
│  true_main at /cache/build/builder-amdci4-1/julialang/julia-master/src/jlapi.c:971
│  jl_repl_entrypoint at /cache/build/builder-amdci4-1/julialang/julia-master/src/jlapi.c:1138
│  main at /cache/build/builder-amdci4-1/julialang/julia-master/cli/loader_exe.c:58
│  unknown function (ip: 0x74f03007e249) at /lib/x86_64-linux-gnu/libc.so.6
│  __libc_start_main at /lib/x86_64-linux-gnu/libc.so.6 (unknown line)
│  unknown function (ip: 0x4010b8) at /workspace/srcdir/glibc-2.17/csu/../sysdeps/x86_64/start.S
│  Allocations: 1582198 (Pool: 1582178; Big: 20); GC: 2
└  
┌ RecursiveArrayTools → RecursiveArrayToolsFastBroadcastExt
│  ERROR: LoadError: Precompiled image Base.PkgId(Base.UUID("731186ca-8d62-57ce-b412-fbd966d074cd"), "RecursiveArrayTools") not available with flags CacheFlags(; use_pkgimages=true, debug_level=1, check_bounds=0, inline=true, opt_level=2)
│  Stacktrace:
│    [1] error(s::String)
│      @ Base ./error.jl:56
│    [2] __require_prelocked(pkg::Base.PkgId, env::String)
│      @ Base ./loading.jl:2840
│    [3] _require_prelocked(uuidkey::Base.PkgId, env::String)
│      @ Base ./loading.jl:2694
│    [4] macro expansion
│      @ ./loading.jl:2621 [inlined]
│    [5] macro expansion
│      @ ./lock.jl:376 [inlined]
│    [6] __require(into::Module, mod::Symbol)
│      @ Base ./loading.jl:2585
│    [7] require
│      @ ./loading.jl:2561 [inlined]
│    [8] eval_import_path
│      @ ./module.jl:36 [inlined]
│    [9] eval_import_path_all(at::Module, path::Expr, keyword::String)
│      @ Base ./module.jl:60
│   [10] _eval_using
│      @ ./module.jl:137 [inlined]
│   [11] _eval_using(to::Module, path::Expr)
│      @ Base ./module.jl:137
│   [12] top-level scope
│      @ /workdir/depot/packages/RecursiveArrayTools/AvG3i/ext/RecursiveArrayToolsFastBroadcastExt.jl:3
│   [13] include(mod::Module, _path::String)
│      @ Base ./Base.jl:323
│   [14] include_package_for_output(pkg::Base.PkgId, input::String, syntax_version::VersionNumber, depot_path::Vector{String}, dl_load_path::Vector{String}, load_path::Vector{String}, concrete_deps::Vector{Pair{Base.PkgId, UInt128}}, source::Nothing)
│      @ Base ./loading.jl:3288
│   [15] top-level scope
│      @ stdin:5
│   [16] eval(m::Module, e::Any)
│      @ Core ./boot.jl:517
│   [17] include_string(mapexpr::typeof(identity), mod::Module, code::String, filename::String)
│      @ Base ./loading.jl:3130
│   [18] include_string
│      @ ./loading.jl:3140 [inlined]
│   [19] exec_options(opts::Base.JLOptions)
│      @ Base ./client.jl:342
│   [20] _start()
│      @ Base ./client.jl:585
│  in expression starting at /workdir/depot/packages/RecursiveArrayTools/AvG3i/ext/RecursiveArrayToolsFastBroadcastExt.jl:1
│  in expression starting at stdin:5
└  
┌ DiffEqBase
│  ERROR: LoadError: Precompiled image Base.PkgId(Base.UUID("731186ca-8d62-57ce-b412-fbd966d074cd"), "RecursiveArrayTools") not available with flags CacheFlags(; use_pkgimages=true, debug_level=1, check_bounds=0, inline=true, opt_level=2)
│  Stacktrace:
│    [1] error(s::String)
│      @ Base ./error.jl:56
│    [2] __require_prelocked(pkg::Base.PkgId, env::String)
│      @ Base ./loading.jl:2840
│    [3] _require_prelocked(uuidkey::Base.PkgId, env::String)
│      @ Base ./loading.jl:2694
│    [4] macro expansion
│      @ ./loading.jl:2621 [inlined]
│    [5] macro expansion
│      @ ./lock.jl:376 [inlined]
│    [6] __require(into::Module, mod::Symbol)
│      @ Base ./loading.jl:2585
│    [7] require
│      @ ./loading.jl:2561 [inlined]
│    [8] eval_import_path
│      @ ./module.jl:36 [inlined]
│    [9] _eval_import(imported::Bool, to::Module, from::Nothing, paths::Expr)
│      @ Base ./module.jl:111
│   [10] top-level scope
│      @ /workdir/depot/packages/DiffEqBase/4RFWW/src/DiffEqBase.jl:29
│   [11] include(mod::Module, _path::String)
│      @ Base ./Base.jl:323
│   [12] include_package_for_output(pkg::Base.PkgId, input::String, syntax_version::VersionNumber, depot_path::Vector{String}, dl_load_path::Vector{String}, load_path::Vector{String}, concrete_deps::Vector{Pair{Base.PkgId, UInt128}}, source::Nothing)
│      @ Base ./loading.jl:3288
│   [13] top-level scope
│      @ stdin:5
│   [14] eval(m::Module, e::Any)
│      @ Core ./boot.jl:517
│   [15] include_string(mapexpr::typeof(identity), mod::Module, code::String, filename::String)
│      @ Base ./loading.jl:3130
│   [16] include_string
│      @ ./loading.jl:3140 [inlined]
│   [17] exec_options(opts::Base.JLOptions)
│      @ Base ./client.jl:342
│   [18] _start()
│      @ Base ./client.jl:585
│  in expression starting at /workdir/depot/packages/DiffEqBase/4RFWW/src/DiffEqBase.jl:1
│  in expression starting at stdin:5
└  
┌ NonlinearSolveBase → NonlinearSolveBaseSparseMatrixColoringsExt
│  ERROR: LoadError: Precompiled image Base.PkgId(Base.UUID("0bca4576-84f4-4d90-8ffe-ffa030f20462"), "SciMLBase") not available with flags CacheFlags(; use_pkgimages=true, debug_level=1, check_bounds=0, inline=true, opt_level=2)
│  Stacktrace:
│    [1] error(s::String)
│      @ Base ./error.jl:56
│    [2] __require_prelocked(pkg::Base.PkgId, env::String)
│      @ Base ./loading.jl:2840
│    [3] _require_prelocked(uuidkey::Base.PkgId, env::String)
│      @ Base ./loading.jl:2694
│    [4] macro expansion
│      @ ./loading.jl:2621 [inlined]
│    [5] macro expansion
│      @ ./lock.jl:376 [inlined]
│    [6] __require(into::Module, mod::Symbol)
│      @ Base ./loading.jl:2585
│    [7] require
│      @ ./loading.jl:2561 [inlined]
│    [8] eval_import_path
│      @ ./module.jl:36 [inlined]
│    [9] eval_import_path_all(at::Module, path::Expr, keyword::String)
│      @ Base ./module.jl:60
│   [10] _eval_import(::Bool, ::Module, ::Expr, ::Expr, ::Vararg{Expr})
│      @ Base ./module.jl:101
│   [11] top-level scope
│      @ /workdir/depot/packages/NonlinearSolveBase/Rw8Vf/ext/NonlinearSolveBaseSparseMatrixColoringsExt.jl:4
│   [12] include(mod::Module, _path::String)
│      @ Base ./Base.jl:323
│   [13] include_package_for_output(pkg::Base.PkgId, input::String, syntax_version::VersionNumber, depot_path::Vector{String}, dl_load_path::Vector{String}, load_path::Vector{String}, concrete_deps::Vector{Pair{Base.PkgId, UInt128}}, source::Nothing)
│      @ Base ./loading.jl:3288
│   [14] top-level scope
│      @ stdin:5
│   [15] eval(m::Module, e::Any)
│      @ Core ./boot.jl:517
│   [16] include_string(mapexpr::typeof(identity), mod::Module, code::String, filename::String)
│      @ Base ./loading.jl:3130
│   [17] include_string
│      @ ./loading.jl:3140 [inlined]
│   [18] exec_options(opts::Base.JLOptions)
│      @ Base ./client.jl:342
│   [19] _start()
│      @ Base ./client.jl:585
│  in expression starting at /workdir/depot/packages/NonlinearSolveBase/Rw8Vf/ext/NonlinearSolveBaseSparseMatrixColoringsExt.jl:1
│  in expression starting at stdin:5
└  
┌ OrdinaryDiffEq
│  [Output was shown above]
└  
┌ RecursiveArrayTools → RecursiveArrayToolsForwardDiffExt
│  ERROR: LoadError: Precompiled image Base.PkgId(Base.UUID("731186ca-8d62-57ce-b412-fbd966d074cd"), "RecursiveArrayTools") not available with flags CacheFlags(; use_pkgimages=true, debug_level=1, check_bounds=0, inline=true, opt_level=2)
│  Stacktrace:
│    [1] error(s::String)
│      @ Base ./error.jl:56
│    [2] __require_prelocked(pkg::Base.PkgId, env::String)
│      @ Base ./loading.jl:2840
│    [3] _require_prelocked(uuidkey::Base.PkgId, env::String)
│      @ Base ./loading.jl:2694
│    [4] macro expansion
│      @ ./loading.jl:2621 [inlined]
│    [5] macro expansion
│      @ ./lock.jl:376 [inlined]
│    [6] __require(into::Module, mod::Symbol)
│      @ Base ./loading.jl:2585
│    [7] require
│      @ ./loading.jl:2561 [inlined]
│    [8] eval_import_path
│      @ ./module.jl:36 [inlined]
│    [9] eval_import_path_all(at::Module, path::Expr, keyword::String)
│      @ Base ./module.jl:60
│   [10] _eval_using
│      @ ./module.jl:137 [inlined]
│   [11] _eval_using(to::Module, path::Expr)
│      @ Base ./module.jl:137
│   [12] top-level scope
│      @ /workdir/depot/packages/RecursiveArrayTools/AvG3i/ext/RecursiveArrayToolsForwardDiffExt.jl:3
│   [13] include(mod::Module, _path::String)
│      @ Base ./Base.jl:323
│   [14] include_package_for_output(pkg::Base.PkgId, input::String, syntax_version::VersionNumber, depot_path::Vector{String}, dl_load_path::Vector{String}, load_path::Vector{String}, concrete_deps::Vector{Pair{Base.PkgId, UInt128}}, source::Nothing)
│      @ Base ./loading.jl:3288
│   [15] top-level scope
│      @ stdin:5
│   [16] eval(m::Module, e::Any)
│      @ Core ./boot.jl:517
│   [17] include_string(mapexpr::typeof(identity), mod::Module, code::String, filename::String)
│      @ Base ./loading.jl:3130
│   [18] include_string
│      @ ./loading.jl:3140 [inlined]
│   [19] exec_options(opts::Base.JLOptions)
│      @ Base ./client.jl:342
│   [20] _start()
│      @ Base ./client.jl:585
│  in expression starting at /workdir/depot/packages/RecursiveArrayTools/AvG3i/ext/RecursiveArrayToolsForwardDiffExt.jl:1
│  in expression starting at stdin:5
└  
┌ SymbolicIndexingInterface
│  ERROR: LoadError: Precompiled image Base.PkgId(Base.UUID("7d9f7c33-5ae7-4f3b-8dc6-eff91059b697"), "Accessors") not available with flags CacheFlags(; use_pkgimages=true, debug_level=1, check_bounds=0, inline=true, opt_level=2)
│  Stacktrace:
│    [1] error(s::String)
│      @ Base ./error.jl:56
│    [2] __require_prelocked(pkg::Base.PkgId, env::String)
│      @ Base ./loading.jl:2840
│    [3] _require_prelocked(uuidkey::Base.PkgId, env::String)
│      @ Base ./loading.jl:2694
│    [4] macro expansion
│      @ ./loading.jl:2621 [inlined]
│    [5] macro expansion
│      @ ./lock.jl:376 [inlined]
│    [6] __require(into::Module, mod::Symbol)
│      @ Base ./loading.jl:2585
│    [7] require
│      @ ./loading.jl:2561 [inlined]
│    [8] eval_import_path
│      @ ./module.jl:36 [inlined]
│    [9] eval_import_path_all(at::Module, path::Expr, keyword::String)
│      @ Base ./module.jl:60
│   [10] _eval_import(::Bool, ::Module, ::Expr, ::Expr, ::Vararg{Expr})
│      @ Base ./module.jl:101
│   [11] top-level scope
│      @ /workdir/depot/packages/SymbolicIndexingInterface/D9aQf/src/SymbolicIndexingInterface.jl:6
│   [12] include(mod::Module, _path::String)
│      @ Base ./Base.jl:323
│   [13] include_package_for_output(pkg::Base.PkgId, input::String, syntax_version::VersionNumber, depot_path::Vector{String}, dl_load_path::Vector{String}, load_path::Vector{String}, concrete_deps::Vector{Pair{Base.PkgId, UInt128}}, source::Nothing)
│      @ Base ./loading.jl:3288
│   [14] top-level scope
│      @ stdin:5
│   [15] eval(m::Module, e::Any)
│      @ Core ./boot.jl:517
│   [16] include_string(mapexpr::typeof(identity), mod::Module, code::String, filename::String)
│      @ Base ./loading.jl:3130
│   [17] include_string
│      @ ./loading.jl:3140 [inlined]
│   [18] exec_options(opts::Base.JLOptions)
│      @ Base ./client.jl:342
│   [19] _start()
│      @ Base ./client.jl:585
│  in expression starting at /workdir/depot/packages/SymbolicIndexingInterface/D9aQf/src/SymbolicIndexingInterface.jl:1
│  in expression starting at stdin:5
└  
┌ OrdinaryDiffEqExplicitRK
│  ERROR: LoadError: Precompiled image Base.PkgId(Base.UUID("bbf590c4-e513-4bbe-9b18-05decba2e5d8"), "OrdinaryDiffEqCore") not available with flags CacheFlags(; use_pkgimages=true, debug_level=1, check_bounds=0, inline=true, opt_level=2)
│  Stacktrace:
│    [1] error(s::String)
│      @ Base ./error.jl:56
│    [2] __require_prelocked(pkg::Base.PkgId, env::String)
│      @ Base ./loading.jl:2840
│    [3] _require_prelocked(uuidkey::Base.PkgId, env::String)
│      @ Base ./loading.jl:2694
│    [4] macro expansion
│      @ ./loading.jl:2621 [inlined]
│    [5] macro expansion
│      @ ./lock.jl:376 [inlined]
│    [6] __require(into::Module, mod::Symbol)
│      @ Base ./loading.jl:2585
│    [7] require
│      @ ./loading.jl:2561 [inlined]
│    [8] eval_import_path
│      @ ./module.jl:36 [inlined]
│    [9] eval_import_path_all(at::Module, path::Expr, keyword::String)
│      @ Base ./module.jl:60
│   [10] _eval_import(::Bool, ::Module, ::Expr, ::Expr, ::Vararg{Expr})
│      @ Base ./module.jl:101
│   [11] top-level scope
│      @ /workdir/depot/packages/OrdinaryDiffEqExplicitRK/iPnx4/src/OrdinaryDiffEqExplicitRK.jl:3
│   [12] include(mod::Module, _path::String)
│      @ Base ./Base.jl:323
│   [13] include_package_for_output(pkg::Base.PkgId, input::String, syntax_version::VersionNumber, depot_path::Vector{String}, dl_load_path::Vector{String}, load_path::Vector{String}, concrete_deps::Vector{Pair{Base.PkgId, UInt128}}, source::Nothing)
│      @ Base ./loading.jl:3288
│   [14] top-level scope
│      @ stdin:5
│   [15] eval(m::Module, e::Any)
│      @ Core ./boot.jl:517
│   [16] include_string(mapexpr::typeof(identity), mod::Module, code::String, filename::String)
│      @ Base ./loading.jl:3130
│   [17] include_string
│      @ ./loading.jl:3140 [inlined]
│   [18] exec_options(opts::Base.JLOptions)
│      @ Base ./client.jl:342
│   [19] _start()
│      @ Base ./client.jl:585
│  in expression starting at /workdir/depot/packages/OrdinaryDiffEqExplicitRK/iPnx4/src/OrdinaryDiffEqExplicitRK.jl:1
│  in expression starting at stdin:5
└  
┌ OrdinaryDiffEqIMEXMultistep
│  ERROR: LoadError: Precompiled image Base.PkgId(Base.UUID("bbf590c4-e513-4bbe-9b18-05decba2e5d8"), "OrdinaryDiffEqCore") not available with flags CacheFlags(; use_pkgimages=true, debug_level=1, check_bounds=0, inline=true, opt_level=2)
│  Stacktrace:
│    [1] error(s::String)
│      @ Base ./error.jl:56
│    [2] __require_prelocked(pkg::Base.PkgId, env::String)
│      @ Base ./loading.jl:2840
│    [3] _require_prelocked(uuidkey::Base.PkgId, env::String)
│      @ Base ./loading.jl:2694
│    [4] macro expansion
│      @ ./loading.jl:2621 [inlined]
│    [5] macro expansion
│      @ ./lock.jl:376 [inlined]
│    [6] __require(into::Module, mod::Symbol)
│      @ Base ./loading.jl:2585
│    [7] require
│      @ ./loading.jl:2561 [inlined]
│    [8] eval_import_path
│      @ ./module.jl:36 [inlined]
│    [9] eval_import_path_all(at::Module, path::Expr, keyword::String)
│      @ Base ./module.jl:60
│   [10] _eval_import(::Bool, ::Module, ::Expr, ::Expr, ::Vararg{Expr})
│      @ Base ./module.jl:101
│   [11] top-level scope
│      @ /workdir/depot/packages/OrdinaryDiffEqIMEXMultistep/4kNGT/src/OrdinaryDiffEqIMEXMultistep.jl:3
│   [12] include(mod::Module, _path::String)
│      @ Base ./Base.jl:323
│   [13] include_package_for_output(pkg::Base.PkgId, input::String, syntax_version::VersionNumber, depot_path::Vector{String}, dl_load_path::Vector{String}, load_path::Vector{String}, concrete_deps::Vector{Pair{Base.PkgId, UInt128}}, source::Nothing)
│      @ Base ./loading.jl:3288
│   [14] top-level scope
│      @ stdin:5
│   [15] eval(m::Module, e::Any)
│      @ Core ./boot.jl:517
│   [16] include_string(mapexpr::typeof(identity), mod::Module, code::String, filename::String)
│      @ Base ./loading.jl:3130
│   [17] include_string
│      @ ./loading.jl:3140 [inlined]
│   [18] exec_options(opts::Base.JLOptions)
│      @ Base ./client.jl:342
│   [19] _start()
│      @ Base ./client.jl:585
│  in expression starting at /workdir/depot/packages/OrdinaryDiffEqIMEXMultistep/4kNGT/src/OrdinaryDiffEqIMEXMultistep.jl:1
│  in expression starting at stdin:5
└  
┌ LineSearch
│  ERROR: LoadError: Precompiled image Base.PkgId(Base.UUID("0bca4576-84f4-4d90-8ffe-ffa030f20462"), "SciMLBase") not available with flags CacheFlags(; use_pkgimages=true, debug_level=1, check_bounds=0, inline=true, opt_level=2)
│  Stacktrace:
│    [1] error(s::String)
│      @ Base ./error.jl:56
│    [2] __require_prelocked(pkg::Base.PkgId, env::String)
│      @ Base ./loading.jl:2840
│    [3] _require_prelocked(uuidkey::Base.PkgId, env::String)
│      @ Base ./loading.jl:2694
│    [4] macro expansion
│      @ ./loading.jl:2621 [inlined]
│    [5] macro expansion
│      @ ./lock.jl:376 [inlined]
│    [6] __require(into::Module, mod::Symbol)
│      @ Base ./loading.jl:2585
│    [7] require
│      @ ./loading.jl:2561 [inlined]
│    [8] eval_import_path
│      @ ./module.jl:36 [inlined]
│    [9] eval_import_path_all(at::Module, path::Expr, keyword::String)
│      @ Base ./module.jl:60
│   [10] _eval_import(::Bool, ::Module, ::Expr, ::Expr, ::Vararg{Expr})
│      @ Base ./module.jl:101
│   [11] top-level scope
│      @ /workdir/depot/packages/LineSearch/ZrjLJ/src/LineSearch.jl:9
│   [12] include(mod::Module, _path::String)
│      @ Base ./Base.jl:323
│   [13] include_package_for_output(pkg::Base.PkgId, input::String, syntax_version::VersionNumber, depot_path::Vector{String}, dl_load_path::Vector{String}, load_path::Vector{String}, concrete_deps::Vector{Pair{Base.PkgId, UInt128}}, source::Nothing)
│      @ Base ./loading.jl:3288
│   [14] top-level scope
│      @ stdin:5
│   [15] eval(m::Module, e::Any)
│      @ Core ./boot.jl:517
│   [16] include_string(mapexpr::typeof(identity), mod::Module, code::String, filename::String)
│      @ Base ./loading.jl:3130
│   [17] include_string
│      @ ./loading.jl:3140 [inlined]
│   [18] exec_options(opts::Base.JLOptions)
│      @ Base ./client.jl:342
│   [19] _start()
│      @ Base ./client.jl:585
│  in expression starting at /workdir/depot/packages/LineSearch/ZrjLJ/src/LineSearch.jl:1
│  in expression starting at stdin:5
└  
┌ OrdinaryDiffEqStabilizedRK
│  ERROR: LoadError: Precompiled image Base.PkgId(Base.UUID("bbf590c4-e513-4bbe-9b18-05decba2e5d8"), "OrdinaryDiffEqCore") not available with flags CacheFlags(; use_pkgimages=true, debug_level=1, check_bounds=0, inline=true, opt_level=2)
│  Stacktrace:
│    [1] error(s::String)
│      @ Base ./error.jl:56
│    [2] __require_prelocked(pkg::Base.PkgId, env::String)
│      @ Base ./loading.jl:2840
│    [3] _require_prelocked(uuidkey::Base.PkgId, env::String)
│      @ Base ./loading.jl:2694
│    [4] macro expansion
│      @ ./loading.jl:2621 [inlined]
│    [5] macro expansion
│      @ ./lock.jl:376 [inlined]
│    [6] __require(into::Module, mod::Symbol)
│      @ Base ./loading.jl:2585
│    [7] require
│      @ ./loading.jl:2561 [inlined]
│    [8] eval_import_path
│      @ ./module.jl:36 [inlined]
│    [9] eval_import_path_all(at::Module, path::Expr, keyword::String)
│      @ Base ./module.jl:60
│   [10] _eval_import(::Bool, ::Module, ::Expr, ::Expr, ::Vararg{Expr})
│      @ Base ./module.jl:101
│   [11] top-level scope
│      @ /workdir/depot/packages/OrdinaryDiffEqStabilizedRK/pJRa0/src/OrdinaryDiffEqStabilizedRK.jl:3
│   [12] include(mod::Module, _path::String)
│      @ Base ./Base.jl:323
│   [13] include_package_for_output(pkg::Base.PkgId, input::String, syntax_version::VersionNumber, depot_path::Vector{String}, dl_load_path::Vector{String}, load_path::Vector{String}, concrete_deps::Vector{Pair{Base.PkgId, UInt128}}, source::Nothing)
│      @ Base ./loading.jl:3288
│   [14] top-level scope
│      @ stdin:5
│   [15] eval(m::Module, e::Any)
│      @ Core ./boot.jl:517
│   [16] include_string(mapexpr::typeof(identity), mod::Module, code::String, filename::String)
│      @ Base ./loading.jl:3130
│   [17] include_string
│      @ ./loading.jl:3140 [inlined]
│   [18] exec_options(opts::Base.JLOptions)
│      @ Base ./client.jl:342
│   [19] _start()
│      @ Base ./client.jl:585
│  in expression starting at /workdir/depot/packages/OrdinaryDiffEqStabilizedRK/pJRa0/src/OrdinaryDiffEqStabilizedRK.jl:1
│  in expression starting at stdin:5
└  
┌ OrdinaryDiffEqFeagin
│  ERROR: LoadError: Precompiled image Base.PkgId(Base.UUID("bbf590c4-e513-4bbe-9b18-05decba2e5d8"), "OrdinaryDiffEqCore") not available with flags CacheFlags(; use_pkgimages=true, debug_level=1, check_bounds=0, inline=true, opt_level=2)
│  Stacktrace:
│    [1] error(s::String)
│      @ Base ./error.jl:56
│    [2] __require_prelocked(pkg::Base.PkgId, env::String)
│      @ Base ./loading.jl:2840
│    [3] _require_prelocked(uuidkey::Base.PkgId, env::String)
│      @ Base ./loading.jl:2694
│    [4] macro expansion
│      @ ./loading.jl:2621 [inlined]
│    [5] macro expansion
│      @ ./lock.jl:376 [inlined]
│    [6] __require(into::Module, mod::Symbol)
│      @ Base ./loading.jl:2585
│    [7] require
│      @ ./loading.jl:2561 [inlined]
│    [8] eval_import_path
│      @ ./module.jl:36 [inlined]
│    [9] eval_import_path_all(at::Module, path::Expr, keyword::String)
│      @ Base ./module.jl:60
│   [10] _eval_import(::Bool, ::Module, ::Expr, ::Expr, ::Vararg{Expr})
│      @ Base ./module.jl:101
│   [11] top-level scope
│      @ /workdir/depot/packages/OrdinaryDiffEqFeagin/Rg6kp/src/OrdinaryDiffEqFeagin.jl:3
│   [12] include(mod::Module, _path::String)
│      @ Base ./Base.jl:323
│   [13] include_package_for_output(pkg::Base.PkgId, input::String, syntax_version::VersionNumber, depot_path::Vector{String}, dl_load_path::Vector{String}, load_path::Vector{String}, concrete_deps::Vector{Pair{Base.PkgId, UInt128}}, source::Nothing)
│      @ Base ./loading.jl:3288
│   [14] top-level scope
│      @ stdin:5
│   [15] eval(m::Module, e::Any)
│      @ Core ./boot.jl:517
│   [16] include_string(mapexpr::typeof(identity), mod::Module, code::String, filename::String)
│      @ Base ./loading.jl:3130
│   [17] include_string
│      @ ./loading.jl:3140 [inlined]
│   [18] exec_options(opts::Base.JLOptions)
│      @ Base ./client.jl:342
│   [19] _start()
│      @ Base ./client.jl:585
│  in expression starting at /workdir/depot/packages/OrdinaryDiffEqFeagin/Rg6kp/src/OrdinaryDiffEqFeagin.jl:1
│  in expression starting at stdin:5
└  
┌ SciMLJacobianOperators
│  ERROR: LoadError: Precompiled image Base.PkgId(Base.UUID("0bca4576-84f4-4d90-8ffe-ffa030f20462"), "SciMLBase") not available with flags CacheFlags(; use_pkgimages=true, debug_level=1, check_bounds=0, inline=true, opt_level=2)
│  Stacktrace:
│    [1] error(s::String)
│      @ Base ./error.jl:56
│    [2] __require_prelocked(pkg::Base.PkgId, env::String)
│      @ Base ./loading.jl:2840
│    [3] _require_prelocked(uuidkey::Base.PkgId, env::String)
│      @ Base ./loading.jl:2694
│    [4] macro expansion
│      @ ./loading.jl:2621 [inlined]
│    [5] macro expansion
│      @ ./lock.jl:376 [inlined]
│    [6] __require(into::Module, mod::Symbol)
│      @ Base ./loading.jl:2585
│    [7] require
│      @ ./loading.jl:2561 [inlined]
│    [8] eval_import_path
│      @ ./module.jl:36 [inlined]
│    [9] eval_import_path_all(at::Module, path::Expr, keyword::String)
│      @ Base ./module.jl:60
│   [10] _eval_import(::Bool, ::Module, ::Expr, ::Expr, ::Vararg{Expr})
│      @ Base ./module.jl:101
│   [11] top-level scope
│      @ /workdir/depot/packages/SciMLJacobianOperators/k05eI/src/SciMLJacobianOperators.jl:10
│   [12] include(mod::Module, _path::String)
│      @ Base ./Base.jl:323
│   [13] include_package_for_output(pkg::Base.PkgId, input::String, syntax_version::VersionNumber, depot_path::Vector{String}, dl_load_path::Vector{String}, load_path::Vector{String}, concrete_deps::Vector{Pair{Base.PkgId, UInt128}}, source::Nothing)
│      @ Base ./loading.jl:3288
│   [14] top-level scope
│      @ stdin:5
│   [15] eval(m::Module, e::Any)
│      @ Core ./boot.jl:517
│   [16] include_string(mapexpr::typeof(identity), mod::Module, code::String, filename::String)
│      @ Base ./loading.jl:3130
│   [17] include_string
│      @ ./loading.jl:3140 [inlined]
│   [18] exec_options(opts::Base.JLOptions)
│      @ Base ./client.jl:342
│   [19] _start()
│      @ Base ./client.jl:585
│  in expression starting at /workdir/depot/packages/SciMLJacobianOperators/k05eI/src/SciMLJacobianOperators.jl:1
│  in expression starting at stdin:5
└  
┌ OrdinaryDiffEqLowOrderRK
│  ERROR: LoadError: Precompiled image Base.PkgId(Base.UUID("bbf590c4-e513-4bbe-9b18-05decba2e5d8"), "OrdinaryDiffEqCore") not available with flags CacheFlags(; use_pkgimages=true, debug_level=1, check_bounds=0, inline=true, opt_level=2)
│  Stacktrace:
│    [1] error(s::String)
│      @ Base ./error.jl:56
│    [2] __require_prelocked(pkg::Base.PkgId, env::String)
│      @ Base ./loading.jl:2840
│    [3] _require_prelocked(uuidkey::Base.PkgId, env::String)
│      @ Base ./loading.jl:2694
│    [4] macro expansion
│      @ ./loading.jl:2621 [inlined]
│    [5] macro expansion
│      @ ./lock.jl:376 [inlined]
│    [6] __require(into::Module, mod::Symbol)
│      @ Base ./loading.jl:2585
│    [7] require
│      @ ./loading.jl:2561 [inlined]
│    [8] eval_import_path
│      @ ./module.jl:36 [inlined]
│    [9] eval_import_path_all(at::Module, path::Expr, keyword::String)
│      @ Base ./module.jl:60
│   [10] _eval_import(::Bool, ::Module, ::Expr, ::Expr, ::Vararg{Expr})
│      @ Base ./module.jl:101
│   [11] top-level scope
│      @ /workdir/depot/packages/OrdinaryDiffEqLowOrderRK/t2Tup/src/OrdinaryDiffEqLowOrderRK.jl:3
│   [12] include(mod::Module, _path::String)
│      @ Base ./Base.jl:323
│   [13] include_package_for_output(pkg::Base.PkgId, input::String, syntax_version::VersionNumber, depot_path::Vector{String}, dl_load_path::Vector{String}, load_path::Vector{String}, concrete_deps::Vector{Pair{Base.PkgId, UInt128}}, source::Nothing)
│      @ Base ./loading.jl:3288
│   [14] top-level scope
│      @ stdin:5
│   [15] eval(m::Module, e::Any)
│      @ Core ./boot.jl:517
│   [16] include_string(mapexpr::typeof(identity), mod::Module, code::String, filename::String)
│      @ Base ./loading.jl:3130
│   [17] include_string
│      @ ./loading.jl:3140 [inlined]
│   [18] exec_options(opts::Base.JLOptions)
│      @ Base ./client.jl:342
│   [19] _start()
│      @ Base ./client.jl:585
│  in expression starting at /workdir/depot/packages/OrdinaryDiffEqLowOrderRK/t2Tup/src/OrdinaryDiffEqLowOrderRK.jl:1
│  in expression starting at stdin:5
└  
┌ OrdinaryDiffEqHighOrderRK
│  ERROR: LoadError: Precompiled image Base.PkgId(Base.UUID("bbf590c4-e513-4bbe-9b18-05decba2e5d8"), "OrdinaryDiffEqCore") not available with flags CacheFlags(; use_pkgimages=true, debug_level=1, check_bounds=0, inline=true, opt_level=2)
│  Stacktrace:
│    [1] error(s::String)
│      @ Base ./error.jl:56
│    [2] __require_prelocked(pkg::Base.PkgId, env::String)
│      @ Base ./loading.jl:2840
│    [3] _require_prelocked(uuidkey::Base.PkgId, env::String)
│      @ Base ./loading.jl:2694
│    [4] macro expansion
│      @ ./loading.jl:2621 [inlined]
│    [5] macro expansion
│      @ ./lock.jl:376 [inlined]
│    [6] __require(into::Module, mod::Symbol)
│      @ Base ./loading.jl:2585
│    [7] require
│      @ ./loading.jl:2561 [inlined]
│    [8] eval_import_path
│      @ ./module.jl:36 [inlined]
│    [9] eval_import_path_all(at::Module, path::Expr, keyword::String)
│      @ Base ./module.jl:60
│   [10] _eval_import(::Bool, ::Module, ::Expr, ::Expr, ::Vararg{Expr})
│      @ Base ./module.jl:101
│   [11] top-level scope
│      @ /workdir/depot/packages/OrdinaryDiffEqHighOrderRK/DbRNi/src/OrdinaryDiffEqHighOrderRK.jl:3
│   [12] include(mod::Module, _path::String)
│      @ Base ./Base.jl:323
│   [13] include_package_for_output(pkg::Base.PkgId, input::String, syntax_version::VersionNumber, depot_path::Vector{String}, dl_load_path::Vector{String}, load_path::Vector{String}, concrete_deps::Vector{Pair{Base.PkgId, UInt128}}, source::Nothing)
│      @ Base ./loading.jl:3288
│   [14] top-level scope
│      @ stdin:5
│   [15] eval(m::Module, e::Any)
│      @ Core ./boot.jl:517
│   [16] include_string(mapexpr::typeof(identity), mod::Module, code::String, filename::String)
│      @ Base ./loading.jl:3130
│   [17] include_string
│      @ ./loading.jl:3140 [inlined]
│   [18] exec_options(opts::Base.JLOptions)
│      @ Base ./client.jl:342
│   [19] _start()
│      @ Base ./client.jl:585
│  in expression starting at /workdir/depot/packages/OrdinaryDiffEqHighOrderRK/DbRNi/src/OrdinaryDiffEqHighOrderRK.jl:1
│  in expression starting at stdin:5
└  
┌ OrdinaryDiffEqDifferentiation
│  ERROR: LoadError: Precompiled image Base.PkgId(Base.UUID("7ed4a6bd-45f5-4d41-b270-4a48e9bafcae"), "LinearSolve") not available with flags CacheFlags(; use_pkgimages=true, debug_level=1, check_bounds=0, inline=true, opt_level=2)
│  Stacktrace:
│    [1] error(s::String)
│      @ Base ./error.jl:56
│    [2] __require_prelocked(pkg::Base.PkgId, env::String)
│      @ Base ./loading.jl:2840
│    [3] _require_prelocked(uuidkey::Base.PkgId, env::String)
│      @ Base ./loading.jl:2694
│    [4] macro expansion
│      @ ./loading.jl:2621 [inlined]
│    [5] macro expansion
│      @ ./lock.jl:376 [inlined]
│    [6] __require(into::Module, mod::Symbol)
│      @ Base ./loading.jl:2585
│    [7] require
│      @ ./loading.jl:2561 [inlined]
│    [8] eval_import_path
│      @ ./module.jl:36 [inlined]
│    [9] _eval_import(imported::Bool, to::Module, from::Nothing, paths::Expr)
│      @ Base ./module.jl:111
│   [10] top-level scope
│      @ /workdir/depot/packages/OrdinaryDiffEqDifferentiation/qvYUh/src/OrdinaryDiffEqDifferentiation.jl:8
│   [11] include(mod::Module, _path::String)
│      @ Base ./Base.jl:323
│   [12] include_package_for_output(pkg::Base.PkgId, input::String, syntax_version::VersionNumber, depot_path::Vector{String}, dl_load_path::Vector{String}, load_path::Vector{String}, concrete_deps::Vector{Pair{Base.PkgId, UInt128}}, source::Nothing)
│      @ Base ./loading.jl:3288
│   [13] top-level scope
│      @ stdin:5
│   [14] eval(m::Module, e::Any)
│      @ Core ./boot.jl:517
│   [15] include_string(mapexpr::typeof(identity), mod::Module, code::String, filename::String)
│      @ Base ./loading.jl:3130
│   [16] include_string
│      @ ./loading.jl:3140 [inlined]
│   [17] exec_options(opts::Base.JLOptions)
│      @ Base ./client.jl:342
│   [18] _start()
│      @ Base ./client.jl:585
│  in expression starting at /workdir/depot/packages/OrdinaryDiffEqDifferentiation/qvYUh/src/OrdinaryDiffEqDifferentiation.jl:1
│  in expression starting at stdin:5
└  
┌ SciMLBase → SciMLBaseChainRulesCoreExt
│  ERROR: LoadError: Precompiled image Base.PkgId(Base.UUID("0bca4576-84f4-4d90-8ffe-ffa030f20462"), "SciMLBase") not available with flags CacheFlags(; use_pkgimages=true, debug_level=1, check_bounds=0, inline=true, opt_level=2)
│  Stacktrace:
│    [1] error(s::String)
│      @ Base ./error.jl:56
│    [2] __require_prelocked(pkg::Base.PkgId, env::String)
│      @ Base ./loading.jl:2840
│    [3] _require_prelocked(uuidkey::Base.PkgId, env::String)
│      @ Base ./loading.jl:2694
│    [4] macro expansion
│      @ ./loading.jl:2621 [inlined]
│    [5] macro expansion
│      @ ./lock.jl:376 [inlined]
│    [6] __require(into::Module, mod::Symbol)
│      @ Base ./loading.jl:2585
│    [7] require
│      @ ./loading.jl:2561 [inlined]
│    [8] eval_import_path
│      @ ./module.jl:36 [inlined]
│    [9] eval_import_path_all(at::Module, path::Expr, keyword::String)
│      @ Base ./module.jl:60
│   [10] _eval_using
│      @ ./module.jl:137 [inlined]
│   [11] _eval_using(to::Module, path::Expr)
│      @ Base ./module.jl:137
│   [12] top-level scope
│      @ /workdir/depot/packages/SciMLBase/eTBDr/ext/SciMLBaseChainRulesCoreExt.jl:3
│   [13] include(mod::Module, _path::String)
│      @ Base ./Base.jl:323
│   [14] include_package_for_output(pkg::Base.PkgId, input::String, syntax_version::VersionNumber, depot_path::Vector{String}, dl_load_path::Vector{String}, load_path::Vector{String}, concrete_deps::Vector{Pair{Base.PkgId, UInt128}}, source::Nothing)
│      @ Base ./loading.jl:3288
│   [15] top-level scope
│      @ stdin:5
│   [16] eval(m::Module, e::Any)
│      @ Core ./boot.jl:517
│   [17] include_string(mapexpr::typeof(identity), mod::Module, code::String, filename::String)
│      @ Base ./loading.jl:3130
│   [18] include_string
│      @ ./loading.jl:3140 [inlined]
│   [19] exec_options(opts::Base.JLOptions)
│      @ Base ./client.jl:342
│   [20] _start()
│      @ Base ./client.jl:585
│  in expression starting at /workdir/depot/packages/SciMLBase/eTBDr/ext/SciMLBaseChainRulesCoreExt.jl:1
│  in expression starting at stdin:5
└  
┌ OrdinaryDiffEqLinear
│  ERROR: LoadError: Precompiled image Base.PkgId(Base.UUID("bbf590c4-e513-4bbe-9b18-05decba2e5d8"), "OrdinaryDiffEqCore") not available with flags CacheFlags(; use_pkgimages=true, debug_level=1, check_bounds=0, inline=true, opt_level=2)
│  Stacktrace:
│    [1] error(s::String)
│      @ Base ./error.jl:56
│    [2] __require_prelocked(pkg::Base.PkgId, env::String)
│      @ Base ./loading.jl:2840
│    [3] _require_prelocked(uuidkey::Base.PkgId, env::String)
│      @ Base ./loading.jl:2694
│    [4] macro expansion
│      @ ./loading.jl:2621 [inlined]
│    [5] macro expansion
│      @ ./lock.jl:376 [inlined]
│    [6] __require(into::Module, mod::Symbol)
│      @ Base ./loading.jl:2585
│    [7] require
│      @ ./loading.jl:2561 [inlined]
│    [8] eval_import_path
│      @ ./module.jl:36 [inlined]
│    [9] eval_import_path_all(at::Module, path::Expr, keyword::String)
│      @ Base ./module.jl:60
│   [10] _eval_import(::Bool, ::Module, ::Expr, ::Expr, ::Vararg{Expr})
│      @ Base ./module.jl:101
│   [11] top-level scope
│      @ /workdir/depot/packages/OrdinaryDiffEqLinear/eKKw7/src/OrdinaryDiffEqLinear.jl:3
│   [12] include(mod::Module, _path::String)
│      @ Base ./Base.jl:323
│   [13] include_package_for_output(pkg::Base.PkgId, input::String, syntax_version::VersionNumber, depot_path::Vector{String}, dl_load_path::Vector{String}, load_path::Vector{String}, concrete_deps::Vector{Pair{Base.PkgId, UInt128}}, source::Nothing)
│      @ Base ./loading.jl:3288
│   [14] top-level scope
│      @ stdin:5
│   [15] eval(m::Module, e::Any)
│      @ Core ./boot.jl:517
│   [16] include_string(mapexpr::typeof(identity), mod::Module, code::String, filename::String)
│      @ Base ./loading.jl:3130
│   [17] include_string
│      @ ./loading.jl:3140 [inlined]
│   [18] exec_options(opts::Base.JLOptions)
│      @ Base ./client.jl:342
│   [19] _start()
│      @ Base ./client.jl:585
│  in expression starting at /workdir/depot/packages/OrdinaryDiffEqLinear/eKKw7/src/OrdinaryDiffEqLinear.jl:1
│  in expression starting at stdin:5
└  
┌ NonlinearSolveBase
│  ERROR: LoadError: Precompiled image Base.PkgId(Base.UUID("731186ca-8d62-57ce-b412-fbd966d074cd"), "RecursiveArrayTools") not available with flags CacheFlags(; use_pkgimages=true, debug_level=1, check_bounds=0, inline=true, opt_level=2)
│  Stacktrace:
│    [1] error(s::String)
│      @ Base ./error.jl:56
│    [2] __require_prelocked(pkg::Base.PkgId, env::String)
│      @ Base ./loading.jl:2840
│    [3] _require_prelocked(uuidkey::Base.PkgId, env::String)
│      @ Base ./loading.jl:2694
│    [4] macro expansion
│      @ ./loading.jl:2621 [inlined]
│    [5] macro expansion
│      @ ./lock.jl:376 [inlined]
│    [6] __require(into::Module, mod::Symbol)
│      @ Base ./loading.jl:2585
│    [7] require
│      @ ./loading.jl:2561 [inlined]
│    [8] eval_import_path
│      @ ./module.jl:36 [inlined]
│    [9] eval_import_path_all(at::Module, path::Expr, keyword::String)
│      @ Base ./module.jl:60
│   [10] _eval_import(::Bool, ::Module, ::Expr, ::Expr, ::Vararg{Expr})
│      @ Base ./module.jl:101
│   [11] top-level scope
│      @ /workdir/depot/packages/NonlinearSolveBase/Rw8Vf/src/NonlinearSolveBase.jl:18
│   [12] include(mod::Module, _path::String)
│      @ Base ./Base.jl:323
│   [13] include_package_for_output(pkg::Base.PkgId, input::String, syntax_version::VersionNumber, depot_path::Vector{String}, dl_load_path::Vector{String}, load_path::Vector{String}, concrete_deps::Vector{Pair{Base.PkgId, UInt128}}, source::Nothing)
│      @ Base ./loading.jl:3288
│   [14] top-level scope
│      @ stdin:5
│   [15] eval(m::Module, e::Any)
│      @ Core ./boot.jl:517
│   [16] include_string(mapexpr::typeof(identity), mod::Module, code::String, filename::String)
│      @ Base ./loading.jl:3130
│   [17] include_string
│      @ ./loading.jl:3140 [inlined]
│   [18] exec_options(opts::Base.JLOptions)
│      @ Base ./client.jl:342
│   [19] _start()
│      @ Base ./client.jl:585
│  in expression starting at /workdir/depot/packages/NonlinearSolveBase/Rw8Vf/src/NonlinearSolveBase.jl:1
│  in expression starting at stdin:5
└  
┌ LinearSolve → LinearSolveEnzymeExt
│  ERROR: LoadError: Precompiled image Base.PkgId(Base.UUID("7ed4a6bd-45f5-4d41-b270-4a48e9bafcae"), "LinearSolve") not available with flags CacheFlags(; use_pkgimages=true, debug_level=1, check_bounds=0, inline=true, opt_level=2)
│  Stacktrace:
│    [1] error(s::String)
│      @ Base ./error.jl:56
│    [2] __require_prelocked(pkg::Base.PkgId, env::String)
│      @ Base ./loading.jl:2840
│    [3] _require_prelocked(uuidkey::Base.PkgId, env::String)
│      @ Base ./loading.jl:2694
│    [4] macro expansion
│      @ ./loading.jl:2621 [inlined]
│    [5] macro expansion
│      @ ./lock.jl:376 [inlined]
│    [6] __require(into::Module, mod::Symbol)
│      @ Base ./loading.jl:2585
│    [7] require
│      @ ./loading.jl:2561 [inlined]
│    [8] eval_import_path
│      @ ./module.jl:36 [inlined]
│    [9] eval_import_path_all(at::Module, path::Expr, keyword::String)
│      @ Base ./module.jl:60
│   [10] _eval_import(::Bool, ::Module, ::Expr, ::Expr, ::Vararg{Expr})
│      @ Base ./module.jl:101
│   [11] top-level scope
│      @ /workdir/depot/packages/LinearSolve/NzF29/ext/LinearSolveEnzymeExt.jl:3
│   [12] include(mod::Module, _path::String)
│      @ Base ./Base.jl:323
│   [13] include_package_for_output(pkg::Base.PkgId, input::String, syntax_version::VersionNumber, depot_path::Vector{String}, dl_load_path::Vector{String}, load_path::Vector{String}, concrete_deps::Vector{Pair{Base.PkgId, UInt128}}, source::Nothing)
│      @ Base ./loading.jl:3288
│   [14] top-level scope
│      @ stdin:5
│   [15] eval(m::Module, e::Any)
│      @ Core ./boot.jl:517
│   [16] include_string(mapexpr::typeof(identity), mod::Module, code::String, filename::String)
│      @ Base ./loading.jl:3130
│   [17] include_string
│      @ ./loading.jl:3140 [inlined]
│   [18] exec_options(opts::Base.JLOptions)
│      @ Base ./client.jl:342
│   [19] _start()
│      @ Base ./client.jl:585
│  in expression starting at /workdir/depot/packages/LinearSolve/NzF29/ext/LinearSolveEnzymeExt.jl:1
│  in expression starting at stdin:5
└  
┌ NonlinearSolve
│  ERROR: LoadError: Precompiled image Base.PkgId(Base.UUID("87fe0de2-c867-4266-b59a-2f0a94fc965b"), "LineSearch") not available with flags CacheFlags(; use_pkgimages=true, debug_level=1, check_bounds=0, inline=true, opt_level=2)
│  Stacktrace:
│    [1] error(s::String)
│      @ Base ./error.jl:56
│    [2] __require_prelocked(pkg::Base.PkgId, env::String)
│      @ Base ./loading.jl:2840
│    [3] _require_prelocked(uuidkey::Base.PkgId, env::String)
│      @ Base ./loading.jl:2694
│    [4] macro expansion
│      @ ./loading.jl:2621 [inlined]
│    [5] macro expansion
│      @ ./lock.jl:376 [inlined]
│    [6] __require(into::Module, mod::Symbol)
│      @ Base ./loading.jl:2585
│    [7] require
│      @ ./loading.jl:2561 [inlined]
│    [8] eval_import_path
│      @ ./module.jl:36 [inlined]
│    [9] eval_import_path_all(at::Module, path::Expr, keyword::String)
│      @ Base ./module.jl:60
│   [10] _eval_import(::Bool, ::Module, ::Expr, ::Expr, ::Vararg{Expr})
│      @ Base ./module.jl:101
│   [11] top-level scope
│      @ /workdir/depot/packages/NonlinearSolve/UXo1A/src/NonlinearSolve.jl:11
│   [12] include(mod::Module, _path::String)
│      @ Base ./Base.jl:323
│   [13] include_package_for_output(pkg::Base.PkgId, input::String, syntax_version::VersionNumber, depot_path::Vector{String}, dl_load_path::Vector{String}, load_path::Vector{String}, concrete_deps::Vector{Pair{Base.PkgId, UInt128}}, source::Nothing)
│      @ Base ./loading.jl:3288
│   [14] top-level scope
│      @ stdin:5
│   [15] eval(m::Module, e::Any)
│      @ Core ./boot.jl:517
│   [16] include_string(mapexpr::typeof(identity), mod::Module, code::String, filename::String)
│      @ Base ./loading.jl:3130
│   [17] include_string
│      @ ./loading.jl:3140 [inlined]
│   [18] exec_options(opts::Base.JLOptions)
│      @ Base ./client.jl:342
│   [19] _start()
│      @ Base ./client.jl:585
│  in expression starting at /workdir/depot/packages/NonlinearSolve/UXo1A/src/NonlinearSolve.jl:1
│  in expression starting at stdin:5
└  
┌ OrdinaryDiffEqSymplecticRK
│  ERROR: LoadError: Precompiled image Base.PkgId(Base.UUID("bbf590c4-e513-4bbe-9b18-05decba2e5d8"), "OrdinaryDiffEqCore") not available with flags CacheFlags(; use_pkgimages=true, debug_level=1, check_bounds=0, inline=true, opt_level=2)
│  Stacktrace:
│    [1] error(s::String)
│      @ Base ./error.jl:56
│    [2] __require_prelocked(pkg::Base.PkgId, env::String)
│      @ Base ./loading.jl:2840
│    [3] _require_prelocked(uuidkey::Base.PkgId, env::String)
│      @ Base ./loading.jl:2694
│    [4] macro expansion
│      @ ./loading.jl:2621 [inlined]
│    [5] macro expansion
│      @ ./lock.jl:376 [inlined]
│    [6] __require(into::Module, mod::Symbol)
│      @ Base ./loading.jl:2585
│    [7] require
│      @ ./loading.jl:2561 [inlined]
│    [8] eval_import_path
│      @ ./module.jl:36 [inlined]
│    [9] eval_import_path_all(at::Module, path::Expr, keyword::String)
│      @ Base ./module.jl:60
│   [10] _eval_import(::Bool, ::Module, ::Expr, ::Expr, ::Vararg{Expr})
│      @ Base ./module.jl:101
│   [11] top-level scope
│      @ /workdir/depot/packages/OrdinaryDiffEqSymplecticRK/9sQIf/src/OrdinaryDiffEqSymplecticRK.jl:3
│   [12] include(mod::Module, _path::String)
│      @ Base ./Base.jl:323
│   [13] include_package_for_output(pkg::Base.PkgId, input::String, syntax_version::VersionNumber, depot_path::Vector{String}, dl_load_path::Vector{String}, load_path::Vector{String}, concrete_deps::Vector{Pair{Base.PkgId, UInt128}}, source::Nothing)
│      @ Base ./loading.jl:3288
│   [14] top-level scope
│      @ stdin:5
│   [15] eval(m::Module, e::Any)
│      @ Core ./boot.jl:517
│   [16] include_string(mapexpr::typeof(identity), mod::Module, code::String, filename::String)
│      @ Base ./loading.jl:3130
│   [17] include_string
│      @ ./loading.jl:3140 [inlined]
│   [18] exec_options(opts::Base.JLOptions)
│      @ Base ./client.jl:342
│   [19] _start()
│      @ Base ./client.jl:585
│  in expression starting at /workdir/depot/packages/OrdinaryDiffEqSymplecticRK/9sQIf/src/OrdinaryDiffEqSymplecticRK.jl:1
│  in expression starting at stdin:5
└  
┌ OrdinaryDiffEqVerner
│  ERROR: LoadError: Precompiled image Base.PkgId(Base.UUID("bbf590c4-e513-4bbe-9b18-05decba2e5d8"), "OrdinaryDiffEqCore") not available with flags CacheFlags(; use_pkgimages=true, debug_level=1, check_bounds=0, inline=true, opt_level=2)
│  Stacktrace:
│    [1] error(s::String)
│      @ Base ./error.jl:56
│    [2] __require_prelocked(pkg::Base.PkgId, env::String)
│      @ Base ./loading.jl:2840
│    [3] _require_prelocked(uuidkey::Base.PkgId, env::String)
│      @ Base ./loading.jl:2694
│    [4] macro expansion
│      @ ./loading.jl:2621 [inlined]
│    [5] macro expansion
│      @ ./lock.jl:376 [inlined]
│    [6] __require(into::Module, mod::Symbol)
│      @ Base ./loading.jl:2585
│    [7] require
│      @ ./loading.jl:2561 [inlined]
│    [8] eval_import_path
│      @ ./module.jl:36 [inlined]
│    [9] eval_import_path_all(at::Module, path::Expr, keyword::String)
│      @ Base ./module.jl:60
│   [10] _eval_import(::Bool, ::Module, ::Expr, ::Expr, ::Vararg{Expr})
│      @ Base ./module.jl:101
│   [11] top-level scope
│      @ /workdir/depot/packages/OrdinaryDiffEqVerner/WnII6/src/OrdinaryDiffEqVerner.jl:3
│   [12] include(mod::Module, _path::String)
│      @ Base ./Base.jl:323
│   [13] include_package_for_output(pkg::Base.PkgId, input::String, syntax_version::VersionNumber, depot_path::Vector{String}, dl_load_path::Vector{String}, load_path::Vector{String}, concrete_deps::Vector{Pair{Base.PkgId, UInt128}}, source::Nothing)
│      @ Base ./loading.jl:3288
│   [14] top-level scope
│      @ stdin:5
│   [15] eval(m::Module, e::Any)
│      @ Core ./boot.jl:517
│   [16] include_string(mapexpr::typeof(identity), mod::Module, code::String, filename::String)
│      @ Base ./loading.jl:3130
│   [17] include_string
│      @ ./loading.jl:3140 [inlined]
│   [18] exec_options(opts::Base.JLOptions)
│      @ Base ./client.jl:342
│   [19] _start()
│      @ Base ./client.jl:585
│  in expression starting at /workdir/depot/packages/OrdinaryDiffEqVerner/WnII6/src/OrdinaryDiffEqVerner.jl:1
│  in expression starting at stdin:5
└  
┌ BracketingNonlinearSolve → BracketingNonlinearSolveChainRulesCoreExt
│  ERROR: LoadError: Precompiled image Base.PkgId(Base.UUID("70df07ce-3d50-431d-a3e7-ca6ddb60ac1e"), "BracketingNonlinearSolve") not available with flags CacheFlags(; use_pkgimages=true, debug_level=1, check_bounds=0, inline=true, opt_level=2)
│  Stacktrace:
│    [1] error(s::String)
│      @ Base ./error.jl:56
│    [2] __require_prelocked(pkg::Base.PkgId, env::String)
│      @ Base ./loading.jl:2840
│    [3] _require_prelocked(uuidkey::Base.PkgId, env::String)
│      @ Base ./loading.jl:2694
│    [4] macro expansion
│      @ ./loading.jl:2621 [inlined]
│    [5] macro expansion
│      @ ./lock.jl:376 [inlined]
│    [6] __require(into::Module, mod::Symbol)
│      @ Base ./loading.jl:2585
│    [7] require
│      @ ./loading.jl:2561 [inlined]
│    [8] eval_import_path
│      @ ./module.jl:36 [inlined]
│    [9] eval_import_path_all(at::Module, path::Expr, keyword::String)
│      @ Base ./module.jl:60
│   [10] _eval_import(::Bool, ::Module, ::Expr, ::Expr, ::Vararg{Expr})
│      @ Base ./module.jl:101
│   [11] top-level scope
│      @ /workdir/depot/packages/BracketingNonlinearSolve/BCMUl/ext/BracketingNonlinearSolveChainRulesCoreExt.jl:3
│   [12] include(mod::Module, _path::String)
│      @ Base ./Base.jl:323
│   [13] include_package_for_output(pkg::Base.PkgId, input::String, syntax_version::VersionNumber, depot_path::Vector{String}, dl_load_path::Vector{String}, load_path::Vector{String}, concrete_deps::Vector{Pair{Base.PkgId, UInt128}}, source::Nothing)
│      @ Base ./loading.jl:3288
│   [14] top-level scope
│      @ stdin:5
│   [15] eval(m::Module, e::Any)
│      @ Core ./boot.jl:517
│   [16] include_string(mapexpr::typeof(identity), mod::Module, code::String, filename::String)
│      @ Base ./loading.jl:3130
│   [17] include_string
│      @ ./loading.jl:3140 [inlined]
│   [18] exec_options(opts::Base.JLOptions)
│      @ Base ./client.jl:342
│   [19] _start()
│      @ Base ./client.jl:585
│  in expression starting at /workdir/depot/packages/BracketingNonlinearSolve/BCMUl/ext/BracketingNonlinearSolveChainRulesCoreExt.jl:1
│  in expression starting at stdin:5
└  
┌ OrdinaryDiffEqFunctionMap
│  ERROR: LoadError: Precompiled image Base.PkgId(Base.UUID("bbf590c4-e513-4bbe-9b18-05decba2e5d8"), "OrdinaryDiffEqCore") not available with flags CacheFlags(; use_pkgimages=true, debug_level=1, check_bounds=0, inline=true, opt_level=2)
│  Stacktrace:
│    [1] error(s::String)
│      @ Base ./error.jl:56
│    [2] __require_prelocked(pkg::Base.PkgId, env::String)
│      @ Base ./loading.jl:2840
│    [3] _require_prelocked(uuidkey::Base.PkgId, env::String)
│      @ Base ./loading.jl:2694
│    [4] macro expansion
│      @ ./loading.jl:2621 [inlined]
│    [5] macro expansion
│      @ ./lock.jl:376 [inlined]
│    [6] __require(into::Module, mod::Symbol)
│      @ Base ./loading.jl:2585
│    [7] require
│      @ ./loading.jl:2561 [inlined]
│    [8] eval_import_path
│      @ ./module.jl:36 [inlined]
│    [9] eval_import_path_all(at::Module, path::Expr, keyword::String)
│      @ Base ./module.jl:60
│   [10] _eval_import(::Bool, ::Module, ::Expr, ::Expr, ::Vararg{Expr})
│      @ Base ./module.jl:101
│   [11] top-level scope
│      @ /workdir/depot/packages/OrdinaryDiffEqFunctionMap/AnTNZ/src/OrdinaryDiffEqFunctionMap.jl:3
│   [12] include(mod::Module, _path::String)
│      @ Base ./Base.jl:323
│   [13] include_package_for_output(pkg::Base.PkgId, input::String, syntax_version::VersionNumber, depot_path::Vector{String}, dl_load_path::Vector{String}, load_path::Vector{String}, concrete_deps::Vector{Pair{Base.PkgId, UInt128}}, source::Nothing)
│      @ Base ./loading.jl:3288
│   [14] top-level scope
│      @ stdin:5
│   [15] eval(m::Module, e::Any)
│      @ Core ./boot.jl:517
│   [16] include_string(mapexpr::typeof(identity), mod::Module, code::String, filename::String)
│      @ Base ./loading.jl:3130
│   [17] include_string
│      @ ./loading.jl:3140 [inlined]
│   [18] exec_options(opts::Base.JLOptions)
│      @ Base ./client.jl:342
│   [19] _start()
│      @ Base ./client.jl:585
│  in expression starting at /workdir/depot/packages/OrdinaryDiffEqFunctionMap/AnTNZ/src/OrdinaryDiffEqFunctionMap.jl:1
│  in expression starting at stdin:5
└  
┌ OrdinaryDiffEqRosenbrock
│  ERROR: LoadError: Precompiled image Base.PkgId(Base.UUID("bbf590c4-e513-4bbe-9b18-05decba2e5d8"), "OrdinaryDiffEqCore") not available with flags CacheFlags(; use_pkgimages=true, debug_level=1, check_bounds=0, inline=true, opt_level=2)
│  Stacktrace:
│    [1] error(s::String)
│      @ Base ./error.jl:56
│    [2] __require_prelocked(pkg::Base.PkgId, env::String)
│      @ Base ./loading.jl:2840
│    [3] _require_prelocked(uuidkey::Base.PkgId, env::String)
│      @ Base ./loading.jl:2694
│    [4] macro expansion
│      @ ./loading.jl:2621 [inlined]
│    [5] macro expansion
│      @ ./lock.jl:376 [inlined]
│    [6] __require(into::Module, mod::Symbol)
│      @ Base ./loading.jl:2585
│    [7] require
│      @ ./loading.jl:2561 [inlined]
│    [8] eval_import_path
│      @ ./module.jl:36 [inlined]
│    [9] eval_import_path_all(at::Module, path::Expr, keyword::String)
│      @ Base ./module.jl:60
│   [10] _eval_import(::Bool, ::Module, ::Expr, ::Expr, ::Vararg{Expr})
│      @ Base ./module.jl:101
│   [11] top-level scope
│      @ /workdir/depot/packages/OrdinaryDiffEqRosenbrock/eGDYm/src/OrdinaryDiffEqRosenbrock.jl:3
│   [12] include(mod::Module, _path::String)
│      @ Base ./Base.jl:323
│   [13] include_package_for_output(pkg::Base.PkgId, input::String, syntax_version::VersionNumber, depot_path::Vector{String}, dl_load_path::Vector{String}, load_path::Vector{String}, concrete_deps::Vector{Pair{Base.PkgId, UInt128}}, source::Nothing)
│      @ Base ./loading.jl:3288
│   [14] top-level scope
│      @ stdin:5
│   [15] eval(m::Module, e::Any)
│      @ Core ./boot.jl:517
│   [16] include_string(mapexpr::typeof(identity), mod::Module, code::String, filename::String)
│      @ Base ./loading.jl:3130
│   [17] include_string
│      @ ./loading.jl:3140 [inlined]
│   [18] exec_options(opts::Base.JLOptions)
│      @ Base ./client.jl:342
│   [19] _start()
│      @ Base ./client.jl:585
│  in expression starting at /workdir/depot/packages/OrdinaryDiffEqRosenbrock/eGDYm/src/OrdinaryDiffEqRosenbrock.jl:1
│  in expression starting at stdin:5
└  
┌ RecursiveArrayTools
│  ERROR: LoadError: Precompiled image Base.PkgId(Base.UUID("2efcf032-c050-4f8e-a9bb-153293bab1f5"), "SymbolicIndexingInterface") not available with flags CacheFlags(; use_pkgimages=true, debug_level=1, check_bounds=0, inline=true, opt_level=2)
│  Stacktrace:
│    [1] error(s::String)
│      @ Base ./error.jl:56
│    [2] __require_prelocked(pkg::Base.PkgId, env::String)
│      @ Base ./loading.jl:2840
│    [3] _require_prelocked(uuidkey::Base.PkgId, env::String)
│      @ Base ./loading.jl:2694
│    [4] macro expansion
│      @ ./loading.jl:2621 [inlined]
│    [5] macro expansion
│      @ ./lock.jl:376 [inlined]
│    [6] __require(into::Module, mod::Symbol)
│      @ Base ./loading.jl:2585
│    [7] require
│      @ ./loading.jl:2561 [inlined]
│    [8] eval_import_path
│      @ ./module.jl:36 [inlined]
│    [9] eval_import_path_all(at::Module, path::Expr, keyword::String)
│      @ Base ./module.jl:60
│   [10] _eval_using
│      @ ./module.jl:137 [inlined]
│   [11] _eval_using(to::Module, path::Expr)
│      @ Base ./module.jl:137
│   [12] top-level scope
│      @ /workdir/depot/packages/RecursiveArrayTools/AvG3i/src/RecursiveArrayTools.jl:10
│   [13] include(mod::Module, _path::String)
│      @ Base ./Base.jl:323
│   [14] include_package_for_output(pkg::Base.PkgId, input::String, syntax_version::VersionNumber, depot_path::Vector{String}, dl_load_path::Vector{String}, load_path::Vector{String}, concrete_deps::Vector{Pair{Base.PkgId, UInt128}}, source::Nothing)
│      @ Base ./loading.jl:3288
│   [15] top-level scope
│      @ stdin:5
│   [16] eval(m::Module, e::Any)
│      @ Core ./boot.jl:517
│   [17] include_string(mapexpr::typeof(identity), mod::Module, code::String, filename::String)
│      @ Base ./loading.jl:3130
│   [18] include_string
│      @ ./loading.jl:3140 [inlined]
│   [19] exec_options(opts::Base.JLOptions)
│      @ Base ./client.jl:342
│   [20] _start()
│      @ Base ./client.jl:585
│  in expression starting at /workdir/depot/packages/RecursiveArrayTools/AvG3i/src/RecursiveArrayTools.jl:2
│  in expression starting at stdin:5
└  
┌ SciMLOperators → SciMLOperatorsSparseArraysExt
│  ERROR: LoadError: Precompiled image Base.PkgId(Base.UUID("c0aeaf25-5076-4817-a8d5-81caf7dfa961"), "SciMLOperators") not available with flags CacheFlags(; use_pkgimages=true, debug_level=1, check_bounds=0, inline=true, opt_level=2)
│  Stacktrace:
│    [1] error(s::String)
│      @ Base ./error.jl:56
│    [2] __require_prelocked(pkg::Base.PkgId, env::String)
│      @ Base ./loading.jl:2840
│    [3] _require_prelocked(uuidkey::Base.PkgId, env::String)
│      @ Base ./loading.jl:2694
│    [4] macro expansion
│      @ ./loading.jl:2621 [inlined]
│    [5] macro expansion
│      @ ./lock.jl:376 [inlined]
│    [6] __require(into::Module, mod::Symbol)
│      @ Base ./loading.jl:2585
│    [7] require
│      @ ./loading.jl:2561 [inlined]
│    [8] eval_import_path
│      @ ./module.jl:36 [inlined]
│    [9] _eval_import(imported::Bool, to::Module, from::Nothing, paths::Expr)
│      @ Base ./module.jl:111
│   [10] top-level scope
│      @ /workdir/depot/packages/SciMLOperators/uWgDC/ext/SciMLOperatorsSparseArraysExt.jl:3
│   [11] include(mod::Module, _path::String)
│      @ Base ./Base.jl:323
│   [12] include_package_for_output(pkg::Base.PkgId, input::String, syntax_version::VersionNumber, depot_path::Vector{String}, dl_load_path::Vector{String}, load_path::Vector{String}, concrete_deps::Vector{Pair{Base.PkgId, UInt128}}, source::Nothing)
│      @ Base ./loading.jl:3288
│   [13] top-level scope
│      @ stdin:5
│   [14] eval(m::Module, e::Any)
│      @ Core ./boot.jl:517
│   [15] include_string(mapexpr::typeof(identity), mod::Module, code::String, filename::String)
│      @ Base ./loading.jl:3130
│   [16] include_string
│      @ ./loading.jl:3140 [inlined]
│   [17] exec_options(opts::Base.JLOptions)
│      @ Base ./client.jl:342
│   [18] _start()
│      @ Base ./client.jl:585
│  in expression starting at /workdir/depot/packages/SciMLOperators/uWgDC/ext/SciMLOperatorsSparseArraysExt.jl:1
│  in expression starting at stdin:5
└  
┌ OrdinaryDiffEqTsit5
│  ERROR: LoadError: Precompiled image Base.PkgId(Base.UUID("bbf590c4-e513-4bbe-9b18-05decba2e5d8"), "OrdinaryDiffEqCore") not available with flags CacheFlags(; use_pkgimages=true, debug_level=1, check_bounds=0, inline=true, opt_level=2)
│  Stacktrace:
│    [1] error(s::String)
│      @ Base ./error.jl:56
│    [2] __require_prelocked(pkg::Base.PkgId, env::String)
│      @ Base ./loading.jl:2840
│    [3] _require_prelocked(uuidkey::Base.PkgId, env::String)
│      @ Base ./loading.jl:2694
│    [4] macro expansion
│      @ ./loading.jl:2621 [inlined]
│    [5] macro expansion
│      @ ./lock.jl:376 [inlined]
│    [6] __require(into::Module, mod::Symbol)
│      @ Base ./loading.jl:2585
│    [7] require
│      @ ./loading.jl:2561 [inlined]
│    [8] eval_import_path
│      @ ./module.jl:36 [inlined]
│    [9] eval_import_path_all(at::Module, path::Expr, keyword::String)
│      @ Base ./module.jl:60
│   [10] _eval_import(::Bool, ::Module, ::Expr, ::Expr, ::Vararg{Expr})
│      @ Base ./module.jl:101
│   [11] top-level scope
│      @ /workdir/depot/packages/OrdinaryDiffEqTsit5/7fE34/src/OrdinaryDiffEqTsit5.jl:3
│   [12] include(mod::Module, _path::String)
│      @ Base ./Base.jl:323
│   [13] include_package_for_output(pkg::Base.PkgId, input::String, syntax_version::VersionNumber, depot_path::Vector{String}, dl_load_path::Vector{String}, load_path::Vector{String}, concrete_deps::Vector{Pair{Base.PkgId, UInt128}}, source::Nothing)
│      @ Base ./loading.jl:3288
│   [14] top-level scope
│      @ stdin:5
│   [15] eval(m::Module, e::Any)
│      @ Core ./boot.jl:517
│   [16] include_string(mapexpr::typeof(identity), mod::Module, code::String, filename::String)
│      @ Base ./loading.jl:3130
│   [17] include_string
│      @ ./loading.jl:3140 [inlined]
│   [18] exec_options(opts::Base.JLOptions)
│      @ Base ./client.jl:342
│   [19] _start()
│      @ Base ./client.jl:585
│  in expression starting at /workdir/depot/packages/OrdinaryDiffEqTsit5/7fE34/src/OrdinaryDiffEqTsit5.jl:1
│  in expression starting at stdin:5
└  
┌ OrdinaryDiffEqStabilizedIRK
│  ERROR: LoadError: Precompiled image Base.PkgId(Base.UUID("bbf590c4-e513-4bbe-9b18-05decba2e5d8"), "OrdinaryDiffEqCore") not available with flags CacheFlags(; use_pkgimages=true, debug_level=1, check_bounds=0, inline=true, opt_level=2)
│  Stacktrace:
│    [1] error(s::String)
│      @ Base ./error.jl:56
│    [2] __require_prelocked(pkg::Base.PkgId, env::String)
│      @ Base ./loading.jl:2840
│    [3] _require_prelocked(uuidkey::Base.PkgId, env::String)
│      @ Base ./loading.jl:2694
│    [4] macro expansion
│      @ ./loading.jl:2621 [inlined]
│    [5] macro expansion
│      @ ./lock.jl:376 [inlined]
│    [6] __require(into::Module, mod::Symbol)
│      @ Base ./loading.jl:2585
│    [7] require
│      @ ./loading.jl:2561 [inlined]
│    [8] eval_import_path
│      @ ./module.jl:36 [inlined]
│    [9] eval_import_path_all(at::Module, path::Expr, keyword::String)
│      @ Base ./module.jl:60
│   [10] _eval_import(::Bool, ::Module, ::Expr, ::Expr, ::Vararg{Expr})
│      @ Base ./module.jl:101
│   [11] top-level scope
│      @ /workdir/depot/packages/OrdinaryDiffEqStabilizedIRK/oOtOW/src/OrdinaryDiffEqStabilizedIRK.jl:3
│   [12] include(mod::Module, _path::String)
│      @ Base ./Base.jl:323
│   [13] include_package_for_output(pkg::Base.PkgId, input::String, syntax_version::VersionNumber, depot_path::Vector{String}, dl_load_path::Vector{String}, load_path::Vector{String}, concrete_deps::Vector{Pair{Base.PkgId, UInt128}}, source::Nothing)
│      @ Base ./loading.jl:3288
│   [14] top-level scope
│      @ stdin:5
│   [15] eval(m::Module, e::Any)
│      @ Core ./boot.jl:517
│   [16] include_string(mapexpr::typeof(identity), mod::Module, code::String, filename::String)
│      @ Base ./loading.jl:3130
│   [17] include_string
│      @ ./loading.jl:3140 [inlined]
│   [18] exec_options(opts::Base.JLOptions)
│      @ Base ./client.jl:342
│   [19] _start()
│      @ Base ./client.jl:585
│  in expression starting at /workdir/depot/packages/OrdinaryDiffEqStabilizedIRK/oOtOW/src/OrdinaryDiffEqStabilizedIRK.jl:1
│  in expression starting at stdin:5
└  
┌ OrdinaryDiffEqPDIRK
│  ERROR: LoadError: Precompiled image Base.PkgId(Base.UUID("bbf590c4-e513-4bbe-9b18-05decba2e5d8"), "OrdinaryDiffEqCore") not available with flags CacheFlags(; use_pkgimages=true, debug_level=1, check_bounds=0, inline=true, opt_level=2)
│  Stacktrace:
│    [1] error(s::String)
│      @ Base ./error.jl:56
│    [2] __require_prelocked(pkg::Base.PkgId, env::String)
│      @ Base ./loading.jl:2840
│    [3] _require_prelocked(uuidkey::Base.PkgId, env::String)
│      @ Base ./loading.jl:2694
│    [4] macro expansion
│      @ ./loading.jl:2621 [inlined]
│    [5] macro expansion
│      @ ./lock.jl:376 [inlined]
│    [6] __require(into::Module, mod::Symbol)
│      @ Base ./loading.jl:2585
│    [7] require
│      @ ./loading.jl:2561 [inlined]
│    [8] eval_import_path
│      @ ./module.jl:36 [inlined]
│    [9] eval_import_path_all(at::Module, path::Expr, keyword::String)
│      @ Base ./module.jl:60
│   [10] _eval_import(::Bool, ::Module, ::Expr, ::Expr, ::Vararg{Expr})
│      @ Base ./module.jl:101
│   [11] top-level scope
│      @ /workdir/depot/packages/OrdinaryDiffEqPDIRK/l3OBX/src/OrdinaryDiffEqPDIRK.jl:3
│   [12] include(mod::Module, _path::String)
│      @ Base ./Base.jl:323
│   [13] include_package_for_output(pkg::Base.PkgId, input::String, syntax_version::VersionNumber, depot_path::Vector{String}, dl_load_path::Vector{String}, load_path::Vector{String}, concrete_deps::Vector{Pair{Base.PkgId, UInt128}}, source::Nothing)
│      @ Base ./loading.jl:3288
│   [14] top-level scope
│      @ stdin:5
│   [15] eval(m::Module, e::Any)
│      @ Core ./boot.jl:517
│   [16] include_string(mapexpr::typeof(identity), mod::Module, code::String, filename::String)
│      @ Base ./loading.jl:3130
│   [17] include_string
│      @ ./loading.jl:3140 [inlined]
│   [18] exec_options(opts::Base.JLOptions)
│      @ Base ./client.jl:342
│   [19] _start()
│      @ Base ./client.jl:585
│  in expression starting at /workdir/depot/packages/OrdinaryDiffEqPDIRK/l3OBX/src/OrdinaryDiffEqPDIRK.jl:1
│  in expression starting at stdin:5
└  
┌ RecursiveArrayTools → RecursiveArrayToolsSparseArraysExt
│  ERROR: LoadError: Precompiled image Base.PkgId(Base.UUID("731186ca-8d62-57ce-b412-fbd966d074cd"), "RecursiveArrayTools") not available with flags CacheFlags(; use_pkgimages=true, debug_level=1, check_bounds=0, inline=true, opt_level=2)
│  Stacktrace:
│    [1] error(s::String)
│      @ Base ./error.jl:56
│    [2] __require_prelocked(pkg::Base.PkgId, env::String)
│      @ Base ./loading.jl:2840
│    [3] _require_prelocked(uuidkey::Base.PkgId, env::String)
│      @ Base ./loading.jl:2694
│    [4] macro expansion
│      @ ./loading.jl:2621 [inlined]
│    [5] macro expansion
│      @ ./lock.jl:376 [inlined]
│    [6] __require(into::Module, mod::Symbol)
│      @ Base ./loading.jl:2585
│    [7] require
│      @ ./loading.jl:2561 [inlined]
│    [8] eval_import_path
│      @ ./module.jl:36 [inlined]
│    [9] _eval_import(imported::Bool, to::Module, from::Nothing, paths::Expr)
│      @ Base ./module.jl:111
│   [10] top-level scope
│      @ /workdir/depot/packages/RecursiveArrayTools/AvG3i/ext/RecursiveArrayToolsSparseArraysExt.jl:4
│   [11] include(mod::Module, _path::String)
│      @ Base ./Base.jl:323
│   [12] include_package_for_output(pkg::Base.PkgId, input::String, syntax_version::VersionNumber, depot_path::Vector{String}, dl_load_path::Vector{String}, load_path::Vector{String}, concrete_deps::Vector{Pair{Base.PkgId, UInt128}}, source::Nothing)
│      @ Base ./loading.jl:3288
│   [13] top-level scope
│      @ stdin:5
│   [14] eval(m::Module, e::Any)
│      @ Core ./boot.jl:517
│   [15] include_string(mapexpr::typeof(identity), mod::Module, code::String, filename::String)
│      @ Base ./loading.jl:3130
│   [16] include_string
│      @ ./loading.jl:3140 [inlined]
│   [17] exec_options(opts::Base.JLOptions)
│      @ Base ./client.jl:342
│   [18] _start()
│      @ Base ./client.jl:585
│  in expression starting at /workdir/depot/packages/RecursiveArrayTools/AvG3i/ext/RecursiveArrayToolsSparseArraysExt.jl:1
│  in expression starting at stdin:5
└  
┌ OrdinaryDiffEqBDF
│  ERROR: LoadError: Precompiled image Base.PkgId(Base.UUID("bbf590c4-e513-4bbe-9b18-05decba2e5d8"), "OrdinaryDiffEqCore") not available with flags CacheFlags(; use_pkgimages=true, debug_level=1, check_bounds=0, inline=true, opt_level=2)
│  Stacktrace:
│    [1] error(s::String)
│      @ Base ./error.jl:56
│    [2] __require_prelocked(pkg::Base.PkgId, env::String)
│      @ Base ./loading.jl:2840
│    [3] _require_prelocked(uuidkey::Base.PkgId, env::String)
│      @ Base ./loading.jl:2694
│    [4] macro expansion
│      @ ./loading.jl:2621 [inlined]
│    [5] macro expansion
│      @ ./lock.jl:376 [inlined]
│    [6] __require(into::Module, mod::Symbol)
│      @ Base ./loading.jl:2585
│    [7] require
│      @ ./loading.jl:2561 [inlined]
│    [8] eval_import_path
│      @ ./module.jl:36 [inlined]
│    [9] eval_import_path_all(at::Module, path::Expr, keyword::String)
│      @ Base ./module.jl:60
│   [10] _eval_import(::Bool, ::Module, ::Expr, ::Expr, ::Vararg{Expr})
│      @ Base ./module.jl:101
│   [11] top-level scope
│      @ /workdir/depot/packages/OrdinaryDiffEqBDF/C5XSM/src/OrdinaryDiffEqBDF.jl:3
│   [12] include(mod::Module, _path::String)
│      @ Base ./Base.jl:323
│   [13] include_package_for_output(pkg::Base.PkgId, input::String, syntax_version::VersionNumber, depot_path::Vector{String}, dl_load_path::Vector{String}, load_path::Vector{String}, concrete_deps::Vector{Pair{Base.PkgId, UInt128}}, source::Nothing)
│      @ Base ./loading.jl:3288
│   [14] top-level scope
│      @ stdin:5
│   [15] eval(m::Module, e::Any)
│      @ Core ./boot.jl:517
│   [16] include_string(mapexpr::typeof(identity), mod::Module, code::String, filename::String)
│      @ Base ./loading.jl:3130
│   [17] include_string
│      @ ./loading.jl:3140 [inlined]
│   [18] exec_options(opts::Base.JLOptions)
│      @ Base ./client.jl:342
│   [19] _start()
│      @ Base ./client.jl:585
│  in expression starting at /workdir/depot/packages/OrdinaryDiffEqBDF/C5XSM/src/OrdinaryDiffEqBDF.jl:1
│  in expression starting at stdin:5
└  
┌ OrdinaryDiffEqDefault
│  ERROR: LoadError: Precompiled image Base.PkgId(Base.UUID("bbf590c4-e513-4bbe-9b18-05decba2e5d8"), "OrdinaryDiffEqCore") not available with flags CacheFlags(; use_pkgimages=true, debug_level=1, check_bounds=0, inline=true, opt_level=2)
│  Stacktrace:
│    [1] error(s::String)
│      @ Base ./error.jl:56
│    [2] __require_prelocked(pkg::Base.PkgId, env::String)
│      @ Base ./loading.jl:2840
│    [3] _require_prelocked(uuidkey::Base.PkgId, env::String)
│      @ Base ./loading.jl:2694
│    [4] macro expansion
│      @ ./loading.jl:2621 [inlined]
│    [5] macro expansion
│      @ ./lock.jl:376 [inlined]
│    [6] __require(into::Module, mod::Symbol)
│      @ Base ./loading.jl:2585
│    [7] require
│      @ ./loading.jl:2561 [inlined]
│    [8] eval_import_path
│      @ ./module.jl:36 [inlined]
│    [9] eval_import_path_all(at::Module, path::Expr, keyword::String)
│      @ Base ./module.jl:60
│   [10] _eval_import(::Bool, ::Module, ::Expr, ::Expr, ::Vararg{Expr})
│      @ Base ./module.jl:101
│   [11] top-level scope
│      @ /workdir/depot/packages/OrdinaryDiffEqDefault/m9dxh/src/OrdinaryDiffEqDefault.jl:3
│   [12] include(mod::Module, _path::String)
│      @ Base ./Base.jl:323
│   [13] include_package_for_output(pkg::Base.PkgId, input::String, syntax_version::VersionNumber, depot_path::Vector{String}, dl_load_path::Vector{String}, load_path::Vector{String}, concrete_deps::Vector{Pair{Base.PkgId, UInt128}}, source::Nothing)
│      @ Base ./loading.jl:3288
│   [14] top-level scope
│      @ stdin:5
│   [15] eval(m::Module, e::Any)
│      @ Core ./boot.jl:517
│   [16] include_string(mapexpr::typeof(identity), mod::Module, code::String, filename::String)
│      @ Base ./loading.jl:3130
│   [17] include_string
│      @ ./loading.jl:3140 [inlined]
│   [18] exec_options(opts::Base.JLOptions)
│      @ Base ./client.jl:342
│   [19] _start()
│      @ Base ./client.jl:585
│  in expression starting at /workdir/depot/packages/OrdinaryDiffEqDefault/m9dxh/src/OrdinaryDiffEqDefault.jl:1
│  in expression starting at stdin:5
└  
┌ LinearSolve → LinearSolveSparseArraysExt
│  ERROR: LoadError: Precompiled image Base.PkgId(Base.UUID("7ed4a6bd-45f5-4d41-b270-4a48e9bafcae"), "LinearSolve") not available with flags CacheFlags(; use_pkgimages=true, debug_level=1, check_bounds=0, inline=true, opt_level=2)
│  Stacktrace:
│    [1] error(s::String)
│      @ Base ./error.jl:56
│    [2] __require_prelocked(pkg::Base.PkgId, env::String)
│      @ Base ./loading.jl:2840
│    [3] _require_prelocked(uuidkey::Base.PkgId, env::String)
│      @ Base ./loading.jl:2694
│    [4] macro expansion
│      @ ./loading.jl:2621 [inlined]
│    [5] macro expansion
│      @ ./lock.jl:376 [inlined]
│    [6] __require(into::Module, mod::Symbol)
│      @ Base ./loading.jl:2585
│    [7] require
│      @ ./loading.jl:2561 [inlined]
│    [8] eval_import_path
│      @ ./module.jl:36 [inlined]
│    [9] eval_import_path_all(at::Module, path::Expr, keyword::String)
│      @ Base ./module.jl:60
│   [10] _eval_import(::Bool, ::Module, ::Expr, ::Expr, ::Vararg{Expr})
│      @ Base ./module.jl:101
│   [11] top-level scope
│      @ /workdir/depot/packages/LinearSolve/NzF29/ext/LinearSolveSparseArraysExt.jl:3
│   [12] include(mod::Module, _path::String)
│      @ Base ./Base.jl:323
│   [13] include_package_for_output(pkg::Base.PkgId, input::String, syntax_version::VersionNumber, depot_path::Vector{String}, dl_load_path::Vector{String}, load_path::Vector{String}, concrete_deps::Vector{Pair{Base.PkgId, UInt128}}, source::Nothing)
│      @ Base ./loading.jl:3288
│   [14] top-level scope
│      @ stdin:5
│   [15] eval(m::Module, e::Any)
│      @ Core ./boot.jl:517
│   [16] include_string(mapexpr::typeof(identity), mod::Module, code::String, filename::String)
│      @ Base ./loading.jl:3130
│   [17] include_string
│      @ ./loading.jl:3140 [inlined]
│   [18] exec_options(opts::Base.JLOptions)
│      @ Base ./client.jl:342
│   [19] _start()
│      @ Base ./client.jl:585
│  in expression starting at /workdir/depot/packages/LinearSolve/NzF29/ext/LinearSolveSparseArraysExt.jl:1
│  in expression starting at stdin:5
└  
┌ LinearSolve → LinearSolveForwardDiffExt
│  ERROR: LoadError: Precompiled image Base.PkgId(Base.UUID("7ed4a6bd-45f5-4d41-b270-4a48e9bafcae"), "LinearSolve") not available with flags CacheFlags(; use_pkgimages=true, debug_level=1, check_bounds=0, inline=true, opt_level=2)
│  Stacktrace:
│    [1] error(s::String)
│      @ Base ./error.jl:56
│    [2] __require_prelocked(pkg::Base.PkgId, env::String)
│      @ Base ./loading.jl:2840
│    [3] _require_prelocked(uuidkey::Base.PkgId, env::String)
│      @ Base ./loading.jl:2694
│    [4] macro expansion
│      @ ./loading.jl:2621 [inlined]
│    [5] macro expansion
│      @ ./lock.jl:376 [inlined]
│    [6] __require(into::Module, mod::Symbol)
│      @ Base ./loading.jl:2585
│    [7] require
│      @ ./loading.jl:2561 [inlined]
│    [8] eval_import_path
│      @ ./module.jl:36 [inlined]
│    [9] eval_import_path_all(at::Module, path::Expr, keyword::String)
│      @ Base ./module.jl:60
│   [10] _eval_using
│      @ ./module.jl:137 [inlined]
│   [11] _eval_using(to::Module, path::Expr)
│      @ Base ./module.jl:137
│   [12] top-level scope
│      @ /workdir/depot/packages/LinearSolve/NzF29/ext/LinearSolveForwardDiffExt.jl:3
│   [13] include(mod::Module, _path::String)
│      @ Base ./Base.jl:323
│   [14] include_package_for_output(pkg::Base.PkgId, input::String, syntax_version::VersionNumber, depot_path::Vector{String}, dl_load_path::Vector{String}, load_path::Vector{String}, concrete_deps::Vector{Pair{Base.PkgId, UInt128}}, source::Nothing)
│      @ Base ./loading.jl:3288
│   [15] top-level scope
│      @ stdin:5
│   [16] eval(m::Module, e::Any)
│      @ Core ./boot.jl:517
│   [17] include_string(mapexpr::typeof(identity), mod::Module, code::String, filename::String)
│      @ Base ./loading.jl:3130
│   [18] include_string
│      @ ./loading.jl:3140 [inlined]
│   [19] exec_options(opts::Base.JLOptions)
│      @ Base ./client.jl:342
│   [20] _start()
│      @ Base ./client.jl:585
│  in expression starting at /workdir/depot/packages/LinearSolve/NzF29/ext/LinearSolveForwardDiffExt.jl:1
│  in expression starting at stdin:5
└  
┌ NonlinearSolveFirstOrder
│  ERROR: LoadError: Precompiled image Base.PkgId(Base.UUID("87fe0de2-c867-4266-b59a-2f0a94fc965b"), "LineSearch") not available with flags CacheFlags(; use_pkgimages=true, debug_level=1, check_bounds=0, inline=true, opt_level=2)
│  Stacktrace:
│    [1] error(s::String)
│      @ Base ./error.jl:56
│    [2] __require_prelocked(pkg::Base.PkgId, env::String)
│      @ Base ./loading.jl:2840
│    [3] _require_prelocked(uuidkey::Base.PkgId, env::String)
│      @ Base ./loading.jl:2694
│    [4] macro expansion
│      @ ./loading.jl:2621 [inlined]
│    [5] macro expansion
│      @ ./lock.jl:376 [inlined]
│    [6] __require(into::Module, mod::Symbol)
│      @ Base ./loading.jl:2585
│    [7] require
│      @ ./loading.jl:2561 [inlined]
│    [8] eval_import_path
│      @ ./module.jl:36 [inlined]
│    [9] eval_import_path_all(at::Module, path::Expr, keyword::String)
│      @ Base ./module.jl:60
│   [10] _eval_import(::Bool, ::Module, ::Expr, ::Expr, ::Vararg{Expr})
│      @ Base ./module.jl:101
│   [11] top-level scope
│      @ /workdir/depot/packages/NonlinearSolveFirstOrder/hAPzw/src/NonlinearSolveFirstOrder.jl:11
│   [12] include(mod::Module, _path::String)
│      @ Base ./Base.jl:323
│   [13] include_package_for_output(pkg::Base.PkgId, input::String, syntax_version::VersionNumber, depot_path::Vector{String}, dl_load_path::Vector{String}, load_path::Vector{String}, concrete_deps::Vector{Pair{Base.PkgId, UInt128}}, source::Nothing)
│      @ Base ./loading.jl:3288
│   [14] top-level scope
│      @ stdin:5
│   [15] eval(m::Module, e::Any)
│      @ Core ./boot.jl:517
│   [16] include_string(mapexpr::typeof(identity), mod::Module, code::String, filename::String)
│      @ Base ./loading.jl:3130
│   [17] include_string
│      @ ./loading.jl:3140 [inlined]
│   [18] exec_options(opts::Base.JLOptions)
│      @ Base ./client.jl:342
│   [19] _start()
│      @ Base ./client.jl:585
│  in expression starting at /workdir/depot/packages/NonlinearSolveFirstOrder/hAPzw/src/NonlinearSolveFirstOrder.jl:1
│  in expression starting at stdin:5
└  
┌ OrdinaryDiffEqExponentialRK
│  ERROR: LoadError: Precompiled image Base.PkgId(Base.UUID("bbf590c4-e513-4bbe-9b18-05decba2e5d8"), "OrdinaryDiffEqCore") not available with flags CacheFlags(; use_pkgimages=true, debug_level=1, check_bounds=0, inline=true, opt_level=2)
│  Stacktrace:
│    [1] error(s::String)
│      @ Base ./error.jl:56
│    [2] __require_prelocked(pkg::Base.PkgId, env::String)
│      @ Base ./loading.jl:2840
│    [3] _require_prelocked(uuidkey::Base.PkgId, env::String)
│      @ Base ./loading.jl:2694
│    [4] macro expansion
│      @ ./loading.jl:2621 [inlined]
│    [5] macro expansion
│      @ ./lock.jl:376 [inlined]
│    [6] __require(into::Module, mod::Symbol)
│      @ Base ./loading.jl:2585
│    [7] require
│      @ ./loading.jl:2561 [inlined]
│    [8] eval_import_path
│      @ ./module.jl:36 [inlined]
│    [9] eval_import_path_all(at::Module, path::Expr, keyword::String)
│      @ Base ./module.jl:60
│   [10] _eval_import(::Bool, ::Module, ::Expr, ::Expr, ::Vararg{Expr})
│      @ Base ./module.jl:101
│   [11] top-level scope
│      @ /workdir/depot/packages/OrdinaryDiffEqExponentialRK/wcxeI/src/OrdinaryDiffEqExponentialRK.jl:3
│   [12] include(mod::Module, _path::String)
│      @ Base ./Base.jl:323
│   [13] include_package_for_output(pkg::Base.PkgId, input::String, syntax_version::VersionNumber, depot_path::Vector{String}, dl_load_path::Vector{String}, load_path::Vector{String}, concrete_deps::Vector{Pair{Base.PkgId, UInt128}}, source::Nothing)
│      @ Base ./loading.jl:3288
│   [14] top-level scope
│      @ stdin:5
│   [15] eval(m::Module, e::Any)
│      @ Core ./boot.jl:517
│   [16] include_string(mapexpr::typeof(identity), mod::Module, code::String, filename::String)
│      @ Base ./loading.jl:3130
│   [17] include_string
│      @ ./loading.jl:3140 [inlined]
│   [18] exec_options(opts::Base.JLOptions)
│      @ Base ./client.jl:342
│   [19] _start()
│      @ Base ./client.jl:585
│  in expression starting at /workdir/depot/packages/OrdinaryDiffEqExponentialRK/wcxeI/src/OrdinaryDiffEqExponentialRK.jl:1
│  in expression starting at stdin:5
└  
┌ NonlinearSolveBase → NonlinearSolveBaseLinearSolveExt
│  ERROR: LoadError: Precompiled image Base.PkgId(Base.UUID("7ed4a6bd-45f5-4d41-b270-4a48e9bafcae"), "LinearSolve") not available with flags CacheFlags(; use_pkgimages=true, debug_level=1, check_bounds=0, inline=true, opt_level=2)
│  Stacktrace:
│    [1] error(s::String)
│      @ Base ./error.jl:56
│    [2] __require_prelocked(pkg::Base.PkgId, env::String)
│      @ Base ./loading.jl:2840
│    [3] _require_prelocked(uuidkey::Base.PkgId, env::String)
│      @ Base ./loading.jl:2694
│    [4] macro expansion
│      @ ./loading.jl:2621 [inlined]
│    [5] macro expansion
│      @ ./lock.jl:376 [inlined]
│    [6] __require(into::Module, mod::Symbol)
│      @ Base ./loading.jl:2585
│    [7] require
│      @ ./loading.jl:2561 [inlined]
│    [8] eval_import_path
│      @ ./module.jl:36 [inlined]
│    [9] eval_import_path_all(at::Module, path::Expr, keyword::String)
│      @ Base ./module.jl:60
│   [10] _eval_import(::Bool, ::Module, ::Expr, ::Expr, ::Vararg{Expr})
│      @ Base ./module.jl:101
│   [11] top-level scope
│      @ /workdir/depot/packages/NonlinearSolveBase/Rw8Vf/ext/NonlinearSolveBaseLinearSolveExt.jl:6
│   [12] include(mod::Module, _path::String)
│      @ Base ./Base.jl:323
│   [13] include_package_for_output(pkg::Base.PkgId, input::String, syntax_version::VersionNumber, depot_path::Vector{String}, dl_load_path::Vector{String}, load_path::Vector{String}, concrete_deps::Vector{Pair{Base.PkgId, UInt128}}, source::Nothing)
│      @ Base ./loading.jl:3288
│   [14] top-level scope
│      @ stdin:5
│   [15] eval(m::Module, e::Any)
│      @ Core ./boot.jl:517
│   [16] include_string(mapexpr::typeof(identity), mod::Module, code::String, filename::String)
│      @ Base ./loading.jl:3130
│   [17] include_string
│      @ ./loading.jl:3140 [inlined]
│   [18] exec_options(opts::Base.JLOptions)
│      @ Base ./client.jl:342
│   [19] _start()
│      @ Base ./client.jl:585
│  in expression starting at /workdir/depot/packages/NonlinearSolveBase/Rw8Vf/ext/NonlinearSolveBaseLinearSolveExt.jl:1
│  in expression starting at stdin:5
└  
┌ SimpleNonlinearSolve
│  ERROR: LoadError: Precompiled image Base.PkgId(Base.UUID("70df07ce-3d50-431d-a3e7-ca6ddb60ac1e"), "BracketingNonlinearSolve") not available with flags CacheFlags(; use_pkgimages=true, debug_level=1, check_bounds=0, inline=true, opt_level=2)
│  Stacktrace:
│    [1] error(s::String)
│      @ Base ./error.jl:56
│    [2] __require_prelocked(pkg::Base.PkgId, env::String)
│      @ Base ./loading.jl:2840
│    [3] _require_prelocked(uuidkey::Base.PkgId, env::String)
│      @ Base ./loading.jl:2694
│    [4] macro expansion
│      @ ./loading.jl:2621 [inlined]
│    [5] macro expansion
│      @ ./lock.jl:376 [inlined]
│    [6] __require(into::Module, mod::Symbol)
│      @ Base ./loading.jl:2585
│    [7] require
│      @ ./loading.jl:2561 [inlined]
│    [8] eval_import_path
│      @ ./module.jl:36 [inlined]
│    [9] eval_import_path_all(at::Module, path::Expr, keyword::String)
│      @ Base ./module.jl:60
│   [10] _eval_import(::Bool, ::Module, ::Expr, ::Expr, ::Vararg{Expr})
│      @ Base ./module.jl:101
│   [11] top-level scope
│      @ /workdir/depot/packages/SimpleNonlinearSolve/SQzZW/src/SimpleNonlinearSolve.jl:8
│   [12] include(mod::Module, _path::String)
│      @ Base ./Base.jl:323
│   [13] include_package_for_output(pkg::Base.PkgId, input::String, syntax_version::VersionNumber, depot_path::Vector{String}, dl_load_path::Vector{String}, load_path::Vector{String}, concrete_deps::Vector{Pair{Base.PkgId, UInt128}}, source::Nothing)
│      @ Base ./loading.jl:3288
│   [14] top-level scope
│      @ stdin:5
│   [15] eval(m::Module, e::Any)
│      @ Core ./boot.jl:517
│   [16] include_string(mapexpr::typeof(identity), mod::Module, code::String, filename::String)
│      @ Base ./loading.jl:3130
│   [17] include_string
│      @ ./loading.jl:3140 [inlined]
│   [18] exec_options(opts::Base.JLOptions)
│      @ Base ./client.jl:342
│   [19] _start()
│      @ Base ./client.jl:585
│  in expression starting at /workdir/depot/packages/SimpleNonlinearSolve/SQzZW/src/SimpleNonlinearSolve.jl:1
│  in expression starting at stdin:5
└  
┌ NonlinearSolveSpectralMethods
│  ERROR: LoadError: Precompiled image Base.PkgId(Base.UUID("87fe0de2-c867-4266-b59a-2f0a94fc965b"), "LineSearch") not available with flags CacheFlags(; use_pkgimages=true, debug_level=1, check_bounds=0, inline=true, opt_level=2)
│  Stacktrace:
│    [1] error(s::String)
│      @ Base ./error.jl:56
│    [2] __require_prelocked(pkg::Base.PkgId, env::String)
│      @ Base ./loading.jl:2840
│    [3] _require_prelocked(uuidkey::Base.PkgId, env::String)
│      @ Base ./loading.jl:2694
│    [4] macro expansion
│      @ ./loading.jl:2621 [inlined]
│    [5] macro expansion
│      @ ./lock.jl:376 [inlined]
│    [6] __require(into::Module, mod::Symbol)
│      @ Base ./loading.jl:2585
│    [7] require
│      @ ./loading.jl:2561 [inlined]
│    [8] eval_import_path
│      @ ./module.jl:36 [inlined]
│    [9] eval_import_path_all(at::Module, path::Expr, keyword::String)
│      @ Base ./module.jl:60
│   [10] _eval_import(::Bool, ::Module, ::Expr, ::Expr, ::Vararg{Expr})
│      @ Base ./module.jl:101
│   [11] top-level scope
│      @ /workdir/depot/packages/NonlinearSolveSpectralMethods/MM0BP/src/NonlinearSolveSpectralMethods.jl:8
│   [12] include(mod::Module, _path::String)
│      @ Base ./Base.jl:323
│   [13] include_package_for_output(pkg::Base.PkgId, input::String, syntax_version::VersionNumber, depot_path::Vector{String}, dl_load_path::Vector{String}, load_path::Vector{String}, concrete_deps::Vector{Pair{Base.PkgId, UInt128}}, source::Nothing)
│      @ Base ./loading.jl:3288
│   [14] top-level scope
│      @ stdin:5
│   [15] eval(m::Module, e::Any)
│      @ Core ./boot.jl:517
│   [16] include_string(mapexpr::typeof(identity), mod::Module, code::String, filename::String)
│      @ Base ./loading.jl:3130
│   [17] include_string
│      @ ./loading.jl:3140 [inlined]
│   [18] exec_options(opts::Base.JLOptions)
│      @ Base ./client.jl:342
│   [19] _start()
│      @ Base ./client.jl:585
│  in expression starting at /workdir/depot/packages/NonlinearSolveSpectralMethods/MM0BP/src/NonlinearSolveSpectralMethods.jl:1
│  in expression starting at stdin:5
└  
┌ OrdinaryDiffEqFIRK
│  ERROR: LoadError: Precompiled image Base.PkgId(Base.UUID("bbf590c4-e513-4bbe-9b18-05decba2e5d8"), "OrdinaryDiffEqCore") not available with flags CacheFlags(; use_pkgimages=true, debug_level=1, check_bounds=0, inline=true, opt_level=2)
│  Stacktrace:
│    [1] error(s::String)
│      @ Base ./error.jl:56
│    [2] __require_prelocked(pkg::Base.PkgId, env::String)
│      @ Base ./loading.jl:2840
│    [3] _require_prelocked(uuidkey::Base.PkgId, env::String)
│      @ Base ./loading.jl:2694
│    [4] macro expansion
│      @ ./loading.jl:2621 [inlined]
│    [5] macro expansion
│      @ ./lock.jl:376 [inlined]
│    [6] __require(into::Module, mod::Symbol)
│      @ Base ./loading.jl:2585
│    [7] require
│      @ ./loading.jl:2561 [inlined]
│    [8] eval_import_path
│      @ ./module.jl:36 [inlined]
│    [9] eval_import_path_all(at::Module, path::Expr, keyword::String)
│      @ Base ./module.jl:60
│   [10] _eval_import(::Bool, ::Module, ::Expr, ::Expr, ::Vararg{Expr})
│      @ Base ./module.jl:101
│   [11] top-level scope
│      @ /workdir/depot/packages/OrdinaryDiffEqFIRK/oAd1o/src/OrdinaryDiffEqFIRK.jl:3
│   [12] include(mod::Module, _path::String)
│      @ Base ./Base.jl:323
│   [13] include_package_for_output(pkg::Base.PkgId, input::String, syntax_version::VersionNumber, depot_path::Vector{String}, dl_load_path::Vector{String}, load_path::Vector{String}, concrete_deps::Vector{Pair{Base.PkgId, UInt128}}, source::Nothing)
│      @ Base ./loading.jl:3288
│   [14] top-level scope
│      @ stdin:5
│   [15] eval(m::Module, e::Any)
│      @ Core ./boot.jl:517
│   [16] include_string(mapexpr::typeof(identity), mod::Module, code::String, filename::String)
│      @ Base ./loading.jl:3130
│   [17] include_string
│      @ ./loading.jl:3140 [inlined]
│   [18] exec_options(opts::Base.JLOptions)
│      @ Base ./client.jl:342
│   [19] _start()
│      @ Base ./client.jl:585
│  in expression starting at /workdir/depot/packages/OrdinaryDiffEqFIRK/oAd1o/src/OrdinaryDiffEqFIRK.jl:1
│  in expression starting at stdin:5
└  
┌ NonlinearSolveQuasiNewton → NonlinearSolveQuasiNewtonForwardDiffExt
│  ERROR: LoadError: Precompiled image Base.PkgId(Base.UUID("0bca4576-84f4-4d90-8ffe-ffa030f20462"), "SciMLBase") not available with flags CacheFlags(; use_pkgimages=true, debug_level=1, check_bounds=0, inline=true, opt_level=2)
│  Stacktrace:
│    [1] error(s::String)
│      @ Base ./error.jl:56
│    [2] __require_prelocked(pkg::Base.PkgId, env::String)
│      @ Base ./loading.jl:2840
│    [3] _require_prelocked(uuidkey::Base.PkgId, env::String)
│      @ Base ./loading.jl:2694
│    [4] macro expansion
│      @ ./loading.jl:2621 [inlined]
│    [5] macro expansion
│      @ ./lock.jl:376 [inlined]
│    [6] __require(into::Module, mod::Symbol)
│      @ Base ./loading.jl:2585
│    [7] require
│      @ ./loading.jl:2561 [inlined]
│    [8] eval_import_path
│      @ ./module.jl:36 [inlined]
│    [9] eval_import_path_all(at::Module, path::Expr, keyword::String)
│      @ Base ./module.jl:60
│   [10] _eval_import(::Bool, ::Module, ::Expr, ::Expr, ::Vararg{Expr})
│      @ Base ./module.jl:101
│   [11] top-level scope
│      @ /workdir/depot/packages/NonlinearSolveQuasiNewton/wYNEY/ext/NonlinearSolveQuasiNewtonForwardDiffExt.jl:5
│   [12] include(mod::Module, _path::String)
│      @ Base ./Base.jl:323
│   [13] include_package_for_output(pkg::Base.PkgId, input::String, syntax_version::VersionNumber, depot_path::Vector{String}, dl_load_path::Vector{String}, load_path::Vector{String}, concrete_deps::Vector{Pair{Base.PkgId, UInt128}}, source::Nothing)
│      @ Base ./loading.jl:3288
│   [14] top-level scope
│      @ stdin:5
│   [15] eval(m::Module, e::Any)
│      @ Core ./boot.jl:517
│   [16] include_string(mapexpr::typeof(identity), mod::Module, code::String, filename::String)
│      @ Base ./loading.jl:3130
│   [17] include_string
│      @ ./loading.jl:3140 [inlined]
│   [18] exec_options(opts::Base.JLOptions)
│      @ Base ./client.jl:342
│   [19] _start()
│      @ Base ./client.jl:585
│  in expression starting at /workdir/depot/packages/NonlinearSolveQuasiNewton/wYNEY/ext/NonlinearSolveQuasiNewtonForwardDiffExt.jl:1
│  in expression starting at stdin:5
└  
┌ OrdinaryDiffEqExtrapolation
│  ERROR: LoadError: Precompiled image Base.PkgId(Base.UUID("bbf590c4-e513-4bbe-9b18-05decba2e5d8"), "OrdinaryDiffEqCore") not available with flags CacheFlags(; use_pkgimages=true, debug_level=1, check_bounds=0, inline=true, opt_level=2)
│  Stacktrace:
│    [1] error(s::String)
│      @ Base ./error.jl:56
│    [2] __require_prelocked(pkg::Base.PkgId, env::String)
│      @ Base ./loading.jl:2840
│    [3] _require_prelocked(uuidkey::Base.PkgId, env::String)
│      @ Base ./loading.jl:2694
│    [4] macro expansion
│      @ ./loading.jl:2621 [inlined]
│    [5] macro expansion
│      @ ./lock.jl:376 [inlined]
│    [6] __require(into::Module, mod::Symbol)
│      @ Base ./loading.jl:2585
│    [7] require
│      @ ./loading.jl:2561 [inlined]
│    [8] eval_import_path
│      @ ./module.jl:36 [inlined]
│    [9] eval_import_path_all(at::Module, path::Expr, keyword::String)
│      @ Base ./module.jl:60
│   [10] _eval_import(::Bool, ::Module, ::Expr, ::Expr, ::Vararg{Expr})
│      @ Base ./module.jl:101
│   [11] top-level scope
│      @ /workdir/depot/packages/OrdinaryDiffEqExtrapolation/gpeJ0/src/OrdinaryDiffEqExtrapolation.jl:3
│   [12] include(mod::Module, _path::String)
│      @ Base ./Base.jl:323
│   [13] include_package_for_output(pkg::Base.PkgId, input::String, syntax_version::VersionNumber, depot_path::Vector{String}, dl_load_path::Vector{String}, load_path::Vector{String}, concrete_deps::Vector{Pair{Base.PkgId, UInt128}}, source::Nothing)
│      @ Base ./loading.jl:3288
│   [14] top-level scope
│      @ stdin:5
│   [15] eval(m::Module, e::Any)
│      @ Core ./boot.jl:517
│   [16] include_string(mapexpr::typeof(identity), mod::Module, code::String, filename::String)
│      @ Base ./loading.jl:3130
│   [17] include_string
│      @ ./loading.jl:3140 [inlined]
│   [18] exec_options(opts::Base.JLOptions)
│      @ Base ./client.jl:342
│   [19] _start()
│      @ Base ./client.jl:585
│  in expression starting at /workdir/depot/packages/OrdinaryDiffEqExtrapolation/gpeJ0/src/OrdinaryDiffEqExtrapolation.jl:1
│  in expression starting at stdin:5
└  
┌ LinearSolve
│  ERROR: LoadError: Precompiled image Base.PkgId(Base.UUID("0bca4576-84f4-4d90-8ffe-ffa030f20462"), "SciMLBase") not available with flags CacheFlags(; use_pkgimages=true, debug_level=1, check_bounds=0, inline=true, opt_level=2)
│  Stacktrace:
│    [1] error(s::String)
│      @ Base ./error.jl:56
│    [2] __require_prelocked(pkg::Base.PkgId, env::String)
│      @ Base ./loading.jl:2840
│    [3] _require_prelocked(uuidkey::Base.PkgId, env::String)
│      @ Base ./loading.jl:2694
│    [4] macro expansion
│      @ ./loading.jl:2621 [inlined]
│    [5] macro expansion
│      @ ./lock.jl:376 [inlined]
│    [6] __require(into::Module, mod::Symbol)
│      @ Base ./loading.jl:2585
│    [7] require
│      @ ./loading.jl:2561 [inlined]
│    [8] eval_import_path
│      @ ./module.jl:36 [inlined]
│    [9] eval_import_path_all(at::Module, path::Expr, keyword::String)
│      @ Base ./module.jl:60
│   [10] _eval_import(::Bool, ::Module, ::Expr, ::Expr, ::Vararg{Expr})
│      @ Base ./module.jl:101
│   [11] top-level scope
│      @ /workdir/depot/packages/LinearSolve/NzF29/src/LinearSolve.jl:18
│   [12] include(mod::Module, _path::String)
│      @ Base ./Base.jl:323
│   [13] include_package_for_output(pkg::Base.PkgId, input::String, syntax_version::VersionNumber, depot_path::Vector{String}, dl_load_path::Vector{String}, load_path::Vector{String}, concrete_deps::Vector{Pair{Base.PkgId, UInt128}}, source::Nothing)
│      @ Base ./loading.jl:3288
│   [14] top-level scope
│      @ stdin:5
│   [15] eval(m::Module, e::Any)
│      @ Core ./boot.jl:517
│   [16] include_string(mapexpr::typeof(identity), mod::Module, code::String, filename::String)
│      @ Base ./loading.jl:3130
│   [17] include_string
│      @ ./loading.jl:3140 [inlined]
│   [18] exec_options(opts::Base.JLOptions)
│      @ Base ./client.jl:342
│   [19] _start()
│      @ Base ./client.jl:585
│  in expression starting at /workdir/depot/packages/LinearSolve/NzF29/src/LinearSolve.jl:1
│  in expression starting at stdin:5
└  
┌ RecursiveArrayTools → RecursiveArrayToolsStatisticsExt
│  ERROR: LoadError: Precompiled image Base.PkgId(Base.UUID("731186ca-8d62-57ce-b412-fbd966d074cd"), "RecursiveArrayTools") not available with flags CacheFlags(; use_pkgimages=true, debug_level=1, check_bounds=0, inline=true, opt_level=2)
│  Stacktrace:
│    [1] error(s::String)
│      @ Base ./error.jl:56
│    [2] __require_prelocked(pkg::Base.PkgId, env::String)
│      @ Base ./loading.jl:2840
│    [3] _require_prelocked(uuidkey::Base.PkgId, env::String)
│      @ Base ./loading.jl:2694
│    [4] macro expansion
│      @ ./loading.jl:2621 [inlined]
│    [5] macro expansion
│      @ ./lock.jl:376 [inlined]
│    [6] __require(into::Module, mod::Symbol)
│      @ Base ./loading.jl:2585
│    [7] require
│      @ ./loading.jl:2561 [inlined]
│    [8] eval_import_path
│      @ ./module.jl:36 [inlined]
│    [9] eval_import_path_all(at::Module, path::Expr, keyword::String)
│      @ Base ./module.jl:60
│   [10] _eval_using
│      @ ./module.jl:137 [inlined]
│   [11] _eval_using(to::Module, path::Expr)
│      @ Base ./module.jl:137
│   [12] top-level scope
│      @ /workdir/depot/packages/RecursiveArrayTools/AvG3i/ext/RecursiveArrayToolsStatisticsExt.jl:3
│   [13] include(mod::Module, _path::String)
│      @ Base ./Base.jl:323
│   [14] include_package_for_output(pkg::Base.PkgId, input::String, syntax_version::VersionNumber, depot_path::Vector{String}, dl_load_path::Vector{String}, load_path::Vector{String}, concrete_deps::Vector{Pair{Base.PkgId, UInt128}}, source::Nothing)
│      @ Base ./loading.jl:3288
│   [15] top-level scope
│      @ stdin:5
│   [16] eval(m::Module, e::Any)
│      @ Core ./boot.jl:517
│   [17] include_string(mapexpr::typeof(identity), mod::Module, code::String, filename::String)
│      @ Base ./loading.jl:3130
│   [18] include_string
│      @ ./loading.jl:3140 [inlined]
│   [19] exec_options(opts::Base.JLOptions)
│      @ Base ./client.jl:342
│   [20] _start()
│      @ Base ./client.jl:585
│  in expression starting at /workdir/depot/packages/RecursiveArrayTools/AvG3i/ext/RecursiveArrayToolsStatisticsExt.jl:1
│  in expression starting at stdin:5
└  
┌ NonlinearSolveSpectralMethods → NonlinearSolveSpectralMethodsForwardDiffExt
│  ERROR: LoadError: Precompiled image Base.PkgId(Base.UUID("0bca4576-84f4-4d90-8ffe-ffa030f20462"), "SciMLBase") not available with flags CacheFlags(; use_pkgimages=true, debug_level=1, check_bounds=0, inline=true, opt_level=2)
│  Stacktrace:
│    [1] error(s::String)
│      @ Base ./error.jl:56
│    [2] __require_prelocked(pkg::Base.PkgId, env::String)
│      @ Base ./loading.jl:2840
│    [3] _require_prelocked(uuidkey::Base.PkgId, env::String)
│      @ Base ./loading.jl:2694
│    [4] macro expansion
│      @ ./loading.jl:2621 [inlined]
│    [5] macro expansion
│      @ ./lock.jl:376 [inlined]
│    [6] __require(into::Module, mod::Symbol)
│      @ Base ./loading.jl:2585
│    [7] require
│      @ ./loading.jl:2561 [inlined]
│    [8] eval_import_path
│      @ ./module.jl:36 [inlined]
│    [9] eval_import_path_all(at::Module, path::Expr, keyword::String)
│      @ Base ./module.jl:60
│   [10] _eval_import(::Bool, ::Module, ::Expr, ::Expr, ::Vararg{Expr})
│      @ Base ./module.jl:101
│   [11] top-level scope
│      @ /workdir/depot/packages/NonlinearSolveSpectralMethods/MM0BP/ext/NonlinearSolveSpectralMethodsForwardDiffExt.jl:5
│   [12] include(mod::Module, _path::String)
│      @ Base ./Base.jl:323
│   [13] include_package_for_output(pkg::Base.PkgId, input::String, syntax_version::VersionNumber, depot_path::Vector{String}, dl_load_path::Vector{String}, load_path::Vector{String}, concrete_deps::Vector{Pair{Base.PkgId, UInt128}}, source::Nothing)
│      @ Base ./loading.jl:3288
│   [14] top-level scope
│      @ stdin:5
│   [15] eval(m::Module, e::Any)
│      @ Core ./boot.jl:517
│   [16] include_string(mapexpr::typeof(identity), mod::Module, code::String, filename::String)
│      @ Base ./loading.jl:3130
│   [17] include_string
│      @ ./loading.jl:3140 [inlined]
│   [18] exec_options(opts::Base.JLOptions)
│      @ Base ./client.jl:342
│   [19] _start()
│      @ Base ./client.jl:585
│  in expression starting at /workdir/depot/packages/NonlinearSolveSpectralMethods/MM0BP/ext/NonlinearSolveSpectralMethodsForwardDiffExt.jl:1
│  in expression starting at stdin:5
└  
┌ OrdinaryDiffEqRKN
│  ERROR: LoadError: Precompiled image Base.PkgId(Base.UUID("bbf590c4-e513-4bbe-9b18-05decba2e5d8"), "OrdinaryDiffEqCore") not available with flags CacheFlags(; use_pkgimages=true, debug_level=1, check_bounds=0, inline=true, opt_level=2)
│  Stacktrace:
│    [1] error(s::String)
│      @ Base ./error.jl:56
│    [2] __require_prelocked(pkg::Base.PkgId, env::String)
│      @ Base ./loading.jl:2840
│    [3] _require_prelocked(uuidkey::Base.PkgId, env::String)
│      @ Base ./loading.jl:2694
│    [4] macro expansion
│      @ ./loading.jl:2621 [inlined]
│    [5] macro expansion
│      @ ./lock.jl:376 [inlined]
│    [6] __require(into::Module, mod::Symbol)
│      @ Base ./loading.jl:2585
│    [7] require
│      @ ./loading.jl:2561 [inlined]
│    [8] eval_import_path
│      @ ./module.jl:36 [inlined]
│    [9] eval_import_path_all(at::Module, path::Expr, keyword::String)
│      @ Base ./module.jl:60
│   [10] _eval_import(::Bool, ::Module, ::Expr, ::Expr, ::Vararg{Expr})
│      @ Base ./module.jl:101
│   [11] top-level scope
│      @ /workdir/depot/packages/OrdinaryDiffEqRKN/yxAka/src/OrdinaryDiffEqRKN.jl:3
│   [12] include(mod::Module, _path::String)
│      @ Base ./Base.jl:323
│   [13] include_package_for_output(pkg::Base.PkgId, input::String, syntax_version::VersionNumber, depot_path::Vector{String}, dl_load_path::Vector{String}, load_path::Vector{String}, concrete_deps::Vector{Pair{Base.PkgId, UInt128}}, source::Nothing)
│      @ Base ./loading.jl:3288
│   [14] top-level scope
│      @ stdin:5
│   [15] eval(m::Module, e::Any)
│      @ Core ./boot.jl:517
│   [16] include_string(mapexpr::typeof(identity), mod::Module, code::String, filename::String)
│      @ Base ./loading.jl:3130
│   [17] include_string
│      @ ./loading.jl:3140 [inlined]
│   [18] exec_options(opts::Base.JLOptions)
│      @ Base ./client.jl:342
│   [19] _start()
│      @ Base ./client.jl:585
│  in expression starting at /workdir/depot/packages/OrdinaryDiffEqRKN/yxAka/src/OrdinaryDiffEqRKN.jl:1
│  in expression starting at stdin:5
└  
┌ DiffEqBase → DiffEqBaseForwardDiffExt
│  ERROR: LoadError: Precompiled image Base.PkgId(Base.UUID("2b5f629d-d688-5b77-993f-72d75c75574e"), "DiffEqBase") not available with flags CacheFlags(; use_pkgimages=true, debug_level=1, check_bounds=0, inline=true, opt_level=2)
│  Stacktrace:
│    [1] error(s::String)
│      @ Base ./error.jl:56
│    [2] __require_prelocked(pkg::Base.PkgId, env::String)
│      @ Base ./loading.jl:2840
│    [3] _require_prelocked(uuidkey::Base.PkgId, env::String)
│      @ Base ./loading.jl:2694
│    [4] macro expansion
│      @ ./loading.jl:2621 [inlined]
│    [5] macro expansion
│      @ ./lock.jl:376 [inlined]
│    [6] __require(into::Module, mod::Symbol)
│      @ Base ./loading.jl:2585
│    [7] require
│      @ ./loading.jl:2561 [inlined]
│    [8] eval_import_path
│      @ ./module.jl:36 [inlined]
│    [9] eval_import_path_all(at::Module, path::Expr, keyword::String)
│      @ Base ./module.jl:60
│   [10] _eval_using
│      @ ./module.jl:137 [inlined]
│   [11] _eval_using(to::Module, path::Expr)
│      @ Base ./module.jl:137
│   [12] top-level scope
│      @ /workdir/depot/packages/DiffEqBase/4RFWW/ext/DiffEqBaseForwardDiffExt.jl:3
│   [13] include(mod::Module, _path::String)
│      @ Base ./Base.jl:323
│   [14] include_package_for_output(pkg::Base.PkgId, input::String, syntax_version::VersionNumber, depot_path::Vector{String}, dl_load_path::Vector{String}, load_path::Vector{String}, concrete_deps::Vector{Pair{Base.PkgId, UInt128}}, source::Nothing)
│      @ Base ./loading.jl:3288
│   [15] top-level scope
│      @ stdin:5
│   [16] eval(m::Module, e::Any)
│      @ Core ./boot.jl:517
│   [17] include_string(mapexpr::typeof(identity), mod::Module, code::String, filename::String)
│      @ Base ./loading.jl:3130
│   [18] include_string
│      @ ./loading.jl:3140 [inlined]
│   [19] exec_options(opts::Base.JLOptions)
│      @ Base ./client.jl:342
│   [20] _start()
│      @ Base ./client.jl:585
│  in expression starting at /workdir/depot/packages/DiffEqBase/4RFWW/ext/DiffEqBaseForwardDiffExt.jl:1
│  in expression starting at stdin:5
└  
┌ OrdinaryDiffEqSDIRK
│  ERROR: LoadError: Precompiled image Base.PkgId(Base.UUID("bbf590c4-e513-4bbe-9b18-05decba2e5d8"), "OrdinaryDiffEqCore") not available with flags CacheFlags(; use_pkgimages=true, debug_level=1, check_bounds=0, inline=true, opt_level=2)
│  Stacktrace:
│    [1] error(s::String)
│      @ Base ./error.jl:56
│    [2] __require_prelocked(pkg::Base.PkgId, env::String)
│      @ Base ./loading.jl:2840
│    [3] _require_prelocked(uuidkey::Base.PkgId, env::String)
│      @ Base ./loading.jl:2694
│    [4] macro expansion
│      @ ./loading.jl:2621 [inlined]
│    [5] macro expansion
│      @ ./lock.jl:376 [inlined]
│    [6] __require(into::Module, mod::Symbol)
│      @ Base ./loading.jl:2585
│    [7] require
│      @ ./loading.jl:2561 [inlined]
│    [8] eval_import_path
│      @ ./module.jl:36 [inlined]
│    [9] eval_import_path_all(at::Module, path::Expr, keyword::String)
│      @ Base ./module.jl:60
│   [10] _eval_import(::Bool, ::Module, ::Expr, ::Expr, ::Vararg{Expr})
│      @ Base ./module.jl:101
│   [11] top-level scope
│      @ /workdir/depot/packages/OrdinaryDiffEqSDIRK/x9yQd/src/OrdinaryDiffEqSDIRK.jl:3
│   [12] include(mod::Module, _path::String)
│      @ Base ./Base.jl:323
│   [13] include_package_for_output(pkg::Base.PkgId, input::String, syntax_version::VersionNumber, depot_path::Vector{String}, dl_load_path::Vector{String}, load_path::Vector{String}, concrete_deps::Vector{Pair{Base.PkgId, UInt128}}, source::Nothing)
│      @ Base ./loading.jl:3288
│   [14] top-level scope
│      @ stdin:5
│   [15] eval(m::Module, e::Any)
│      @ Core ./boot.jl:517
│   [16] include_string(mapexpr::typeof(identity), mod::Module, code::String, filename::String)
│      @ Base ./loading.jl:3130
│   [17] include_string
│      @ ./loading.jl:3140 [inlined]
│   [18] exec_options(opts::Base.JLOptions)
│      @ Base ./client.jl:342
│   [19] _start()
│      @ Base ./client.jl:585
│  in expression starting at /workdir/depot/packages/OrdinaryDiffEqSDIRK/x9yQd/src/OrdinaryDiffEqSDIRK.jl:1
│  in expression starting at stdin:5
└  
┌ OrdinaryDiffEqSSPRK
│  ERROR: LoadError: Precompiled image Base.PkgId(Base.UUID("bbf590c4-e513-4bbe-9b18-05decba2e5d8"), "OrdinaryDiffEqCore") not available with flags CacheFlags(; use_pkgimages=true, debug_level=1, check_bounds=0, inline=true, opt_level=2)
│  Stacktrace:
│    [1] error(s::String)
│      @ Base ./error.jl:56
│    [2] __require_prelocked(pkg::Base.PkgId, env::String)
│      @ Base ./loading.jl:2840
│    [3] _require_prelocked(uuidkey::Base.PkgId, env::String)
│      @ Base ./loading.jl:2694
│    [4] macro expansion
│      @ ./loading.jl:2621 [inlined]
│    [5] macro expansion
│      @ ./lock.jl:376 [inlined]
│    [6] __require(into::Module, mod::Symbol)
│      @ Base ./loading.jl:2585
│    [7] require
│      @ ./loading.jl:2561 [inlined]
│    [8] eval_import_path
│      @ ./module.jl:36 [inlined]
│    [9] eval_import_path_all(at::Module, path::Expr, keyword::String)
│      @ Base ./module.jl:60
│   [10] _eval_import(::Bool, ::Module, ::Expr, ::Expr, ::Vararg{Expr})
│      @ Base ./module.jl:101
│   [11] top-level scope
│      @ /workdir/depot/packages/OrdinaryDiffEqSSPRK/4XvhT/src/OrdinaryDiffEqSSPRK.jl:3
│   [12] include(mod::Module, _path::String)
│      @ Base ./Base.jl:323
│   [13] include_package_for_output(pkg::Base.PkgId, input::String, syntax_version::VersionNumber, depot_path::Vector{String}, dl_load_path::Vector{String}, load_path::Vector{String}, concrete_deps::Vector{Pair{Base.PkgId, UInt128}}, source::Nothing)
│      @ Base ./loading.jl:3288
│   [14] top-level scope
│      @ stdin:5
│   [15] eval(m::Module, e::Any)
│      @ Core ./boot.jl:517
│   [16] include_string(mapexpr::typeof(identity), mod::Module, code::String, filename::String)
│      @ Base ./loading.jl:3130
│   [17] include_string
│      @ ./loading.jl:3140 [inlined]
│   [18] exec_options(opts::Base.JLOptions)
│      @ Base ./client.jl:342
│   [19] _start()
│      @ Base ./client.jl:585
│  in expression starting at /workdir/depot/packages/OrdinaryDiffEqSSPRK/4XvhT/src/OrdinaryDiffEqSSPRK.jl:1
│  in expression starting at stdin:5
└  
┌ SciMLOperators → SciMLOperatorsStaticArraysCoreExt
│  ERROR: LoadError: Precompiled image Base.PkgId(Base.UUID("c0aeaf25-5076-4817-a8d5-81caf7dfa961"), "SciMLOperators") not available with flags CacheFlags(; use_pkgimages=true, debug_level=1, check_bounds=0, inline=true, opt_level=2)
│  Stacktrace:
│    [1] error(s::String)
│      @ Base ./error.jl:56
│    [2] __require_prelocked(pkg::Base.PkgId, env::String)
│      @ Base ./loading.jl:2840
│    [3] _require_prelocked(uuidkey::Base.PkgId, env::String)
│      @ Base ./loading.jl:2694
│    [4] macro expansion
│      @ ./loading.jl:2621 [inlined]
│    [5] macro expansion
│      @ ./lock.jl:376 [inlined]
│    [6] __require(into::Module, mod::Symbol)
│      @ Base ./loading.jl:2585
│    [7] require
│      @ ./loading.jl:2561 [inlined]
│    [8] eval_import_path
│      @ ./module.jl:36 [inlined]
│    [9] _eval_import(imported::Bool, to::Module, from::Nothing, paths::Expr)
│      @ Base ./module.jl:111
│   [10] top-level scope
│      @ /workdir/depot/packages/SciMLOperators/uWgDC/ext/SciMLOperatorsStaticArraysCoreExt.jl:3
│   [11] include(mod::Module, _path::String)
│      @ Base ./Base.jl:323
│   [12] include_package_for_output(pkg::Base.PkgId, input::String, syntax_version::VersionNumber, depot_path::Vector{String}, dl_load_path::Vector{String}, load_path::Vector{String}, concrete_deps::Vector{Pair{Base.PkgId, UInt128}}, source::Nothing)
│      @ Base ./loading.jl:3288
│   [13] top-level scope
│      @ stdin:5
│   [14] eval(m::Module, e::Any)
│      @ Core ./boot.jl:517
│   [15] include_string(mapexpr::typeof(identity), mod::Module, code::String, filename::String)
│      @ Base ./loading.jl:3130
│   [16] include_string
│      @ ./loading.jl:3140 [inlined]
│   [17] exec_options(opts::Base.JLOptions)
│      @ Base ./client.jl:342
│   [18] _start()
│      @ Base ./client.jl:585
│  in expression starting at /workdir/depot/packages/SciMLOperators/uWgDC/ext/SciMLOperatorsStaticArraysCoreExt.jl:1
│  in expression starting at stdin:5
└  
┌ SciMLBase → SciMLBaseDifferentiationInterfaceExt
│  ERROR: LoadError: Precompiled image Base.PkgId(Base.UUID("0bca4576-84f4-4d90-8ffe-ffa030f20462"), "SciMLBase") not available with flags CacheFlags(; use_pkgimages=true, debug_level=1, check_bounds=0, inline=true, opt_level=2)
│  Stacktrace:
│    [1] error(s::String)
│      @ Base ./error.jl:56
│    [2] __require_prelocked(pkg::Base.PkgId, env::String)
│      @ Base ./loading.jl:2840
│    [3] _require_prelocked(uuidkey::Base.PkgId, env::String)
│      @ Base ./loading.jl:2694
│    [4] macro expansion
│      @ ./loading.jl:2621 [inlined]
│    [5] macro expansion
│      @ ./lock.jl:376 [inlined]
│    [6] __require(into::Module, mod::Symbol)
│      @ Base ./loading.jl:2585
│    [7] require
│      @ ./loading.jl:2561 [inlined]
│    [8] eval_import_path
│      @ ./module.jl:36 [inlined]
│    [9] eval_import_path_all(at::Module, path::Expr, keyword::String)
│      @ Base ./module.jl:60
│   [10] _eval_using
│      @ ./module.jl:137 [inlined]
│   [11] _eval_using(to::Module, path::Expr)
│      @ Base ./module.jl:137
│   [12] top-level scope
│      @ /workdir/depot/packages/SciMLBase/eTBDr/ext/SciMLBaseDifferentiationInterfaceExt.jl:3
│   [13] include(mod::Module, _path::String)
│      @ Base ./Base.jl:323
│   [14] include_package_for_output(pkg::Base.PkgId, input::String, syntax_version::VersionNumber, depot_path::Vector{String}, dl_load_path::Vector{String}, load_path::Vector{String}, concrete_deps::Vector{Pair{Base.PkgId, UInt128}}, source::Nothing)
│      @ Base ./loading.jl:3288
│   [15] top-level scope
│      @ stdin:5
│   [16] eval(m::Module, e::Any)
│      @ Core ./boot.jl:517
│   [17] include_string(mapexpr::typeof(identity), mod::Module, code::String, filename::String)
│      @ Base ./loading.jl:3130
│   [18] include_string
│      @ ./loading.jl:3140 [inlined]
│   [19] exec_options(opts::Base.JLOptions)
│      @ Base ./client.jl:342
│   [20] _start()
│      @ Base ./client.jl:585
│  in expression starting at /workdir/depot/packages/SciMLBase/eTBDr/ext/SciMLBaseDifferentiationInterfaceExt.jl:1
│  in expression starting at stdin:5
└  
┌ OrdinaryDiffEqCore → OrdinaryDiffEqCoreSparseArraysExt
│  ERROR: LoadError: Precompiled image Base.PkgId(Base.UUID("bbf590c4-e513-4bbe-9b18-05decba2e5d8"), "OrdinaryDiffEqCore") not available with flags CacheFlags(; use_pkgimages=true, debug_level=1, check_bounds=0, inline=true, opt_level=2)
│  Stacktrace:
│    [1] error(s::String)
│      @ Base ./error.jl:56
│    [2] __require_prelocked(pkg::Base.PkgId, env::String)
│      @ Base ./loading.jl:2840
│    [3] _require_prelocked(uuidkey::Base.PkgId, env::String)
│      @ Base ./loading.jl:2694
│    [4] macro expansion
│      @ ./loading.jl:2621 [inlined]
│    [5] macro expansion
│      @ ./lock.jl:376 [inlined]
│    [6] __require(into::Module, mod::Symbol)
│      @ Base ./loading.jl:2585
│    [7] require
│      @ ./loading.jl:2561 [inlined]
│    [8] eval_import_path
│      @ ./module.jl:36 [inlined]
│    [9] eval_import_path_all(at::Module, path::Expr, keyword::String)
│      @ Base ./module.jl:60
│   [10] _eval_import(::Bool, ::Module, ::Expr, ::Expr, ::Vararg{Expr})
│      @ Base ./module.jl:101
│   [11] top-level scope
│      @ /workdir/depot/packages/OrdinaryDiffEqCore/tusSd/ext/OrdinaryDiffEqCoreSparseArraysExt.jl:4
│   [12] include(mod::Module, _path::String)
│      @ Base ./Base.jl:323
│   [13] include_package_for_output(pkg::Base.PkgId, input::String, syntax_version::VersionNumber, depot_path::Vector{String}, dl_load_path::Vector{String}, load_path::Vector{String}, concrete_deps::Vector{Pair{Base.PkgId, UInt128}}, source::Nothing)
│      @ Base ./loading.jl:3288
│   [14] top-level scope
│      @ stdin:5
│   [15] eval(m::Module, e::Any)
│      @ Core ./boot.jl:517
│   [16] include_string(mapexpr::typeof(identity), mod::Module, code::String, filename::String)
│      @ Base ./loading.jl:3130
│   [17] include_string
│      @ ./loading.jl:3140 [inlined]
│   [18] exec_options(opts::Base.JLOptions)
│      @ Base ./client.jl:342
│   [19] _start()
│      @ Base ./client.jl:585
│  in expression starting at /workdir/depot/packages/OrdinaryDiffEqCore/tusSd/ext/OrdinaryDiffEqCoreSparseArraysExt.jl:1
│  in expression starting at stdin:5
└  
┌ SciMLBase → SciMLBaseForwardDiffExt
│  ERROR: LoadError: Precompiled image Base.PkgId(Base.UUID("0bca4576-84f4-4d90-8ffe-ffa030f20462"), "SciMLBase") not available with flags CacheFlags(; use_pkgimages=true, debug_level=1, check_bounds=0, inline=true, opt_level=2)
│  Stacktrace:
│    [1] error(s::String)
│      @ Base ./error.jl:56
│    [2] __require_prelocked(pkg::Base.PkgId, env::String)
│      @ Base ./loading.jl:2840
│    [3] _require_prelocked(uuidkey::Base.PkgId, env::String)
│      @ Base ./loading.jl:2694
│    [4] macro expansion
│      @ ./loading.jl:2621 [inlined]
│    [5] macro expansion
│      @ ./lock.jl:376 [inlined]
│    [6] __require(into::Module, mod::Symbol)
│      @ Base ./loading.jl:2585
│    [7] require
│      @ ./loading.jl:2561 [inlined]
│    [8] eval_import_path
│      @ ./module.jl:36 [inlined]
│    [9] eval_import_path_all(at::Module, path::Expr, keyword::String)
│      @ Base ./module.jl:60
│   [10] _eval_using
│      @ ./module.jl:137 [inlined]
│   [11] _eval_using(to::Module, path::Expr)
│      @ Base ./module.jl:137
│   [12] top-level scope
│      @ /workdir/depot/packages/SciMLBase/eTBDr/ext/SciMLBaseForwardDiffExt.jl:3
│   [13] include(mod::Module, _path::String)
│      @ Base ./Base.jl:323
│   [14] include_package_for_output(pkg::Base.PkgId, input::String, syntax_version::VersionNumber, depot_path::Vector{String}, dl_load_path::Vector{String}, load_path::Vector{String}, concrete_deps::Vector{Pair{Base.PkgId, UInt128}}, source::Nothing)
│      @ Base ./loading.jl:3288
│   [15] top-level scope
│      @ stdin:5
│   [16] eval(m::Module, e::Any)
│      @ Core ./boot.jl:517
│   [17] include_string(mapexpr::typeof(identity), mod::Module, code::String, filename::String)
│      @ Base ./loading.jl:3130
│   [18] include_string
│      @ ./loading.jl:3140 [inlined]
│   [19] exec_options(opts::Base.JLOptions)
│      @ Base ./client.jl:342
│   [20] _start()
│      @ Base ./client.jl:585
│  in expression starting at /workdir/depot/packages/SciMLBase/eTBDr/ext/SciMLBaseForwardDiffExt.jl:1
│  in expression starting at stdin:5
└  
┌ NonlinearSolveBase → NonlinearSolveBaseSparseArraysExt
│  ERROR: LoadError: Precompiled image Base.PkgId(Base.UUID("be0214bd-f91f-a760-ac4e-3421ce2b2da0"), "NonlinearSolveBase") not available with flags CacheFlags(; use_pkgimages=true, debug_level=1, check_bounds=0, inline=true, opt_level=2)
│  Stacktrace:
│    [1] error(s::String)
│      @ Base ./error.jl:56
│    [2] __require_prelocked(pkg::Base.PkgId, env::String)
│      @ Base ./loading.jl:2840
│    [3] _require_prelocked(uuidkey::Base.PkgId, env::String)
│      @ Base ./loading.jl:2694
│    [4] macro expansion
│      @ ./loading.jl:2621 [inlined]
│    [5] macro expansion
│      @ ./lock.jl:376 [inlined]
│    [6] __require(into::Module, mod::Symbol)
│      @ Base ./loading.jl:2585
│    [7] require
│      @ ./loading.jl:2561 [inlined]
│    [8] eval_import_path
│      @ ./module.jl:36 [inlined]
│    [9] eval_import_path_all(at::Module, path::Expr, keyword::String)
│      @ Base ./module.jl:60
│   [10] _eval_import(::Bool, ::Module, ::Expr, ::Expr, ::Vararg{Expr})
│      @ Base ./module.jl:101
│   [11] top-level scope
│      @ /workdir/depot/packages/NonlinearSolveBase/Rw8Vf/ext/NonlinearSolveBaseSparseArraysExt.jl:5
│   [12] include(mod::Module, _path::String)
│      @ Base ./Base.jl:323
│   [13] include_package_for_output(pkg::Base.PkgId, input::String, syntax_version::VersionNumber, depot_path::Vector{String}, dl_load_path::Vector{String}, load_path::Vector{String}, concrete_deps::Vector{Pair{Base.PkgId, UInt128}}, source::Nothing)
│      @ Base ./loading.jl:3288
│   [14] top-level scope
│      @ stdin:5
│   [15] eval(m::Module, e::Any)
│      @ Core ./boot.jl:517
│   [16] include_string(mapexpr::typeof(identity), mod::Module, code::String, filename::String)
│      @ Base ./loading.jl:3130
│   [17] include_string
│      @ ./loading.jl:3140 [inlined]
│   [18] exec_options(opts::Base.JLOptions)
│      @ Base ./client.jl:342
│   [19] _start()
│      @ Base ./client.jl:585
│  in expression starting at /workdir/depot/packages/NonlinearSolveBase/Rw8Vf/ext/NonlinearSolveBaseSparseArraysExt.jl:1
│  in expression starting at stdin:5
└  
┌ DiffEqBase → DiffEqBaseChainRulesCoreExt
│  ERROR: LoadError: Precompiled image Base.PkgId(Base.UUID("2b5f629d-d688-5b77-993f-72d75c75574e"), "DiffEqBase") not available with flags CacheFlags(; use_pkgimages=true, debug_level=1, check_bounds=0, inline=true, opt_level=2)
│  Stacktrace:
│    [1] error(s::String)
│      @ Base ./error.jl:56
│    [2] __require_prelocked(pkg::Base.PkgId, env::String)
│      @ Base ./loading.jl:2840
│    [3] _require_prelocked(uuidkey::Base.PkgId, env::String)
│      @ Base ./loading.jl:2694
│    [4] macro expansion
│      @ ./loading.jl:2621 [inlined]
│    [5] macro expansion
│      @ ./lock.jl:376 [inlined]
│    [6] __require(into::Module, mod::Symbol)
│      @ Base ./loading.jl:2585
│    [7] require
│      @ ./loading.jl:2561 [inlined]
│    [8] eval_import_path
│      @ ./module.jl:36 [inlined]
│    [9] eval_import_path_all(at::Module, path::Expr, keyword::String)
│      @ Base ./module.jl:60
│   [10] _eval_using
│      @ ./module.jl:137 [inlined]
│   [11] _eval_using(to::Module, path::Expr)
│      @ Base ./module.jl:137
│   [12] top-level scope
│      @ /workdir/depot/packages/DiffEqBase/4RFWW/ext/DiffEqBaseChainRulesCoreExt.jl:3
│   [13] include(mod::Module, _path::String)
│      @ Base ./Base.jl:323
│   [14] include_package_for_output(pkg::Base.PkgId, input::String, syntax_version::VersionNumber, depot_path::Vector{String}, dl_load_path::Vector{String}, load_path::Vector{String}, concrete_deps::Vector{Pair{Base.PkgId, UInt128}}, source::Nothing)
│      @ Base ./loading.jl:3288
│   [15] top-level scope
│      @ stdin:5
│   [16] eval(m::Module, e::Any)
│      @ Core ./boot.jl:517
│   [17] include_string(mapexpr::typeof(identity), mod::Module, code::String, filename::String)
│      @ Base ./loading.jl:3130
│   [18] include_string
│      @ ./loading.jl:3140 [inlined]
│   [19] exec_options(opts::Base.JLOptions)
│      @ Base ./client.jl:342
│   [20] _start()
│      @ Base ./client.jl:585
│  in expression starting at /workdir/depot/packages/DiffEqBase/4RFWW/ext/DiffEqBaseChainRulesCoreExt.jl:1
│  in expression starting at stdin:5
└  
┌ OrdinaryDiffEqNordsieck
│  ERROR: LoadError: Precompiled image Base.PkgId(Base.UUID("bbf590c4-e513-4bbe-9b18-05decba2e5d8"), "OrdinaryDiffEqCore") not available with flags CacheFlags(; use_pkgimages=true, debug_level=1, check_bounds=0, inline=true, opt_level=2)
│  Stacktrace:
│    [1] error(s::String)
│      @ Base ./error.jl:56
│    [2] __require_prelocked(pkg::Base.PkgId, env::String)
│      @ Base ./loading.jl:2840
│    [3] _require_prelocked(uuidkey::Base.PkgId, env::String)
│      @ Base ./loading.jl:2694
│    [4] macro expansion
│      @ ./loading.jl:2621 [inlined]
│    [5] macro expansion
│      @ ./lock.jl:376 [inlined]
│    [6] __require(into::Module, mod::Symbol)
│      @ Base ./loading.jl:2585
│    [7] require
│      @ ./loading.jl:2561 [inlined]
│    [8] eval_import_path
│      @ ./module.jl:36 [inlined]
│    [9] eval_import_path_all(at::Module, path::Expr, keyword::String)
│      @ Base ./module.jl:60
│   [10] _eval_import(::Bool, ::Module, ::Expr, ::Expr, ::Vararg{Expr})
│      @ Base ./module.jl:101
│   [11] top-level scope
│      @ /workdir/depot/packages/OrdinaryDiffEqNordsieck/Buyq1/src/OrdinaryDiffEqNordsieck.jl:3
│   [12] include(mod::Module, _path::String)
│      @ Base ./Base.jl:323
│   [13] include_package_for_output(pkg::Base.PkgId, input::String, syntax_version::VersionNumber, depot_path::Vector{String}, dl_load_path::Vector{String}, load_path::Vector{String}, concrete_deps::Vector{Pair{Base.PkgId, UInt128}}, source::Nothing)
│      @ Base ./loading.jl:3288
│   [14] top-level scope
│      @ stdin:5
│   [15] eval(m::Module, e::Any)
│      @ Core ./boot.jl:517
│   [16] include_string(mapexpr::typeof(identity), mod::Module, code::String, filename::String)
│      @ Base ./loading.jl:3130
│   [17] include_string
│      @ ./loading.jl:3140 [inlined]
│   [18] exec_options(opts::Base.JLOptions)
│      @ Base ./client.jl:342
│   [19] _start()
│      @ Base ./client.jl:585
│  in expression starting at /workdir/depot/packages/OrdinaryDiffEqNordsieck/Buyq1/src/OrdinaryDiffEqNordsieck.jl:1
│  in expression starting at stdin:5
└  
┌ SciMLOperators
│  ERROR: LoadError: Precompiled image Base.PkgId(Base.UUID("7d9f7c33-5ae7-4f3b-8dc6-eff91059b697"), "Accessors") not available with flags CacheFlags(; use_pkgimages=true, debug_level=1, check_bounds=0, inline=true, opt_level=2)
│  Stacktrace:
│    [1] error(s::String)
│      @ Base ./error.jl:56
│    [2] __require_prelocked(pkg::Base.PkgId, env::String)
│      @ Base ./loading.jl:2840
│    [3] _require_prelocked(uuidkey::Base.PkgId, env::String)
│      @ Base ./loading.jl:2694
│    [4] macro expansion
│      @ ./loading.jl:2621 [inlined]
│    [5] macro expansion
│      @ ./lock.jl:376 [inlined]
│    [6] __require(into::Module, mod::Symbol)
│      @ Base ./loading.jl:2585
│    [7] require
│      @ ./loading.jl:2561 [inlined]
│    [8] eval_import_path
│      @ ./module.jl:36 [inlined]
│    [9] eval_import_path_all(at::Module, path::Expr, keyword::String)
│      @ Base ./module.jl:60
│   [10] _eval_import(::Bool, ::Module, ::Expr, ::Expr, ::Vararg{Expr})
│      @ Base ./module.jl:101
│   [11] top-level scope
│      @ /workdir/depot/packages/SciMLOperators/uWgDC/src/SciMLOperators.jl:12
│   [12] include(mod::Module, _path::String)
│      @ Base ./Base.jl:323
│   [13] include_package_for_output(pkg::Base.PkgId, input::String, syntax_version::VersionNumber, depot_path::Vector{String}, dl_load_path::Vector{String}, load_path::Vector{String}, concrete_deps::Vector{Pair{Base.PkgId, UInt128}}, source::Nothing)
│      @ Base ./loading.jl:3288
│   [14] top-level scope
│      @ stdin:5
│   [15] eval(m::Module, e::Any)
│      @ Core ./boot.jl:517
│   [16] include_string(mapexpr::typeof(identity), mod::Module, code::String, filename::String)
│      @ Base ./loading.jl:3130
│   [17] include_string
│      @ ./loading.jl:3140 [inlined]
│   [18] exec_options(opts::Base.JLOptions)
│      @ Base ./client.jl:342
│   [19] _start()
│      @ Base ./client.jl:585
│  in expression starting at /workdir/depot/packages/SciMLOperators/uWgDC/src/SciMLOperators.jl:1
│  in expression starting at stdin:5
└  
┌ NonlinearSolveQuasiNewton
│  ERROR: LoadError: Precompiled image Base.PkgId(Base.UUID("7ed4a6bd-45f5-4d41-b270-4a48e9bafcae"), "LinearSolve") not available with flags CacheFlags(; use_pkgimages=true, debug_level=1, check_bounds=0, inline=true, opt_level=2)
│  Stacktrace:
│    [1] error(s::String)
│      @ Base ./error.jl:56
│    [2] __require_prelocked(pkg::Base.PkgId, env::String)
│      @ Base ./loading.jl:2840
│    [3] _require_prelocked(uuidkey::Base.PkgId, env::String)
│      @ Base ./loading.jl:2694
│    [4] macro expansion
│      @ ./loading.jl:2621 [inlined]
│    [5] macro expansion
│      @ ./lock.jl:376 [inlined]
│    [6] __require(into::Module, mod::Symbol)
│      @ Base ./loading.jl:2585
│    [7] require
│      @ ./loading.jl:2561 [inlined]
│    [8] eval_import_path
│      @ ./module.jl:36 [inlined]
│    [9] eval_import_path_all(at::Module, path::Expr, keyword::String)
│      @ Base ./module.jl:60
│   [10] _eval_import(::Bool, ::Module, ::Expr, ::Expr, ::Vararg{Expr})
│      @ Base ./module.jl:101
│   [11] top-level scope
│      @ /workdir/depot/packages/NonlinearSolveQuasiNewton/wYNEY/src/NonlinearSolveQuasiNewton.jl:12
│   [12] include(mod::Module, _path::String)
│      @ Base ./Base.jl:323
│   [13] include_package_for_output(pkg::Base.PkgId, input::String, syntax_version::VersionNumber, depot_path::Vector{String}, dl_load_path::Vector{String}, load_path::Vector{String}, concrete_deps::Vector{Pair{Base.PkgId, UInt128}}, source::Nothing)
│      @ Base ./loading.jl:3288
│   [14] top-level scope
│      @ stdin:5
│   [15] eval(m::Module, e::Any)
│      @ Core ./boot.jl:517
│   [16] include_string(mapexpr::typeof(identity), mod::Module, code::String, filename::String)
│      @ Base ./loading.jl:3130
│   [17] include_string
│      @ ./loading.jl:3140 [inlined]
│   [18] exec_options(opts::Base.JLOptions)
│      @ Base ./client.jl:342
│   [19] _start()
│      @ Base ./client.jl:585
│  in expression starting at /workdir/depot/packages/NonlinearSolveQuasiNewton/wYNEY/src/NonlinearSolveQuasiNewton.jl:1
│  in expression starting at stdin:5
└  
┌ NonlinearSolveBase → NonlinearSolveBaseLineSearchExt
│  ERROR: LoadError: Precompiled image Base.PkgId(Base.UUID("87fe0de2-c867-4266-b59a-2f0a94fc965b"), "LineSearch") not available with flags CacheFlags(; use_pkgimages=true, debug_level=1, check_bounds=0, inline=true, opt_level=2)
│  Stacktrace:
│    [1] error(s::String)
│      @ Base ./error.jl:56
│    [2] __require_prelocked(pkg::Base.PkgId, env::String)
│      @ Base ./loading.jl:2840
│    [3] _require_prelocked(uuidkey::Base.PkgId, env::String)
│      @ Base ./loading.jl:2694
│    [4] macro expansion
│      @ ./loading.jl:2621 [inlined]
│    [5] macro expansion
│      @ ./lock.jl:376 [inlined]
│    [6] __require(into::Module, mod::Symbol)
│      @ Base ./loading.jl:2585
│    [7] require
│      @ ./loading.jl:2561 [inlined]
│    [8] eval_import_path
│      @ ./module.jl:36 [inlined]
│    [9] eval_import_path_all(at::Module, path::Expr, keyword::String)
│      @ Base ./module.jl:60
│   [10] _eval_import(::Bool, ::Module, ::Expr, ::Expr, ::Vararg{Expr})
│      @ Base ./module.jl:101
│   [11] top-level scope
│      @ /workdir/depot/packages/NonlinearSolveBase/Rw8Vf/ext/NonlinearSolveBaseLineSearchExt.jl:3
│   [12] include(mod::Module, _path::String)
│      @ Base ./Base.jl:323
│   [13] include_package_for_output(pkg::Base.PkgId, input::String, syntax_version::VersionNumber, depot_path::Vector{String}, dl_load_path::Vector{String}, load_path::Vector{String}, concrete_deps::Vector{Pair{Base.PkgId, UInt128}}, source::Nothing)
│      @ Base ./loading.jl:3288
│   [14] top-level scope
│      @ stdin:5
│   [15] eval(m::Module, e::Any)
│      @ Core ./boot.jl:517
│   [16] include_string(mapexpr::typeof(identity), mod::Module, code::String, filename::String)
│      @ Base ./loading.jl:3130
│   [17] include_string
│      @ ./loading.jl:3140 [inlined]
│   [18] exec_options(opts::Base.JLOptions)
│      @ Base ./client.jl:342
│   [19] _start()
│      @ Base ./client.jl:585
│  in expression starting at /workdir/depot/packages/NonlinearSolveBase/Rw8Vf/ext/NonlinearSolveBaseLineSearchExt.jl:1
│  in expression starting at stdin:5
└  
┌ Accessors → LinearAlgebraExt
│  ERROR: LoadError: Precompiled image Base.PkgId(Base.UUID("7d9f7c33-5ae7-4f3b-8dc6-eff91059b697"), "Accessors") not available with flags CacheFlags(; use_pkgimages=true, debug_level=1, check_bounds=0, inline=true, opt_level=2)
│  Stacktrace:
│    [1] error(s::String)
│      @ Base ./error.jl:56
│    [2] __require_prelocked(pkg::Base.PkgId, env::String)
│      @ Base ./loading.jl:2840
│    [3] _require_prelocked(uuidkey::Base.PkgId, env::String)
│      @ Base ./loading.jl:2694
│    [4] macro expansion
│      @ ./loading.jl:2621 [inlined]
│    [5] macro expansion
│      @ ./lock.jl:376 [inlined]
│    [6] __require(into::Module, mod::Symbol)
│      @ Base ./loading.jl:2585
│    [7] require
│      @ ./loading.jl:2561 [inlined]
│    [8] eval_import_path
│      @ ./module.jl:36 [inlined]
│    [9] eval_import_path_all(at::Module, path::Expr, keyword::String)
│      @ Base ./module.jl:60
│   [10] _eval_import(::Bool, ::Module, ::Expr, ::Expr, ::Vararg{Expr})
│      @ Base ./module.jl:101
│   [11] top-level scope
│      @ /workdir/depot/packages/Accessors/cfsTn/ext/LinearAlgebraExt.jl:3
│   [12] include(mod::Module, _path::String)
│      @ Base ./Base.jl:323
│   [13] include_package_for_output(pkg::Base.PkgId, input::String, syntax_version::VersionNumber, depot_path::Vector{String}, dl_load_path::Vector{String}, load_path::Vector{String}, concrete_deps::Vector{Pair{Base.PkgId, UInt128}}, source::Nothing)
│      @ Base ./loading.jl:3288
│   [14] top-level scope
│      @ stdin:5
│   [15] eval(m::Module, e::Any)
│      @ Core ./boot.jl:517
│   [16] include_string(mapexpr::typeof(identity), mod::Module, code::String, filename::String)
│      @ Base ./loading.jl:3130
│   [17] include_string
│      @ ./loading.jl:3140 [inlined]
│   [18] exec_options(opts::Base.JLOptions)
│      @ Base ./client.jl:342
│   [19] _start()
│      @ Base ./client.jl:585
│  in expression starting at /workdir/depot/packages/Accessors/cfsTn/ext/LinearAlgebraExt.jl:1
│  in expression starting at stdin:5
└  
┌ OrdinaryDiffEqAdamsBashforthMoulton
│  ERROR: LoadError: Precompiled image Base.PkgId(Base.UUID("bbf590c4-e513-4bbe-9b18-05decba2e5d8"), "OrdinaryDiffEqCore") not available with flags CacheFlags(; use_pkgimages=true, debug_level=1, check_bounds=0, inline=true, opt_level=2)
│  Stacktrace:
│    [1] error(s::String)
│      @ Base ./error.jl:56
│    [2] __require_prelocked(pkg::Base.PkgId, env::String)
│      @ Base ./loading.jl:2840
│    [3] _require_prelocked(uuidkey::Base.PkgId, env::String)
│      @ Base ./loading.jl:2694
│    [4] macro expansion
│      @ ./loading.jl:2621 [inlined]
│    [5] macro expansion
│      @ ./lock.jl:376 [inlined]
│    [6] __require(into::Module, mod::Symbol)
│      @ Base ./loading.jl:2585
│    [7] require
│      @ ./loading.jl:2561 [inlined]
│    [8] eval_import_path
│      @ ./module.jl:36 [inlined]
│    [9] eval_import_path_all(at::Module, path::Expr, keyword::String)
│      @ Base ./module.jl:60
│   [10] _eval_import(::Bool, ::Module, ::Expr, ::Expr, ::Vararg{Expr})
│      @ Base ./module.jl:101
│   [11] top-level scope
│      @ /workdir/depot/packages/OrdinaryDiffEqAdamsBashforthMoulton/UAG3o/src/OrdinaryDiffEqAdamsBashforthMoulton.jl:3
│   [12] include(mod::Module, _path::String)
│      @ Base ./Base.jl:323
│   [13] include_package_for_output(pkg::Base.PkgId, input::String, syntax_version::VersionNumber, depot_path::Vector{String}, dl_load_path::Vector{String}, load_path::Vector{String}, concrete_deps::Vector{Pair{Base.PkgId, UInt128}}, source::Nothing)
│      @ Base ./loading.jl:3288
│   [14] top-level scope
│      @ stdin:5
│   [15] eval(m::Module, e::Any)
│      @ Core ./boot.jl:517
│   [16] include_string(mapexpr::typeof(identity), mod::Module, code::String, filename::String)
│      @ Base ./loading.jl:3130
│   [17] include_string
│      @ ./loading.jl:3140 [inlined]
│   [18] exec_options(opts::Base.JLOptions)
│      @ Base ./client.jl:342
│   [19] _start()
│      @ Base ./client.jl:585
│  in expression starting at /workdir/depot/packages/OrdinaryDiffEqAdamsBashforthMoulton/UAG3o/src/OrdinaryDiffEqAdamsBashforthMoulton.jl:1
│  in expression starting at stdin:5
└  
┌ NonlinearSolveBase → NonlinearSolveBaseChainRulesCoreExt
│  ERROR: LoadError: Precompiled image Base.PkgId(Base.UUID("be0214bd-f91f-a760-ac4e-3421ce2b2da0"), "NonlinearSolveBase") not available with flags CacheFlags(; use_pkgimages=true, debug_level=1, check_bounds=0, inline=true, opt_level=2)
│  Stacktrace:
│    [1] error(s::String)
│      @ Base ./error.jl:56
│    [2] __require_prelocked(pkg::Base.PkgId, env::String)
│      @ Base ./loading.jl:2840
│    [3] _require_prelocked(uuidkey::Base.PkgId, env::String)
│      @ Base ./loading.jl:2694
│    [4] macro expansion
│      @ ./loading.jl:2621 [inlined]
│    [5] macro expansion
│      @ ./lock.jl:376 [inlined]
│    [6] __require(into::Module, mod::Symbol)
│      @ Base ./loading.jl:2585
│    [7] require
│      @ ./loading.jl:2561 [inlined]
│    [8] eval_import_path
│      @ ./module.jl:36 [inlined]
│    [9] eval_import_path_all(at::Module, path::Expr, keyword::String)
│      @ Base ./module.jl:60
│   [10] _eval_using
│      @ ./module.jl:137 [inlined]
│   [11] _eval_using(to::Module, path::Expr)
│      @ Base ./module.jl:137
│   [12] top-level scope
│      @ /workdir/depot/packages/NonlinearSolveBase/Rw8Vf/ext/NonlinearSolveBaseChainRulesCoreExt.jl:3
│   [13] include(mod::Module, _path::String)
│      @ Base ./Base.jl:323
│   [14] include_package_for_output(pkg::Base.PkgId, input::String, syntax_version::VersionNumber, depot_path::Vector{String}, dl_load_path::Vector{String}, load_path::Vector{String}, concrete_deps::Vector{Pair{Base.PkgId, UInt128}}, source::Nothing)
│      @ Base ./loading.jl:3288
│   [15] top-level scope
│      @ stdin:5
│   [16] eval(m::Module, e::Any)
│      @ Core ./boot.jl:517
│   [17] include_string(mapexpr::typeof(identity), mod::Module, code::String, filename::String)
│      @ Base ./loading.jl:3130
│   [18] include_string
│      @ ./loading.jl:3140 [inlined]
│   [19] exec_options(opts::Base.JLOptions)
│      @ Base ./client.jl:342
│   [20] _start()
│      @ Base ./client.jl:585
│  in expression starting at /workdir/depot/packages/NonlinearSolveBase/Rw8Vf/ext/NonlinearSolveBaseChainRulesCoreExt.jl:1
│  in expression starting at stdin:5
└  
┌ SimpleNonlinearSolve → SimpleNonlinearSolveChainRulesCoreExt
│  ERROR: LoadError: Precompiled image Base.PkgId(Base.UUID("be0214bd-f91f-a760-ac4e-3421ce2b2da0"), "NonlinearSolveBase") not available with flags CacheFlags(; use_pkgimages=true, debug_level=1, check_bounds=0, inline=true, opt_level=2)
│  Stacktrace:
│    [1] error(s::String)
│      @ Base ./error.jl:56
│    [2] __require_prelocked(pkg::Base.PkgId, env::String)
│      @ Base ./loading.jl:2840
│    [3] _require_prelocked(uuidkey::Base.PkgId, env::String)
│      @ Base ./loading.jl:2694
│    [4] macro expansion
│      @ ./loading.jl:2621 [inlined]
│    [5] macro expansion
│      @ ./lock.jl:376 [inlined]
│    [6] __require(into::Module, mod::Symbol)
│      @ Base ./loading.jl:2585
│    [7] require
│      @ ./loading.jl:2561 [inlined]
│    [8] eval_import_path
│      @ ./module.jl:36 [inlined]
│    [9] eval_import_path_all(at::Module, path::Expr, keyword::String)
│      @ Base ./module.jl:60
│   [10] _eval_import(::Bool, ::Module, ::Expr, ::Expr, ::Vararg{Expr})
│      @ Base ./module.jl:101
│   [11] top-level scope
│      @ /workdir/depot/packages/SimpleNonlinearSolve/SQzZW/ext/SimpleNonlinearSolveChainRulesCoreExt.jl:5
│   [12] include(mod::Module, _path::String)
│      @ Base ./Base.jl:323
│   [13] include_package_for_output(pkg::Base.PkgId, input::String, syntax_version::VersionNumber, depot_path::Vector{String}, dl_load_path::Vector{String}, load_path::Vector{String}, concrete_deps::Vector{Pair{Base.PkgId, UInt128}}, source::Nothing)
│      @ Base ./loading.jl:3288
│   [14] top-level scope
│      @ stdin:5
│   [15] eval(m::Module, e::Any)
│      @ Core ./boot.jl:517
│   [16] include_string(mapexpr::typeof(identity), mod::Module, code::String, filename::String)
│      @ Base ./loading.jl:3130
│   [17] include_string
│      @ ./loading.jl:3140 [inlined]
│   [18] exec_options(opts::Base.JLOptions)
│      @ Base ./client.jl:342
│   [19] _start()
│      @ Base ./client.jl:585
│  in expression starting at /workdir/depot/packages/SimpleNonlinearSolve/SQzZW/ext/SimpleNonlinearSolveChainRulesCoreExt.jl:1
│  in expression starting at stdin:5
└  
┌ Accessors → StaticArraysExt
│  ERROR: LoadError: Precompiled image Base.PkgId(Base.UUID("7d9f7c33-5ae7-4f3b-8dc6-eff91059b697"), "Accessors") not available with flags CacheFlags(; use_pkgimages=true, debug_level=1, check_bounds=0, inline=true, opt_level=2)
│  Stacktrace:
│    [1] error(s::String)
│      @ Base ./error.jl:56
│    [2] __require_prelocked(pkg::Base.PkgId, env::String)
│      @ Base ./loading.jl:2840
│    [3] _require_prelocked(uuidkey::Base.PkgId, env::String)
│      @ Base ./loading.jl:2694
│    [4] macro expansion
│      @ ./loading.jl:2621 [inlined]
│    [5] macro expansion
│      @ ./lock.jl:376 [inlined]
│    [6] __require(into::Module, mod::Symbol)
│      @ Base ./loading.jl:2585
│    [7] require
│      @ ./loading.jl:2561 [inlined]
│    [8] eval_import_path
│      @ ./module.jl:36 [inlined]
│    [9] eval_import_path_all(at::Module, path::Expr, keyword::String)
│      @ Base ./module.jl:60
│   [10] _eval_using
│      @ ./module.jl:137 [inlined]
│   [11] _eval_using(to::Module, path::Expr)
│      @ Base ./module.jl:137
│   [12] top-level scope
│      @ /workdir/depot/packages/Accessors/cfsTn/ext/StaticArraysExt.jl:3
│   [13] include(mod::Module, _path::String)
│      @ Base ./Base.jl:323
│   [14] include_package_for_output(pkg::Base.PkgId, input::String, syntax_version::VersionNumber, depot_path::Vector{String}, dl_load_path::Vector{String}, load_path::Vector{String}, concrete_deps::Vector{Pair{Base.PkgId, UInt128}}, source::Nothing)
│      @ Base ./loading.jl:3288
│   [15] top-level scope
│      @ stdin:5
│   [16] eval(m::Module, e::Any)
│      @ Core ./boot.jl:517
│   [17] include_string(mapexpr::typeof(identity), mod::Module, code::String, filename::String)
│      @ Base ./loading.jl:3130
│   [18] include_string
│      @ ./loading.jl:3140 [inlined]
│   [19] exec_options(opts::Base.JLOptions)
│      @ Base ./client.jl:342
│   [20] _start()
│      @ Base ./client.jl:585
│  in expression starting at /workdir/depot/packages/Accessors/cfsTn/ext/StaticArraysExt.jl:1
│  in expression starting at stdin:5
└  
┌ OrdinaryDiffEqDifferentiation → OrdinaryDiffEqDifferentiationSparseArraysExt
│  ERROR: LoadError: Precompiled image Base.PkgId(Base.UUID("4302a76b-040a-498a-8c04-15b101fed76b"), "OrdinaryDiffEqDifferentiation") not available with flags CacheFlags(; use_pkgimages=true, debug_level=1, check_bounds=0, inline=true, opt_level=2)
│  Stacktrace:
│    [1] error(s::String)
│      @ Base ./error.jl:56
│    [2] __require_prelocked(pkg::Base.PkgId, env::String)
│      @ Base ./loading.jl:2840
│    [3] _require_prelocked(uuidkey::Base.PkgId, env::String)
│      @ Base ./loading.jl:2694
│    [4] macro expansion
│      @ ./loading.jl:2621 [inlined]
│    [5] macro expansion
│      @ ./lock.jl:376 [inlined]
│    [6] __require(into::Module, mod::Symbol)
│      @ Base ./loading.jl:2585
│    [7] require
│      @ ./loading.jl:2561 [inlined]
│    [8] eval_import_path
│      @ ./module.jl:36 [inlined]
│    [9] eval_import_path_all(at::Module, path::Expr, keyword::String)
│      @ Base ./module.jl:60
│   [10] _eval_using
│      @ ./module.jl:137 [inlined]
│   [11] _eval_using(to::Module, path::Expr)
│      @ Base ./module.jl:137
│   [12] top-level scope
│      @ /workdir/depot/packages/OrdinaryDiffEqDifferentiation/qvYUh/ext/OrdinaryDiffEqDifferentiationSparseArraysExt.jl:3
│   [13] include(mod::Module, _path::String)
│      @ Base ./Base.jl:323
│   [14] include_package_for_output(pkg::Base.PkgId, input::String, syntax_version::VersionNumber, depot_path::Vector{String}, dl_load_path::Vector{String}, load_path::Vector{String}, concrete_deps::Vector{Pair{Base.PkgId, UInt128}}, source::Nothing)
│      @ Base ./loading.jl:3288
│   [15] top-level scope
│      @ stdin:5
│   [16] eval(m::Module, e::Any)
│      @ Core ./boot.jl:517
│   [17] include_string(mapexpr::typeof(identity), mod::Module, code::String, filename::String)
│      @ Base ./loading.jl:3130
│   [18] include_string
│      @ ./loading.jl:3140 [inlined]
│   [19] exec_options(opts::Base.JLOptions)
│      @ Base ./client.jl:342
│   [20] _start()
│      @ Base ./client.jl:585
│  in expression starting at /workdir/depot/packages/OrdinaryDiffEqDifferentiation/qvYUh/ext/OrdinaryDiffEqDifferentiationSparseArraysExt.jl:1
│  in expression starting at stdin:5
└  
┌ BracketingNonlinearSolve → BracketingNonlinearSolveForwardDiffExt
│  ERROR: LoadError: Precompiled image Base.PkgId(Base.UUID("be0214bd-f91f-a760-ac4e-3421ce2b2da0"), "NonlinearSolveBase") not available with flags CacheFlags(; use_pkgimages=true, debug_level=1, check_bounds=0, inline=true, opt_level=2)
│  Stacktrace:
│    [1] error(s::String)
│      @ Base ./error.jl:56
│    [2] __require_prelocked(pkg::Base.PkgId, env::String)
│      @ Base ./loading.jl:2840
│    [3] _require_prelocked(uuidkey::Base.PkgId, env::String)
│      @ Base ./loading.jl:2694
│    [4] macro expansion
│      @ ./loading.jl:2621 [inlined]
│    [5] macro expansion
│      @ ./lock.jl:376 [inlined]
│    [6] __require(into::Module, mod::Symbol)
│      @ Base ./loading.jl:2585
│    [7] require
│      @ ./loading.jl:2561 [inlined]
│    [8] eval_import_path
│      @ ./module.jl:36 [inlined]
│    [9] eval_import_path_all(at::Module, path::Expr, keyword::String)
│      @ Base ./module.jl:60
│   [10] _eval_import(::Bool, ::Module, ::Expr, ::Expr, ::Vararg{Expr})
│      @ Base ./module.jl:101
│   [11] top-level scope
│      @ /workdir/depot/packages/BracketingNonlinearSolve/BCMUl/ext/BracketingNonlinearSolveForwardDiffExt.jl:5
│   [12] include(mod::Module, _path::String)
│      @ Base ./Base.jl:323
│   [13] include_package_for_output(pkg::Base.PkgId, input::String, syntax_version::VersionNumber, depot_path::Vector{String}, dl_load_path::Vector{String}, load_path::Vector{String}, concrete_deps::Vector{Pair{Base.PkgId, UInt128}}, source::Nothing)
│      @ Base ./loading.jl:3288
│   [14] top-level scope
│      @ stdin:5
│   [15] eval(m::Module, e::Any)
│      @ Core ./boot.jl:517
│   [16] include_string(mapexpr::typeof(identity), mod::Module, code::String, filename::String)
│      @ Base ./loading.jl:3130
│   [17] include_string
│      @ ./loading.jl:3140 [inlined]
│   [18] exec_options(opts::Base.JLOptions)
│      @ Base ./client.jl:342
│   [19] _start()
│      @ Base ./client.jl:585
│  in expression starting at /workdir/depot/packages/BracketingNonlinearSolve/BCMUl/ext/BracketingNonlinearSolveForwardDiffExt.jl:1
│  in expression starting at stdin:5
└  
┌ SciMLBase
│  ERROR: LoadError: Precompiled image Base.PkgId(Base.UUID("731186ca-8d62-57ce-b412-fbd966d074cd"), "RecursiveArrayTools") not available with flags CacheFlags(; use_pkgimages=true, debug_level=1, check_bounds=0, inline=true, opt_level=2)
│  Stacktrace:
│    [1] error(s::String)
│      @ Base ./error.jl:56
│    [2] __require_prelocked(pkg::Base.PkgId, env::String)
│      @ Base ./loading.jl:2840
│    [3] _require_prelocked(uuidkey::Base.PkgId, env::String)
│      @ Base ./loading.jl:2694
│    [4] macro expansion
│      @ ./loading.jl:2621 [inlined]
│    [5] macro expansion
│      @ ./lock.jl:376 [inlined]
│    [6] __require(into::Module, mod::Symbol)
│      @ Base ./loading.jl:2585
│    [7] require
│      @ ./loading.jl:2561 [inlined]
│    [8] eval_import_path
│      @ ./module.jl:36 [inlined]
│    [9] eval_import_path_all(at::Module, path::Expr, keyword::String)
│      @ Base ./module.jl:60
│   [10] _eval_using
│      @ ./module.jl:137 [inlined]
│   [11] _eval_using(to::Module, path::Expr)
│      @ Base ./module.jl:137
│   [12] top-level scope
│      @ /workdir/depot/packages/SciMLBase/eTBDr/src/SciMLBase.jl:7
│   [13] include(mod::Module, _path::String)
│      @ Base ./Base.jl:323
│   [14] include_package_for_output(pkg::Base.PkgId, input::String, syntax_version::VersionNumber, depot_path::Vector{String}, dl_load_path::Vector{String}, load_path::Vector{String}, concrete_deps::Vector{Pair{Base.PkgId, UInt128}}, source::Nothing)
│      @ Base ./loading.jl:3288
│   [15] top-level scope
│      @ stdin:5
│   [16] eval(m::Module, e::Any)
│      @ Core ./boot.jl:517
│   [17] include_string(mapexpr::typeof(identity), mod::Module, code::String, filename::String)
│      @ Base ./loading.jl:3130
│   [18] include_string
│      @ ./loading.jl:3140 [inlined]
│   [19] exec_options(opts::Base.JLOptions)
│      @ Base ./client.jl:342
│   [20] _start()
│      @ Base ./client.jl:585
│  in expression starting at /workdir/depot/packages/SciMLBase/eTBDr/src/SciMLBase.jl:1
│  in expression starting at stdin:5
└  
┌ OrdinaryDiffEqPRK
│  ERROR: LoadError: Precompiled image Base.PkgId(Base.UUID("bbf590c4-e513-4bbe-9b18-05decba2e5d8"), "OrdinaryDiffEqCore") not available with flags CacheFlags(; use_pkgimages=true, debug_level=1, check_bounds=0, inline=true, opt_level=2)
│  Stacktrace:
│    [1] error(s::String)
│      @ Base ./error.jl:56
│    [2] __require_prelocked(pkg::Base.PkgId, env::String)
│      @ Base ./loading.jl:2840
│    [3] _require_prelocked(uuidkey::Base.PkgId, env::String)
│      @ Base ./loading.jl:2694
│    [4] macro expansion
│      @ ./loading.jl:2621 [inlined]
│    [5] macro expansion
│      @ ./lock.jl:376 [inlined]
│    [6] __require(into::Module, mod::Symbol)
│      @ Base ./loading.jl:2585
│    [7] require
│      @ ./loading.jl:2561 [inlined]
│    [8] eval_import_path
│      @ ./module.jl:36 [inlined]
│    [9] eval_import_path_all(at::Module, path::Expr, keyword::String)
│      @ Base ./module.jl:60
│   [10] _eval_import(::Bool, ::Module, ::Expr, ::Expr, ::Vararg{Expr})
│      @ Base ./module.jl:101
│   [11] top-level scope
│      @ /workdir/depot/packages/OrdinaryDiffEqPRK/hJhVZ/src/OrdinaryDiffEqPRK.jl:3
│   [12] include(mod::Module, _path::String)
│      @ Base ./Base.jl:323
│   [13] include_package_for_output(pkg::Base.PkgId, input::String, syntax_version::VersionNumber, depot_path::Vector{String}, dl_load_path::Vector{String}, load_path::Vector{String}, concrete_deps::Vector{Pair{Base.PkgId, UInt128}}, source::Nothing)
│      @ Base ./loading.jl:3288
│   [14] top-level scope
│      @ stdin:5
│   [15] eval(m::Module, e::Any)
│      @ Core ./boot.jl:517
│   [16] include_string(mapexpr::typeof(identity), mod::Module, code::String, filename::String)
│      @ Base ./loading.jl:3130
│   [17] include_string
│      @ ./loading.jl:3140 [inlined]
│   [18] exec_options(opts::Base.JLOptions)
│      @ Base ./client.jl:342
│   [19] _start()
│      @ Base ./client.jl:585
│  in expression starting at /workdir/depot/packages/OrdinaryDiffEqPRK/hJhVZ/src/OrdinaryDiffEqPRK.jl:1
│  in expression starting at stdin:5
└  
ERROR: LoadError: The following 78 packages failed to precompile:

BracketingNonlinearSolve 
Failed to precompile BracketingNonlinearSolve [70df07ce-3d50-431d-a3e7-ca6ddb60ac1e] to "/workdir/depot/compiled/v1.14/BracketingNonlinearSolve/jl_8kiDSf" (ProcessExited(1)).

OrdinaryDiffEqNonlinearSolve 
Failed to precompile OrdinaryDiffEqNonlinearSolve [127b3ac7-2247-4354-8eb6-78cf4e7c58e8] to "/workdir/depot/compiled/v1.14/OrdinaryDiffEqNonlinearSolve/jl_xLn1gM" (ProcessExited(1)).

DiffEqBase → DiffEqBaseSparseArraysExt 
Failed to precompile DiffEqBaseSparseArraysExt [67a4a6c4-3f6a-51e0-8847-6908ddbf4c94] to "/workdir/depot/compiled/v1.14/DiffEqBaseSparseArraysExt/jl_XGNXkM" (ProcessExited(1)).

OrdinaryDiffEqLowStorageRK 
Failed to precompile OrdinaryDiffEqLowStorageRK [b0944070-b475-4768-8dec-fb6eb410534d] to "/workdir/depot/compiled/v1.14/OrdinaryDiffEqLowStorageRK/jl_BZ3kbk" (ProcessExited(1)).

NonlinearSolveBase → NonlinearSolveBaseForwardDiffExt 
Failed to precompile NonlinearSolveBaseForwardDiffExt [46086cc1-f5e8-54b8-8318-89e098701393] to "/workdir/depot/compiled/v1.14/NonlinearSolveBaseForwardDiffExt/jl_yxxhtm" (ProcessExited(1)).

OrdinaryDiffEqCore 
Failed to precompile OrdinaryDiffEqCore [bbf590c4-e513-4bbe-9b18-05decba2e5d8] to "/workdir/depot/compiled/v1.14/OrdinaryDiffEqCore/jl_OTxOqH" (ProcessExited(1)).

OrdinaryDiffEqQPRK 
Failed to precompile OrdinaryDiffEqQPRK [04162be5-8125-4266-98ed-640baecc6514] to "/workdir/depot/compiled/v1.14/OrdinaryDiffEqQPRK/jl_PbGDP7" (ProcessExited(1)).

LineSearch → LineSearchLineSearchesExt 
Failed to precompile LineSearchLineSearchesExt [54aef954-76ce-59ee-b461-681f47f666e2] to "/workdir/depot/compiled/v1.14/LineSearchLineSearchesExt/jl_FrOUKD" (ProcessExited(1)).

Accessors 
Failed to precompile Accessors [7d9f7c33-5ae7-4f3b-8dc6-eff91059b697] to "/workdir/depot/compiled/v1.14/Accessors/jl_OpSERa" (ProcessSignaled(11)).

RecursiveArrayTools → RecursiveArrayToolsFastBroadcastExt 
Failed to precompile RecursiveArrayToolsFastBroadcastExt [524f51df-c44f-5b23-90f8-9c0b74f0d523] to "/workdir/depot/compiled/v1.14/RecursiveArrayToolsFastBroadcastExt/jl_p9WMf9" (ProcessExited(1)).

DiffEqBase 
Failed to precompile DiffEqBase [2b5f629d-d688-5b77-993f-72d75c75574e] to "/workdir/depot/compiled/v1.14/DiffEqBase/jl_I0CK9n" (ProcessExited(1)).

NonlinearSolveBase → NonlinearSolveBaseSparseMatrixColoringsExt 
Failed to precompile NonlinearSolveBaseSparseMatrixColoringsExt [1b479212-cad0-5ec9-a3d5-a9b04584e81d] to "/workdir/depot/compiled/v1.14/NonlinearSolveBaseSparseMatrixColoringsExt/jl_n9n1rP" (ProcessExited(1)).

OrdinaryDiffEq 
Failed to precompile OrdinaryDiffEq [1dea7af3-3e70-54e6-95c3-0bf5283fa5ed] to "/workdir/depot/compiled/v1.14/OrdinaryDiffEq/jl_ooHgr2" (ProcessExited(1)).

RecursiveArrayTools → RecursiveArrayToolsForwardDiffExt 
Failed to precompile RecursiveArrayToolsForwardDiffExt [e4bb9e11-779b-570a-8654-f36884b1ee2e] to "/workdir/depot/compiled/v1.14/RecursiveArrayToolsForwardDiffExt/jl_U8M5eR" (ProcessExited(1)).

SymbolicIndexingInterface 
Failed to precompile SymbolicIndexingInterface [2efcf032-c050-4f8e-a9bb-153293bab1f5] to "/workdir/depot/compiled/v1.14/SymbolicIndexingInterface/jl_sKTMEL" (ProcessExited(1)).

OrdinaryDiffEqExplicitRK 
Failed to precompile OrdinaryDiffEqExplicitRK [9286f039-9fbf-40e8-bf65-aa933bdc4db0] to "/workdir/depot/compiled/v1.14/OrdinaryDiffEqExplicitRK/jl_CBPP5T" (ProcessExited(1)).

OrdinaryDiffEqIMEXMultistep 
Failed to precompile OrdinaryDiffEqIMEXMultistep [9f002381-b378-40b7-97a6-27a27c83f129] to "/workdir/depot/compiled/v1.14/OrdinaryDiffEqIMEXMultistep/jl_nMTufJ" (ProcessExited(1)).

LineSearch 
Failed to precompile LineSearch [87fe0de2-c867-4266-b59a-2f0a94fc965b] to "/workdir/depot/compiled/v1.14/LineSearch/jl_CY7sLn" (ProcessExited(1)).

OrdinaryDiffEqStabilizedRK 
Failed to precompile OrdinaryDiffEqStabilizedRK [358294b1-0aab-51c3-aafe-ad5ab194a2ad] to "/workdir/depot/compiled/v1.14/OrdinaryDiffEqStabilizedRK/jl_1B24En" (ProcessExited(1)).

OrdinaryDiffEqFeagin 
Failed to precompile OrdinaryDiffEqFeagin [101fe9f7-ebb6-4678-b671-3a81e7194747] to "/workdir/depot/compiled/v1.14/OrdinaryDiffEqFeagin/jl_pi1Bc7" (ProcessExited(1)).

SciMLJacobianOperators 
Failed to precompile SciMLJacobianOperators [19f34311-ddf3-4b8b-af20-060888a46c0e] to "/workdir/depot/compiled/v1.14/SciMLJacobianOperators/jl_af7Co0" (ProcessExited(1)).

OrdinaryDiffEqLowOrderRK 
Failed to precompile OrdinaryDiffEqLowOrderRK [1344f307-1e59-4825-a18e-ace9aa3fa4c6] to "/workdir/depot/compiled/v1.14/OrdinaryDiffEqLowOrderRK/jl_M2Aq7k" (ProcessExited(1)).

OrdinaryDiffEqHighOrderRK 
Failed to precompile OrdinaryDiffEqHighOrderRK [d28bc4f8-55e1-4f49-af69-84c1a99f0f58] to "/workdir/depot/compiled/v1.14/OrdinaryDiffEqHighOrderRK/jl_MYW8No" (ProcessExited(1)).

OrdinaryDiffEqDifferentiation 
Failed to precompile OrdinaryDiffEqDifferentiation [4302a76b-040a-498a-8c04-15b101fed76b] to "/workdir/depot/compiled/v1.14/OrdinaryDiffEqDifferentiation/jl_TKM9Hj" (ProcessExited(1)).

SciMLBase → SciMLBaseChainRulesCoreExt 
Failed to precompile SciMLBaseChainRulesCoreExt [41903dc3-c803-5fb2-90ba-6cfce5b07bf7] to "/workdir/depot/compiled/v1.14/SciMLBaseChainRulesCoreExt/jl_brOYAB" (ProcessExited(1)).

OrdinaryDiffEqLinear 
Failed to precompile OrdinaryDiffEqLinear [521117fe-8c41-49f8-b3b6-30780b3f0fb5] to "/workdir/depot/compiled/v1.14/OrdinaryDiffEqLinear/jl_12hfc4" (ProcessExited(1)).

NonlinearSolveBase 
Failed to precompile NonlinearSolveBase [be0214bd-f91f-a760-ac4e-3421ce2b2da0] to "/workdir/depot/compiled/v1.14/NonlinearSolveBase/jl_auv1nb" (ProcessExited(1)).

LinearSolve → LinearSolveEnzymeExt 
Failed to precompile LinearSolveEnzymeExt [5895cdaf-549a-54a7-82ae-fc9d8ce60a0b] to "/workdir/depot/compiled/v1.14/LinearSolveEnzymeExt/jl_z787Dw" (ProcessExited(1)).

NonlinearSolve 
Failed to precompile NonlinearSolve [8913a72c-1f9b-4ce2-8d82-65094dcecaec] to "/workdir/depot/compiled/v1.14/NonlinearSolve/jl_TKHI47" (ProcessExited(1)).

OrdinaryDiffEqSymplecticRK 
Failed to precompile OrdinaryDiffEqSymplecticRK [fa646aed-7ef9-47eb-84c4-9443fc8cbfa8] to "/workdir/depot/compiled/v1.14/OrdinaryDiffEqSymplecticRK/jl_YhdUxX" (ProcessExited(1)).

OrdinaryDiffEqVerner 
Failed to precompile OrdinaryDiffEqVerner [79d7bb75-1356-48c1-b8c0-6832512096c2] to "/workdir/depot/compiled/v1.14/OrdinaryDiffEqVerner/jl_5jd2Fk" (ProcessExited(1)).

BracketingNonlinearSolve → BracketingNonlinearSolveChainRulesCoreExt 
Failed to precompile BracketingNonlinearSolveChainRulesCoreExt [d22cd1f7-308b-54b2-93f7-a70c6b1e0da8] to "/workdir/depot/compiled/v1.14/BracketingNonlinearSolveChainRulesCoreExt/jl_eb1jzW" (ProcessExited(1)).

OrdinaryDiffEqFunctionMap 
Failed to precompile OrdinaryDiffEqFunctionMap [d3585ca7-f5d3-4ba6-8057-292ed1abd90f] to "/workdir/depot/compiled/v1.14/OrdinaryDiffEqFunctionMap/jl_MZZmW6" (ProcessExited(1)).

OrdinaryDiffEqRosenbrock 
Failed to precompile OrdinaryDiffEqRosenbrock [43230ef6-c299-4910-a778-202eb28ce4ce] to "/workdir/depot/compiled/v1.14/OrdinaryDiffEqRosenbrock/jl_ue33AL" (ProcessExited(1)).

RecursiveArrayTools 
Failed to precompile RecursiveArrayTools [731186ca-8d62-57ce-b412-fbd966d074cd] to "/workdir/depot/compiled/v1.14/RecursiveArrayTools/jl_j4VNLG" (ProcessExited(1)).

SciMLOperators → SciMLOperatorsSparseArraysExt 
Failed to precompile SciMLOperatorsSparseArraysExt [7ebbcd31-4fea-5099-8493-f8b8b241c0dd] to "/workdir/depot/compiled/v1.14/SciMLOperatorsSparseArraysExt/jl_lJF4yG" (ProcessExited(1)).

OrdinaryDiffEqTsit5 
Failed to precompile OrdinaryDiffEqTsit5 [b1df2697-797e-41e3-8120-5422d3b24e4a] to "/workdir/depot/compiled/v1.14/OrdinaryDiffEqTsit5/jl_sPlxLg" (ProcessExited(1)).

OrdinaryDiffEqStabilizedIRK 
Failed to precompile OrdinaryDiffEqStabilizedIRK [e3e12d00-db14-5390-b879-ac3dd2ef6296] to "/workdir/depot/compiled/v1.14/OrdinaryDiffEqStabilizedIRK/jl_6FG6RJ" (ProcessExited(1)).

OrdinaryDiffEqPDIRK 
Failed to precompile OrdinaryDiffEqPDIRK [5dd0a6cf-3d4b-4314-aa06-06d4e299bc89] to "/workdir/depot/compiled/v1.14/OrdinaryDiffEqPDIRK/jl_q49jBN" (ProcessExited(1)).

RecursiveArrayTools → RecursiveArrayToolsSparseArraysExt 
Failed to precompile RecursiveArrayToolsSparseArraysExt [40ba66e5-803d-564c-a6e5-960bf49a9c9e] to "/workdir/depot/compiled/v1.14/RecursiveArrayToolsSparseArraysExt/jl_NGmhpd" (ProcessExited(1)).

OrdinaryDiffEqBDF 
Failed to precompile OrdinaryDiffEqBDF [6ad6398a-0878-4a85-9266-38940aa047c8] to "/workdir/depot/compiled/v1.14/OrdinaryDiffEqBDF/jl_OzZ1Ee" (ProcessExited(1)).

OrdinaryDiffEqDefault 
Failed to precompile OrdinaryDiffEqDefault [50262376-6c5a-4cf5-baba-aaf4f84d72d7] to "/workdir/depot/compiled/v1.14/OrdinaryDiffEqDefault/jl_KRqi0Q" (ProcessExited(1)).

LinearSolve → LinearSolveSparseArraysExt 
Failed to precompile LinearSolveSparseArraysExt [96cbe726-c6e3-5527-af72-d32b12d9672e] to "/workdir/depot/compiled/v1.14/LinearSolveSparseArraysExt/jl_huLo7w" (ProcessExited(1)).

LinearSolve → LinearSolveForwardDiffExt 
Failed to precompile LinearSolveForwardDiffExt [94fba204-62ac-5f4b-bc93-fc455f7fb522] to "/workdir/depot/compiled/v1.14/LinearSolveForwardDiffExt/jl_p1XfGL" (ProcessExited(1)).

NonlinearSolveFirstOrder 
Failed to precompile NonlinearSolveFirstOrder [5959db7a-ea39-4486-b5fe-2dd0bf03d60d] to "/workdir/depot/compiled/v1.14/NonlinearSolveFirstOrder/jl_PtvkA7" (ProcessExited(1)).

OrdinaryDiffEqExponentialRK 
Failed to precompile OrdinaryDiffEqExponentialRK [e0540318-69ee-4070-8777-9e2de6de23de] to "/workdir/depot/compiled/v1.14/OrdinaryDiffEqExponentialRK/jl_QmWZIV" (ProcessExited(1)).

NonlinearSolveBase → NonlinearSolveBaseLinearSolveExt 
Failed to precompile NonlinearSolveBaseLinearSolveExt [ce17a24b-f985-5b8c-be07-4b97333c7055] to "/workdir/depot/compiled/v1.14/NonlinearSolveBaseLinearSolveExt/jl_fCMNTh" (ProcessExited(1)).

SimpleNonlinearSolve 
Failed to precompile SimpleNonlinearSolve [727e6d20-b764-4bd8-a329-72de5adea6c7] to "/workdir/depot/compiled/v1.14/SimpleNonlinearSolve/jl_nP8xTB" (ProcessExited(1)).

NonlinearSolveSpectralMethods 
Failed to precompile NonlinearSolveSpectralMethods [26075421-4e9a-44e1-8bd1-420ed7ad02b2] to "/workdir/depot/compiled/v1.14/NonlinearSolveSpectralMethods/jl_hoM66w" (ProcessExited(1)).

OrdinaryDiffEqFIRK 
Failed to precompile OrdinaryDiffEqFIRK [5960d6e9-dd7a-4743-88e7-cf307b64f125] to "/workdir/depot/compiled/v1.14/OrdinaryDiffEqFIRK/jl_xEZl8p" (ProcessExited(1)).

NonlinearSolveQuasiNewton → NonlinearSolveQuasiNewtonForwardDiffExt 
Failed to precompile NonlinearSolveQuasiNewtonForwardDiffExt [911b6902-c3a5-510f-b855-c7091e5e83f1] to "/workdir/depot/compiled/v1.14/NonlinearSolveQuasiNewtonForwardDiffExt/jl_3AGwwQ" (ProcessExited(1)).

OrdinaryDiffEqExtrapolation 
Failed to precompile OrdinaryDiffEqExtrapolation [becaefa8-8ca2-5cf9-886d-c06f3d2bd2c4] to "/workdir/depot/compiled/v1.14/OrdinaryDiffEqExtrapolation/jl_YBJbXC" (ProcessExited(1)).

LinearSolve 
Failed to precompile LinearSolve [7ed4a6bd-45f5-4d41-b270-4a48e9bafcae] to "/workdir/depot/compiled/v1.14/LinearSolve/jl_xccsYR" (ProcessExited(1)).

RecursiveArrayTools → RecursiveArrayToolsStatisticsExt 
Failed to precompile RecursiveArrayToolsStatisticsExt [0911adfa-4770-5cc8-8661-5b8407ce4c52] to "/workdir/depot/compiled/v1.14/RecursiveArrayToolsStatisticsExt/jl_1Ue2KF" (ProcessExited(1)).

NonlinearSolveSpectralMethods → NonlinearSolveSpectralMethodsForwardDiffExt 
Failed to precompile NonlinearSolveSpectralMethodsForwardDiffExt [c99e70aa-ef2e-51c0-a732-b691da61c2e3] to "/workdir/depot/compiled/v1.14/NonlinearSolveSpectralMethodsForwardDiffExt/jl_eWWFpO" (ProcessExited(1)).

OrdinaryDiffEqRKN 
Failed to precompile OrdinaryDiffEqRKN [af6ede74-add8-4cfd-b1df-9a4dbb109d7a] to "/workdir/depot/compiled/v1.14/OrdinaryDiffEqRKN/jl_Semk5m" (ProcessExited(1)).

DiffEqBase → DiffEqBaseForwardDiffExt 
Failed to precompile DiffEqBaseForwardDiffExt [ea0c3bd8-58df-5e31-bbc9-355b6b30111c] to "/workdir/depot/compiled/v1.14/DiffEqBaseForwardDiffExt/jl_sovltg" (ProcessExited(1)).

OrdinaryDiffEqSDIRK 
Failed to precompile OrdinaryDiffEqSDIRK [2d112036-d095-4a1e-ab9a-08536f3ecdbf] to "/workdir/depot/compiled/v1.14/OrdinaryDiffEqSDIRK/jl_GtdIMU" (ProcessExited(1)).

OrdinaryDiffEqSSPRK 
Failed to precompile OrdinaryDiffEqSSPRK [669c94d9-1f4b-4b64-b377-1aa079aa2388] to "/workdir/depot/compiled/v1.14/OrdinaryDiffEqSSPRK/jl_tuEQnc" (ProcessExited(1)).

SciMLOperators → SciMLOperatorsStaticArraysCoreExt 
Failed to precompile SciMLOperatorsStaticArraysCoreExt [12ab1d81-730f-53db-838e-23be54d7567a] to "/workdir/depot/compiled/v1.14/SciMLOperatorsStaticArraysCoreExt/jl_1NAFua" (ProcessExited(1)).

SciMLBase → SciMLBaseDifferentiationInterfaceExt 
Failed to precompile SciMLBaseDifferentiationInterfaceExt [aa531457-b324-55cf-9ab8-978cd90c7232] to "/workdir/depot/compiled/v1.14/SciMLBaseDifferentiationInterfaceExt/jl_r8yOO0" (ProcessExited(1)).

OrdinaryDiffEqCore → OrdinaryDiffEqCoreSparseArraysExt 
Failed to precompile OrdinaryDiffEqCoreSparseArraysExt [9c25454c-1749-5999-beab-0792e58cdb96] to "/workdir/depot/compiled/v1.14/OrdinaryDiffEqCoreSparseArraysExt/jl_JI0snu" (ProcessExited(1)).

SciMLBase → SciMLBaseForwardDiffExt 
Failed to precompile SciMLBaseForwardDiffExt [de196924-9367-56a4-b535-cc368d2f61a6] to "/workdir/depot/compiled/v1.14/SciMLBaseForwardDiffExt/jl_E1Aija" (ProcessExited(1)).

NonlinearSolveBase → NonlinearSolveBaseSparseArraysExt 
Failed to precompile NonlinearSolveBaseSparseArraysExt [ace3046d-3aa6-5ada-a68e-ca77348fbd2b] to "/workdir/depot/compiled/v1.14/NonlinearSolveBaseSparseArraysExt/jl_8Q6imb" (ProcessExited(1)).

DiffEqBase → DiffEqBaseChainRulesCoreExt 
Failed to precompile DiffEqBaseChainRulesCoreExt [c5ebb622-8b74-520f-b2f2-e0717ef8136e] to "/workdir/depot/compiled/v1.14/DiffEqBaseChainRulesCoreExt/jl_G5QZn2" (ProcessExited(1)).

OrdinaryDiffEqNordsieck 
Failed to precompile OrdinaryDiffEqNordsieck [c9986a66-5c92-4813-8696-a7ec84c806c8] to "/workdir/depot/compiled/v1.14/OrdinaryDiffEqNordsieck/jl_BG1AF1" (ProcessExited(1)).

SciMLOperators 
Failed to precompile SciMLOperators [c0aeaf25-5076-4817-a8d5-81caf7dfa961] to "/workdir/depot/compiled/v1.14/SciMLOperators/jl_Yz3lGX" (ProcessExited(1)).

NonlinearSolveQuasiNewton 
Failed to precompile NonlinearSolveQuasiNewton [9a2c21bd-3a47-402d-9113-8faf9a0ee114] to "/workdir/depot/compiled/v1.14/NonlinearSolveQuasiNewton/jl_fsOthC" (ProcessExited(1)).

NonlinearSolveBase → NonlinearSolveBaseLineSearchExt 
Failed to precompile NonlinearSolveBaseLineSearchExt [bfbc3ada-b3b5-533b-8531-d364554cb6ac] to "/workdir/depot/compiled/v1.14/NonlinearSolveBaseLineSearchExt/jl_xywPRg" (ProcessExited(1)).

Accessors → LinearAlgebraExt 
Failed to precompile LinearAlgebraExt [286ce1b1-6c8d-5016-ac43-97cd5558974d] to "/workdir/depot/compiled/v1.14/LinearAlgebraExt/jl_kA1Azr" (ProcessExited(1)).

OrdinaryDiffEqAdamsBashforthMoulton 
Failed to precompile OrdinaryDiffEqAdamsBashforthMoulton [89bda076-bce5-4f1c-845f-551c83cdda9a] to "/workdir/depot/compiled/v1.14/OrdinaryDiffEqAdamsBashforthMoulton/jl_IwsVdB" (ProcessExited(1)).

NonlinearSolveBase → NonlinearSolveBaseChainRulesCoreExt 
Failed to precompile NonlinearSolveBaseChainRulesCoreExt [be3ef277-28b0-5f2a-ae5b-041387467858] to "/workdir/depot/compiled/v1.14/NonlinearSolveBaseChainRulesCoreExt/jl_Ik7it7" (ProcessExited(1)).

SimpleNonlinearSolve → SimpleNonlinearSolveChainRulesCoreExt 
Failed to precompile SimpleNonlinearSolveChainRulesCoreExt [80bd63dd-e6e0-5b18-9e4a-c2c7e2d15cb5] to "/workdir/depot/compiled/v1.14/SimpleNonlinearSolveChainRulesCoreExt/jl_2KWBp2" (ProcessExited(1)).

Accessors → StaticArraysExt 
Failed to precompile StaticArraysExt [14daa408-29ba-553c-9cbc-1571fc7f00ce] to "/workdir/depot/compiled/v1.14/StaticArraysExt/jl_WlXXc0" (ProcessExited(1)).

OrdinaryDiffEqDifferentiation → OrdinaryDiffEqDifferentiationSparseArraysExt 
Failed to precompile OrdinaryDiffEqDifferentiationSparseArraysExt [4ece5de6-293a-5c45-ae66-31b75ecaace4] to "/workdir/depot/compiled/v1.14/OrdinaryDiffEqDifferentiationSparseArraysExt/jl_qycWLB" (ProcessExited(1)).

BracketingNonlinearSolve → BracketingNonlinearSolveForwardDiffExt 
Failed to precompile BracketingNonlinearSolveForwardDiffExt [dadc546b-1d4c-5c89-bba1-ac2666dd13af] to "/workdir/depot/compiled/v1.14/BracketingNonlinearSolveForwardDiffExt/jl_yi9Zcu" (ProcessExited(1)).

SciMLBase 
Failed to precompile SciMLBase [0bca4576-84f4-4d90-8ffe-ffa030f20462] to "/workdir/depot/compiled/v1.14/SciMLBase/jl_0KwDkM" (ProcessExited(1)).

OrdinaryDiffEqPRK 
Failed to precompile OrdinaryDiffEqPRK [5b33eab2-c0f1-4480-b2c3-94bc1e80bda1] to "/workdir/depot/compiled/v1.14/OrdinaryDiffEqPRK/jl_ChNemV" (ProcessExited(1)).

in expression starting at /tmp/tmp.o5G8c1gdJg/Julia-TTFX-Snippets/tasks/O/OrdinaryDiffEq/Solve-The-Lorenz-Equation/task.jl:10
Command exited with non-zero status 1
	Command being timed: "nice -n -10 timeout -k120 -v 3600 julia +nightly --project=O/OrdinaryDiffEq/Solve-The-Lorenz-Equation O/OrdinaryDiffEq/Solve-The-Lorenz-Equation/task.jl"
	User time (seconds): 65.99
	System time (seconds): 11.51
	Percent of CPU this job got: 310%
	Elapsed (wall clock) time (h:mm:ss or m:ss): 0:24.92
	Average shared text size (kbytes): 0
	Average unshared data size (kbytes): 0
	Average stack size (kbytes): 0
	Average total size (kbytes): 0
	Maximum resident set size (kbytes): 408468
	Average resident set size (kbytes): 0
	Major (requiring I/O) page faults: 60
	Minor (reclaiming a frame) page faults: 4588357
	Voluntary context switches: 7087
	Involuntary context switches: 1536
	Swaps: 0
	File system inputs: 0
	File system outputs: 1344
	Socket messages sent: 0
	Socket messages received: 0
	Signals delivered: 0
	Page size (bytes): 4096
	Exit status: 1
