nice: cannot set niceness: Permission denied
Precompiling packages...
    436.1 ms  ✓ Reexport
    433.6 ms  ✓ CommonSolve
    581.3 ms  ✓ ConstructionBase
    521.0 ms  ✓ StaticArraysCore
    609.8 ms  ✓ Statistics
   1275.1 ms  ✓ IrrationalConstants
    481.3 ms  ✓ IfElse
    945.7 ms  ✓ SuiteSparse_jll
    753.2 ms  ✓ EnzymeCore
    545.5 ms  ✓ ManualMemory
    452.2 ms  ✓ CommonWorldInvalidations
    722.0 ms  ✓ SciMLPublic
    436.0 ms  ✓ Future
    467.7 ms  ✓ FastPower
    475.2 ms  ✓ CompositionsBase
    526.9 ms  ✓ InverseFunctions
    477.2 ms  ✓ MuladdMacro
    497.3 ms  ✓ EnumX
    731.8 ms  ✓ OpenLibm_jll
   2093.1 ms  ✓ ExproniconLite
    513.2 ms  ✓ ExprTools
    521.9 ms  ✓ ConcreteStructs
   1155.3 ms  ✓ FillArrays
   4338.4 ms  ✓ MacroTools
    802.5 ms  ✓ OrderedCollections
    740.1 ms  ✓ ADTypes
    478.2 ms  ✓ FastClosures
    625.6 ms  ✓ DocStringExtensions
    743.2 ms  ✓ Serialization
    480.2 ms  ✓ SIMDTypes
    456.5 ms  ✓ IteratorInterfaceExtensions
    794.2 ms  ✓ Requires
    770.0 ms  ✓ CpuId
   1222.7 ms  ✓ GenericSchur
    581.0 ms  ✓ LoggingExtras
    616.3 ms  ✓ Compat
   2982.7 ms  ✓ FunctionWrappers
   1422.9 ms  ✓ InteractiveUtils
    484.2 ms  ✓ ConstructionBase → ConstructionBaseLinearAlgebraExt
    502.0 ms  ✓ DiffResults
    938.1 ms  ✓ LazyArtifacts
    477.4 ms  ✓ InverseFunctions → InverseFunctionsDatesExt
    478.1 ms  ✓ CompositionsBase → CompositionsBaseInverseFunctionsExt
    581.1 ms  ✓ NaNMath
   1221.1 ms  ✓ ThreadingUtilities
   1866.6 ms  ✓ Preferences
    481.0 ms  ✓ FillArrays → FillArraysStatisticsExt
    595.6 ms  ✓ CommonSubexpressions
    446.0 ms  ✓ ADTypes → ADTypesConstructionBaseExt
    474.9 ms  ✓ ADTypes → ADTypesEnzymeCoreExt
   1906.8 ms  ✓ Jieko
   1117.7 ms  ✓ DifferentiationInterface
   1846.1 ms  ✓ DataStructures
    697.4 ms  ✓ LogExpFunctions
    541.6 ms  ✓ RuntimeGeneratedFunctions
    613.9 ms  ✓ Adapt
    576.4 ms  ✓ Compat → CompatLinearAlgebraExt
   3417.4 ms  ✓ TimerOutputs
    529.6 ms  ✓ FunctionWrappersWrappers
    472.6 ms  ✓ PrecompileTools
   2601.3 ms  ✓ Distributed
[0K
[0K[3977410] signal 11 (1): Segmentation fault
[0Kin expression starting at /workdir/depot/packages/Accessors/cfsTn/src/functionlenses.jl:2
[0Kcheckbounds at ./essentials.jl:381 [inlined]
[0K_iterate_abstractarray at ./abstractarray.jl:1248 [inlined]
[0Kiterate at ./abstractarray.jl:1241 [inlined]
[0Kiterate at ./abstractarray.jl:1241 [inlined]
[0K_foldl_impl at ./reduce.jl:54
[0Kfoldl_impl at ./reduce.jl:46
[0Kmapfoldl_impl at ./reduce.jl:42
[0Kunknown function (ip: 0x78ebcad1f00c) at (unknown file)
[0K#mapfoldl#265 at ./reduce.jl:173
[0Kmapfoldl at ./reduce.jl:173 [inlined]
[0K#foldl#266 at ./reduce.jl:196
[0Kunknown function (ip: 0x78ebcad1eeed) at (unknown file)
[0Kfoldl at ./reduce.jl:196 [inlined]
[0Kfoldtree at /workdir/depot/packages/Accessors/cfsTn/src/sugar.jl:139
[0Kneed_dynamic_optic at /workdir/depot/packages/Accessors/cfsTn/src/sugar.jl:142
[0Kunknown function (ip: 0x78ebcad1ec92) at (unknown file)
[0K_any at ./anyall.jl:124
[0Kunknown function (ip: 0x78ebcad1ebbe) at (unknown file)
[0K#any#756 at ./reducedim.jl:993
[0Kany at ./reducedim.jl:993
[0Kunknown function (ip: 0x78ebcad1e5f4) at (unknown file)
[0Kparse_obj_optics at /workdir/depot/packages/Accessors/cfsTn/src/sugar.jl:205
[0Kparse_obj_optic at /workdir/depot/packages/Accessors/cfsTn/src/sugar.jl:278
[0Kunknown function (ip: 0x78ebcad10789) at (unknown file)
[0K#setmacro#67 at /workdir/depot/packages/Accessors/cfsTn/src/sugar.jl:321
[0Ksetmacro at /workdir/depot/packages/Accessors/cfsTn/src/sugar.jl:312
[0Kunknown function (ip: 0x78ebcad0e8ed) at (unknown file)
[0K@set at /workdir/depot/packages/Accessors/cfsTn/src/sugar.jl:33
[0Kunknown function (ip: 0x78ebcad09e29) at (unknown file)
[0Kjl_invoke_julia_macro at /cache/build/tester-amdci4-15/julialang/julia-master/src/ast.c:1064
[0Kjl_expand_macros at /cache/build/tester-amdci4-15/julialang/julia-master/src/ast.c:1126
[0Kjl_expand_macros at /cache/build/tester-amdci4-15/julialang/julia-master/src/ast.c:1175
[0Kjl_expand_macros at /cache/build/tester-amdci4-15/julialang/julia-master/src/ast.c:1175
[0Kjl_fl_lower at /cache/build/tester-amdci4-15/julialang/julia-master/src/ast.c:1204
    649.9 ms  ✓ JLLWrappers
[0Kfl_lower at ./flfrontend.jl:24
[0Kjfptr_fl_lower_1.1 at /root/.julia/juliaup/julia-nightly/lib/julia/sys.so (unknown line)
[0Kjl_apply at /cache/build/tester-amdci4-15/julialang/julia-master/src/julia.h:2295 [inlined]
[0Kijl_lower at /cache/build/tester-amdci4-15/julialang/julia-master/src/ast.c:1271
[0Kjl_eval_toplevel_stmts at /cache/build/tester-amdci4-15/julialang/julia-master/src/toplevel.c:598
[0Kjl_toplevel_eval_flex at /cache/build/tester-amdci4-15/julialang/julia-master/src/toplevel.c:684
[0Kijl_toplevel_eval at /cache/build/tester-amdci4-15/julialang/julia-master/src/toplevel.c:780
[0Kijl_toplevel_eval_in at /cache/build/tester-amdci4-15/julialang/julia-master/src/toplevel.c:825
   1367.2 ms  ✓ Setfield
[0Keval at ./boot.jl:517
[0Kinclude_string at ./loading.jl:3130
[0K_include at ./loading.jl:3190
[0Kinclude at ./Base.jl:324
[0KIncludeInto at ./Base.jl:325
[0Kjfptr_IncludeInto_1.1 at /root/.julia/juliaup/julia-nightly/lib/julia/sys.so (unknown line)
[0Kjl_apply at /cache/build/tester-amdci4-15/julialang/julia-master/src/julia.h:2295 [inlined]
[0Kdo_call at /cache/build/tester-amdci4-15/julialang/julia-master/src/interpreter.c:123
[0Keval_value at /cache/build/tester-amdci4-15/julialang/julia-master/src/interpreter.c:243
[0Keval_stmt_value at /cache/build/tester-amdci4-15/julialang/julia-master/src/interpreter.c:194 [inlined]
[0Keval_body at /cache/build/tester-amdci4-15/julialang/julia-master/src/interpreter.c:679
[0Kjl_interpret_toplevel_thunk at /cache/build/tester-amdci4-15/julialang/julia-master/src/interpreter.c:884
[0Kijl_eval_thunk at /cache/build/tester-amdci4-15/julialang/julia-master/src/toplevel.c:766
[0Kjl_toplevel_eval_flex at /cache/build/tester-amdci4-15/julialang/julia-master/src/toplevel.c:712
[0Kjl_eval_toplevel_stmts at /cache/build/tester-amdci4-15/julialang/julia-master/src/toplevel.c:602
[0Kjl_eval_module_expr at /cache/build/tester-amdci4-15/julialang/julia-master/src/toplevel.c:263 [inlined]
[0Kjl_toplevel_eval_flex at /cache/build/tester-amdci4-15/julialang/julia-master/src/toplevel.c:665
[0Kjl_eval_toplevel_stmts at /cache/build/tester-amdci4-15/julialang/julia-master/src/toplevel.c:602
[0Kjl_toplevel_eval_flex at /cache/build/tester-amdci4-15/julialang/julia-master/src/toplevel.c:684
[0Kijl_toplevel_eval at /cache/build/tester-amdci4-15/julialang/julia-master/src/toplevel.c:780
[0Kijl_toplevel_eval_in at /cache/build/tester-amdci4-15/julialang/julia-master/src/toplevel.c:825
[0Keval at ./boot.jl:517
[0Kinclude_string at ./loading.jl:3130
[0K_include at ./loading.jl:3190
[0Kinclude at ./Base.jl:323
[0Kinclude_package_for_output at ./loading.jl:3288
[0Kjfptr_include_package_for_output_1.1 at /root/.julia/juliaup/julia-nightly/lib/julia/sys.so (unknown line)
[0Kjl_apply at /cache/build/tester-amdci4-15/julialang/julia-master/src/julia.h:2295 [inlined]
[0Kdo_call at /cache/build/tester-amdci4-15/julialang/julia-master/src/interpreter.c:123
[0Keval_value at /cache/build/tester-amdci4-15/julialang/julia-master/src/interpreter.c:243
[0Keval_stmt_value at /cache/build/tester-amdci4-15/julialang/julia-master/src/interpreter.c:194 [inlined]
[0Keval_body at /cache/build/tester-amdci4-15/julialang/julia-master/src/interpreter.c:679
[0Kjl_interpret_toplevel_thunk at /cache/build/tester-amdci4-15/julialang/julia-master/src/interpreter.c:884
[0Kijl_eval_thunk at /cache/build/tester-amdci4-15/julialang/julia-master/src/toplevel.c:766
[0Kjl_toplevel_eval_flex at /cache/build/tester-amdci4-15/julialang/julia-master/src/toplevel.c:712
[0Kjl_eval_toplevel_stmts at /cache/build/tester-amdci4-15/julialang/julia-master/src/toplevel.c:602
[0Kjl_toplevel_eval_flex at /cache/build/tester-amdci4-15/julialang/julia-master/src/toplevel.c:684
[0Kijl_toplevel_eval at /cache/build/tester-amdci4-15/julialang/julia-master/src/toplevel.c:780
[0Kijl_toplevel_eval_in at /cache/build/tester-amdci4-15/julialang/julia-master/src/toplevel.c:825
[0Keval at ./boot.jl:517
[0Kinclude_string at ./loading.jl:3130
[0Kinclude_string at ./loading.jl:3140 [inlined]
[0Kexec_options at ./client.jl:342
[0K_start at ./client.jl:585
[0Kjfptr__start_0.1 at /root/.julia/juliaup/julia-nightly/lib/julia/sys.so (unknown line)
[0Kjl_apply at /cache/build/tester-amdci4-15/julialang/julia-master/src/julia.h:2295 [inlined]
[0Ktrue_main at /cache/build/tester-amdci4-15/julialang/julia-master/src/jlapi.c:971
[0Kjl_repl_entrypoint at /cache/build/tester-amdci4-15/julialang/julia-master/src/jlapi.c:1138
[0Kmain at /cache/build/tester-amdci4-15/julialang/julia-master/cli/loader_exe.c:58
[0Kunknown function (ip: 0x78ebe6504249) at /lib/x86_64-linux-gnu/libc.so.6
[0K__libc_start_main at /lib/x86_64-linux-gnu/libc.so.6 (unknown line)
[0Kunknown function (ip: 0x4010b8) at /workspace/srcdir/glibc-2.17/csu/../sysdeps/x86_64/start.S
[0KAllocations: 1586032 (Pool: 1586014; Big: 18); GC: 2
    644.6 ms  ✓ SciMLLogging
    579.7 ms  ✓ TruncatedStacktraces
              ✗ Accessors
    417.8 ms  ✓ LogExpFunctions → LogExpFunctionsInverseFunctionsExt
    616.1 ms  ✓ ArrayInterface
    607.5 ms  ✓ GPUArraysCore
    462.0 ms  ✓ EnzymeCore → AdaptExt
   4238.4 ms  ✓ SparseArrays
   1401.6 ms  ✓ ChainRulesCore
   1742.5 ms  ✓ RecipesBase
    751.7 ms  ✓ OpenSpecFun_jll
   1158.0 ms  ✓ IntelOpenMP_jll
   1167.8 ms  ✓ oneTBB_jll
    430.2 ms  ✓ ArrayInterface → ArrayInterfaceStaticArraysCoreExt
    724.1 ms  ✓ MaybeInplace
[0KERROR: LoadError: Precompiled image Base.PkgId(Base.UUID("7d9f7c33-5ae7-4f3b-8dc6-eff91059b697"), "Accessors") not available with flags CacheFlags(; use_pkgimages=true, debug_level=1, check_bounds=0, inline=true, opt_level=2)
[0KStacktrace:
[0K  [1] error(s::String)
[0K    @ Base ./error.jl:56
[0K  [2] __require_prelocked(pkg::Base.PkgId, env::String)
[0K    @ Base ./loading.jl:2840
[0K  [3] _require_prelocked(uuidkey::Base.PkgId, env::String)
[0K    @ Base ./loading.jl:2694
[0K  [4] macro expansion
[0K    @ ./loading.jl:2621 [inlined]
[0K  [5] macro expansion
[0K    @ ./lock.jl:376 [inlined]
[0K  [6] __require(into::Module, mod::Symbol)
[0K    @ Base ./loading.jl:2585
[0K  [7] require
[0K    @ ./loading.jl:2561 [inlined]
[0K  [8] eval_import_path
[0K    @ ./module.jl:36 [inlined]
[0K  [9] eval_import_path_all(at::Module, path::Expr, keyword::String)
[0K    @ Base ./module.jl:60
[0K [10] _eval_import(::Bool, ::Module, ::Expr, ::Expr, ::Vararg{Expr})
[0K    @ Base ./module.jl:101
[0K [11] top-level scope
[0K    @ /workdir/depot/packages/Accessors/cfsTn/ext/LinearAlgebraExt.jl:3
[0K [12] include(mod::Module, _path::String)
[0K    @ Base ./Base.jl:323
[0K [13] include_package_for_output(pkg::Base.PkgId, input::String, syntax_version::VersionNumber, depot_path::Vector{String}, dl_load_path::Vector{String}, load_path::Vector{String}, concrete_deps::Vector{Pair{Base.PkgId, UInt128}}, source::Nothing)
[0K    @ Base ./loading.jl:3288
[0K [14] top-level scope
[0K    @ stdin:5
[0K [15] eval(m::Module, e::Any)
[0K    @ Core ./boot.jl:517
[0K [16] include_string(mapexpr::typeof(identity), mod::Module, code::String, filename::String)
[0K    @ Base ./loading.jl:3130
[0K [17] include_string
[0K    @ ./loading.jl:3140 [inlined]
[0K [18] exec_options(opts::Base.JLOptions)
[0K    @ Base ./client.jl:342
[0K [19] _start()
[0K    @ Base ./client.jl:585
[0Kin expression starting at /workdir/depot/packages/Accessors/cfsTn/ext/LinearAlgebraExt.jl:1
[0Kin expression starting at stdin:5
              ✗ Accessors → LinearAlgebraExt
    660.9 ms  ✓ SciMLStructures
    446.6 ms  ✓ DifferentiationInterface → DifferentiationInterfaceGPUArraysCoreExt
   1300.7 ms  ✓ PreallocationTools
    554.0 ms  ✓ ArrayInterface → ArrayInterfaceGPUArraysCoreExt
    715.0 ms  ✓ Statistics → SparseArraysExt
    786.8 ms  ✓ FillArrays → FillArraysSparseArraysExt
    739.5 ms  ✓ DifferentiationInterface → DifferentiationInterfaceSparseArraysExt
   9570.5 ms  ✓ Moshi
    694.3 ms  ✓ Adapt → AdaptSparseArraysExt
    705.8 ms  ✓ ArrayInterface → ArrayInterfaceSparseArraysExt
    754.4 ms  ✓ ChainRulesCore → ChainRulesCoreSparseArraysExt
    575.0 ms  ✓ EnzymeCore → EnzymeCoreChainRulesCoreExt
    548.1 ms  ✓ ADTypes → ADTypesChainRulesCoreExt
    581.1 ms  ✓ DifferentiationInterface → DifferentiationInterfaceChainRulesCoreExt
  12659.1 ms  ✓ StaticArrays
    442.2 ms  ✓ ArrayInterface → ArrayInterfaceChainRulesCoreExt
   1345.9 ms  ✓ LogExpFunctions → LogExpFunctionsChainRulesCoreExt
   7798.2 ms  ✓ Krylov
    978.2 ms  ✓ FiniteDiff
   1655.3 ms  ✓ MKL_jll
    834.2 ms  ✓ MaybeInplace → MaybeInplaceSparseArraysExt
   3055.4 ms  ✓ SpecialFunctions
[0KERROR: LoadError: Precompiled image Base.PkgId(Base.UUID("7d9f7c33-5ae7-4f3b-8dc6-eff91059b697"), "Accessors") not available with flags CacheFlags(; use_pkgimages=true, debug_level=1, check_bounds=0, inline=true, opt_level=2)
[0KStacktrace:
[0K  [1] error(s::String)
[0K    @ Base ./error.jl:56
[0K  [2] __require_prelocked(pkg::Base.PkgId, env::String)
[0K    @ Base ./loading.jl:2840
[0K  [3] _require_prelocked(uuidkey::Base.PkgId, env::String)
[0K    @ Base ./loading.jl:2694
[0K  [4] macro expansion
[0K    @ ./loading.jl:2621 [inlined]
[0K  [5] macro expansion
[0K    @ ./lock.jl:376 [inlined]
[0K  [6] __require(into::Module, mod::Symbol)
[0K    @ Base ./loading.jl:2585
[0K  [7] require
[0K    @ ./loading.jl:2561 [inlined]
[0K  [8] eval_import_path
[0K    @ ./module.jl:36 [inlined]
[0K  [9] eval_import_path_all(at::Module, path::Expr, keyword::String)
[0K    @ Base ./module.jl:60
[0K [10] _eval_import(::Bool, ::Module, ::Expr, ::Expr, ::Vararg{Expr})
[0K    @ Base ./module.jl:101
[0K [11] top-level scope
[0K    @ /workdir/depot/packages/SciMLOperators/uWgDC/src/SciMLOperators.jl:12
[0K [12] include(mod::Module, _path::String)
[0K    @ Base ./Base.jl:323
[0K [13] include_package_for_output(pkg::Base.PkgId, input::String, syntax_version::VersionNumber, depot_path::Vector{String}, dl_load_path::Vector{String}, load_path::Vector{String}, concrete_deps::Vector{Pair{Base.PkgId, UInt128}}, source::Nothing)
[0K    @ Base ./loading.jl:3288
[0K [14] top-level scope
[0K    @ stdin:5
[0K [15] eval(m::Module, e::Any)
[0K    @ Core ./boot.jl:517
[0K [16] include_string(mapexpr::typeof(identity), mod::Module, code::String, filename::String)
[0K    @ Base ./loading.jl:3130
[0K [17] include_string
[0K    @ ./loading.jl:3140 [inlined]
[0K [18] exec_options(opts::Base.JLOptions)
[0K    @ Base ./client.jl:342
[0K [19] _start()
[0K    @ Base ./client.jl:585
[0Kin expression starting at /workdir/depot/packages/SciMLOperators/uWgDC/src/SciMLOperators.jl:1
[0Kin expression starting at stdin:5
              ✗ SciMLOperators
   9254.9 ms  ✓ SparseMatrixColorings
[0KERROR: LoadError: Precompiled image Base.PkgId(Base.UUID("7d9f7c33-5ae7-4f3b-8dc6-eff91059b697"), "Accessors") not available with flags CacheFlags(; use_pkgimages=true, debug_level=1, check_bounds=0, inline=true, opt_level=2)
[0KStacktrace:
[0K  [1] error(s::String)
[0K    @ Base ./error.jl:56
[0K  [2] __require_prelocked(pkg::Base.PkgId, env::String)
[0K    @ Base ./loading.jl:2840
[0K  [3] _require_prelocked(uuidkey::Base.PkgId, env::String)
[0K    @ Base ./loading.jl:2694
[0K  [4] macro expansion
[0K    @ ./loading.jl:2621 [inlined]
[0K  [5] macro expansion
[0K    @ ./lock.jl:376 [inlined]
[0K  [6] __require(into::Module, mod::Symbol)
[0K    @ Base ./loading.jl:2585
[0K  [7] require
[0K    @ ./loading.jl:2561 [inlined]
[0K  [8] eval_import_path
[0K    @ ./module.jl:36 [inlined]
[0K  [9] eval_import_path_all(at::Module, path::Expr, keyword::String)
[0K    @ Base ./module.jl:60
[0K [10] _eval_import(::Bool, ::Module, ::Expr, ::Expr, ::Vararg{Expr})
[0K    @ Base ./module.jl:101
[0K [11] top-level scope
[0K    @ /workdir/depot/packages/SymbolicIndexingInterface/D9aQf/src/SymbolicIndexingInterface.jl:6
[0K [12] include(mod::Module, _path::String)
[0K    @ Base ./Base.jl:323
[0K [13] include_package_for_output(pkg::Base.PkgId, input::String, syntax_version::VersionNumber, depot_path::Vector{String}, dl_load_path::Vector{String}, load_path::Vector{String}, concrete_deps::Vector{Pair{Base.PkgId, UInt128}}, source::Nothing)
[0K    @ Base ./loading.jl:3288
[0K [14] top-level scope
[0K    @ stdin:5
[0K [15] eval(m::Module, e::Any)
[0K    @ Core ./boot.jl:517
[0K [16] include_string(mapexpr::typeof(identity), mod::Module, code::String, filename::String)
[0K    @ Base ./loading.jl:3130
[0K [17] include_string
[0K    @ ./loading.jl:3140 [inlined]
[0K [18] exec_options(opts::Base.JLOptions)
[0K    @ Base ./client.jl:342
[0K [19] _start()
[0K    @ Base ./client.jl:585
[0Kin expression starting at /workdir/depot/packages/SymbolicIndexingInterface/D9aQf/src/SymbolicIndexingInterface.jl:1
[0Kin expression starting at stdin:5
              ✗ SymbolicIndexingInterface
    763.0 ms  ✓ StaticArrays → StaticArraysStatisticsExt
    773.2 ms  ✓ StaticArrays → StaticArraysChainRulesCoreExt
    770.9 ms  ✓ ConstructionBase → ConstructionBaseStaticArraysExt
    809.0 ms  ✓ FillArrays → FillArraysStaticArraysExt
    761.0 ms  ✓ DifferentiationInterface → DifferentiationInterfaceStaticArraysExt
    751.0 ms  ✓ Adapt → AdaptStaticArraysExt
    751.8 ms  ✓ FiniteDiff → FiniteDiffStaticArraysExt
    748.3 ms  ✓ FiniteDiff → FiniteDiffSparseArraysExt
    627.2 ms  ✓ DifferentiationInterface → DifferentiationInterfaceFiniteDiffExt
[0KERROR: LoadError: Precompiled image Base.PkgId(Base.UUID("7d9f7c33-5ae7-4f3b-8dc6-eff91059b697"), "Accessors") not available with flags CacheFlags(; use_pkgimages=true, debug_level=1, check_bounds=0, inline=true, opt_level=2)
[0KStacktrace:
[0K  [1] error(s::String)
[0K    @ Base ./error.jl:56
[0K  [2] __require_prelocked(pkg::Base.PkgId, env::String)
[0K    @ Base ./loading.jl:2840
[0K  [3] _require_prelocked(uuidkey::Base.PkgId, env::String)
[0K    @ Base ./loading.jl:2694
[0K  [4] macro expansion
[0K    @ ./loading.jl:2621 [inlined]
[0K  [5] macro expansion
[0K    @ ./lock.jl:376 [inlined]
[0K  [6] __require(into::Module, mod::Symbol)
[0K    @ Base ./loading.jl:2585
[0K  [7] require
[0K    @ ./loading.jl:2561 [inlined]
[0K  [8] eval_import_path
[0K    @ ./module.jl:36 [inlined]
[0K  [9] eval_import_path_all(at::Module, path::Expr, keyword::String)
[0K    @ Base ./module.jl:60
[0K [10] _eval_using
[0K    @ ./module.jl:137 [inlined]
[0K [11] _eval_using(to::Module, path::Expr)
[0K    @ Base ./module.jl:137
[0K [12] top-level scope
[0K    @ /workdir/depot/packages/Accessors/cfsTn/ext/StaticArraysExt.jl:3
[0K [13] include(mod::Module, _path::String)
[0K    @ Base ./Base.jl:323
[0K [14] include_package_for_output(pkg::Base.PkgId, input::String, syntax_version::VersionNumber, depot_path::Vector{String}, dl_load_path::Vector{String}, load_path::Vector{String}, concrete_deps::Vector{Pair{Base.PkgId, UInt128}}, source::Nothing)
[0K    @ Base ./loading.jl:3288
[0K [15] top-level scope
[0K    @ stdin:5
[0K [16] eval(m::Module, e::Any)
[0K    @ Core ./boot.jl:517
[0K [17] include_string(mapexpr::typeof(identity), mod::Module, code::String, filename::String)
[0K    @ Base ./loading.jl:3130
[0K [18] include_string
[0K    @ ./loading.jl:3140 [inlined]
[0K [19] exec_options(opts::Base.JLOptions)
[0K    @ Base ./client.jl:342
[0K [20] _start()
[0K    @ Base ./client.jl:585
[0Kin expression starting at /workdir/depot/packages/Accessors/cfsTn/ext/StaticArraysExt.jl:1
[0Kin expression starting at stdin:5
  20791.8 ms  ✓ Static
              ✗ Accessors → StaticArraysExt
    678.3 ms  ✓ DiffRules
   1861.4 ms  ✓ SpecialFunctions → SpecialFunctionsChainRulesCoreExt
   1514.3 ms  ✓ FastGaussQuadrature
    757.9 ms  ✓ DifferentiationInterface → DifferentiationInterfaceSparseMatrixColoringsExt
[0KERROR: LoadError: Precompiled image Base.PkgId(Base.UUID("c0aeaf25-5076-4817-a8d5-81caf7dfa961"), "SciMLOperators") not available with flags CacheFlags(; use_pkgimages=true, debug_level=1, check_bounds=0, inline=true, opt_level=2)
[0KStacktrace:
[0K  [1] error(s::String)
[0K    @ Base ./error.jl:56
[0K  [2] __require_prelocked(pkg::Base.PkgId, env::String)
[0K    @ Base ./loading.jl:2840
[0K  [3] _require_prelocked(uuidkey::Base.PkgId, env::String)
[0K    @ Base ./loading.jl:2694
[0K  [4] macro expansion
[0K    @ ./loading.jl:2621 [inlined]
[0K  [5] macro expansion
[0K    @ ./lock.jl:376 [inlined]
[0K  [6] __require(into::Module, mod::Symbol)
[0K    @ Base ./loading.jl:2585
[0K  [7] require
[0K    @ ./loading.jl:2561 [inlined]
[0K  [8] eval_import_path
[0K    @ ./module.jl:36 [inlined]
[0K  [9] _eval_import(imported::Bool, to::Module, from::Nothing, paths::Expr)
[0K    @ Base ./module.jl:111
[0K [10] top-level scope
[0K    @ /workdir/depot/packages/SciMLOperators/uWgDC/ext/SciMLOperatorsStaticArraysCoreExt.jl:3
[0K [11] include(mod::Module, _path::String)
[0K    @ Base ./Base.jl:323
[0K [12] include_package_for_output(pkg::Base.PkgId, input::String, syntax_version::VersionNumber, depot_path::Vector{String}, dl_load_path::Vector{String}, load_path::Vector{String}, concrete_deps::Vector{Pair{Base.PkgId, UInt128}}, source::Nothing)
[0K    @ Base ./loading.jl:3288
[0K [13] top-level scope
[0K    @ stdin:5
[0K [14] eval(m::Module, e::Any)
[0K    @ Core ./boot.jl:517
[0K [15] include_string(mapexpr::typeof(identity), mod::Module, code::String, filename::String)
[0K    @ Base ./loading.jl:3130
[0K [16] include_string
[0K    @ ./loading.jl:3140 [inlined]
[0K [17] exec_options(opts::Base.JLOptions)
[0K    @ Base ./client.jl:342
[0K [18] _start()
[0K    @ Base ./client.jl:585
[0Kin expression starting at /workdir/depot/packages/SciMLOperators/uWgDC/ext/SciMLOperatorsStaticArraysCoreExt.jl:1
[0Kin expression starting at stdin:5
              ✗ SciMLOperators → SciMLOperatorsStaticArraysCoreExt
    484.6 ms  ✓ BitTwiddlingConvenienceFunctions
    729.8 ms  ✓ NLSolversBase
[0KERROR: LoadError: Precompiled image Base.PkgId(Base.UUID("c0aeaf25-5076-4817-a8d5-81caf7dfa961"), "SciMLOperators") not available with flags CacheFlags(; use_pkgimages=true, debug_level=1, check_bounds=0, inline=true, opt_level=2)
[0KStacktrace:
[0K  [1] error(s::String)
[0K    @ Base ./error.jl:56
[0K  [2] __require_prelocked(pkg::Base.PkgId, env::String)
[0K    @ Base ./loading.jl:2840
[0K  [3] _require_prelocked(uuidkey::Base.PkgId, env::String)
[0K    @ Base ./loading.jl:2694
[0K  [4] macro expansion
[0K    @ ./loading.jl:2621 [inlined]
[0K  [5] macro expansion
[0K    @ ./lock.jl:376 [inlined]
[0K  [6] __require(into::Module, mod::Symbol)
[0K    @ Base ./loading.jl:2585
[0K  [7] require
[0K    @ ./loading.jl:2561 [inlined]
[0K  [8] eval_import_path
[0K    @ ./module.jl:36 [inlined]
[0K  [9] _eval_import(imported::Bool, to::Module, from::Nothing, paths::Expr)
[0K    @ Base ./module.jl:111
[0K [10] top-level scope
[0K    @ /workdir/depot/packages/SciMLOperators/uWgDC/ext/SciMLOperatorsSparseArraysExt.jl:3
[0K [11] include(mod::Module, _path::String)
[0K    @ Base ./Base.jl:323
[0K [12] include_package_for_output(pkg::Base.PkgId, input::String, syntax_version::VersionNumber, depot_path::Vector{String}, dl_load_path::Vector{String}, load_path::Vector{String}, concrete_deps::Vector{Pair{Base.PkgId, UInt128}}, source::Nothing)
[0K    @ Base ./loading.jl:3288
[0K [13] top-level scope
[0K    @ stdin:5
[0K [14] eval(m::Module, e::Any)
[0K    @ Core ./boot.jl:517
[0K [15] include_string(mapexpr::typeof(identity), mod::Module, code::String, filename::String)
[0K    @ Base ./loading.jl:3130
[0K [16] include_string
[0K    @ ./loading.jl:3140 [inlined]
[0K [17] exec_options(opts::Base.JLOptions)
[0K    @ Base ./client.jl:342
[0K [18] _start()
[0K    @ Base ./client.jl:585
[0Kin expression starting at /workdir/depot/packages/SciMLOperators/uWgDC/ext/SciMLOperatorsSparseArraysExt.jl:1
[0Kin expression starting at stdin:5
              ✗ SciMLOperators → SciMLOperatorsSparseArraysExt
[0KERROR: LoadError: Precompiled image Base.PkgId(Base.UUID("2efcf032-c050-4f8e-a9bb-153293bab1f5"), "SymbolicIndexingInterface") not available with flags CacheFlags(; use_pkgimages=true, debug_level=1, check_bounds=0, inline=true, opt_level=2)
[0KStacktrace:
[0K  [1] error(s::String)
[0K    @ Base ./error.jl:56
[0K  [2] __require_prelocked(pkg::Base.PkgId, env::String)
[0K    @ Base ./loading.jl:2840
[0K  [3] _require_prelocked(uuidkey::Base.PkgId, env::String)
[0K    @ Base ./loading.jl:2694
[0K  [4] macro expansion
[0K    @ ./loading.jl:2621 [inlined]
[0K  [5] macro expansion
[0K    @ ./lock.jl:376 [inlined]
[0K  [6] __require(into::Module, mod::Symbol)
[0K    @ Base ./loading.jl:2585
[0K  [7] require
[0K    @ ./loading.jl:2561 [inlined]
[0K  [8] eval_import_path
[0K    @ ./module.jl:36 [inlined]
[0K  [9] eval_import_path_all(at::Module, path::Expr, keyword::String)
[0K    @ Base ./module.jl:60
[0K [10] _eval_using
[0K    @ ./module.jl:137 [inlined]
[0K [11] _eval_using(to::Module, path::Expr)
[0K    @ Base ./module.jl:137
[0K [12] top-level scope
[0K    @ /workdir/depot/packages/RecursiveArrayTools/AvG3i/src/RecursiveArrayTools.jl:10
[0K [13] include(mod::Module, _path::String)
[0K    @ Base ./Base.jl:323
[0K [14] include_package_for_output(pkg::Base.PkgId, input::String, syntax_version::VersionNumber, depot_path::Vector{String}, dl_load_path::Vector{String}, load_path::Vector{String}, concrete_deps::Vector{Pair{Base.PkgId, UInt128}}, source::Nothing)
[0K    @ Base ./loading.jl:3288
[0K [15] top-level scope
[0K    @ stdin:5
[0K [16] eval(m::Module, e::Any)
[0K    @ Core ./boot.jl:517
[0K [17] include_string(mapexpr::typeof(identity), mod::Module, code::String, filename::String)
[0K    @ Base ./loading.jl:3130
[0K [18] include_string
[0K    @ ./loading.jl:3140 [inlined]
[0K [19] exec_options(opts::Base.JLOptions)
[0K    @ Base ./client.jl:342
[0K [20] _start()
[0K    @ Base ./client.jl:585
[0Kin expression starting at /workdir/depot/packages/RecursiveArrayTools/AvG3i/src/RecursiveArrayTools.jl:2
[0Kin expression starting at stdin:5
              ✗ RecursiveArrayTools
    978.1 ms  ✓ CPUSummary
    752.3 ms  ✓ LineSearches
[0KERROR: LoadError: Precompiled image Base.PkgId(Base.UUID("731186ca-8d62-57ce-b412-fbd966d074cd"), "RecursiveArrayTools") not available with flags CacheFlags(; use_pkgimages=true, debug_level=1, check_bounds=0, inline=true, opt_level=2)
[0KStacktrace:
[0K  [1] error(s::String)
[0K    @ Base ./error.jl:56
[0K  [2] __require_prelocked(pkg::Base.PkgId, env::String)
[0K    @ Base ./loading.jl:2840
[0K  [3] _require_prelocked(uuidkey::Base.PkgId, env::String)
[0K    @ Base ./loading.jl:2694
[0K  [4] macro expansion
[0K    @ ./loading.jl:2621 [inlined]
[0K  [5] macro expansion
[0K    @ ./lock.jl:376 [inlined]
[0K  [6] __require(into::Module, mod::Symbol)
[0K    @ Base ./loading.jl:2585
[0K  [7] require
[0K    @ ./loading.jl:2561 [inlined]
[0K  [8] eval_import_path
[0K    @ ./module.jl:36 [inlined]
[0K  [9] _eval_import(imported::Bool, to::Module, from::Nothing, paths::Expr)
[0K    @ Base ./module.jl:111
[0K [10] top-level scope
[0K    @ /workdir/depot/packages/RecursiveArrayTools/AvG3i/ext/RecursiveArrayToolsSparseArraysExt.jl:4
[0K [11] include(mod::Module, _path::String)
[0K    @ Base ./Base.jl:323
[0K [12] include_package_for_output(pkg::Base.PkgId, input::String, syntax_version::VersionNumber, depot_path::Vector{String}, dl_load_path::Vector{String}, load_path::Vector{String}, concrete_deps::Vector{Pair{Base.PkgId, UInt128}}, source::Nothing)
[0K    @ Base ./loading.jl:3288
[0K [13] top-level scope
[0K    @ stdin:5
[0K [14] eval(m::Module, e::Any)
[0K    @ Core ./boot.jl:517
[0K [15] include_string(mapexpr::typeof(identity), mod::Module, code::String, filename::String)
[0K    @ Base ./loading.jl:3130
[0K [16] include_string
[0K    @ ./loading.jl:3140 [inlined]
[0K [17] exec_options(opts::Base.JLOptions)
[0K    @ Base ./client.jl:342
[0K [18] _start()
[0K    @ Base ./client.jl:585
[0Kin expression starting at /workdir/depot/packages/RecursiveArrayTools/AvG3i/ext/RecursiveArrayToolsSparseArraysExt.jl:1
[0Kin expression starting at stdin:5
[0KERROR: LoadError: Precompiled image Base.PkgId(Base.UUID("731186ca-8d62-57ce-b412-fbd966d074cd"), "RecursiveArrayTools") not available with flags CacheFlags(; use_pkgimages=true, debug_level=1, check_bounds=0, inline=true, opt_level=2)
[0KStacktrace:
[0K  [1] error(s::String)
[0K    @ Base ./error.jl:56
[0K  [2] __require_prelocked(pkg::Base.PkgId, env::String)
[0K    @ Base ./loading.jl:2840
[0K  [3] _require_prelocked(uuidkey::Base.PkgId, env::String)
[0K    @ Base ./loading.jl:2694
[0K  [4] macro expansion
[0K    @ ./loading.jl:2621 [inlined]
[0K  [5] macro expansion
[0K    @ ./lock.jl:376 [inlined]
[0K  [6] __require(into::Module, mod::Symbol)
[0K    @ Base ./loading.jl:2585
[0K  [7] require
[0K    @ ./loading.jl:2561 [inlined]
[0K  [8] eval_import_path
[0K    @ ./module.jl:36 [inlined]
[0K  [9] eval_import_path_all(at::Module, path::Expr, keyword::String)
[0K    @ Base ./module.jl:60
[0K [10] _eval_using
[0K    @ ./module.jl:137 [inlined]
[0K [11] _eval_using(to::Module, path::Expr)
[0K    @ Base ./module.jl:137
[0K [12] top-level scope
[0K    @ /workdir/depot/packages/RecursiveArrayTools/AvG3i/ext/RecursiveArrayToolsStatisticsExt.jl:3
[0K [13] include(mod::Module, _path::String)
[0K    @ Base ./Base.jl:323
[0K [14] include_package_for_output(pkg::Base.PkgId, input::String, syntax_version::VersionNumber, depot_path::Vector{String}, dl_load_path::Vector{String}, load_path::Vector{String}, concrete_deps::Vector{Pair{Base.PkgId, UInt128}}, source::Nothing)
[0K    @ Base ./loading.jl:3288
[0K [15] top-level scope
[0K    @ stdin:5
[0K [16] eval(m::Module, e::Any)
[0K    @ Core ./boot.jl:517
[0K [17] include_string(mapexpr::typeof(identity), mod::Module, code::String, filename::String)
[0K    @ Base ./loading.jl:3130
[0K [18] include_string
[0K    @ ./loading.jl:3140 [inlined]
[0K [19] exec_options(opts::Base.JLOptions)
[0K    @ Base ./client.jl:342
[0K [20] _start()
[0K    @ Base ./client.jl:585
[0Kin expression starting at /workdir/depot/packages/RecursiveArrayTools/AvG3i/ext/RecursiveArrayToolsStatisticsExt.jl:1
[0Kin expression starting at stdin:5
              ✗ RecursiveArrayTools → RecursiveArrayToolsSparseArraysExt
              ✗ RecursiveArrayTools → RecursiveArrayToolsStatisticsExt
   3235.9 ms  ✓ ForwardDiff
    719.7 ms  ✓ PolyesterWeave
    527.4 ms  ✓ FastPower → FastPowerForwardDiffExt
    734.0 ms  ✓ ForwardDiff → ForwardDiffStaticArraysExt
[0KERROR: LoadError: Precompiled image Base.PkgId(Base.UUID("731186ca-8d62-57ce-b412-fbd966d074cd"), "RecursiveArrayTools") not available with flags CacheFlags(; use_pkgimages=true, debug_level=1, check_bounds=0, inline=true, opt_level=2)
[0KStacktrace:
[0K  [1] error(s::String)
[0K    @ Base ./error.jl:56
[0K  [2] __require_prelocked(pkg::Base.PkgId, env::String)
[0K    @ Base ./loading.jl:2840
[0K  [3] _require_prelocked(uuidkey::Base.PkgId, env::String)
[0K    @ Base ./loading.jl:2694
[0K  [4] macro expansion
[0K    @ ./loading.jl:2621 [inlined]
[0K  [5] macro expansion
[0K    @ ./lock.jl:376 [inlined]
[0K  [6] __require(into::Module, mod::Symbol)
[0K    @ Base ./loading.jl:2585
[0K  [7] require
[0K    @ ./loading.jl:2561 [inlined]
[0K  [8] eval_import_path
[0K    @ ./module.jl:36 [inlined]
[0K  [9] eval_import_path_all(at::Module, path::Expr, keyword::String)
[0K    @ Base ./module.jl:60
[0K [10] _eval_using
[0K    @ ./module.jl:137 [inlined]
[0K [11] _eval_using(to::Module, path::Expr)
[0K    @ Base ./module.jl:137
[0K [12] top-level scope
[0K    @ /workdir/depot/packages/SciMLBase/eTBDr/src/SciMLBase.jl:7
[0K [13] include(mod::Module, _path::String)
[0K    @ Base ./Base.jl:323
[0K [14] include_package_for_output(pkg::Base.PkgId, input::String, syntax_version::VersionNumber, depot_path::Vector{String}, dl_load_path::Vector{String}, load_path::Vector{String}, concrete_deps::Vector{Pair{Base.PkgId, UInt128}}, source::Nothing)
[0K    @ Base ./loading.jl:3288
[0K [15] top-level scope
[0K    @ stdin:5
[0K [16] eval(m::Module, e::Any)
[0K    @ Core ./boot.jl:517
[0K [17] include_string(mapexpr::typeof(identity), mod::Module, code::String, filename::String)
[0K    @ Base ./loading.jl:3130
[0K [18] include_string
[0K    @ ./loading.jl:3140 [inlined]
[0K [19] exec_options(opts::Base.JLOptions)
[0K    @ Base ./client.jl:342
[0K [20] _start()
[0K    @ Base ./client.jl:585
[0Kin expression starting at /workdir/depot/packages/SciMLBase/eTBDr/src/SciMLBase.jl:1
[0Kin expression starting at stdin:5
              ✗ SciMLBase
    679.0 ms  ✓ DifferentiationInterface → DifferentiationInterfaceForwardDiffExt
   1039.6 ms  ✓ PreallocationTools → PreallocationToolsForwardDiffExt
[0KERROR: LoadError: Precompiled image Base.PkgId(Base.UUID("731186ca-8d62-57ce-b412-fbd966d074cd"), "RecursiveArrayTools") not available with flags CacheFlags(; use_pkgimages=true, debug_level=1, check_bounds=0, inline=true, opt_level=2)
[0KStacktrace:
[0K  [1] error(s::String)
[0K    @ Base ./error.jl:56
[0K  [2] __require_prelocked(pkg::Base.PkgId, env::String)
[0K    @ Base ./loading.jl:2840
[0K  [3] _require_prelocked(uuidkey::Base.PkgId, env::String)
[0K    @ Base ./loading.jl:2694
[0K  [4] macro expansion
[0K    @ ./loading.jl:2621 [inlined]
[0K  [5] macro expansion
[0K    @ ./lock.jl:376 [inlined]
[0K  [6] __require(into::Module, mod::Symbol)
[0K    @ Base ./loading.jl:2585
[0K  [7] require
[0K    @ ./loading.jl:2561 [inlined]
[0K  [8] eval_import_path
[0K    @ ./module.jl:36 [inlined]
[0K  [9] eval_import_path_all(at::Module, path::Expr, keyword::String)
[0K    @ Base ./module.jl:60
[0K [10] _eval_using
[0K    @ ./module.jl:137 [inlined]
[0K [11] _eval_using(to::Module, path::Expr)
[0K    @ Base ./module.jl:137
[0K [12] top-level scope
[0K    @ /workdir/depot/packages/RecursiveArrayTools/AvG3i/ext/RecursiveArrayToolsForwardDiffExt.jl:3
[0K [13] include(mod::Module, _path::String)
[0K    @ Base ./Base.jl:323
[0K [14] include_package_for_output(pkg::Base.PkgId, input::String, syntax_version::VersionNumber, depot_path::Vector{String}, dl_load_path::Vector{String}, load_path::Vector{String}, concrete_deps::Vector{Pair{Base.PkgId, UInt128}}, source::Nothing)
[0K    @ Base ./loading.jl:3288
[0K [15] top-level scope
[0K    @ stdin:5
[0K [16] eval(m::Module, e::Any)
[0K    @ Core ./boot.jl:517
[0K [17] include_string(mapexpr::typeof(identity), mod::Module, code::String, filename::String)
[0K    @ Base ./loading.jl:3130
[0K [18] include_string
[0K    @ ./loading.jl:3140 [inlined]
[0K [19] exec_options(opts::Base.JLOptions)
[0K    @ Base ./client.jl:342
[0K [20] _start()
[0K    @ Base ./client.jl:585
[0Kin expression starting at /workdir/depot/packages/RecursiveArrayTools/AvG3i/ext/RecursiveArrayToolsForwardDiffExt.jl:1
[0Kin expression starting at stdin:5
              ✗ RecursiveArrayTools → RecursiveArrayToolsForwardDiffExt
[0KERROR: LoadError: Precompiled image Base.PkgId(Base.UUID("0bca4576-84f4-4d90-8ffe-ffa030f20462"), "SciMLBase") not available with flags CacheFlags(; use_pkgimages=true, debug_level=1, check_bounds=0, inline=true, opt_level=2)
[0KStacktrace:
[0K  [1] error(s::String)
[0K    @ Base ./error.jl:56
[0K  [2] __require_prelocked(pkg::Base.PkgId, env::String)
[0K    @ Base ./loading.jl:2840
[0K  [3] _require_prelocked(uuidkey::Base.PkgId, env::String)
[0K    @ Base ./loading.jl:2694
[0K  [4] macro expansion
[0K    @ ./loading.jl:2621 [inlined]
[0K  [5] macro expansion
[0K    @ ./lock.jl:376 [inlined]
[0K  [6] __require(into::Module, mod::Symbol)
[0K    @ Base ./loading.jl:2585
[0K  [7] require
[0K    @ ./loading.jl:2561 [inlined]
[0K  [8] eval_import_path
[0K    @ ./module.jl:36 [inlined]
[0K  [9] eval_import_path_all(at::Module, path::Expr, keyword::String)
[0K    @ Base ./module.jl:60
[0K [10] _eval_using
[0K    @ ./module.jl:137 [inlined]
[0K [11] _eval_using(to::Module, path::Expr)
[0K    @ Base ./module.jl:137
[0K [12] top-level scope
[0K    @ /workdir/depot/packages/SciMLBase/eTBDr/ext/SciMLBaseChainRulesCoreExt.jl:3
[0K [13] include(mod::Module, _path::String)
[0K    @ Base ./Base.jl:323
[0K [14] include_package_for_output(pkg::Base.PkgId, input::String, syntax_version::VersionNumber, depot_path::Vector{String}, dl_load_path::Vector{String}, load_path::Vector{String}, concrete_deps::Vector{Pair{Base.PkgId, UInt128}}, source::Nothing)
[0K    @ Base ./loading.jl:3288
[0K [15] top-level scope
[0K    @ stdin:5
[0K [16] eval(m::Module, e::Any)
[0K    @ Core ./boot.jl:517
[0K [17] include_string(mapexpr::typeof(identity), mod::Module, code::String, filename::String)
[0K    @ Base ./loading.jl:3130
[0K [18] include_string
[0K    @ ./loading.jl:3140 [inlined]
[0K [19] exec_options(opts::Base.JLOptions)
[0K    @ Base ./client.jl:342
[0K [20] _start()
[0K    @ Base ./client.jl:585
[0Kin expression starting at /workdir/depot/packages/SciMLBase/eTBDr/ext/SciMLBaseChainRulesCoreExt.jl:1
[0Kin expression starting at stdin:5
              ✗ SciMLBase → SciMLBaseChainRulesCoreExt
[0KERROR: LoadError: Precompiled image Base.PkgId(Base.UUID("0bca4576-84f4-4d90-8ffe-ffa030f20462"), "SciMLBase") not available with flags CacheFlags(; use_pkgimages=true, debug_level=1, check_bounds=0, inline=true, opt_level=2)
[0KStacktrace:
[0K  [1] error(s::String)
[0K    @ Base ./error.jl:56
[0K  [2] __require_prelocked(pkg::Base.PkgId, env::String)
[0K    @ Base ./loading.jl:2840
[0K  [3] _require_prelocked(uuidkey::Base.PkgId, env::String)
[0K    @ Base ./loading.jl:2694
[0K  [4] macro expansion
[0K    @ ./loading.jl:2621 [inlined]
[0K  [5] macro expansion
[0K    @ ./lock.jl:376 [inlined]
[0K  [6] __require(into::Module, mod::Symbol)
[0K    @ Base ./loading.jl:2585
[0K  [7] require
[0K    @ ./loading.jl:2561 [inlined]
[0K  [8] eval_import_path
[0K    @ ./module.jl:36 [inlined]
[0K  [9] eval_import_path_all(at::Module, path::Expr, keyword::String)
[0K    @ Base ./module.jl:60
[0K [10] _eval_using
[0K    @ ./module.jl:137 [inlined]
[0K [11] _eval_using(to::Module, path::Expr)
[0K    @ Base ./module.jl:137
[0K [12] top-level scope
[0K    @ /workdir/depot/packages/SciMLBase/eTBDr/ext/SciMLBaseForwardDiffExt.jl:3
[0K [13] include(mod::Module, _path::String)
[0K    @ Base ./Base.jl:323
[0K [14] include_package_for_output(pkg::Base.PkgId, input::String, syntax_version::VersionNumber, depot_path::Vector{String}, dl_load_path::Vector{String}, load_path::Vector{String}, concrete_deps::Vector{Pair{Base.PkgId, UInt128}}, source::Nothing)
[0K    @ Base ./loading.jl:3288
[0K [15] top-level scope
[0K    @ stdin:5
[0K [16] eval(m::Module, e::Any)
[0K    @ Core ./boot.jl:517
[0K [17] include_string(mapexpr::typeof(identity), mod::Module, code::String, filename::String)
[0K    @ Base ./loading.jl:3130
[0K [18] include_string
[0K    @ ./loading.jl:3140 [inlined]
[0K [19] exec_options(opts::Base.JLOptions)
[0K    @ Base ./client.jl:342
[0K [20] _start()
[0K    @ Base ./client.jl:585
[0Kin expression starting at /workdir/depot/packages/SciMLBase/eTBDr/ext/SciMLBaseForwardDiffExt.jl:1
[0Kin expression starting at stdin:5
              ✗ SciMLBase → SciMLBaseForwardDiffExt
[0KERROR: LoadError: Precompiled image Base.PkgId(Base.UUID("0bca4576-84f4-4d90-8ffe-ffa030f20462"), "SciMLBase") not available with flags CacheFlags(; use_pkgimages=true, debug_level=1, check_bounds=0, inline=true, opt_level=2)
[0KStacktrace:
[0K  [1] error(s::String)
[0K    @ Base ./error.jl:56
[0K  [2] __require_prelocked(pkg::Base.PkgId, env::String)
[0K    @ Base ./loading.jl:2840
[0K  [3] _require_prelocked(uuidkey::Base.PkgId, env::String)
[0K    @ Base ./loading.jl:2694
[0K  [4] macro expansion
[0K    @ ./loading.jl:2621 [inlined]
[0K  [5] macro expansion
[0K    @ ./lock.jl:376 [inlined]
[0K  [6] __require(into::Module, mod::Symbol)
[0K    @ Base ./loading.jl:2585
[0K  [7] require
[0K    @ ./loading.jl:2561 [inlined]
[0K  [8] eval_import_path
[0K    @ ./module.jl:36 [inlined]
[0K  [9] eval_import_path_all(at::Module, path::Expr, keyword::String)
[0K    @ Base ./module.jl:60
[0K [10] _eval_using
[0K    @ ./module.jl:137 [inlined]
[0K [11] _eval_using(to::Module, path::Expr)
[0K    @ Base ./module.jl:137
[0K [12] top-level scope
[0K    @ /workdir/depot/packages/SciMLBase/eTBDr/ext/SciMLBaseDifferentiationInterfaceExt.jl:3
[0K [13] include(mod::Module, _path::String)
[0K    @ Base ./Base.jl:323
[0K [14] include_package_for_output(pkg::Base.PkgId, input::String, syntax_version::VersionNumber, depot_path::Vector{String}, dl_load_path::Vector{String}, load_path::Vector{String}, concrete_deps::Vector{Pair{Base.PkgId, UInt128}}, source::Nothing)
[0K    @ Base ./loading.jl:3288
[0K [15] top-level scope
[0K    @ stdin:5
[0K [16] eval(m::Module, e::Any)
[0K    @ Core ./boot.jl:517
[0K [17] include_string(mapexpr::typeof(identity), mod::Module, code::String, filename::String)
[0K    @ Base ./loading.jl:3130
[0K [18] include_string
[0K    @ ./loading.jl:3140 [inlined]
[0K [19] exec_options(opts::Base.JLOptions)
[0K    @ Base ./client.jl:342
[0K [20] _start()
[0K    @ Base ./client.jl:585
[0Kin expression starting at /workdir/depot/packages/SciMLBase/eTBDr/ext/SciMLBaseDifferentiationInterfaceExt.jl:1
[0Kin expression starting at stdin:5
              ✗ SciMLBase → SciMLBaseDifferentiationInterfaceExt
[0KERROR: LoadError: Precompiled image Base.PkgId(Base.UUID("0bca4576-84f4-4d90-8ffe-ffa030f20462"), "SciMLBase") not available with flags CacheFlags(; use_pkgimages=true, debug_level=1, check_bounds=0, inline=true, opt_level=2)
[0KStacktrace:
[0K  [1] error(s::String)
[0K    @ Base ./error.jl:56
[0K  [2] __require_prelocked(pkg::Base.PkgId, env::String)
[0K    @ Base ./loading.jl:2840
[0K  [3] _require_prelocked(uuidkey::Base.PkgId, env::String)
[0K    @ Base ./loading.jl:2694
[0K  [4] macro expansion
[0K    @ ./loading.jl:2621 [inlined]
[0K  [5] macro expansion
[0K    @ ./lock.jl:376 [inlined]
[0K  [6] __require(into::Module, mod::Symbol)
[0K    @ Base ./loading.jl:2585
[0K  [7] require
[0K    @ ./loading.jl:2561 [inlined]
[0K  [8] eval_import_path
[0K    @ ./module.jl:36 [inlined]
[0K  [9] eval_import_path_all(at::Module, path::Expr, keyword::String)
[0K    @ Base ./module.jl:60
[0K [10] _eval_import(::Bool, ::Module, ::Expr, ::Expr, ::Vararg{Expr})
[0K    @ Base ./module.jl:101
[0K [11] top-level scope
[0K    @ /workdir/depot/packages/LinearSolve/NzF29/src/LinearSolve.jl:18
[0K [12] include(mod::Module, _path::String)
[0K    @ Base ./Base.jl:323
[0K [13] include_package_for_output(pkg::Base.PkgId, input::String, syntax_version::VersionNumber, depot_path::Vector{String}, dl_load_path::Vector{String}, load_path::Vector{String}, concrete_deps::Vector{Pair{Base.PkgId, UInt128}}, source::Nothing)
[0K    @ Base ./loading.jl:3288
[0K [14] top-level scope
[0K    @ stdin:5
[0K [15] eval(m::Module, e::Any)
[0K    @ Core ./boot.jl:517
[0K [16] include_string(mapexpr::typeof(identity), mod::Module, code::String, filename::String)
[0K    @ Base ./loading.jl:3130
[0K [17] include_string
[0K    @ ./loading.jl:3140 [inlined]
[0K [18] exec_options(opts::Base.JLOptions)
[0K    @ Base ./client.jl:342
[0K [19] _start()
[0K    @ Base ./client.jl:585
[0Kin expression starting at /workdir/depot/packages/LinearSolve/NzF29/src/LinearSolve.jl:1
[0Kin expression starting at stdin:5
              ✗ LinearSolve
[0KERROR: LoadError: Precompiled image Base.PkgId(Base.UUID("0bca4576-84f4-4d90-8ffe-ffa030f20462"), "SciMLBase") not available with flags CacheFlags(; use_pkgimages=true, debug_level=1, check_bounds=0, inline=true, opt_level=2)
[0KStacktrace:
[0K  [1] error(s::String)
[0K    @ Base ./error.jl:56
[0K  [2] __require_prelocked(pkg::Base.PkgId, env::String)
[0K    @ Base ./loading.jl:2840
[0K  [3] _require_prelocked(uuidkey::Base.PkgId, env::String)
[0K    @ Base ./loading.jl:2694
[0K  [4] macro expansion
[0K    @ ./loading.jl:2621 [inlined]
[0K  [5] macro expansion
[0K    @ ./lock.jl:376 [inlined]
[0K  [6] __require(into::Module, mod::Symbol)
[0K    @ Base ./loading.jl:2585
[0K  [7] require
[0K    @ ./loading.jl:2561 [inlined]
[0K  [8] eval_import_path
[0K    @ ./module.jl:36 [inlined]
[0K  [9] eval_import_path_all(at::Module, path::Expr, keyword::String)
[0K    @ Base ./module.jl:60
[0K [10] _eval_import(::Bool, ::Module, ::Expr, ::Expr, ::Vararg{Expr})
[0K    @ Base ./module.jl:101
[0K [11] top-level scope
[0K    @ /workdir/depot/packages/SciMLJacobianOperators/k05eI/src/SciMLJacobianOperators.jl:10
[0K [12] include(mod::Module, _path::String)
[0K    @ Base ./Base.jl:323
[0K [13] include_package_for_output(pkg::Base.PkgId, input::String, syntax_version::VersionNumber, depot_path::Vector{String}, dl_load_path::Vector{String}, load_path::Vector{String}, concrete_deps::Vector{Pair{Base.PkgId, UInt128}}, source::Nothing)
[0K    @ Base ./loading.jl:3288
[0K [14] top-level scope
[0K    @ stdin:5
[0K [15] eval(m::Module, e::Any)
[0K    @ Core ./boot.jl:517
[0K [16] include_string(mapexpr::typeof(identity), mod::Module, code::String, filename::String)
[0K    @ Base ./loading.jl:3130
[0K [17] include_string
[0K    @ ./loading.jl:3140 [inlined]
[0K [18] exec_options(opts::Base.JLOptions)
[0K    @ Base ./client.jl:342
[0K [19] _start()
[0K    @ Base ./client.jl:585
[0Kin expression starting at /workdir/depot/packages/SciMLJacobianOperators/k05eI/src/SciMLJacobianOperators.jl:1
[0Kin expression starting at stdin:5
              ✗ SciMLJacobianOperators
[0KERROR: LoadError: Precompiled image Base.PkgId(Base.UUID("7ed4a6bd-45f5-4d41-b270-4a48e9bafcae"), "LinearSolve") not available with flags CacheFlags(; use_pkgimages=true, debug_level=1, check_bounds=0, inline=true, opt_level=2)
[0KStacktrace:
[0KERROR: LoadError: Precompiled image Base.PkgId(Base.UUID("7ed4a6bd-45f5-4d41-b270-4a48e9bafcae"), "LinearSolve") not available with flags CacheFlags(; use_pkgimages=true, debug_level=1, check_bounds=0, inline=true, opt_level=2)
[0KStacktrace:
[0K  [1] error(s::String)
[0K    @ Base ./error.jl:56
[0K  [2] __require_prelocked(pkg::Base.PkgId, env::String)
[0K    @ Base ./loading.jl:2840
[0K  [3] _require_prelocked(uuidkey::Base.PkgId, env::String)
[0K    @ Base ./loading.jl:2694
[0K  [4] macro expansion
[0K    @ ./loading.jl:2621 [inlined]
[0K  [5] macro expansion
[0K    @ ./lock.jl:376 [inlined]
[0K  [6] __require(into::Module, mod::Symbol)
[0K    @ Base ./loading.jl:2585
[0K  [7] require
[0K    @ ./loading.jl:2561 [inlined]
[0K  [8] eval_import_path
[0K    @ ./module.jl:36 [inlined]
[0K  [9] eval_import_path_all(at::Module, path::Expr, keyword::String)
[0K    @ Base ./module.jl:60
[0K [10] _eval_using
[0K    @ ./module.jl:137 [inlined]
[0K [11] _eval_using(to::Module, path::Expr)
[0K    @ Base ./module.jl:137
[0K [12] top-level scope
[0K    @ /workdir/depot/packages/LinearSolve/NzF29/ext/LinearSolveForwardDiffExt.jl:3
[0K [13] include(mod::Module, _path::String)
[0K    @ Base ./Base.jl:323
[0K [14] include_package_for_output(pkg::Base.PkgId, input::String, syntax_version::VersionNumber, depot_path::Vector{String}, dl_load_path::Vector{String}, load_path::Vector{String}, concrete_deps::Vector{Pair{Base.PkgId, UInt128}}, source::Nothing)
[0K    @ Base ./loading.jl:3288
[0K [15] top-level scope
[0K    @ stdin:5
[0K [16] eval(m::Module, e::Any)
[0K    @ Core ./boot.jl:517
[0K [17] include_string(mapexpr::typeof(identity), mod::Module, code::String, filename::String)
[0K    @ Base ./loading.jl:3130
[0K [18] include_string
[0K    @ ./loading.jl:3140 [inlined]
[0K [19] exec_options(opts::Base.JLOptions)
[0K    @ Base ./client.jl:342
[0K [20] _start()
[0K    @ Base ./client.jl:585
[0Kin expression starting at /workdir/depot/packages/LinearSolve/NzF29/ext/LinearSolveForwardDiffExt.jl:1
[0Kin expression starting at stdin:5
[0K  [1] error(s::String)
[0K    @ Base ./error.jl:56
[0K  [2] __require_prelocked(pkg::Base.PkgId, env::String)
[0K    @ Base ./loading.jl:2840
[0K  [3] _require_prelocked(uuidkey::Base.PkgId, env::String)
[0K    @ Base ./loading.jl:2694
[0K  [4] macro expansion
[0K    @ ./loading.jl:2621 [inlined]
[0K  [5] macro expansion
[0K    @ ./lock.jl:376 [inlined]
[0K  [6] __require(into::Module, mod::Symbol)
[0K    @ Base ./loading.jl:2585
[0K  [7] require
[0K    @ ./loading.jl:2561 [inlined]
[0K  [8] eval_import_path
[0K    @ ./module.jl:36 [inlined]
[0K  [9] eval_import_path_all(at::Module, path::Expr, keyword::String)
[0K    @ Base ./module.jl:60
[0K [10] _eval_import(::Bool, ::Module, ::Expr, ::Expr, ::Vararg{Expr})
[0K    @ Base ./module.jl:101
[0K [11] top-level scope
[0K    @ /workdir/depot/packages/LinearSolve/NzF29/ext/LinearSolveSparseArraysExt.jl:3
[0K [12] include(mod::Module, _path::String)
[0K    @ Base ./Base.jl:323
[0K [13] include_package_for_output(pkg::Base.PkgId, input::String, syntax_version::VersionNumber, depot_path::Vector{String}, dl_load_path::Vector{String}, load_path::Vector{String}, concrete_deps::Vector{Pair{Base.PkgId, UInt128}}, source::Nothing)
[0K    @ Base ./loading.jl:3288
[0K [14] top-level scope
[0K    @ stdin:5
[0K [15] eval(m::Module, e::Any)
[0K    @ Core ./boot.jl:517
[0K [16] include_string(mapexpr::typeof(identity), mod::Module, code::String, filename::String)
[0K    @ Base ./loading.jl:3130
[0K [17] include_string
[0K    @ ./loading.jl:3140 [inlined]
[0K [18] exec_options(opts::Base.JLOptions)
[0K    @ Base ./client.jl:342
[0K [19] _start()
[0K    @ Base ./client.jl:585
[0Kin expression starting at /workdir/depot/packages/LinearSolve/NzF29/ext/LinearSolveSparseArraysExt.jl:1
[0Kin expression starting at stdin:5
              ✗ LinearSolve → LinearSolveForwardDiffExt
              ✗ LinearSolve → LinearSolveSparseArraysExt
[0KERROR: LoadError: Precompiled image Base.PkgId(Base.UUID("0bca4576-84f4-4d90-8ffe-ffa030f20462"), "SciMLBase") not available with flags CacheFlags(; use_pkgimages=true, debug_level=1, check_bounds=0, inline=true, opt_level=2)
[0KStacktrace:
[0K  [1] error(s::String)
[0K    @ Base ./error.jl:56
[0K  [2] __require_prelocked(pkg::Base.PkgId, env::String)
[0K    @ Base ./loading.jl:2840
[0K  [3] _require_prelocked(uuidkey::Base.PkgId, env::String)
[0K    @ Base ./loading.jl:2694
[0K  [4] macro expansion
[0K    @ ./loading.jl:2621 [inlined]
[0K  [5] macro expansion
[0K    @ ./lock.jl:376 [inlined]
[0K  [6] __require(into::Module, mod::Symbol)
[0K    @ Base ./loading.jl:2585
[0K  [7] require
[0K    @ ./loading.jl:2561 [inlined]
[0K  [8] eval_import_path
[0K    @ ./module.jl:36 [inlined]
[0K  [9] eval_import_path_all(at::Module, path::Expr, keyword::String)
[0K    @ Base ./module.jl:60
[0K [10] _eval_import(::Bool, ::Module, ::Expr, ::Expr, ::Vararg{Expr})
[0K    @ Base ./module.jl:101
[0K [11] top-level scope
[0K    @ /workdir/depot/packages/LineSearch/ZrjLJ/src/LineSearch.jl:9
[0K [12] include(mod::Module, _path::String)
[0K    @ Base ./Base.jl:323
[0K [13] include_package_for_output(pkg::Base.PkgId, input::String, syntax_version::VersionNumber, depot_path::Vector{String}, dl_load_path::Vector{String}, load_path::Vector{String}, concrete_deps::Vector{Pair{Base.PkgId, UInt128}}, source::Nothing)
[0K    @ Base ./loading.jl:3288
[0K [14] top-level scope
[0K    @ stdin:5
[0K [15] eval(m::Module, e::Any)
[0K    @ Core ./boot.jl:517
[0K [16] include_string(mapexpr::typeof(identity), mod::Module, code::String, filename::String)
[0K    @ Base ./loading.jl:3130
[0K [17] include_string
[0K    @ ./loading.jl:3140 [inlined]
[0K [18] exec_options(opts::Base.JLOptions)
[0K    @ Base ./client.jl:342
[0K [19] _start()
[0K    @ Base ./client.jl:585
[0Kin expression starting at /workdir/depot/packages/LineSearch/ZrjLJ/src/LineSearch.jl:1
[0Kin expression starting at stdin:5
              ✗ LineSearch
[0KERROR: LoadError: Precompiled image Base.PkgId(Base.UUID("7ed4a6bd-45f5-4d41-b270-4a48e9bafcae"), "LinearSolve") not available with flags CacheFlags(; use_pkgimages=true, debug_level=1, check_bounds=0, inline=true, opt_level=2)
[0KStacktrace:
[0K  [1] error(s::String)
[0K    @ Base ./error.jl:56
[0K  [2] __require_prelocked(pkg::Base.PkgId, env::String)
[0K    @ Base ./loading.jl:2840
[0K  [3] _require_prelocked(uuidkey::Base.PkgId, env::String)
[0K    @ Base ./loading.jl:2694
[0K  [4] macro expansion
[0K    @ ./loading.jl:2621 [inlined]
[0K  [5] macro expansion
[0K    @ ./lock.jl:376 [inlined]
[0K  [6] __require(into::Module, mod::Symbol)
[0K    @ Base ./loading.jl:2585
[0K  [7] require
[0K    @ ./loading.jl:2561 [inlined]
[0K  [8] eval_import_path
[0K    @ ./module.jl:36 [inlined]
[0K  [9] eval_import_path_all(at::Module, path::Expr, keyword::String)
[0K    @ Base ./module.jl:60
[0K [10] _eval_import(::Bool, ::Module, ::Expr, ::Expr, ::Vararg{Expr})
[0K    @ Base ./module.jl:101
[0K [11] top-level scope
[0K    @ /workdir/depot/packages/LinearSolve/NzF29/ext/LinearSolveEnzymeExt.jl:3
[0K [12] include(mod::Module, _path::String)
[0K    @ Base ./Base.jl:323
[0K [13] include_package_for_output(pkg::Base.PkgId, input::String, syntax_version::VersionNumber, depot_path::Vector{String}, dl_load_path::Vector{String}, load_path::Vector{String}, concrete_deps::Vector{Pair{Base.PkgId, UInt128}}, source::Nothing)
[0K    @ Base ./loading.jl:3288
[0K [14] top-level scope
[0K    @ stdin:5
[0K [15] eval(m::Module, e::Any)
[0K    @ Core ./boot.jl:517
[0K [16] include_string(mapexpr::typeof(identity), mod::Module, code::String, filename::String)
[0K    @ Base ./loading.jl:3130
[0K [17] include_string
[0K    @ ./loading.jl:3140 [inlined]
[0K [18] exec_options(opts::Base.JLOptions)
[0K    @ Base ./client.jl:342
[0K [19] _start()
[0K    @ Base ./client.jl:585
[0Kin expression starting at /workdir/depot/packages/LinearSolve/NzF29/ext/LinearSolveEnzymeExt.jl:1
[0Kin expression starting at stdin:5
[0KERROR: LoadError: Precompiled image Base.PkgId(Base.UUID("731186ca-8d62-57ce-b412-fbd966d074cd"), "RecursiveArrayTools") not available with flags CacheFlags(; use_pkgimages=true, debug_level=1, check_bounds=0, inline=true, opt_level=2)
[0KStacktrace:
[0K  [1] error(s::String)
[0K    @ Base ./error.jl:56
[0K  [2] __require_prelocked(pkg::Base.PkgId, env::String)
[0K    @ Base ./loading.jl:2840
[0K  [3] _require_prelocked(uuidkey::Base.PkgId, env::String)
[0K    @ Base ./loading.jl:2694
[0K  [4] macro expansion
[0K    @ ./loading.jl:2621 [inlined]
[0K  [5] macro expansion
[0K    @ ./lock.jl:376 [inlined]
[0K  [6] __require(into::Module, mod::Symbol)
[0K    @ Base ./loading.jl:2585
[0K  [7] require
[0K    @ ./loading.jl:2561 [inlined]
[0K  [8] eval_import_path
[0K    @ ./module.jl:36 [inlined]
[0K  [9] eval_import_path_all(at::Module, path::Expr, keyword::String)
[0K    @ Base ./module.jl:60
              ✗ LinearSolve → LinearSolveEnzymeExt
[0K [10] _eval_import(::Bool, ::Module, ::Expr, ::Expr, ::Vararg{Expr})
[0K    @ Base ./module.jl:101
[0K [11] top-level scope
[0K    @ /workdir/depot/packages/NonlinearSolveBase/Rw8Vf/src/NonlinearSolveBase.jl:18
[0K [12] include(mod::Module, _path::String)
[0K    @ Base ./Base.jl:323
[0K [13] include_package_for_output(pkg::Base.PkgId, input::String, syntax_version::VersionNumber, depot_path::Vector{String}, dl_load_path::Vector{String}, load_path::Vector{String}, concrete_deps::Vector{Pair{Base.PkgId, UInt128}}, source::Nothing)
[0K    @ Base ./loading.jl:3288
[0K [14] top-level scope
[0K    @ stdin:5
[0K [15] eval(m::Module, e::Any)
[0K    @ Core ./boot.jl:517
[0K [16] include_string(mapexpr::typeof(identity), mod::Module, code::String, filename::String)
[0K    @ Base ./loading.jl:3130
[0K [17] include_string
[0K    @ ./loading.jl:3140 [inlined]
[0K [18] exec_options(opts::Base.JLOptions)
[0K    @ Base ./client.jl:342
[0K [19] _start()
[0K    @ Base ./client.jl:585
[0Kin expression starting at /workdir/depot/packages/NonlinearSolveBase/Rw8Vf/src/NonlinearSolveBase.jl:1
[0Kin expression starting at stdin:5
              ✗ NonlinearSolveBase
[0KERROR: LoadError: Precompiled image Base.PkgId(Base.UUID("87fe0de2-c867-4266-b59a-2f0a94fc965b"), "LineSearch") not available with flags CacheFlags(; use_pkgimages=true, debug_level=1, check_bounds=0, inline=true, opt_level=2)
[0KStacktrace:
[0K  [1] error(s::String)
[0K    @ Base ./error.jl:56
[0K  [2] __require_prelocked(pkg::Base.PkgId, env::String)
[0K    @ Base ./loading.jl:2840
[0K  [3] _require_prelocked(uuidkey::Base.PkgId, env::String)
[0K    @ Base ./loading.jl:2694
[0K  [4] macro expansion
[0K    @ ./loading.jl:2621 [inlined]
[0K  [5] macro expansion
[0K    @ ./lock.jl:376 [inlined]
[0K  [6] __require(into::Module, mod::Symbol)
[0K    @ Base ./loading.jl:2585
[0K  [7] require
[0K    @ ./loading.jl:2561 [inlined]
[0K  [8] eval_import_path
[0K    @ ./module.jl:36 [inlined]
[0K  [9] eval_import_path_all(at::Module, path::Expr, keyword::String)
[0K    @ Base ./module.jl:60
[0K [10] _eval_import(::Bool, ::Module, ::Expr, ::Expr, ::Vararg{Expr})
[0K    @ Base ./module.jl:101
[0K [11] top-level scope
[0K    @ /workdir/depot/packages/LineSearch/ZrjLJ/ext/LineSearchLineSearchesExt.jl:5
[0K [12] include(mod::Module, _path::String)
[0K    @ Base ./Base.jl:323
[0K [13] include_package_for_output(pkg::Base.PkgId, input::String, syntax_version::VersionNumber, depot_path::Vector{String}, dl_load_path::Vector{String}, load_path::Vector{String}, concrete_deps::Vector{Pair{Base.PkgId, UInt128}}, source::Nothing)
[0K    @ Base ./loading.jl:3288
[0K [14] top-level scope
[0K    @ stdin:5
[0K [15] eval(m::Module, e::Any)
[0K    @ Core ./boot.jl:517
[0K [16] include_string(mapexpr::typeof(identity), mod::Module, code::String, filename::String)
[0K    @ Base ./loading.jl:3130
[0K [17] include_string
[0K    @ ./loading.jl:3140 [inlined]
[0K [18] exec_options(opts::Base.JLOptions)
[0K    @ Base ./client.jl:342
[0K [19] _start()
[0K    @ Base ./client.jl:585
[0Kin expression starting at /workdir/depot/packages/LineSearch/ZrjLJ/ext/LineSearchLineSearchesExt.jl:1
[0Kin expression starting at stdin:5
              ✗ LineSearch → LineSearchLineSearchesExt
[0KERROR: LoadError: Precompiled image Base.PkgId(Base.UUID("0bca4576-84f4-4d90-8ffe-ffa030f20462"), "SciMLBase") not available with flags CacheFlags(; use_pkgimages=true, debug_level=1, check_bounds=0, inline=true, opt_level=2)
[0KStacktrace:
[0K  [1] error(s::String)
[0K    @ Base ./error.jl:56
[0K  [2] __require_prelocked(pkg::Base.PkgId, env::String)
[0K    @ Base ./loading.jl:2840
[0K  [3] _require_prelocked(uuidkey::Base.PkgId, env::String)
[0K    @ Base ./loading.jl:2694
[0K  [4] macro expansion
[0K    @ ./loading.jl:2621 [inlined]
[0K  [5] macro expansion
[0K    @ ./lock.jl:376 [inlined]
[0K  [6] __require(into::Module, mod::Symbol)
[0K    @ Base ./loading.jl:2585
[0K  [7] require
[0K    @ ./loading.jl:2561 [inlined]
[0K  [8] eval_import_path
[0K    @ ./module.jl:36 [inlined]
[0K  [9] eval_import_path_all(at::Module, path::Expr, keyword::String)
[0K    @ Base ./module.jl:60
[0K [10] _eval_import(::Bool, ::Module, ::Expr, ::Expr, ::Vararg{Expr})
[0K    @ Base ./module.jl:101
[0K [11] top-level scope
[0K    @ /workdir/depot/packages/NonlinearSolveBase/Rw8Vf/ext/NonlinearSolveBaseSparseMatrixColoringsExt.jl:4
[0K [12] include(mod::Module, _path::String)
[0K    @ Base ./Base.jl:323
[0K [13] include_package_for_output(pkg::Base.PkgId, input::String, syntax_version::VersionNumber, depot_path::Vector{String}, dl_load_path::Vector{String}, load_path::Vector{String}, concrete_deps::Vector{Pair{Base.PkgId, UInt128}}, source::Nothing)
[0K    @ Base ./loading.jl:3288
[0K [14] top-level scope
[0K    @ stdin:5
[0K [15] eval(m::Module, e::Any)
[0K    @ Core ./boot.jl:517
[0K [16] include_string(mapexpr::typeof(identity), mod::Module, code::String, filename::String)
[0K    @ Base ./loading.jl:3130
[0K [17] include_string
[0K    @ ./loading.jl:3140 [inlined]
[0K [18] exec_options(opts::Base.JLOptions)
[0K    @ Base ./client.jl:342
[0K [19] _start()
[0K    @ Base ./client.jl:585
[0Kin expression starting at /workdir/depot/packages/NonlinearSolveBase/Rw8Vf/ext/NonlinearSolveBaseSparseMatrixColoringsExt.jl:1
[0Kin expression starting at stdin:5
              ✗ NonlinearSolveBase → NonlinearSolveBaseSparseMatrixColoringsExt
[0KERROR: LoadError: Precompiled image Base.PkgId(Base.UUID("be0214bd-f91f-a760-ac4e-3421ce2b2da0"), "NonlinearSolveBase") not available with flags CacheFlags(; use_pkgimages=true, debug_level=1, check_bounds=0, inline=true, opt_level=2)
[0KStacktrace:
[0K  [1] error(s::String)
[0K    @ Base ./error.jl:56
[0K  [2] __require_prelocked(pkg::Base.PkgId, env::String)
[0K    @ Base ./loading.jl:2840
[0K  [3] _require_prelocked(uuidkey::Base.PkgId, env::String)
[0K    @ Base ./loading.jl:2694
[0K  [4] macro expansion
[0K    @ ./loading.jl:2621 [inlined]
[0K  [5] macro expansion
[0K    @ ./lock.jl:376 [inlined]
[0K  [6] __require(into::Module, mod::Symbol)
[0K    @ Base ./loading.jl:2585
[0K  [7] require
[0K    @ ./loading.jl:2561 [inlined]
[0K  [8] eval_import_path
[0K    @ ./module.jl:36 [inlined]
[0K  [9] eval_import_path_all(at::Module, path::Expr, keyword::String)
[0K    @ Base ./module.jl:60
[0K [10] _eval_import(::Bool, ::Module, ::Expr, ::Expr, ::Vararg{Expr})
[0K    @ Base ./module.jl:101
[0K [11] top-level scope
[0K    @ /workdir/depot/packages/NonlinearSolveBase/Rw8Vf/ext/NonlinearSolveBaseSparseArraysExt.jl:5
[0K [12] include(mod::Module, _path::String)
[0K    @ Base ./Base.jl:323
  13892.4 ms  ✓ StaticArrayInterface
[0K [13] include_package_for_output(pkg::Base.PkgId, input::String, syntax_version::VersionNumber, depot_path::Vector{String}, dl_load_path::Vector{String}, load_path::Vector{String}, concrete_deps::Vector{Pair{Base.PkgId, UInt128}}, source::Nothing)
[0K    @ Base ./loading.jl:3288
[0K [14] top-level scope
[0K    @ stdin:5
[0K [15] eval(m::Module, e::Any)
[0K    @ Core ./boot.jl:517
[0K [16] include_string(mapexpr::typeof(identity), mod::Module, code::String, filename::String)
[0K    @ Base ./loading.jl:3130
[0K [17] include_string
[0K    @ ./loading.jl:3140 [inlined]
[0K [18] exec_options(opts::Base.JLOptions)
[0K    @ Base ./client.jl:342
[0K [19] _start()
[0K    @ Base ./client.jl:585
[0Kin expression starting at /workdir/depot/packages/NonlinearSolveBase/Rw8Vf/ext/NonlinearSolveBaseSparseArraysExt.jl:1
[0Kin expression starting at stdin:5
              ✗ NonlinearSolveBase → NonlinearSolveBaseSparseArraysExt
[0KERROR: LoadError: Precompiled image Base.PkgId(Base.UUID("be0214bd-f91f-a760-ac4e-3421ce2b2da0"), "NonlinearSolveBase") not available with flags CacheFlags(; use_pkgimages=true, debug_level=1, check_bounds=0, inline=true, opt_level=2)
[0KStacktrace:
[0K  [1] error(s::String)
[0K    @ Base ./error.jl:56
[0K  [2] __require_prelocked(pkg::Base.PkgId, env::String)
[0K    @ Base ./loading.jl:2840
[0K  [3] _require_prelocked(uuidkey::Base.PkgId, env::String)
[0K    @ Base ./loading.jl:2694
[0K  [4] macro expansion
[0K    @ ./loading.jl:2621 [inlined]
[0K  [5] macro expansion
[0K    @ ./lock.jl:376 [inlined]
[0K  [6] __require(into::Module, mod::Symbol)
[0K    @ Base ./loading.jl:2585
[0K  [7] require
[0K    @ ./loading.jl:2561 [inlined]
[0K  [8] eval_import_path
[0K    @ ./module.jl:36 [inlined]
[0K  [9] eval_import_path_all(at::Module, path::Expr, keyword::String)
[0K    @ Base ./module.jl:60
[0K [10] _eval_using
[0K    @ ./module.jl:137 [inlined]
[0K [11] _eval_using(to::Module, path::Expr)
[0K    @ Base ./module.jl:137
[0K [12] top-level scope
[0K    @ /workdir/depot/packages/NonlinearSolveBase/Rw8Vf/ext/NonlinearSolveBaseChainRulesCoreExt.jl:3
[0K [13] include(mod::Module, _path::String)
[0K    @ Base ./Base.jl:323
[0K [14] include_package_for_output(pkg::Base.PkgId, input::String, syntax_version::VersionNumber, depot_path::Vector{String}, dl_load_path::Vector{String}, load_path::Vector{String}, concrete_deps::Vector{Pair{Base.PkgId, UInt128}}, source::Nothing)
[0K    @ Base ./loading.jl:3288
[0K [15] top-level scope
[0K    @ stdin:5
[0K [16] eval(m::Module, e::Any)
[0K    @ Core ./boot.jl:517
[0K [17] include_string(mapexpr::typeof(identity), mod::Module, code::String, filename::String)
[0K    @ Base ./loading.jl:3130
[0K [18] include_string
[0K    @ ./loading.jl:3140 [inlined]
[0K [19] exec_options(opts::Base.JLOptions)
[0K    @ Base ./client.jl:342
[0K [20] _start()
[0K    @ Base ./client.jl:585
[0Kin expression starting at /workdir/depot/packages/NonlinearSolveBase/Rw8Vf/ext/NonlinearSolveBaseChainRulesCoreExt.jl:1
[0Kin expression starting at stdin:5
              ✗ NonlinearSolveBase → NonlinearSolveBaseChainRulesCoreExt
[0KERROR: LoadError: Precompiled image Base.PkgId(Base.UUID("7ed4a6bd-45f5-4d41-b270-4a48e9bafcae"), "LinearSolve") not available with flags CacheFlags(; use_pkgimages=true, debug_level=1, check_bounds=0, inline=true, opt_level=2)
[0KStacktrace:
[0K  [1] error(s::String)
[0K    @ Base ./error.jl:56
[0K  [2] __require_prelocked(pkg::Base.PkgId, env::String)
[0K    @ Base ./loading.jl:2840
[0K  [3] _require_prelocked(uuidkey::Base.PkgId, env::String)
[0K    @ Base ./loading.jl:2694
[0K  [4] macro expansion
[0K    @ ./loading.jl:2621 [inlined]
[0K  [5] macro expansion
[0K    @ ./lock.jl:376 [inlined]
[0K  [6] __require(into::Module, mod::Symbol)
[0K    @ Base ./loading.jl:2585
[0K  [7] require
[0K    @ ./loading.jl:2561 [inlined]
[0K  [8] eval_import_path
[0K    @ ./module.jl:36 [inlined]
[0K  [9] eval_import_path_all(at::Module, path::Expr, keyword::String)
[0K    @ Base ./module.jl:60
[0K [10] _eval_import(::Bool, ::Module, ::Expr, ::Expr, ::Vararg{Expr})
[0K    @ Base ./module.jl:101
[0K [11] top-level scope
[0K    @ /workdir/depot/packages/NonlinearSolveBase/Rw8Vf/ext/NonlinearSolveBaseLinearSolveExt.jl:6
[0K [12] include(mod::Module, _path::String)
[0K    @ Base ./Base.jl:323
[0K [13] include_package_for_output(pkg::Base.PkgId, input::String, syntax_version::VersionNumber, depot_path::Vector{String}, dl_load_path::Vector{String}, load_path::Vector{String}, concrete_deps::Vector{Pair{Base.PkgId, UInt128}}, source::Nothing)
[0K    @ Base ./loading.jl:3288
[0K [14] top-level scope
[0K    @ stdin:5
[0K [15] eval(m::Module, e::Any)
[0K    @ Core ./boot.jl:517
[0K [16] include_string(mapexpr::typeof(identity), mod::Module, code::String, filename::String)
[0K    @ Base ./loading.jl:3130
[0K [17] include_string
[0K    @ ./loading.jl:3140 [inlined]
[0K [18] exec_options(opts::Base.JLOptions)
[0K    @ Base ./client.jl:342
[0K [19] _start()
[0K    @ Base ./client.jl:585
[0Kin expression starting at /workdir/depot/packages/NonlinearSolveBase/Rw8Vf/ext/NonlinearSolveBaseLinearSolveExt.jl:1
[0Kin expression starting at stdin:5
              ✗ NonlinearSolveBase → NonlinearSolveBaseLinearSolveExt
[0KERROR: LoadError: Precompiled image Base.PkgId(Base.UUID("87fe0de2-c867-4266-b59a-2f0a94fc965b"), "LineSearch") not available with flags CacheFlags(; use_pkgimages=true, debug_level=1, check_bounds=0, inline=true, opt_level=2)
[0KStacktrace:
[0K  [1] error(s::String)
[0K    @ Base ./error.jl:56
[0K  [2] __require_prelocked(pkg::Base.PkgId, env::String)
[0K    @ Base ./loading.jl:2840
[0K  [3] _require_prelocked(uuidkey::Base.PkgId, env::String)
[0K    @ Base ./loading.jl:2694
[0K  [4] macro expansion
[0K    @ ./loading.jl:2621 [inlined]
[0K  [5] macro expansion
[0K    @ ./lock.jl:376 [inlined]
[0K  [6] __require(into::Module, mod::Symbol)
[0K    @ Base ./loading.jl:2585
[0K  [7] require
[0K    @ ./loading.jl:2561 [inlined]
[0K  [8] eval_import_path
[0K    @ ./module.jl:36 [inlined]
[0K  [9] eval_import_path_all(at::Module, path::Expr, keyword::String)
[0K    @ Base ./module.jl:60
[0K [10] _eval_import(::Bool, ::Module, ::Expr, ::Expr, ::Vararg{Expr})
[0K    @ Base ./module.jl:101
[0K [11] top-level scope
[0K    @ /workdir/depot/packages/NonlinearSolveBase/Rw8Vf/ext/NonlinearSolveBaseLineSearchExt.jl:3
[0K [12] include(mod::Module, _path::String)
[0K    @ Base ./Base.jl:323
[0K [13] include_package_for_output(pkg::Base.PkgId, input::String, syntax_version::VersionNumber, depot_path::Vector{String}, dl_load_path::Vector{String}, load_path::Vector{String}, concrete_deps::Vector{Pair{Base.PkgId, UInt128}}, source::Nothing)
[0K    @ Base ./loading.jl:3288
[0K [14] top-level scope
[0K    @ stdin:5
[0K [15] eval(m::Module, e::Any)
[0K    @ Core ./boot.jl:517
[0K [16] include_string(mapexpr::typeof(identity), mod::Module, code::String, filename::String)
[0K    @ Base ./loading.jl:3130
[0K [17] include_string
[0K    @ ./loading.jl:3140 [inlined]
[0K [18] exec_options(opts::Base.JLOptions)
[0K    @ Base ./client.jl:342
[0K [19] _start()
[0K    @ Base ./client.jl:585
[0Kin expression starting at /workdir/depot/packages/NonlinearSolveBase/Rw8Vf/ext/NonlinearSolveBaseLineSearchExt.jl:1
[0Kin expression starting at stdin:5
              ✗ NonlinearSolveBase → NonlinearSolveBaseLineSearchExt
[0KERROR: LoadError: Precompiled image Base.PkgId(Base.UUID("0bca4576-84f4-4d90-8ffe-ffa030f20462"), "SciMLBase") not available with flags CacheFlags(; use_pkgimages=true, debug_level=1, check_bounds=0, inline=true, opt_level=2)
[0KStacktrace:
[0K  [1] error(s::String)
[0K    @ Base ./error.jl:56
[0K  [2] __require_prelocked(pkg::Base.PkgId, env::String)
[0K    @ Base ./loading.jl:2840
[0K  [3] _require_prelocked(uuidkey::Base.PkgId, env::String)
[0K    @ Base ./loading.jl:2694
[0K  [4] macro expansion
[0K    @ ./loading.jl:2621 [inlined]
[0K  [5] macro expansion
[0K    @ ./lock.jl:376 [inlined]
[0K  [6] __require(into::Module, mod::Symbol)
[0K    @ Base ./loading.jl:2585
[0K  [7] require
[0K    @ ./loading.jl:2561 [inlined]
[0K  [8] eval_import_path
[0K    @ ./module.jl:36 [inlined]
[0K  [9] eval_import_path_all(at::Module, path::Expr, keyword::String)
[0K    @ Base ./module.jl:60
[0K [10] _eval_import(::Bool, ::Module, ::Expr, ::Expr, ::Vararg{Expr})
[0K    @ Base ./module.jl:101
[0K [11] top-level scope
[0K    @ /workdir/depot/packages/NonlinearSolveBase/Rw8Vf/ext/NonlinearSolveBaseForwardDiffExt.jl:9
[0K [12] include(mod::Module, _path::String)
[0K    @ Base ./Base.jl:323
[0K [13] include_package_for_output(pkg::Base.PkgId, input::String, syntax_version::VersionNumber, depot_path::Vector{String}, dl_load_path::Vector{String}, load_path::Vector{String}, concrete_deps::Vector{Pair{Base.PkgId, UInt128}}, source::Nothing)
[0K    @ Base ./loading.jl:3288
[0K [14] top-level scope
[0K    @ stdin:5
[0K [15] eval(m::Module, e::Any)
[0K    @ Core ./boot.jl:517
[0K [16] include_string(mapexpr::typeof(identity), mod::Module, code::String, filename::String)
[0K    @ Base ./loading.jl:3130
[0K [17] include_string
[0K    @ ./loading.jl:3140 [inlined]
[0K [18] exec_options(opts::Base.JLOptions)
[0K    @ Base ./client.jl:342
[0K [19] _start()
[0K    @ Base ./client.jl:585
[0Kin expression starting at /workdir/depot/packages/NonlinearSolveBase/Rw8Vf/ext/NonlinearSolveBaseForwardDiffExt.jl:1
[0Kin expression starting at stdin:5
              ✗ NonlinearSolveBase → NonlinearSolveBaseForwardDiffExt
    795.0 ms  ✓ StaticArrayInterface → StaticArrayInterfaceStaticArraysExt
    671.7 ms  ✓ CloseOpenIntervals
    820.6 ms  ✓ LayoutPointers
[0KERROR: LoadError: Precompiled image Base.PkgId(Base.UUID("be0214bd-f91f-a760-ac4e-3421ce2b2da0"), "NonlinearSolveBase") not available with flags CacheFlags(; use_pkgimages=true, debug_level=1, check_bounds=0, inline=true, opt_level=2)
[0KStacktrace:
[0K  [1] error(s::String)
[0K    @ Base ./error.jl:56
[0K  [2] __require_prelocked(pkg::Base.PkgId, env::String)
[0K    @ Base ./loading.jl:2840
[0K  [3] _require_prelocked(uuidkey::Base.PkgId, env::String)
[0K    @ Base ./loading.jl:2694
[0K  [4] macro expansion
[0K    @ ./loading.jl:2621 [inlined]
[0K  [5] macro expansion
[0K    @ ./lock.jl:376 [inlined]
[0K  [6] __require(into::Module, mod::Symbol)
[0K    @ Base ./loading.jl:2585
[0K  [7] require
[0K    @ ./loading.jl:2561 [inlined]
[0K  [8] eval_import_path
[0K    @ ./module.jl:36 [inlined]
[0K  [9] eval_import_path_all(at::Module, path::Expr, keyword::String)
[0K    @ Base ./module.jl:60
[0K [10] _eval_import(::Bool, ::Module, ::Expr, ::Expr, ::Vararg{Expr})
[0K    @ Base ./module.jl:101
[0K [11] top-level scope
[0K    @ /workdir/depot/packages/BracketingNonlinearSolve/BCMUl/src/BracketingNonlinearSolve.jl:8
[0K [12] include(mod::Module, _path::String)
[0K    @ Base ./Base.jl:323
[0K [13] include_package_for_output(pkg::Base.PkgId, input::String, syntax_version::VersionNumber, depot_path::Vector{String}, dl_load_path::Vector{String}, load_path::Vector{String}, concrete_deps::Vector{Pair{Base.PkgId, UInt128}}, source::Nothing)
[0K    @ Base ./loading.jl:3288
[0K [14] top-level scope
[0K    @ stdin:5
[0K [15] eval(m::Module, e::Any)
[0K    @ Core ./boot.jl:517
[0K [16] include_string(mapexpr::typeof(identity), mod::Module, code::String, filename::String)
[0K    @ Base ./loading.jl:3130
[0K [17] include_string
[0K    @ ./loading.jl:3140 [inlined]
[0K [18] exec_options(opts::Base.JLOptions)
[0K    @ Base ./client.jl:342
[0K [19] _start()
[0K    @ Base ./client.jl:585
[0Kin expression starting at /workdir/depot/packages/BracketingNonlinearSolve/BCMUl/src/BracketingNonlinearSolve.jl:1
[0Kin expression starting at stdin:5
              ✗ BracketingNonlinearSolve
   1050.3 ms  ✓ StrideArraysCore
[0KERROR: LoadError: Precompiled image Base.PkgId(Base.UUID("87fe0de2-c867-4266-b59a-2f0a94fc965b"), "LineSearch") not available with flags CacheFlags(; use_pkgimages=true, debug_level=1, check_bounds=0, inline=true, opt_level=2)
[0KStacktrace:
[0K  [1] error(s::String)
[0K    @ Base ./error.jl:56
[0K  [2] __require_prelocked(pkg::Base.PkgId, env::String)
[0K    @ Base ./loading.jl:2840
[0K  [3] _require_prelocked(uuidkey::Base.PkgId, env::String)
[0K    @ Base ./loading.jl:2694
[0K  [4] macro expansion
[0K    @ ./loading.jl:2621 [inlined]
[0K  [5] macro expansion
[0K    @ ./lock.jl:376 [inlined]
[0K  [6] __require(into::Module, mod::Symbol)
[0K    @ Base ./loading.jl:2585
[0K  [7] require
[0K    @ ./loading.jl:2561 [inlined]
[0K  [8] eval_import_path
[0K    @ ./module.jl:36 [inlined]
[0K  [9] eval_import_path_all(at::Module, path::Expr, keyword::String)
[0K    @ Base ./module.jl:60
[0K [10] _eval_import(::Bool, ::Module, ::Expr, ::Expr, ::Vararg{Expr})
[0K    @ Base ./module.jl:101
[0K [11] top-level scope
[0K    @ /workdir/depot/packages/NonlinearSolveSpectralMethods/MM0BP/src/NonlinearSolveSpectralMethods.jl:8
[0K [12] include(mod::Module, _path::String)
[0K    @ Base ./Base.jl:323
[0K [13] include_package_for_output(pkg::Base.PkgId, input::String, syntax_version::VersionNumber, depot_path::Vector{String}, dl_load_path::Vector{String}, load_path::Vector{String}, concrete_deps::Vector{Pair{Base.PkgId, UInt128}}, source::Nothing)
[0K    @ Base ./loading.jl:3288
[0KERROR: LoadError: Precompiled image Base.PkgId(Base.UUID("7ed4a6bd-45f5-4d41-b270-4a48e9bafcae"), "LinearSolve") not available with flags CacheFlags(; use_pkgimages=true, debug_level=1, check_bounds=0, inline=true, opt_level=2)
[0KStacktrace:
[0K [14] top-level scope
[0K    @ stdin:5
[0K [15] eval(m::Module, e::Any)
[0K    @ Core ./boot.jl:517
[0K [16] include_string(mapexpr::typeof(identity), mod::Module, code::String, filename::String)
[0K    @ Base ./loading.jl:3130
[0K [17] include_string
[0K    @ ./loading.jl:3140 [inlined]
[0K [18] exec_options(opts::Base.JLOptions)
[0K    @ Base ./client.jl:342
[0K [19] _start()
[0K    @ Base ./client.jl:585
[0Kin expression starting at /workdir/depot/packages/NonlinearSolveSpectralMethods/MM0BP/src/NonlinearSolveSpectralMethods.jl:1
[0Kin expression starting at stdin:5
[0K  [1] error(s::String)
[0K    @ Base ./error.jl:56
[0K  [2] __require_prelocked(pkg::Base.PkgId, env::String)
[0K    @ Base ./loading.jl:2840
[0K  [3] _require_prelocked(uuidkey::Base.PkgId, env::String)
[0K    @ Base ./loading.jl:2694
[0K  [4] macro expansion
[0K    @ ./loading.jl:2621 [inlined]
[0K  [5] macro expansion
[0K    @ ./lock.jl:376 [inlined]
[0K  [6] __require(into::Module, mod::Symbol)
[0K    @ Base ./loading.jl:2585
[0K  [7] require
[0K    @ ./loading.jl:2561 [inlined]
[0K  [8] eval_import_path
[0K    @ ./module.jl:36 [inlined]
[0K  [9] eval_import_path_all(at::Module, path::Expr, keyword::String)
[0K    @ Base ./module.jl:60
[0K [10] _eval_import(::Bool, ::Module, ::Expr, ::Expr, ::Vararg{Expr})
[0K    @ Base ./module.jl:101
[0K [11] top-level scope
[0K    @ /workdir/depot/packages/NonlinearSolveQuasiNewton/wYNEY/src/NonlinearSolveQuasiNewton.jl:12
[0K [12] include(mod::Module, _path::String)
[0K    @ Base ./Base.jl:323
[0K [13] include_package_for_output(pkg::Base.PkgId, input::String, syntax_version::VersionNumber, depot_path::Vector{String}, dl_load_path::Vector{String}, load_path::Vector{String}, concrete_deps::Vector{Pair{Base.PkgId, UInt128}}, source::Nothing)
[0K    @ Base ./loading.jl:3288
[0K [14] top-level scope
[0K    @ stdin:5
[0K [15] eval(m::Module, e::Any)
[0K    @ Core ./boot.jl:517
[0K [16] include_string(mapexpr::typeof(identity), mod::Module, code::String, filename::String)
[0K    @ Base ./loading.jl:3130
[0K [17] include_string
[0K    @ ./loading.jl:3140 [inlined]
[0K [18] exec_options(opts::Base.JLOptions)
[0K    @ Base ./client.jl:342
[0K [19] _start()
[0K    @ Base ./client.jl:585
[0Kin expression starting at /workdir/depot/packages/NonlinearSolveQuasiNewton/wYNEY/src/NonlinearSolveQuasiNewton.jl:1
[0Kin expression starting at stdin:5
              ✗ NonlinearSolveSpectralMethods
              ✗ NonlinearSolveQuasiNewton
[0KERROR: LoadError: Precompiled image Base.PkgId(Base.UUID("87fe0de2-c867-4266-b59a-2f0a94fc965b"), "LineSearch") not available with flags CacheFlags(; use_pkgimages=true, debug_level=1, check_bounds=0, inline=true, opt_level=2)
[0KStacktrace:
[0K  [1] error(s::String)
[0K    @ Base ./error.jl:56
[0K  [2] __require_prelocked(pkg::Base.PkgId, env::String)
[0K    @ Base ./loading.jl:2840
[0K  [3] _require_prelocked(uuidkey::Base.PkgId, env::String)
[0K    @ Base ./loading.jl:2694
[0K  [4] macro expansion
[0K    @ ./loading.jl:2621 [inlined]
[0K  [5] macro expansion
[0K    @ ./lock.jl:376 [inlined]
[0K  [6] __require(into::Module, mod::Symbol)
[0K    @ Base ./loading.jl:2585
[0K  [7] require
[0K    @ ./loading.jl:2561 [inlined]
[0K  [8] eval_import_path
[0K    @ ./module.jl:36 [inlined]
[0K  [9] eval_import_path_all(at::Module, path::Expr, keyword::String)
[0K    @ Base ./module.jl:60
[0K [10] _eval_import(::Bool, ::Module, ::Expr, ::Expr, ::Vararg{Expr})
[0K    @ Base ./module.jl:101
[0K [11] top-level scope
[0K    @ /workdir/depot/packages/NonlinearSolveFirstOrder/hAPzw/src/NonlinearSolveFirstOrder.jl:11
[0K [12] include(mod::Module, _path::String)
[0K    @ Base ./Base.jl:323
[0K [13] include_package_for_output(pkg::Base.PkgId, input::String, syntax_version::VersionNumber, depot_path::Vector{String}, dl_load_path::Vector{String}, load_path::Vector{String}, concrete_deps::Vector{Pair{Base.PkgId, UInt128}}, source::Nothing)
[0K    @ Base ./loading.jl:3288
[0K [14] top-level scope
[0K    @ stdin:5
[0K [15] eval(m::Module, e::Any)
[0K    @ Core ./boot.jl:517
[0K [16] include_string(mapexpr::typeof(identity), mod::Module, code::String, filename::String)
[0K    @ Base ./loading.jl:3130
[0K [17] include_string
[0K    @ ./loading.jl:3140 [inlined]
[0K [18] exec_options(opts::Base.JLOptions)
[0K    @ Base ./client.jl:342
[0K [19] _start()
[0K    @ Base ./client.jl:585
[0Kin expression starting at /workdir/depot/packages/NonlinearSolveFirstOrder/hAPzw/src/NonlinearSolveFirstOrder.jl:1
[0Kin expression starting at stdin:5
              ✗ NonlinearSolveFirstOrder
    903.2 ms  ✓ Polyester
    897.3 ms  ✓ FastBroadcast
[0KERROR: LoadError: Precompiled image Base.PkgId(Base.UUID("be0214bd-f91f-a760-ac4e-3421ce2b2da0"), "NonlinearSolveBase") not available with flags CacheFlags(; use_pkgimages=true, debug_level=1, check_bounds=0, inline=true, opt_level=2)
[0KStacktrace:
[0K  [1] error(s::String)
[0K    @ Base ./error.jl:56
[0K  [2] __require_prelocked(pkg::Base.PkgId, env::String)
[0K    @ Base ./loading.jl:2840
[0K  [3] _require_prelocked(uuidkey::Base.PkgId, env::String)
[0K    @ Base ./loading.jl:2694
[0K  [4] macro expansion
[0K    @ ./loading.jl:2621 [inlined]
[0K  [5] macro expansion
[0K    @ ./lock.jl:376 [inlined]
[0K  [6] __require(into::Module, mod::Symbol)
[0K    @ Base ./loading.jl:2585
[0K  [7] require
[0K    @ ./loading.jl:2561 [inlined]
[0K  [8] eval_import_path
[0K    @ ./module.jl:36 [inlined]
[0K  [9] eval_import_path_all(at::Module, path::Expr, keyword::String)
[0K    @ Base ./module.jl:60
[0K [10] _eval_import(::Bool, ::Module, ::Expr, ::Expr, ::Vararg{Expr})
[0K    @ Base ./module.jl:101
[0K [11] top-level scope
[0K    @ /workdir/depot/packages/BracketingNonlinearSolve/BCMUl/ext/BracketingNonlinearSolveForwardDiffExt.jl:5
[0K [12] include(mod::Module, _path::String)
[0K    @ Base ./Base.jl:323
[0K [13] include_package_for_output(pkg::Base.PkgId, input::String, syntax_version::VersionNumber, depot_path::Vector{String}, dl_load_path::Vector{String}, load_path::Vector{String}, concrete_deps::Vector{Pair{Base.PkgId, UInt128}}, source::Nothing)
[0K    @ Base ./loading.jl:3288
[0K [14] top-level scope
[0K    @ stdin:5
[0K [15] eval(m::Module, e::Any)
[0K    @ Core ./boot.jl:517
[0K [16] include_string(mapexpr::typeof(identity), mod::Module, code::String, filename::String)
[0K    @ Base ./loading.jl:3130
[0K [17] include_string
[0K    @ ./loading.jl:3140 [inlined]
[0K [18] exec_options(opts::Base.JLOptions)
[0K    @ Base ./client.jl:342
[0K [19] _start()
[0K    @ Base ./client.jl:585
[0Kin expression starting at /workdir/depot/packages/BracketingNonlinearSolve/BCMUl/ext/BracketingNonlinearSolveForwardDiffExt.jl:1
[0Kin expression starting at stdin:5
              ✗ BracketingNonlinearSolve → BracketingNonlinearSolveForwardDiffExt
[0KERROR: LoadError: Precompiled image Base.PkgId(Base.UUID("0bca4576-84f4-4d90-8ffe-ffa030f20462"), "SciMLBase") not available with flags CacheFlags(; use_pkgimages=true, debug_level=1, check_bounds=0, inline=true, opt_level=2)
[0KStacktrace:
[0K  [1] error(s::String)
[0K    @ Base ./error.jl:56
[0K  [2] __require_prelocked(pkg::Base.PkgId, env::String)
[0K    @ Base ./loading.jl:2840
[0K  [3] _require_prelocked(uuidkey::Base.PkgId, env::String)
[0K    @ Base ./loading.jl:2694
[0K  [4] macro expansion
[0K    @ ./loading.jl:2621 [inlined]
[0K  [5] macro expansion
[0K    @ ./lock.jl:376 [inlined]
[0K  [6] __require(into::Module, mod::Symbol)
[0K    @ Base ./loading.jl:2585
[0K  [7] require
[0K    @ ./loading.jl:2561 [inlined]
[0K  [8] eval_import_path
[0K    @ ./module.jl:36 [inlined]
[0K  [9] eval_import_path_all(at::Module, path::Expr, keyword::String)
[0K    @ Base ./module.jl:60
[0K [10] _eval_import(::Bool, ::Module, ::Expr, ::Expr, ::Vararg{Expr})
[0K    @ Base ./module.jl:101
[0K [11] top-level scope
[0K    @ /workdir/depot/packages/NonlinearSolveSpectralMethods/MM0BP/ext/NonlinearSolveSpectralMethodsForwardDiffExt.jl:5
[0K [12] include(mod::Module, _path::String)
[0K    @ Base ./Base.jl:323
[0K [13] include_package_for_output(pkg::Base.PkgId, input::String, syntax_version::VersionNumber, depot_path::Vector{String}, dl_load_path::Vector{String}, load_path::Vector{String}, concrete_deps::Vector{Pair{Base.PkgId, UInt128}}, source::Nothing)
[0K    @ Base ./loading.jl:3288
[0K [14] top-level scope
[0K    @ stdin:5
[0K [15] eval(m::Module, e::Any)
[0K    @ Core ./boot.jl:517
[0K [16] include_string(mapexpr::typeof(identity), mod::Module, code::String, filename::String)
[0K    @ Base ./loading.jl:3130
[0K [17] include_string
[0K    @ ./loading.jl:3140 [inlined]
[0K [18] exec_options(opts::Base.JLOptions)
[0K    @ Base ./client.jl:342
[0K [19] _start()
[0K    @ Base ./client.jl:585
[0Kin expression starting at /workdir/depot/packages/NonlinearSolveSpectralMethods/MM0BP/ext/NonlinearSolveSpectralMethodsForwardDiffExt.jl:1
[0Kin expression starting at stdin:5
              ✗ NonlinearSolveSpectralMethods → NonlinearSolveSpectralMethodsForwardDiffExt
[0KERROR: LoadError: Precompiled image Base.PkgId(Base.UUID("0bca4576-84f4-4d90-8ffe-ffa030f20462"), "SciMLBase") not available with flags CacheFlags(; use_pkgimages=true, debug_level=1, check_bounds=0, inline=true, opt_level=2)
[0KStacktrace:
[0K  [1] error(s::String)
[0K    @ Base ./error.jl:56
[0K  [2] __require_prelocked(pkg::Base.PkgId, env::String)
[0K    @ Base ./loading.jl:2840
[0K  [3] _require_prelocked(uuidkey::Base.PkgId, env::String)
[0K    @ Base ./loading.jl:2694
[0K  [4] macro expansion
[0K    @ ./loading.jl:2621 [inlined]
[0K  [5] macro expansion
[0K    @ ./lock.jl:376 [inlined]
[0K  [6] __require(into::Module, mod::Symbol)
[0K    @ Base ./loading.jl:2585
[0K  [7] require
[0K    @ ./loading.jl:2561 [inlined]
[0K  [8] eval_import_path
[0K    @ ./module.jl:36 [inlined]
[0K  [9] eval_import_path_all(at::Module, path::Expr, keyword::String)
[0K    @ Base ./module.jl:60
[0K [10] _eval_import(::Bool, ::Module, ::Expr, ::Expr, ::Vararg{Expr})
[0K    @ Base ./module.jl:101
[0K [11] top-level scope
[0K    @ /workdir/depot/packages/NonlinearSolveQuasiNewton/wYNEY/ext/NonlinearSolveQuasiNewtonForwardDiffExt.jl:5
[0K [12] include(mod::Module, _path::String)
[0K    @ Base ./Base.jl:323
[0K [13] include_package_for_output(pkg::Base.PkgId, input::String, syntax_version::VersionNumber, depot_path::Vector{String}, dl_load_path::Vector{String}, load_path::Vector{String}, concrete_deps::Vector{Pair{Base.PkgId, UInt128}}, source::Nothing)
[0K    @ Base ./loading.jl:3288
[0K [14] top-level scope
[0K    @ stdin:5
[0K [15] eval(m::Module, e::Any)
[0K    @ Core ./boot.jl:517
[0K [16] include_string(mapexpr::typeof(identity), mod::Module, code::String, filename::String)
[0K    @ Base ./loading.jl:3130
[0K [17] include_string
[0K    @ ./loading.jl:3140 [inlined]
[0K [18] exec_options(opts::Base.JLOptions)
[0K    @ Base ./client.jl:342
[0K [19] _start()
[0K    @ Base ./client.jl:585
[0Kin expression starting at /workdir/depot/packages/NonlinearSolveQuasiNewton/wYNEY/ext/NonlinearSolveQuasiNewtonForwardDiffExt.jl:1
[0Kin expression starting at stdin:5
              ✗ NonlinearSolveQuasiNewton → NonlinearSolveQuasiNewtonForwardDiffExt
  28773.2 ms  ✓ ExponentialUtilities
[0KERROR: LoadError: Precompiled image Base.PkgId(Base.UUID("731186ca-8d62-57ce-b412-fbd966d074cd"), "RecursiveArrayTools") not available with flags CacheFlags(; use_pkgimages=true, debug_level=1, check_bounds=0, inline=true, opt_level=2)
[0KStacktrace:
[0K  [1] error(s::String)
[0K    @ Base ./error.jl:56
[0K  [2] __require_prelocked(pkg::Base.PkgId, env::String)
[0K    @ Base ./loading.jl:2840
[0K  [3] _require_prelocked(uuidkey::Base.PkgId, env::String)
[0K    @ Base ./loading.jl:2694
[0K  [4] macro expansion
[0K    @ ./loading.jl:2621 [inlined]
[0K  [5] macro expansion
[0K    @ ./lock.jl:376 [inlined]
[0K  [6] __require(into::Module, mod::Symbol)
[0K    @ Base ./loading.jl:2585
[0K  [7] require
[0K    @ ./loading.jl:2561 [inlined]
[0K  [8] eval_import_path
[0K    @ ./module.jl:36 [inlined]
[0K  [9] eval_import_path_all(at::Module, path::Expr, keyword::String)
[0K    @ Base ./module.jl:60
[0K [10] _eval_using
[0K    @ ./module.jl:137 [inlined]
[0K [11] _eval_using(to::Module, path::Expr)
[0K    @ Base ./module.jl:137
[0K [12] top-level scope
[0K    @ /workdir/depot/packages/RecursiveArrayTools/AvG3i/ext/RecursiveArrayToolsFastBroadcastExt.jl:3
[0K [13] include(mod::Module, _path::String)
[0K    @ Base ./Base.jl:323
[0K [14] include_package_for_output(pkg::Base.PkgId, input::String, syntax_version::VersionNumber, depot_path::Vector{String}, dl_load_path::Vector{String}, load_path::Vector{String}, concrete_deps::Vector{Pair{Base.PkgId, UInt128}}, source::Nothing)
[0K    @ Base ./loading.jl:3288
[0K [15] top-level scope
[0K    @ stdin:5
[0K [16] eval(m::Module, e::Any)
[0K    @ Core ./boot.jl:517
[0K [17] include_string(mapexpr::typeof(identity), mod::Module, code::String, filename::String)
[0K    @ Base ./loading.jl:3130
[0K [18] include_string
[0K    @ ./loading.jl:3140 [inlined]
[0K [19] exec_options(opts::Base.JLOptions)
[0K    @ Base ./client.jl:342
[0K [20] _start()
[0K    @ Base ./client.jl:585
[0Kin expression starting at /workdir/depot/packages/RecursiveArrayTools/AvG3i/ext/RecursiveArrayToolsFastBroadcastExt.jl:1
[0Kin expression starting at stdin:5
              ✗ RecursiveArrayTools → RecursiveArrayToolsFastBroadcastExt
[0KERROR: LoadError: Precompiled image Base.PkgId(Base.UUID("70df07ce-3d50-431d-a3e7-ca6ddb60ac1e"), "BracketingNonlinearSolve") not available with flags CacheFlags(; use_pkgimages=true, debug_level=1, check_bounds=0, inline=true, opt_level=2)
[0KStacktrace:
[0K  [1] error(s::String)
[0K    @ Base ./error.jl:56
[0K  [2] __require_prelocked(pkg::Base.PkgId, env::String)
[0K    @ Base ./loading.jl:2840
[0K  [3] _require_prelocked(uuidkey::Base.PkgId, env::String)
[0K    @ Base ./loading.jl:2694
[0K  [4] macro expansion
[0K    @ ./loading.jl:2621 [inlined]
[0K  [5] macro expansion
[0K    @ ./lock.jl:376 [inlined]
[0K  [6] __require(into::Module, mod::Symbol)
[0K    @ Base ./loading.jl:2585
[0K  [7] require
[0K    @ ./loading.jl:2561 [inlined]
[0K  [8] eval_import_path
[0K    @ ./module.jl:36 [inlined]
[0K  [9] eval_import_path_all(at::Module, path::Expr, keyword::String)
[0K    @ Base ./module.jl:60
[0K [10] _eval_import(::Bool, ::Module, ::Expr, ::Expr, ::Vararg{Expr})
[0K    @ Base ./module.jl:101
[0K [11] top-level scope
[0K    @ /workdir/depot/packages/BracketingNonlinearSolve/BCMUl/ext/BracketingNonlinearSolveChainRulesCoreExt.jl:3
[0K [12] include(mod::Module, _path::String)
[0K    @ Base ./Base.jl:323
[0K [13] include_package_for_output(pkg::Base.PkgId, input::String, syntax_version::VersionNumber, depot_path::Vector{String}, dl_load_path::Vector{String}, load_path::Vector{String}, concrete_deps::Vector{Pair{Base.PkgId, UInt128}}, source::Nothing)
[0K    @ Base ./loading.jl:3288
[0K [14] top-level scope
[0K    @ stdin:5
[0K [15] eval(m::Module, e::Any)
[0K    @ Core ./boot.jl:517
[0K [16] include_string(mapexpr::typeof(identity), mod::Module, code::String, filename::String)
[0K    @ Base ./loading.jl:3130
[0K [17] include_string
[0K    @ ./loading.jl:3140 [inlined]
[0K [18] exec_options(opts::Base.JLOptions)
[0K    @ Base ./client.jl:342
[0K [19] _start()
[0K    @ Base ./client.jl:585
[0Kin expression starting at /workdir/depot/packages/BracketingNonlinearSolve/BCMUl/ext/BracketingNonlinearSolveChainRulesCoreExt.jl:1
[0Kin expression starting at stdin:5
              ✗ BracketingNonlinearSolve → BracketingNonlinearSolveChainRulesCoreExt
[0KERROR: LoadError: Precompiled image Base.PkgId(Base.UUID("70df07ce-3d50-431d-a3e7-ca6ddb60ac1e"), "BracketingNonlinearSolve") not available with flags CacheFlags(; use_pkgimages=true, debug_level=1, check_bounds=0, inline=true, opt_level=2)
[0KStacktrace:
[0K  [1] error(s::String)
[0K    @ Base ./error.jl:56
[0K  [2] __require_prelocked(pkg::Base.PkgId, env::String)
[0K    @ Base ./loading.jl:2840
[0K  [3] _require_prelocked(uuidkey::Base.PkgId, env::String)
[0K    @ Base ./loading.jl:2694
[0K  [4] macro expansion
[0K    @ ./loading.jl:2621 [inlined]
[0K  [5] macro expansion
[0K    @ ./lock.jl:376 [inlined]
[0K  [6] __require(into::Module, mod::Symbol)
[0K    @ Base ./loading.jl:2585
[0K  [7] require
[0K    @ ./loading.jl:2561 [inlined]
[0K  [8] eval_import_path
[0K    @ ./module.jl:36 [inlined]
[0K  [9] eval_import_path_all(at::Module, path::Expr, keyword::String)
[0K    @ Base ./module.jl:60
[0K [10] _eval_import(::Bool, ::Module, ::Expr, ::Expr, ::Vararg{Expr})
[0K    @ Base ./module.jl:101
[0K [11] top-level scope
[0K    @ /workdir/depot/packages/SimpleNonlinearSolve/SQzZW/src/SimpleNonlinearSolve.jl:8
[0K [12] include(mod::Module, _path::String)
[0K    @ Base ./Base.jl:323
[0K [13] include_package_for_output(pkg::Base.PkgId, input::String, syntax_version::VersionNumber, depot_path::Vector{String}, dl_load_path::Vector{String}, load_path::Vector{String}, concrete_deps::Vector{Pair{Base.PkgId, UInt128}}, source::Nothing)
[0K    @ Base ./loading.jl:3288
[0K [14] top-level scope
[0K    @ stdin:5
[0K [15] eval(m::Module, e::Any)
[0K    @ Core ./boot.jl:517
[0K [16] include_string(mapexpr::typeof(identity), mod::Module, code::String, filename::String)
[0K    @ Base ./loading.jl:3130
[0K [17] include_string
[0K    @ ./loading.jl:3140 [inlined]
[0K [18] exec_options(opts::Base.JLOptions)
[0K    @ Base ./client.jl:342
[0K [19] _start()
[0K    @ Base ./client.jl:585
[0Kin expression starting at /workdir/depot/packages/SimpleNonlinearSolve/SQzZW/src/SimpleNonlinearSolve.jl:1
[0Kin expression starting at stdin:5
              ✗ SimpleNonlinearSolve
   1739.3 ms  ✓ ExponentialUtilities → ExponentialUtilitiesStaticArraysExt
[0KERROR: LoadError: Precompiled image Base.PkgId(Base.UUID("731186ca-8d62-57ce-b412-fbd966d074cd"), "RecursiveArrayTools") not available with flags CacheFlags(; use_pkgimages=true, debug_level=1, check_bounds=0, inline=true, opt_level=2)
[0KStacktrace:
[0K  [1] error(s::String)
[0K    @ Base ./error.jl:56
[0K  [2] __require_prelocked(pkg::Base.PkgId, env::String)
[0K    @ Base ./loading.jl:2840
[0K  [3] _require_prelocked(uuidkey::Base.PkgId, env::String)
[0K    @ Base ./loading.jl:2694
[0K  [4] macro expansion
[0K    @ ./loading.jl:2621 [inlined]
[0K  [5] macro expansion
[0K    @ ./lock.jl:376 [inlined]
[0K  [6] __require(into::Module, mod::Symbol)
[0K    @ Base ./loading.jl:2585
[0K  [7] require
[0K    @ ./loading.jl:2561 [inlined]
[0K  [8] eval_import_path
[0K    @ ./module.jl:36 [inlined]
[0K  [9] _eval_import(imported::Bool, to::Module, from::Nothing, paths::Expr)
[0K    @ Base ./module.jl:111
[0K [10] top-level scope
[0K    @ /workdir/depot/packages/DiffEqBase/4RFWW/src/DiffEqBase.jl:29
[0K [11] include(mod::Module, _path::String)
[0K    @ Base ./Base.jl:323
[0K [12] include_package_for_output(pkg::Base.PkgId, input::String, syntax_version::VersionNumber, depot_path::Vector{String}, dl_load_path::Vector{String}, load_path::Vector{String}, concrete_deps::Vector{Pair{Base.PkgId, UInt128}}, source::Nothing)
[0K    @ Base ./loading.jl:3288
[0K [13] top-level scope
[0K    @ stdin:5
[0K [14] eval(m::Module, e::Any)
[0K    @ Core ./boot.jl:517
[0K [15] include_string(mapexpr::typeof(identity), mod::Module, code::String, filename::String)
[0K    @ Base ./loading.jl:3130
[0K [16] include_string
[0K    @ ./loading.jl:3140 [inlined]
[0K [17] exec_options(opts::Base.JLOptions)
[0K    @ Base ./client.jl:342
[0K [18] _start()
[0K    @ Base ./client.jl:585
[0Kin expression starting at /workdir/depot/packages/DiffEqBase/4RFWW/src/DiffEqBase.jl:1
[0Kin expression starting at stdin:5
              ✗ DiffEqBase
[0KERROR: LoadError: Precompiled image Base.PkgId(Base.UUID("be0214bd-f91f-a760-ac4e-3421ce2b2da0"), "NonlinearSolveBase") not available with flags CacheFlags(; use_pkgimages=true, debug_level=1, check_bounds=0, inline=true, opt_level=2)
[0KStacktrace:
[0K  [1] error(s::String)
[0K    @ Base ./error.jl:56
[0K  [2] __require_prelocked(pkg::Base.PkgId, env::String)
[0K    @ Base ./loading.jl:2840
[0K  [3] _require_prelocked(uuidkey::Base.PkgId, env::String)
[0K    @ Base ./loading.jl:2694
[0K  [4] macro expansion
[0K    @ ./loading.jl:2621 [inlined]
[0K  [5] macro expansion
[0K    @ ./lock.jl:376 [inlined]
[0K  [6] __require(into::Module, mod::Symbol)
[0K    @ Base ./loading.jl:2585
[0K  [7] require
[0K    @ ./loading.jl:2561 [inlined]
[0K  [8] eval_import_path
[0K    @ ./module.jl:36 [inlined]
[0K  [9] eval_import_path_all(at::Module, path::Expr, keyword::String)
[0K    @ Base ./module.jl:60
[0K [10] _eval_import(::Bool, ::Module, ::Expr, ::Expr, ::Vararg{Expr})
[0K    @ Base ./module.jl:101
[0K [11] top-level scope
[0K    @ /workdir/depot/packages/SimpleNonlinearSolve/SQzZW/ext/SimpleNonlinearSolveChainRulesCoreExt.jl:5
[0K [12] include(mod::Module, _path::String)
[0K    @ Base ./Base.jl:323
[0K [13] include_package_for_output(pkg::Base.PkgId, input::String, syntax_version::VersionNumber, depot_path::Vector{String}, dl_load_path::Vector{String}, load_path::Vector{String}, concrete_deps::Vector{Pair{Base.PkgId, UInt128}}, source::Nothing)
[0K    @ Base ./loading.jl:3288
[0K [14] top-level scope
[0K    @ stdin:5
[0K [15] eval(m::Module, e::Any)
[0K    @ Core ./boot.jl:517
[0K [16] include_string(mapexpr::typeof(identity), mod::Module, code::String, filename::String)
[0K    @ Base ./loading.jl:3130
[0K [17] include_string
[0K    @ ./loading.jl:3140 [inlined]
[0K [18] exec_options(opts::Base.JLOptions)
[0K    @ Base ./client.jl:342
[0K [19] _start()
[0K    @ Base ./client.jl:585
[0Kin expression starting at /workdir/depot/packages/SimpleNonlinearSolve/SQzZW/ext/SimpleNonlinearSolveChainRulesCoreExt.jl:1
[0Kin expression starting at stdin:5
              ✗ SimpleNonlinearSolve → SimpleNonlinearSolveChainRulesCoreExt
[0KERROR: LoadError: Precompiled image Base.PkgId(Base.UUID("2b5f629d-d688-5b77-993f-72d75c75574e"), "DiffEqBase") not available with flags CacheFlags(; use_pkgimages=true, debug_level=1, check_bounds=0, inline=true, opt_level=2)
[0KStacktrace:
[0K  [1] error(s::String)
[0K    @ Base ./error.jl:56
[0K  [2] __require_prelocked(pkg::Base.PkgId, env::String)
[0K    @ Base ./loading.jl:2840
[0K  [3] _require_prelocked(uuidkey::Base.PkgId, env::String)
[0K    @ Base ./loading.jl:2694
[0K  [4] macro expansion
[0K    @ ./loading.jl:2621 [inlined]
[0K  [5] macro expansion
[0K    @ ./lock.jl:376 [inlined]
[0K  [6] __require(into::Module, mod::Symbol)
[0K    @ Base ./loading.jl:2585
[0K  [7] require
[0K    @ ./loading.jl:2561 [inlined]
[0K  [8] eval_import_path
[0K    @ ./module.jl:36 [inlined]
[0K  [9] eval_import_path_all(at::Module, path::Expr, keyword::String)
[0K    @ Base ./module.jl:60
[0K [10] _eval_using
[0K    @ ./module.jl:137 [inlined]
[0K [11] _eval_using(to::Module, path::Expr)
[0K    @ Base ./module.jl:137
[0K [12] top-level scope
[0K    @ /workdir/depot/packages/DiffEqBase/4RFWW/ext/DiffEqBaseChainRulesCoreExt.jl:3
[0K [13] include(mod::Module, _path::String)
[0K    @ Base ./Base.jl:323
[0KERROR: LoadError: Precompiled image Base.PkgId(Base.UUID("2b5f629d-d688-5b77-993f-72d75c75574e"), "DiffEqBase") not available with flags CacheFlags(; use_pkgimages=true, debug_level=1, check_bounds=0, inline=true, opt_level=2)
[0KStacktrace:
[0K [14] include_package_for_output(pkg::Base.PkgId, input::String, syntax_version::VersionNumber, depot_path::Vector{String}, dl_load_path::Vector{String}, load_path::Vector{String}, concrete_deps::Vector{Pair{Base.PkgId, UInt128}}, source::Nothing)
[0K    @ Base ./loading.jl:3288
[0K [15] top-level scope
[0K    @ stdin:5
[0K [16] eval(m::Module, e::Any)
[0K    @ Core ./boot.jl:517
[0K [17] include_string(mapexpr::typeof(identity), mod::Module, code::String, filename::String)
[0K    @ Base ./loading.jl:3130
[0K [18] include_string
[0K    @ ./loading.jl:3140 [inlined]
[0K [19] exec_options(opts::Base.JLOptions)
[0K    @ Base ./client.jl:342
[0K [20] _start()
[0K    @ Base ./client.jl:585
[0Kin expression starting at /workdir/depot/packages/DiffEqBase/4RFWW/ext/DiffEqBaseChainRulesCoreExt.jl:1
[0Kin expression starting at stdin:5
[0K  [1] error(s::String)
[0K    @ Base ./error.jl:56
[0K  [2] __require_prelocked(pkg::Base.PkgId, env::String)
[0K    @ Base ./loading.jl:2840
[0K  [3] _require_prelocked(uuidkey::Base.PkgId, env::String)
[0K    @ Base ./loading.jl:2694
[0K  [4] macro expansion
[0K    @ ./loading.jl:2621 [inlined]
[0K  [5] macro expansion
[0K    @ ./lock.jl:376 [inlined]
[0K  [6] __require(into::Module, mod::Symbol)
[0K    @ Base ./loading.jl:2585
[0K  [7] require
[0K    @ ./loading.jl:2561 [inlined]
[0K  [8] eval_import_path
[0K    @ ./module.jl:36 [inlined]
[0K  [9] eval_import_path_all(at::Module, path::Expr, keyword::String)
[0K    @ Base ./module.jl:60
[0K [10] _eval_using
[0K    @ ./module.jl:137 [inlined]
[0K [11] _eval_using(to::Module, path::Expr)
[0K    @ Base ./module.jl:137
[0K [12] top-level scope
[0K    @ /workdir/depot/packages/DiffEqBase/4RFWW/ext/DiffEqBaseForwardDiffExt.jl:3
[0K [13] include(mod::Module, _path::String)
[0K    @ Base ./Base.jl:323
[0K [14] include_package_for_output(pkg::Base.PkgId, input::String, syntax_version::VersionNumber, depot_path::Vector{String}, dl_load_path::Vector{String}, load_path::Vector{String}, concrete_deps::Vector{Pair{Base.PkgId, UInt128}}, source::Nothing)
[0K    @ Base ./loading.jl:3288
[0K [15] top-level scope
[0K    @ stdin:5
[0K [16] eval(m::Module, e::Any)
[0K    @ Core ./boot.jl:517
[0K [17] include_string(mapexpr::typeof(identity), mod::Module, code::String, filename::String)
[0K    @ Base ./loading.jl:3130
[0K [18] include_string
[0K    @ ./loading.jl:3140 [inlined]
[0K [19] exec_options(opts::Base.JLOptions)
[0K    @ Base ./client.jl:342
[0K [20] _start()
[0K    @ Base ./client.jl:585
[0Kin expression starting at /workdir/depot/packages/DiffEqBase/4RFWW/ext/DiffEqBaseForwardDiffExt.jl:1
[0Kin expression starting at stdin:5
              ✗ DiffEqBase → DiffEqBaseChainRulesCoreExt
              ✗ DiffEqBase → DiffEqBaseForwardDiffExt
[0KERROR: LoadError: Precompiled image Base.PkgId(Base.UUID("0bca4576-84f4-4d90-8ffe-ffa030f20462"), "SciMLBase") not available with flags CacheFlags(; use_pkgimages=true, debug_level=1, check_bounds=0, inline=true, opt_level=2)
[0KStacktrace:
[0K  [1] error(s::String)
[0K    @ Base ./error.jl:56
[0K  [2] __require_prelocked(pkg::Base.PkgId, env::String)
[0K    @ Base ./loading.jl:2840
[0K  [3] _require_prelocked(uuidkey::Base.PkgId, env::String)
[0K    @ Base ./loading.jl:2694
[0K  [4] macro expansion
[0K    @ ./loading.jl:2621 [inlined]
[0K  [5] macro expansion
[0K    @ ./lock.jl:376 [inlined]
[0K  [6] __require(into::Module, mod::Symbol)
[0K    @ Base ./loading.jl:2585
[0K  [7] require
[0K    @ ./loading.jl:2561 [inlined]
[0K  [8] eval_import_path
[0K    @ ./module.jl:36 [inlined]
[0K  [9] eval_import_path_all(at::Module, path::Expr, keyword::String)
[0K    @ Base ./module.jl:60
[0K [10] _eval_using
[0K    @ ./module.jl:137 [inlined]
[0K [11] _eval_using(to::Module, path::Expr)
[0K    @ Base ./module.jl:137
[0K [12] top-level scope
[0K    @ /workdir/depot/packages/OrdinaryDiffEqCore/tusSd/src/OrdinaryDiffEqCore.jl:11
[0K [13] include(mod::Module, _path::String)
[0K    @ Base ./Base.jl:323
[0K [14] include_package_for_output(pkg::Base.PkgId, input::String, syntax_version::VersionNumber, depot_path::Vector{String}, dl_load_path::Vector{String}, load_path::Vector{String}, concrete_deps::Vector{Pair{Base.PkgId, UInt128}}, source::Nothing)
[0K    @ Base ./loading.jl:3288
[0K [15] top-level scope
[0K    @ stdin:5
[0K [16] eval(m::Module, e::Any)
[0K    @ Core ./boot.jl:517
[0K [17] include_string(mapexpr::typeof(identity), mod::Module, code::String, filename::String)
[0K    @ Base ./loading.jl:3130
[0K [18] include_string
[0K    @ ./loading.jl:3140 [inlined]
[0K [19] exec_options(opts::Base.JLOptions)
[0K    @ Base ./client.jl:342
[0K [20] _start()
[0K    @ Base ./client.jl:585
[0Kin expression starting at /workdir/depot/packages/OrdinaryDiffEqCore/tusSd/src/OrdinaryDiffEqCore.jl:1
[0Kin expression starting at stdin:5
              ✗ OrdinaryDiffEqCore
[0KERROR: LoadError: Precompiled image Base.PkgId(Base.UUID("2b5f629d-d688-5b77-993f-72d75c75574e"), "DiffEqBase") not available with flags CacheFlags(; use_pkgimages=true, debug_level=1, check_bounds=0, inline=true, opt_level=2)
[0KStacktrace:
[0K  [1] error(s::String)
[0K    @ Base ./error.jl:56
[0K  [2] __require_prelocked(pkg::Base.PkgId, env::String)
[0K    @ Base ./loading.jl:2840
[0K  [3] _require_prelocked(uuidkey::Base.PkgId, env::String)
[0K    @ Base ./loading.jl:2694
[0K  [4] macro expansion
[0K    @ ./loading.jl:2621 [inlined]
[0K  [5] macro expansion
[0K    @ ./lock.jl:376 [inlined]
[0K  [6] __require(into::Module, mod::Symbol)
[0K    @ Base ./loading.jl:2585
[0K  [7] require
[0K    @ ./loading.jl:2561 [inlined]
[0K  [8] eval_import_path
[0K    @ ./module.jl:36 [inlined]
[0K  [9] eval_import_path_all(at::Module, path::Expr, keyword::String)
[0K    @ Base ./module.jl:60
[0K [10] _eval_import(::Bool, ::Module, ::Expr, ::Expr, ::Vararg{Expr})
[0K    @ Base ./module.jl:101
[0K [11] top-level scope
[0K    @ /workdir/depot/packages/DiffEqBase/4RFWW/ext/DiffEqBaseSparseArraysExt.jl:4
[0K [12] include(mod::Module, _path::String)
[0K    @ Base ./Base.jl:323
[0K [13] include_package_for_output(pkg::Base.PkgId, input::String, syntax_version::VersionNumber, depot_path::Vector{String}, dl_load_path::Vector{String}, load_path::Vector{String}, concrete_deps::Vector{Pair{Base.PkgId, UInt128}}, source::Nothing)
[0K    @ Base ./loading.jl:3288
[0K [14] top-level scope
[0K    @ stdin:5
[0K [15] eval(m::Module, e::Any)
[0K    @ Core ./boot.jl:517
[0K [16] include_string(mapexpr::typeof(identity), mod::Module, code::String, filename::String)
[0K    @ Base ./loading.jl:3130
[0K [17] include_string
[0K    @ ./loading.jl:3140 [inlined]
[0K [18] exec_options(opts::Base.JLOptions)
[0K    @ Base ./client.jl:342
[0K [19] _start()
[0K    @ Base ./client.jl:585
[0Kin expression starting at /workdir/depot/packages/DiffEqBase/4RFWW/ext/DiffEqBaseSparseArraysExt.jl:1
[0Kin expression starting at stdin:5
[0KERROR: LoadError: Precompiled image Base.PkgId(Base.UUID("87fe0de2-c867-4266-b59a-2f0a94fc965b"), "LineSearch") not available with flags CacheFlags(; use_pkgimages=true, debug_level=1, check_bounds=0, inline=true, opt_level=2)
[0KStacktrace:
[0K  [1] error(s::String)
[0K    @ Base ./error.jl:56
[0K  [2] __require_prelocked(pkg::Base.PkgId, env::String)
[0K    @ Base ./loading.jl:2840
[0K  [3] _require_prelocked(uuidkey::Base.PkgId, env::String)
[0K    @ Base ./loading.jl:2694
[0K  [4] macro expansion
[0K    @ ./loading.jl:2621 [inlined]
[0K  [5] macro expansion
[0K    @ ./lock.jl:376 [inlined]
[0K  [6] __require(into::Module, mod::Symbol)
[0K    @ Base ./loading.jl:2585
[0K  [7] require
[0K    @ ./loading.jl:2561 [inlined]
[0K  [8] eval_import_path
[0K    @ ./module.jl:36 [inlined]
[0K  [9] eval_import_path_all(at::Module, path::Expr, keyword::String)
[0K    @ Base ./module.jl:60
              ✗ DiffEqBase → DiffEqBaseSparseArraysExt
[0K [10] _eval_import(::Bool, ::Module, ::Expr, ::Expr, ::Vararg{Expr})
[0K    @ Base ./module.jl:101
[0K [11] top-level scope
[0K    @ /workdir/depot/packages/NonlinearSolve/UXo1A/src/NonlinearSolve.jl:11
[0K [12] include(mod::Module, _path::String)
[0K    @ Base ./Base.jl:323
[0K [13] include_package_for_output(pkg::Base.PkgId, input::String, syntax_version::VersionNumber, depot_path::Vector{String}, dl_load_path::Vector{String}, load_path::Vector{String}, concrete_deps::Vector{Pair{Base.PkgId, UInt128}}, source::Nothing)
[0K    @ Base ./loading.jl:3288
[0K [14] top-level scope
[0K    @ stdin:5
[0K [15] eval(m::Module, e::Any)
[0K    @ Core ./boot.jl:517
[0K [16] include_string(mapexpr::typeof(identity), mod::Module, code::String, filename::String)
[0K    @ Base ./loading.jl:3130
[0K [17] include_string
[0K    @ ./loading.jl:3140 [inlined]
[0K [18] exec_options(opts::Base.JLOptions)
[0K    @ Base ./client.jl:342
[0K [19] _start()
[0K    @ Base ./client.jl:585
[0Kin expression starting at /workdir/depot/packages/NonlinearSolve/UXo1A/src/NonlinearSolve.jl:1
[0Kin expression starting at stdin:5
              ✗ NonlinearSolve
[0KERROR: LoadError: Precompiled image Base.PkgId(Base.UUID("bbf590c4-e513-4bbe-9b18-05decba2e5d8"), "OrdinaryDiffEqCore") not available with flags CacheFlags(; use_pkgimages=true, debug_level=1, check_bounds=0, inline=true, opt_level=2)
[0KStacktrace:
[0KERROR: LoadError: Precompiled image Base.PkgId(Base.UUID("bbf590c4-e513-4bbe-9b18-05decba2e5d8"), "OrdinaryDiffEqCore") not available with flags CacheFlags(; use_pkgimages=true, debug_level=1, check_bounds=0, inline=true, opt_level=2)
[0KStacktrace:
[0K  [1] error(s::String)
[0K    @ Base ./error.jl:56
[0K  [2] __require_prelocked(pkg::Base.PkgId, env::String)
[0K    @ Base ./loading.jl:2840
[0K  [3] _require_prelocked(uuidkey::Base.PkgId, env::String)
[0K    @ Base ./loading.jl:2694
[0K  [4] macro expansion
[0K    @ ./loading.jl:2621 [inlined]
[0K  [5] macro expansion
[0K    @ ./lock.jl:376 [inlined]
[0K  [6] __require(into::Module, mod::Symbol)
[0K    @ Base ./loading.jl:2585
[0K  [7] require
[0K    @ ./loading.jl:2561 [inlined]
[0K  [8] eval_import_path
[0K    @ ./module.jl:36 [inlined]
[0K  [9] eval_import_path_all(at::Module, path::Expr, keyword::String)
[0K    @ Base ./module.jl:60
[0K  [1] error(s::String)
[0K    @ Base ./error.jl:56
[0K  [2] __require_prelocked(pkg::Base.PkgId, env::String)
[0K    @ Base ./loading.jl:2840
[0K  [3] _require_prelocked(uuidkey::Base.PkgId, env::String)
[0K    @ Base ./loading.jl:2694
[0K  [4] macro expansion
[0K    @ ./loading.jl:2621 [inlined]
[0K  [5] macro expansion
[0K    @ ./lock.jl:376 [inlined]
[0K  [6] __require(into::Module, mod::Symbol)
[0K    @ Base ./loading.jl:2585
[0K  [7] require
[0K    @ ./loading.jl:2561 [inlined]
[0K  [8] eval_import_path
[0K    @ ./module.jl:36 [inlined]
[0K  [9] eval_import_path_all(at::Module, path::Expr, keyword::String)
[0K    @ Base ./module.jl:60
[0K [10] _eval_import(::Bool, ::Module, ::Expr, ::Expr, ::Vararg{Expr})
[0K    @ Base ./module.jl:101
[0K [11] top-level scope
[0K    @ /workdir/depot/packages/OrdinaryDiffEqFunctionMap/AnTNZ/src/OrdinaryDiffEqFunctionMap.jl:3
[0K [12] include(mod::Module, _path::String)
[0K    @ Base ./Base.jl:323
[0K [13] include_package_for_output(pkg::Base.PkgId, input::String, syntax_version::VersionNumber, depot_path::Vector{String}, dl_load_path::Vector{String}, load_path::Vector{String}, concrete_deps::Vector{Pair{Base.PkgId, UInt128}}, source::Nothing)
[0K    @ Base ./loading.jl:3288
[0K [14] top-level scope
[0K    @ stdin:5
[0K [15] eval(m::Module, e::Any)
[0K    @ Core ./boot.jl:517
[0K [16] include_string(mapexpr::typeof(identity), mod::Module, code::String, filename::String)
[0K    @ Base ./loading.jl:3130
[0K [17] include_string
[0K    @ ./loading.jl:3140 [inlined]
[0K [18] exec_options(opts::Base.JLOptions)
[0K    @ Base ./client.jl:342
[0K [19] _start()
[0K    @ Base ./client.jl:585
[0Kin expression starting at /workdir/depot/packages/OrdinaryDiffEqFunctionMap/AnTNZ/src/OrdinaryDiffEqFunctionMap.jl:1
[0Kin expression starting at stdin:5
[0K [10] _eval_import(::Bool, ::Module, ::Expr, ::Expr, ::Vararg{Expr})
[0K    @ Base ./module.jl:101
[0K [11] top-level scope
[0K    @ /workdir/depot/packages/OrdinaryDiffEqStabilizedRK/pJRa0/src/OrdinaryDiffEqStabilizedRK.jl:3
[0K [12] include(mod::Module, _path::String)
[0K    @ Base ./Base.jl:323
[0K [13] include_package_for_output(pkg::Base.PkgId, input::String, syntax_version::VersionNumber, depot_path::Vector{String}, dl_load_path::Vector{String}, load_path::Vector{String}, concrete_deps::Vector{Pair{Base.PkgId, UInt128}}, source::Nothing)
[0K    @ Base ./loading.jl:3288
[0K [14] top-level scope
[0K    @ stdin:5
[0K [15] eval(m::Module, e::Any)
[0K    @ Core ./boot.jl:517
[0K [16] include_string(mapexpr::typeof(identity), mod::Module, code::String, filename::String)
[0K    @ Base ./loading.jl:3130
[0K [17] include_string
[0K    @ ./loading.jl:3140 [inlined]
[0K [18] exec_options(opts::Base.JLOptions)
[0K    @ Base ./client.jl:342
[0K [19] _start()
[0K    @ Base ./client.jl:585
[0Kin expression starting at /workdir/depot/packages/OrdinaryDiffEqStabilizedRK/pJRa0/src/OrdinaryDiffEqStabilizedRK.jl:1
[0Kin expression starting at stdin:5
              ✗ OrdinaryDiffEqFunctionMap
              ✗ OrdinaryDiffEqStabilizedRK
[0KERROR: LoadError: Precompiled image Base.PkgId(Base.UUID("bbf590c4-e513-4bbe-9b18-05decba2e5d8"), "OrdinaryDiffEqCore") not available with flags CacheFlags(; use_pkgimages=true, debug_level=1, check_bounds=0, inline=true, opt_level=2)
[0KStacktrace:
[0K  [1] error(s::String)
[0K    @ Base ./error.jl:56
[0K  [2] __require_prelocked(pkg::Base.PkgId, env::String)
[0K    @ Base ./loading.jl:2840
[0K  [3] _require_prelocked(uuidkey::Base.PkgId, env::String)
[0K    @ Base ./loading.jl:2694
[0K  [4] macro expansion
[0K    @ ./loading.jl:2621 [inlined]
[0K  [5] macro expansion
[0K    @ ./lock.jl:376 [inlined]
[0K  [6] __require(into::Module, mod::Symbol)
[0K    @ Base ./loading.jl:2585
[0K  [7] require
[0K    @ ./loading.jl:2561 [inlined]
[0K  [8] eval_import_path
[0K    @ ./module.jl:36 [inlined]
[0K  [9] eval_import_path_all(at::Module, path::Expr, keyword::String)
[0K    @ Base ./module.jl:60
[0K [10] _eval_import(::Bool, ::Module, ::Expr, ::Expr, ::Vararg{Expr})
[0K    @ Base ./module.jl:101
[0K [11] top-level scope
[0K    @ /workdir/depot/packages/OrdinaryDiffEqVerner/WnII6/src/OrdinaryDiffEqVerner.jl:3
[0K [12] include(mod::Module, _path::String)
[0K    @ Base ./Base.jl:323
[0K [13] include_package_for_output(pkg::Base.PkgId, input::String, syntax_version::VersionNumber, depot_path::Vector{String}, dl_load_path::Vector{String}, load_path::Vector{String}, concrete_deps::Vector{Pair{Base.PkgId, UInt128}}, source::Nothing)
[0K    @ Base ./loading.jl:3288
[0K [14] top-level scope
[0K    @ stdin:5
[0K [15] eval(m::Module, e::Any)
[0K    @ Core ./boot.jl:517
[0K [16] include_string(mapexpr::typeof(identity), mod::Module, code::String, filename::String)
[0K    @ Base ./loading.jl:3130
[0K [17] include_string
[0K    @ ./loading.jl:3140 [inlined]
[0K [18] exec_options(opts::Base.JLOptions)
[0K    @ Base ./client.jl:342
[0K [19] _start()
[0K    @ Base ./client.jl:585
[0Kin expression starting at /workdir/depot/packages/OrdinaryDiffEqVerner/WnII6/src/OrdinaryDiffEqVerner.jl:1
[0Kin expression starting at stdin:5
[0KERROR: LoadError: Precompiled image Base.PkgId(Base.UUID("bbf590c4-e513-4bbe-9b18-05decba2e5d8"), "OrdinaryDiffEqCore") not available with flags CacheFlags(; use_pkgimages=true, debug_level=1, check_bounds=0, inline=true, opt_level=2)
[0KStacktrace:
[0KERROR: LoadError: Precompiled image Base.PkgId(Base.UUID("bbf590c4-e513-4bbe-9b18-05decba2e5d8"), "OrdinaryDiffEqCore") not available with flags CacheFlags(; use_pkgimages=true, debug_level=1, check_bounds=0, inline=true, opt_level=2)
[0KStacktrace:
[0K  [1] error(s::String)
[0K  [1] error(s::String)
[0K    @ Base ./error.jl:56
[0K    @ Base ./error.jl:56
[0K  [2] __require_prelocked(pkg::Base.PkgId, env::String)
[0K    @ Base ./loading.jl:2840
[0K  [2] __require_prelocked(pkg::Base.PkgId, env::String)
[0K  [3] _require_prelocked(uuidkey::Base.PkgId, env::String)
[0K    @ Base ./loading.jl:2840
[0K    @ Base ./loading.jl:2694
[0K  [3] _require_prelocked(uuidkey::Base.PkgId, env::String)
[0K  [4] macro expansion
[0K    @ ./loading.jl:2621 [inlined]
[0K    @ Base ./loading.jl:2694
[0K  [5] macro expansion
[0K  [4] macro expansion
[0K    @ ./loading.jl:2621 [inlined]
[0K    @ ./lock.jl:376 [inlined]
[0K  [5] macro expansion
[0K    @ ./lock.jl:376 [inlined]
[0K  [6] __require(into::Module, mod::Symbol)
[0K    @ Base ./loading.jl:2585
[0K  [7] require
[0K  [6] __require(into::Module, mod::Symbol)
[0K    @ ./loading.jl:2561 [inlined]
[0K    @ Base ./loading.jl:2585
[0K  [8] eval_import_path
[0K  [7] require
[0K    @ ./module.jl:36 [inlined]
[0K    @ ./loading.jl:2561 [inlined]
[0K  [8] eval_import_path
[0K  [9] eval_import_path_all(at::Module, path::Expr, keyword::String)
[0K    @ ./module.jl:36 [inlined]
[0K    @ Base ./module.jl:60
[0K  [9] eval_import_path_all(at::Module, path::Expr, keyword::String)
[0K    @ Base ./module.jl:60
              ✗ OrdinaryDiffEqVerner
[0K [10] _eval_import(::Bool, ::Module, ::Expr, ::Expr, ::Vararg{Expr})
[0K    @ Base ./module.jl:101
[0K [11] top-level scope
[0K    @ /workdir/depot/packages/OrdinaryDiffEqQPRK/mTzfG/src/OrdinaryDiffEqQPRK.jl:3
[0K [12] include(mod::Module, _path::String)
[0K    @ Base ./Base.jl:323
[0K [10] _eval_import(::Bool, ::Module, ::Expr, ::Expr, ::Vararg{Expr})
[0K    @ Base ./module.jl:101
[0K [11] top-level scope
[0K    @ /workdir/depot/packages/OrdinaryDiffEqCore/tusSd/ext/OrdinaryDiffEqCoreSparseArraysExt.jl:4
[0K [12] include(mod::Module, _path::String)
[0K    @ Base ./Base.jl:323
[0K [13] include_package_for_output(pkg::Base.PkgId, input::String, syntax_version::VersionNumber, depot_path::Vector{String}, dl_load_path::Vector{String}, load_path::Vector{String}, concrete_deps::Vector{Pair{Base.PkgId, UInt128}}, source::Nothing)
[0K    @ Base ./loading.jl:3288
[0K [14] top-level scope
[0K    @ stdin:5
[0K [15] eval(m::Module, e::Any)
[0K    @ Core ./boot.jl:517
[0K [16] include_string(mapexpr::typeof(identity), mod::Module, code::String, filename::String)
[0K    @ Base ./loading.jl:3130
[0K [17] include_string
[0K    @ ./loading.jl:3140 [inlined]
[0K [13] include_package_for_output(pkg::Base.PkgId, input::String, syntax_version::VersionNumber, depot_path::Vector{String}, dl_load_path::Vector{String}, load_path::Vector{String}, concrete_deps::Vector{Pair{Base.PkgId, UInt128}}, source::Nothing)
[0K [18] exec_options(opts::Base.JLOptions)
[0K    @ Base ./client.jl:342
[0K    @ Base ./loading.jl:3288
[0K [19] _start()
[0K [14] top-level scope
[0K    @ stdin:5
[0K    @ Base ./client.jl:585
[0Kin expression starting at /workdir/depot/packages/OrdinaryDiffEqQPRK/mTzfG/src/OrdinaryDiffEqQPRK.jl:1
[0Kin expression starting at stdin:5
[0K [15] eval(m::Module, e::Any)
[0K    @ Core ./boot.jl:517
[0K [16] include_string(mapexpr::typeof(identity), mod::Module, code::String, filename::String)
[0K    @ Base ./loading.jl:3130
[0K [17] include_string
[0K    @ ./loading.jl:3140 [inlined]
[0K [18] exec_options(opts::Base.JLOptions)
[0K    @ Base ./client.jl:342
[0K [19] _start()
[0K    @ Base ./client.jl:585
[0Kin expression starting at /workdir/depot/packages/OrdinaryDiffEqCore/tusSd/ext/OrdinaryDiffEqCoreSparseArraysExt.jl:1
[0Kin expression starting at stdin:5
              ✗ OrdinaryDiffEqCore → OrdinaryDiffEqCoreSparseArraysExt
              ✗ OrdinaryDiffEqQPRK
[0KERROR: LoadError: Precompiled image Base.PkgId(Base.UUID("bbf590c4-e513-4bbe-9b18-05decba2e5d8"), "OrdinaryDiffEqCore") not available with flags CacheFlags(; use_pkgimages=true, debug_level=1, check_bounds=0, inline=true, opt_level=2)
[0KStacktrace:
[0K  [1] error(s::String)
[0KERROR: LoadError: Precompiled image Base.PkgId(Base.UUID("bbf590c4-e513-4bbe-9b18-05decba2e5d8"), "OrdinaryDiffEqCore") not available with flags CacheFlags(; use_pkgimages=true, debug_level=1, check_bounds=0, inline=true, opt_level=2)
[0KStacktrace:
[0K    @ Base ./error.jl:56
[0K  [2] __require_prelocked(pkg::Base.PkgId, env::String)
[0K    @ Base ./loading.jl:2840
[0K  [3] _require_prelocked(uuidkey::Base.PkgId, env::String)
[0K    @ Base ./loading.jl:2694
[0K  [4] macro expansion
[0K    @ ./loading.jl:2621 [inlined]
[0K  [5] macro expansion
[0K    @ ./lock.jl:376 [inlined]
[0K  [6] __require(into::Module, mod::Symbol)
[0K    @ Base ./loading.jl:2585
[0K  [7] require
[0K    @ ./loading.jl:2561 [inlined]
[0K  [8] eval_import_path
[0K    @ ./module.jl:36 [inlined]
[0K  [9] eval_import_path_all(at::Module, path::Expr, keyword::String)
[0K    @ Base ./module.jl:60
[0K [10] _eval_import(::Bool, ::Module, ::Expr, ::Expr, ::Vararg{Expr})
[0K    @ Base ./module.jl:101
[0K [11] top-level scope
[0K    @ /workdir/depot/packages/OrdinaryDiffEqSymplecticRK/9sQIf/src/OrdinaryDiffEqSymplecticRK.jl:3
[0K [12] include(mod::Module, _path::String)
[0K    @ Base ./Base.jl:323
[0K [13] include_package_for_output(pkg::Base.PkgId, input::String, syntax_version::VersionNumber, depot_path::Vector{String}, dl_load_path::Vector{String}, load_path::Vector{String}, concrete_deps::Vector{Pair{Base.PkgId, UInt128}}, source::Nothing)
[0K    @ Base ./loading.jl:3288
[0K [14] top-level scope
[0K    @ stdin:5
[0K [15] eval(m::Module, e::Any)
[0K    @ Core ./boot.jl:517
[0K [16] include_string(mapexpr::typeof(identity), mod::Module, code::String, filename::String)
[0K    @ Base ./loading.jl:3130
[0K [17] include_string
[0K    @ ./loading.jl:3140 [inlined]
[0K [18] exec_options(opts::Base.JLOptions)
[0K    @ Base ./client.jl:342
[0K [19] _start()
[0K    @ Base ./client.jl:585
[0Kin expression starting at /workdir/depot/packages/OrdinaryDiffEqSymplecticRK/9sQIf/src/OrdinaryDiffEqSymplecticRK.jl:1
[0Kin expression starting at stdin:5
[0K  [1] error(s::String)
[0K    @ Base ./error.jl:56
[0K  [2] __require_prelocked(pkg::Base.PkgId, env::String)
[0K    @ Base ./loading.jl:2840
[0K  [3] _require_prelocked(uuidkey::Base.PkgId, env::String)
[0K    @ Base ./loading.jl:2694
[0K  [4] macro expansion
[0K    @ ./loading.jl:2621 [inlined]
[0K  [5] macro expansion
[0K    @ ./lock.jl:376 [inlined]
[0K  [6] __require(into::Module, mod::Symbol)
[0K    @ Base ./loading.jl:2585
[0K  [7] require
[0K    @ ./loading.jl:2561 [inlined]
[0K  [8] eval_import_path
[0K    @ ./module.jl:36 [inlined]
[0K  [9] eval_import_path_all(at::Module, path::Expr, keyword::String)
[0K    @ Base ./module.jl:60
[0K [10] _eval_import(::Bool, ::Module, ::Expr, ::Expr, ::Vararg{Expr})
[0K    @ Base ./module.jl:101
[0K [11] top-level scope
[0K    @ /workdir/depot/packages/OrdinaryDiffEqLowOrderRK/t2Tup/src/OrdinaryDiffEqLowOrderRK.jl:3
[0K [12] include(mod::Module, _path::String)
[0K    @ Base ./Base.jl:323
[0K [13] include_package_for_output(pkg::Base.PkgId, input::String, syntax_version::VersionNumber, depot_path::Vector{String}, dl_load_path::Vector{String}, load_path::Vector{String}, concrete_deps::Vector{Pair{Base.PkgId, UInt128}}, source::Nothing)
[0K    @ Base ./loading.jl:3288
[0K [14] top-level scope
[0K    @ stdin:5
[0K [15] eval(m::Module, e::Any)
[0K    @ Core ./boot.jl:517
[0K [16] include_string(mapexpr::typeof(identity), mod::Module, code::String, filename::String)
[0K    @ Base ./loading.jl:3130
[0K [17] include_string
[0K    @ ./loading.jl:3140 [inlined]
[0K [18] exec_options(opts::Base.JLOptions)
[0K    @ Base ./client.jl:342
[0K [19] _start()
[0K    @ Base ./client.jl:585
[0Kin expression starting at /workdir/depot/packages/OrdinaryDiffEqLowOrderRK/t2Tup/src/OrdinaryDiffEqLowOrderRK.jl:1
[0Kin expression starting at stdin:5
              ✗ OrdinaryDiffEqSymplecticRK
              ✗ OrdinaryDiffEqLowOrderRK
[0KERROR: LoadError: Precompiled image Base.PkgId(Base.UUID("bbf590c4-e513-4bbe-9b18-05decba2e5d8"), "OrdinaryDiffEqCore") not available with flags CacheFlags(; use_pkgimages=true, debug_level=1, check_bounds=0, inline=true, opt_level=2)
[0KStacktrace:
[0K  [1] error(s::String)
[0K    @ Base ./error.jl:56
[0K  [2] __require_prelocked(pkg::Base.PkgId, env::String)
[0K    @ Base ./loading.jl:2840
[0K  [3] _require_prelocked(uuidkey::Base.PkgId, env::String)
[0K    @ Base ./loading.jl:2694
[0K  [4] macro expansion
[0K    @ ./loading.jl:2621 [inlined]
[0K  [5] macro expansion
[0K    @ ./lock.jl:376 [inlined]
[0K  [6] __require(into::Module, mod::Symbol)
[0K    @ Base ./loading.jl:2585
[0K  [7] require
[0K    @ ./loading.jl:2561 [inlined]
[0K  [8] eval_import_path
[0K    @ ./module.jl:36 [inlined]
[0K  [9] eval_import_path_all(at::Module, path::Expr, keyword::String)
[0K    @ Base ./module.jl:60
[0K [10] _eval_import(::Bool, ::Module, ::Expr, ::Expr, ::Vararg{Expr})
[0K    @ Base ./module.jl:101
[0K [11] top-level scope
[0K    @ /workdir/depot/packages/OrdinaryDiffEqFeagin/Rg6kp/src/OrdinaryDiffEqFeagin.jl:3
[0K [12] include(mod::Module, _path::String)
[0K    @ Base ./Base.jl:323
[0K [13] include_package_for_output(pkg::Base.PkgId, input::String, syntax_version::VersionNumber, depot_path::Vector{String}, dl_load_path::Vector{String}, load_path::Vector{String}, concrete_deps::Vector{Pair{Base.PkgId, UInt128}}, source::Nothing)
[0K    @ Base ./loading.jl:3288
[0K [14] top-level scope
[0K    @ stdin:5
[0K [15] eval(m::Module, e::Any)
[0K    @ Core ./boot.jl:517
[0K [16] include_string(mapexpr::typeof(identity), mod::Module, code::String, filename::String)
[0K    @ Base ./loading.jl:3130
[0K [17] include_string
[0K    @ ./loading.jl:3140 [inlined]
[0K [18] exec_options(opts::Base.JLOptions)
[0K    @ Base ./client.jl:342
[0K [19] _start()
[0K    @ Base ./client.jl:585
[0Kin expression starting at /workdir/depot/packages/OrdinaryDiffEqFeagin/Rg6kp/src/OrdinaryDiffEqFeagin.jl:1
[0Kin expression starting at stdin:5
[0KERROR: LoadError: Precompiled image Base.PkgId(Base.UUID("bbf590c4-e513-4bbe-9b18-05decba2e5d8"), "OrdinaryDiffEqCore") not available with flags CacheFlags(; use_pkgimages=true, debug_level=1, check_bounds=0, inline=true, opt_level=2)
[0KStacktrace:
[0KERROR: LoadError: Precompiled image Base.PkgId(Base.UUID("bbf590c4-e513-4bbe-9b18-05decba2e5d8"), "OrdinaryDiffEqCore") not available with flags CacheFlags(; use_pkgimages=true, debug_level=1, check_bounds=0, inline=true, opt_level=2)
[0KStacktrace:
[0K  [1] error(s::String)
[0K    @ Base ./error.jl:56
[0K  [2] __require_prelocked(pkg::Base.PkgId, env::String)
[0K    @ Base ./loading.jl:2840
[0K  [3] _require_prelocked(uuidkey::Base.PkgId, env::String)
[0K    @ Base ./loading.jl:2694
[0K  [4] macro expansion
[0K    @ ./loading.jl:2621 [inlined]
[0K  [5] macro expansion
[0K    @ ./lock.jl:376 [inlined]
[0K  [6] __require(into::Module, mod::Symbol)
[0K    @ Base ./loading.jl:2585
[0K  [7] require
[0K    @ ./loading.jl:2561 [inlined]
[0K  [8] eval_import_path
[0K    @ ./module.jl:36 [inlined]
[0K  [9] eval_import_path_all(at::Module, path::Expr, keyword::String)
[0K    @ Base ./module.jl:60
[0K  [1] error(s::String)
[0K    @ Base ./error.jl:56
[0K  [2] __require_prelocked(pkg::Base.PkgId, env::String)
[0K    @ Base ./loading.jl:2840
[0K  [3] _require_prelocked(uuidkey::Base.PkgId, env::String)
[0K    @ Base ./loading.jl:2694
[0K  [4] macro expansion
[0K    @ ./loading.jl:2621 [inlined]
[0K  [5] macro expansion
[0K    @ ./lock.jl:376 [inlined]
[0K  [6] __require(into::Module, mod::Symbol)
[0K    @ Base ./loading.jl:2585
[0K  [7] require
[0K    @ ./loading.jl:2561 [inlined]
[0K  [8] eval_import_path
[0K    @ ./module.jl:36 [inlined]
[0K  [9] eval_import_path_all(at::Module, path::Expr, keyword::String)
[0K    @ Base ./module.jl:60
              ✗ OrdinaryDiffEqFeagin
[0K [10] _eval_import(::Bool, ::Module, ::Expr, ::Expr, ::Vararg{Expr})
[0K    @ Base ./module.jl:101
[0K [11] top-level scope
[0K    @ /workdir/depot/packages/OrdinaryDiffEqLinear/eKKw7/src/OrdinaryDiffEqLinear.jl:3
[0K [12] include(mod::Module, _path::String)
[0K    @ Base ./Base.jl:323
[0K [13] include_package_for_output(pkg::Base.PkgId, input::String, syntax_version::VersionNumber, depot_path::Vector{String}, dl_load_path::Vector{String}, load_path::Vector{String}, concrete_deps::Vector{Pair{Base.PkgId, UInt128}}, source::Nothing)
[0K    @ Base ./loading.jl:3288
[0K [14] top-level scope
[0K    @ stdin:5
[0K [15] eval(m::Module, e::Any)
[0K    @ Core ./boot.jl:517
[0K [16] include_string(mapexpr::typeof(identity), mod::Module, code::String, filename::String)
[0K    @ Base ./loading.jl:3130
[0K [17] include_string
[0K    @ ./loading.jl:3140 [inlined]
[0K [18] exec_options(opts::Base.JLOptions)
[0K    @ Base ./client.jl:342
[0K [19] _start()
[0K    @ Base ./client.jl:585
[0Kin expression starting at /workdir/depot/packages/OrdinaryDiffEqLinear/eKKw7/src/OrdinaryDiffEqLinear.jl:1
[0Kin expression starting at stdin:5
[0K [10] _eval_import(::Bool, ::Module, ::Expr, ::Expr, ::Vararg{Expr})
[0K    @ Base ./module.jl:101
[0K [11] top-level scope
[0K    @ /workdir/depot/packages/OrdinaryDiffEqSSPRK/4XvhT/src/OrdinaryDiffEqSSPRK.jl:3
[0K [12] include(mod::Module, _path::String)
[0K    @ Base ./Base.jl:323
[0K [13] include_package_for_output(pkg::Base.PkgId, input::String, syntax_version::VersionNumber, depot_path::Vector{String}, dl_load_path::Vector{String}, load_path::Vector{String}, concrete_deps::Vector{Pair{Base.PkgId, UInt128}}, source::Nothing)
[0K    @ Base ./loading.jl:3288
[0K [14] top-level scope
[0K    @ stdin:5
[0K [15] eval(m::Module, e::Any)
[0K    @ Core ./boot.jl:517
[0K [16] include_string(mapexpr::typeof(identity), mod::Module, code::String, filename::String)
[0K    @ Base ./loading.jl:3130
[0K [17] include_string
[0K    @ ./loading.jl:3140 [inlined]
[0K [18] exec_options(opts::Base.JLOptions)
[0K    @ Base ./client.jl:342
[0K [19] _start()
[0K    @ Base ./client.jl:585
[0Kin expression starting at /workdir/depot/packages/OrdinaryDiffEqSSPRK/4XvhT/src/OrdinaryDiffEqSSPRK.jl:1
[0Kin expression starting at stdin:5
              ✗ OrdinaryDiffEqLinear
              ✗ OrdinaryDiffEqSSPRK
[0KERROR: LoadError: Precompiled image Base.PkgId(Base.UUID("bbf590c4-e513-4bbe-9b18-05decba2e5d8"), "OrdinaryDiffEqCore") not available with flags CacheFlags(; use_pkgimages=true, debug_level=1, check_bounds=0, inline=true, opt_level=2)
[0KStacktrace:
[0KERROR: LoadError: Precompiled image Base.PkgId(Base.UUID("bbf590c4-e513-4bbe-9b18-05decba2e5d8"), "OrdinaryDiffEqCore") not available with flags CacheFlags(; use_pkgimages=true, debug_level=1, check_bounds=0, inline=true, opt_level=2)
[0KStacktrace:
[0K  [1] error(s::String)
[0K    @ Base ./error.jl:56
[0K  [2] __require_prelocked(pkg::Base.PkgId, env::String)
[0K    @ Base ./loading.jl:2840
[0K  [3] _require_prelocked(uuidkey::Base.PkgId, env::String)
[0K    @ Base ./loading.jl:2694
[0K  [4] macro expansion
[0K    @ ./loading.jl:2621 [inlined]
[0K  [5] macro expansion
[0K    @ ./lock.jl:376 [inlined]
[0K  [6] __require(into::Module, mod::Symbol)
[0K    @ Base ./loading.jl:2585
[0K  [7] require
[0K    @ ./loading.jl:2561 [inlined]
[0K  [8] eval_import_path
[0K    @ ./module.jl:36 [inlined]
[0K  [9] eval_import_path_all(at::Module, path::Expr, keyword::String)
[0K    @ Base ./module.jl:60
[0K  [1] error(s::String)
[0K    @ Base ./error.jl:56
[0K  [2] __require_prelocked(pkg::Base.PkgId, env::String)
[0K    @ Base ./loading.jl:2840
[0K  [3] _require_prelocked(uuidkey::Base.PkgId, env::String)
[0K    @ Base ./loading.jl:2694
[0K  [4] macro expansion
[0K    @ ./loading.jl:2621 [inlined]
[0K  [5] macro expansion
[0K    @ ./lock.jl:376 [inlined]
[0K  [6] __require(into::Module, mod::Symbol)
[0K    @ Base ./loading.jl:2585
[0K  [7] require
[0K    @ ./loading.jl:2561 [inlined]
[0K  [8] eval_import_path
[0K    @ ./module.jl:36 [inlined]
[0K  [9] eval_import_path_all(at::Module, path::Expr, keyword::String)
[0K    @ Base ./module.jl:60
[0K [10] _eval_import(::Bool, ::Module, ::Expr, ::Expr, ::Vararg{Expr})
[0K    @ Base ./module.jl:101
[0K [11] top-level scope
[0K    @ /workdir/depot/packages/OrdinaryDiffEqExplicitRK/iPnx4/src/OrdinaryDiffEqExplicitRK.jl:3
[0K [12] include(mod::Module, _path::String)
[0K    @ Base ./Base.jl:323
[0K [13] include_package_for_output(pkg::Base.PkgId, input::String, syntax_version::VersionNumber, depot_path::Vector{String}, dl_load_path::Vector{String}, load_path::Vector{String}, concrete_deps::Vector{Pair{Base.PkgId, UInt128}}, source::Nothing)
[0K    @ Base ./loading.jl:3288
[0K [14] top-level scope
[0K    @ stdin:5
[0K [15] eval(m::Module, e::Any)
[0K    @ Core ./boot.jl:517
[0K [16] include_string(mapexpr::typeof(identity), mod::Module, code::String, filename::String)
[0K    @ Base ./loading.jl:3130
[0K [17] include_string
[0K    @ ./loading.jl:3140 [inlined]
[0K [18] exec_options(opts::Base.JLOptions)
[0K    @ Base ./client.jl:342
[0K [19] _start()
[0K    @ Base ./client.jl:585
[0Kin expression starting at /workdir/depot/packages/OrdinaryDiffEqExplicitRK/iPnx4/src/OrdinaryDiffEqExplicitRK.jl:1
[0Kin expression starting at stdin:5
[0K [10] _eval_import(::Bool, ::Module, ::Expr, ::Expr, ::Vararg{Expr})
[0K    @ Base ./module.jl:101
[0K [11] top-level scope
[0K    @ /workdir/depot/packages/OrdinaryDiffEqHighOrderRK/DbRNi/src/OrdinaryDiffEqHighOrderRK.jl:3
[0K [12] include(mod::Module, _path::String)
[0K    @ Base ./Base.jl:323
[0K [13] include_package_for_output(pkg::Base.PkgId, input::String, syntax_version::VersionNumber, depot_path::Vector{String}, dl_load_path::Vector{String}, load_path::Vector{String}, concrete_deps::Vector{Pair{Base.PkgId, UInt128}}, source::Nothing)
[0K    @ Base ./loading.jl:3288
[0K [14] top-level scope
[0K    @ stdin:5
[0K [15] eval(m::Module, e::Any)
[0K    @ Core ./boot.jl:517
[0K [16] include_string(mapexpr::typeof(identity), mod::Module, code::String, filename::String)
[0K    @ Base ./loading.jl:3130
[0K [17] include_string
[0K    @ ./loading.jl:3140 [inlined]
[0K [18] exec_options(opts::Base.JLOptions)
[0K    @ Base ./client.jl:342
[0K [19] _start()
[0K    @ Base ./client.jl:585
[0Kin expression starting at /workdir/depot/packages/OrdinaryDiffEqHighOrderRK/DbRNi/src/OrdinaryDiffEqHighOrderRK.jl:1
[0Kin expression starting at stdin:5
              ✗ OrdinaryDiffEqExplicitRK
              ✗ OrdinaryDiffEqHighOrderRK
[0KERROR: LoadError: Precompiled image Base.PkgId(Base.UUID("bbf590c4-e513-4bbe-9b18-05decba2e5d8"), "OrdinaryDiffEqCore") not available with flags CacheFlags(; use_pkgimages=true, debug_level=1, check_bounds=0, inline=true, opt_level=2)
[0KStacktrace:
[0KERROR: LoadError: Precompiled image Base.PkgId(Base.UUID("bbf590c4-e513-4bbe-9b18-05decba2e5d8"), "OrdinaryDiffEqCore") not available with flags CacheFlags(; use_pkgimages=true, debug_level=1, check_bounds=0, inline=true, opt_level=2)
[0KStacktrace:
[0KERROR: LoadError: Precompiled image Base.PkgId(Base.UUID("bbf590c4-e513-4bbe-9b18-05decba2e5d8"), "OrdinaryDiffEqCore") not available with flags CacheFlags(; use_pkgimages=true, debug_level=1, check_bounds=0, inline=true, opt_level=2)
[0KStacktrace:
[0K  [1] error(s::String)
[0K    @ Base ./error.jl:56
[0K  [2] __require_prelocked(pkg::Base.PkgId, env::String)
[0K    @ Base ./loading.jl:2840
[0K  [3] _require_prelocked(uuidkey::Base.PkgId, env::String)
[0K    @ Base ./loading.jl:2694
[0K  [4] macro expansion
[0K    @ ./loading.jl:2621 [inlined]
[0K  [5] macro expansion
[0K    @ ./lock.jl:376 [inlined]
[0K  [6] __require(into::Module, mod::Symbol)
[0K    @ Base ./loading.jl:2585
[0K  [7] require
[0K    @ ./loading.jl:2561 [inlined]
[0K  [8] eval_import_path
[0K    @ ./module.jl:36 [inlined]
[0K  [9] eval_import_path_all(at::Module, path::Expr, keyword::String)
[0K    @ Base ./module.jl:60
[0K  [1] error(s::String)
[0K  [1] error(s::String)
[0K    @ Base ./error.jl:56
[0K    @ Base ./error.jl:56
[0K  [2] __require_prelocked(pkg::Base.PkgId, env::String)
[0K  [2] __require_prelocked(pkg::Base.PkgId, env::String)
[0K    @ Base ./loading.jl:2840
[0K    @ Base ./loading.jl:2840
[0K  [3] _require_prelocked(uuidkey::Base.PkgId, env::String)
[0K  [3] _require_prelocked(uuidkey::Base.PkgId, env::String)
[0K    @ Base ./loading.jl:2694
[0K    @ Base ./loading.jl:2694
[0K  [4] macro expansion
[0K  [4] macro expansion
[0K    @ ./loading.jl:2621 [inlined]
[0K    @ ./loading.jl:2621 [inlined]
[0K  [5] macro expansion
[0K  [5] macro expansion
[0K    @ ./lock.jl:376 [inlined]
[0K    @ ./lock.jl:376 [inlined]
[0K  [6] __require(into::Module, mod::Symbol)
[0K  [6] __require(into::Module, mod::Symbol)
[0K    @ Base ./loading.jl:2585
[0K    @ Base ./loading.jl:2585
[0K  [7] require
[0K  [7] require
[0K    @ ./loading.jl:2561 [inlined]
[0K    @ ./loading.jl:2561 [inlined]
[0K  [8] eval_import_path
[0K  [8] eval_import_path
[0K    @ ./module.jl:36 [inlined]
[0K    @ ./module.jl:36 [inlined]
[0K  [9] eval_import_path_all(at::Module, path::Expr, keyword::String)
[0K  [9] eval_import_path_all(at::Module, path::Expr, keyword::String)
[0K    @ Base ./module.jl:60
[0K    @ Base ./module.jl:60
[0K [10] _eval_import(::Bool, ::Module, ::Expr, ::Expr, ::Vararg{Expr})
[0K    @ Base ./module.jl:101
[0K [11] top-level scope
[0K    @ /workdir/depot/packages/OrdinaryDiffEqTsit5/7fE34/src/OrdinaryDiffEqTsit5.jl:3
[0K [12] include(mod::Module, _path::String)
[0K    @ Base ./Base.jl:323
[0K [13] include_package_for_output(pkg::Base.PkgId, input::String, syntax_version::VersionNumber, depot_path::Vector{String}, dl_load_path::Vector{String}, load_path::Vector{String}, concrete_deps::Vector{Pair{Base.PkgId, UInt128}}, source::Nothing)
[0K    @ Base ./loading.jl:3288
[0K [14] top-level scope
[0K    @ stdin:5
[0K [15] eval(m::Module, e::Any)
[0K    @ Core ./boot.jl:517
[0K [16] include_string(mapexpr::typeof(identity), mod::Module, code::String, filename::String)
[0K    @ Base ./loading.jl:3130
[0K [17] include_string
[0K    @ ./loading.jl:3140 [inlined]
[0K [18] exec_options(opts::Base.JLOptions)
[0K    @ Base ./client.jl:342
[0K [19] _start()
[0K    @ Base ./client.jl:585
[0Kin expression starting at /workdir/depot/packages/OrdinaryDiffEqTsit5/7fE34/src/OrdinaryDiffEqTsit5.jl:1
[0Kin expression starting at stdin:5
[0K [10] _eval_import(::Bool, ::Module, ::Expr, ::Expr, ::Vararg{Expr})
[0K [10] _eval_import(::Bool, ::Module, ::Expr, ::Expr, ::Vararg{Expr})
[0K    @ Base ./module.jl:101
[0K    @ Base ./module.jl:101
[0K [11] top-level scope
[0K [11] top-level scope
[0K    @ /workdir/depot/packages/OrdinaryDiffEqPRK/hJhVZ/src/OrdinaryDiffEqPRK.jl:3
[0K    @ /workdir/depot/packages/OrdinaryDiffEqLowStorageRK/O3WTQ/src/OrdinaryDiffEqLowStorageRK.jl:3
[0K [12] include(mod::Module, _path::String)
[0K [12] include(mod::Module, _path::String)
[0K    @ Base ./Base.jl:323
[0K    @ Base ./Base.jl:323
[0K [13] include_package_for_output(pkg::Base.PkgId, input::String, syntax_version::VersionNumber, depot_path::Vector{String}, dl_load_path::Vector{String}, load_path::Vector{String}, concrete_deps::Vector{Pair{Base.PkgId, UInt128}}, source::Nothing)
[0K    @ Base ./loading.jl:3288
[0K [14] top-level scope
[0K [13] include_package_for_output(pkg::Base.PkgId, input::String, syntax_version::VersionNumber, depot_path::Vector{String}, dl_load_path::Vector{String}, load_path::Vector{String}, concrete_deps::Vector{Pair{Base.PkgId, UInt128}}, source::Nothing)
[0K    @ stdin:5
[0K [15] eval(m::Module, e::Any)
[0K    @ Base ./loading.jl:3288
[0K    @ Core ./boot.jl:517
[0K [14] top-level scope
[0K    @ stdin:5
[0K [16] include_string(mapexpr::typeof(identity), mod::Module, code::String, filename::String)
[0K    @ Base ./loading.jl:3130
[0K [15] eval(m::Module, e::Any)
[0K [17] include_string
[0K    @ ./loading.jl:3140 [inlined]
[0K    @ Core ./boot.jl:517
[0K [16] include_string(mapexpr::typeof(identity), mod::Module, code::String, filename::String)
[0K [18] exec_options(opts::Base.JLOptions)
[0K    @ Base ./loading.jl:3130
[0K    @ Base ./client.jl:342
[0K [17] include_string
[0K [19] _start()
[0K    @ ./loading.jl:3140 [inlined]
[0K    @ Base ./client.jl:585
[0Kin expression starting at /workdir/depot/packages/OrdinaryDiffEqLowStorageRK/O3WTQ/src/OrdinaryDiffEqLowStorageRK.jl:1
[0K [18] exec_options(opts::Base.JLOptions)
[0Kin expression starting at stdin:5
[0K    @ Base ./client.jl:342
[0K [19] _start()
[0K    @ Base ./client.jl:585
[0Kin expression starting at /workdir/depot/packages/OrdinaryDiffEqPRK/hJhVZ/src/OrdinaryDiffEqPRK.jl:1
[0Kin expression starting at stdin:5
              ✗ OrdinaryDiffEqTsit5
              ✗ OrdinaryDiffEqPRK
              ✗ OrdinaryDiffEqLowStorageRK
[0KERROR: LoadError: Precompiled image Base.PkgId(Base.UUID("bbf590c4-e513-4bbe-9b18-05decba2e5d8"), "OrdinaryDiffEqCore") not available with flags CacheFlags(; use_pkgimages=true, debug_level=1, check_bounds=0, inline=true, opt_level=2)
[0KStacktrace:
[0K  [1] error(s::String)
[0K    @ Base ./error.jl:56
[0K  [2] __require_prelocked(pkg::Base.PkgId, env::String)
[0K    @ Base ./loading.jl:2840
[0K  [3] _require_prelocked(uuidkey::Base.PkgId, env::String)
[0K    @ Base ./loading.jl:2694
[0K  [4] macro expansion
[0K    @ ./loading.jl:2621 [inlined]
[0K  [5] macro expansion
[0K    @ ./lock.jl:376 [inlined]
[0K  [6] __require(into::Module, mod::Symbol)
[0K    @ Base ./loading.jl:2585
[0K  [7] require
[0K    @ ./loading.jl:2561 [inlined]
[0K  [8] eval_import_path
[0K    @ ./module.jl:36 [inlined]
[0K  [9] eval_import_path_all(at::Module, path::Expr, keyword::String)
[0K    @ Base ./module.jl:60
[0K [10] _eval_import(::Bool, ::Module, ::Expr, ::Expr, ::Vararg{Expr})
[0K    @ Base ./module.jl:101
[0K [11] top-level scope
[0K    @ /workdir/depot/packages/OrdinaryDiffEqRKN/yxAka/src/OrdinaryDiffEqRKN.jl:3
[0K [12] include(mod::Module, _path::String)
[0K    @ Base ./Base.jl:323
[0K [13] include_package_for_output(pkg::Base.PkgId, input::String, syntax_version::VersionNumber, depot_path::Vector{String}, dl_load_path::Vector{String}, load_path::Vector{String}, concrete_deps::Vector{Pair{Base.PkgId, UInt128}}, source::Nothing)
[0K    @ Base ./loading.jl:3288
[0K [14] top-level scope
[0K    @ stdin:5
[0K [15] eval(m::Module, e::Any)
[0K    @ Core ./boot.jl:517
[0K [16] include_string(mapexpr::typeof(identity), mod::Module, code::String, filename::String)
[0K    @ Base ./loading.jl:3130
[0K [17] include_string
[0K    @ ./loading.jl:3140 [inlined]
[0K [18] exec_options(opts::Base.JLOptions)
[0K    @ Base ./client.jl:342
[0K [19] _start()
[0K    @ Base ./client.jl:585
[0Kin expression starting at /workdir/depot/packages/OrdinaryDiffEqRKN/yxAka/src/OrdinaryDiffEqRKN.jl:1
[0Kin expression starting at stdin:5
              ✗ OrdinaryDiffEqRKN
[0KERROR: LoadError: Precompiled image Base.PkgId(Base.UUID("7ed4a6bd-45f5-4d41-b270-4a48e9bafcae"), "LinearSolve") not available with flags CacheFlags(; use_pkgimages=true, debug_level=1, check_bounds=0, inline=true, opt_level=2)
[0KStacktrace:
[0K  [1] error(s::String)
[0K    @ Base ./error.jl:56
[0K  [2] __require_prelocked(pkg::Base.PkgId, env::String)
[0K    @ Base ./loading.jl:2840
[0K  [3] _require_prelocked(uuidkey::Base.PkgId, env::String)
[0K    @ Base ./loading.jl:2694
[0K  [4] macro expansion
[0K    @ ./loading.jl:2621 [inlined]
[0K  [5] macro expansion
[0K    @ ./lock.jl:376 [inlined]
[0K  [6] __require(into::Module, mod::Symbol)
[0K    @ Base ./loading.jl:2585
[0K  [7] require
[0K    @ ./loading.jl:2561 [inlined]
[0K  [8] eval_import_path
[0K    @ ./module.jl:36 [inlined]
[0K  [9] _eval_import(imported::Bool, to::Module, from::Nothing, paths::Expr)
[0K    @ Base ./module.jl:111
[0K [10] top-level scope
[0K    @ /workdir/depot/packages/OrdinaryDiffEqDifferentiation/qvYUh/src/OrdinaryDiffEqDifferentiation.jl:8
[0K [11] include(mod::Module, _path::String)
[0K    @ Base ./Base.jl:323
[0K [12] include_package_for_output(pkg::Base.PkgId, input::String, syntax_version::VersionNumber, depot_path::Vector{String}, dl_load_path::Vector{String}, load_path::Vector{String}, concrete_deps::Vector{Pair{Base.PkgId, UInt128}}, source::Nothing)
[0K    @ Base ./loading.jl:3288
[0K [13] top-level scope
[0K    @ stdin:5
[0K [14] eval(m::Module, e::Any)
[0K    @ Core ./boot.jl:517
[0K [15] include_string(mapexpr::typeof(identity), mod::Module, code::String, filename::String)
[0K    @ Base ./loading.jl:3130
[0K [16] include_string
[0K    @ ./loading.jl:3140 [inlined]
[0K [17] exec_options(opts::Base.JLOptions)
[0K    @ Base ./client.jl:342
[0K [18] _start()
[0K    @ Base ./client.jl:585
[0Kin expression starting at /workdir/depot/packages/OrdinaryDiffEqDifferentiation/qvYUh/src/OrdinaryDiffEqDifferentiation.jl:1
[0Kin expression starting at stdin:5
[0KERROR: LoadError: Precompiled image Base.PkgId(Base.UUID("bbf590c4-e513-4bbe-9b18-05decba2e5d8"), "OrdinaryDiffEqCore") not available with flags CacheFlags(; use_pkgimages=true, debug_level=1, check_bounds=0, inline=true, opt_level=2)
[0KStacktrace:
              ✗ OrdinaryDiffEqDifferentiation
[0K  [1] error(s::String)
[0K    @ Base ./error.jl:56
[0K  [2] __require_prelocked(pkg::Base.PkgId, env::String)
[0K    @ Base ./loading.jl:2840
[0K  [3] _require_prelocked(uuidkey::Base.PkgId, env::String)
[0K    @ Base ./loading.jl:2694
[0K  [4] macro expansion
[0K    @ ./loading.jl:2621 [inlined]
[0K  [5] macro expansion
[0K    @ ./lock.jl:376 [inlined]
[0K  [6] __require(into::Module, mod::Symbol)
[0K    @ Base ./loading.jl:2585
[0K  [7] require
[0K    @ ./loading.jl:2561 [inlined]
[0K  [8] eval_import_path
[0K    @ ./module.jl:36 [inlined]
[0K  [9] eval_import_path_all(at::Module, path::Expr, keyword::String)
[0K    @ Base ./module.jl:60
[0KERROR: LoadError: Precompiled image Base.PkgId(Base.UUID("bbf590c4-e513-4bbe-9b18-05decba2e5d8"), "OrdinaryDiffEqCore") not available with flags CacheFlags(; use_pkgimages=true, debug_level=1, check_bounds=0, inline=true, opt_level=2)
[0KStacktrace:
[0K [10] _eval_import(::Bool, ::Module, ::Expr, ::Expr, ::Vararg{Expr})
[0K    @ Base ./module.jl:101
[0K [11] top-level scope
[0K    @ /workdir/depot/packages/OrdinaryDiffEqNordsieck/Buyq1/src/OrdinaryDiffEqNordsieck.jl:3
[0K [12] include(mod::Module, _path::String)
[0K    @ Base ./Base.jl:323
[0K [13] include_package_for_output(pkg::Base.PkgId, input::String, syntax_version::VersionNumber, depot_path::Vector{String}, dl_load_path::Vector{String}, load_path::Vector{String}, concrete_deps::Vector{Pair{Base.PkgId, UInt128}}, source::Nothing)
[0K    @ Base ./loading.jl:3288
[0K [14] top-level scope
[0K    @ stdin:5
[0K [15] eval(m::Module, e::Any)
[0K    @ Core ./boot.jl:517
[0K [16] include_string(mapexpr::typeof(identity), mod::Module, code::String, filename::String)
[0K    @ Base ./loading.jl:3130
[0K [17] include_string
[0K    @ ./loading.jl:3140 [inlined]
[0K [18] exec_options(opts::Base.JLOptions)
[0K    @ Base ./client.jl:342
[0K [19] _start()
[0K    @ Base ./client.jl:585
[0Kin expression starting at /workdir/depot/packages/OrdinaryDiffEqNordsieck/Buyq1/src/OrdinaryDiffEqNordsieck.jl:1
[0Kin expression starting at stdin:5
[0K  [1] error(s::String)
[0K    @ Base ./error.jl:56
[0K  [2] __require_prelocked(pkg::Base.PkgId, env::String)
[0K    @ Base ./loading.jl:2840
[0K  [3] _require_prelocked(uuidkey::Base.PkgId, env::String)
[0K    @ Base ./loading.jl:2694
[0K  [4] macro expansion
[0K    @ ./loading.jl:2621 [inlined]
[0K  [5] macro expansion
[0K    @ ./lock.jl:376 [inlined]
[0K  [6] __require(into::Module, mod::Symbol)
[0K    @ Base ./loading.jl:2585
[0K  [7] require
[0K    @ ./loading.jl:2561 [inlined]
[0K  [8] eval_import_path
[0K    @ ./module.jl:36 [inlined]
[0K  [9] eval_import_path_all(at::Module, path::Expr, keyword::String)
[0K    @ Base ./module.jl:60
[0K [10] _eval_import(::Bool, ::Module, ::Expr, ::Expr, ::Vararg{Expr})
[0K    @ Base ./module.jl:101
[0K [11] top-level scope
[0K    @ /workdir/depot/packages/OrdinaryDiffEqAdamsBashforthMoulton/UAG3o/src/OrdinaryDiffEqAdamsBashforthMoulton.jl:3
[0K [12] include(mod::Module, _path::String)
[0K    @ Base ./Base.jl:323
[0K [13] include_package_for_output(pkg::Base.PkgId, input::String, syntax_version::VersionNumber, depot_path::Vector{String}, dl_load_path::Vector{String}, load_path::Vector{String}, concrete_deps::Vector{Pair{Base.PkgId, UInt128}}, source::Nothing)
[0K    @ Base ./loading.jl:3288
[0K [14] top-level scope
[0K    @ stdin:5
[0K [15] eval(m::Module, e::Any)
[0K    @ Core ./boot.jl:517
[0K [16] include_string(mapexpr::typeof(identity), mod::Module, code::String, filename::String)
[0K    @ Base ./loading.jl:3130
[0K [17] include_string
[0K    @ ./loading.jl:3140 [inlined]
[0K [18] exec_options(opts::Base.JLOptions)
[0K    @ Base ./client.jl:342
[0K [19] _start()
[0K    @ Base ./client.jl:585
[0Kin expression starting at /workdir/depot/packages/OrdinaryDiffEqAdamsBashforthMoulton/UAG3o/src/OrdinaryDiffEqAdamsBashforthMoulton.jl:1
[0Kin expression starting at stdin:5
              ✗ OrdinaryDiffEqNordsieck
              ✗ OrdinaryDiffEqAdamsBashforthMoulton
[0KERROR: LoadError: Precompiled image Base.PkgId(Base.UUID("4302a76b-040a-498a-8c04-15b101fed76b"), "OrdinaryDiffEqDifferentiation") not available with flags CacheFlags(; use_pkgimages=true, debug_level=1, check_bounds=0, inline=true, opt_level=2)
[0KStacktrace:
[0K  [1] error(s::String)
[0K    @ Base ./error.jl:56
[0K  [2] __require_prelocked(pkg::Base.PkgId, env::String)
[0K    @ Base ./loading.jl:2840
[0K  [3] _require_prelocked(uuidkey::Base.PkgId, env::String)
[0K    @ Base ./loading.jl:2694
[0K  [4] macro expansion
[0K    @ ./loading.jl:2621 [inlined]
[0K  [5] macro expansion
[0K    @ ./lock.jl:376 [inlined]
[0K  [6] __require(into::Module, mod::Symbol)
[0K    @ Base ./loading.jl:2585
[0K  [7] require
[0K    @ ./loading.jl:2561 [inlined]
[0K  [8] eval_import_path
[0K    @ ./module.jl:36 [inlined]
[0K  [9] eval_import_path_all(at::Module, path::Expr, keyword::String)
[0K    @ Base ./module.jl:60
[0K [10] _eval_using
[0K    @ ./module.jl:137 [inlined]
[0K [11] _eval_using(to::Module, path::Expr)
[0K    @ Base ./module.jl:137
[0K [12] top-level scope
[0K    @ /workdir/depot/packages/OrdinaryDiffEqDifferentiation/qvYUh/ext/OrdinaryDiffEqDifferentiationSparseArraysExt.jl:3
[0K [13] include(mod::Module, _path::String)
[0K    @ Base ./Base.jl:323
[0K [14] include_package_for_output(pkg::Base.PkgId, input::String, syntax_version::VersionNumber, depot_path::Vector{String}, dl_load_path::Vector{String}, load_path::Vector{String}, concrete_deps::Vector{Pair{Base.PkgId, UInt128}}, source::Nothing)
[0K    @ Base ./loading.jl:3288
[0K [15] top-level scope
[0K    @ stdin:5
[0K [16] eval(m::Module, e::Any)
[0K    @ Core ./boot.jl:517
[0K [17] include_string(mapexpr::typeof(identity), mod::Module, code::String, filename::String)
[0K    @ Base ./loading.jl:3130
[0K [18] include_string
[0K    @ ./loading.jl:3140 [inlined]
[0K [19] exec_options(opts::Base.JLOptions)
[0K    @ Base ./client.jl:342
[0K [20] _start()
[0K    @ Base ./client.jl:585
[0Kin expression starting at /workdir/depot/packages/OrdinaryDiffEqDifferentiation/qvYUh/ext/OrdinaryDiffEqDifferentiationSparseArraysExt.jl:1
[0Kin expression starting at stdin:5
              ✗ OrdinaryDiffEqDifferentiation → OrdinaryDiffEqDifferentiationSparseArraysExt
[0KERROR: LoadError: Precompiled image Base.PkgId(Base.UUID("bbf590c4-e513-4bbe-9b18-05decba2e5d8"), "OrdinaryDiffEqCore") not available with flags CacheFlags(; use_pkgimages=true, debug_level=1, check_bounds=0, inline=true, opt_level=2)
[0KStacktrace:
[0KERROR: LoadError: Precompiled image Base.PkgId(Base.UUID("bbf590c4-e513-4bbe-9b18-05decba2e5d8"), "OrdinaryDiffEqCore") not available with flags CacheFlags(; use_pkgimages=true, debug_level=1, check_bounds=0, inline=true, opt_level=2)
[0KStacktrace:
[0KERROR: LoadError: Precompiled image Base.PkgId(Base.UUID("bbf590c4-e513-4bbe-9b18-05decba2e5d8"), "OrdinaryDiffEqCore") not available with flags CacheFlags(; use_pkgimages=true, debug_level=1, check_bounds=0, inline=true, opt_level=2)
[0KStacktrace:
[0K  [1] error(s::String)
[0K  [1] error(s::String)
[0K    @ Base ./error.jl:56
[0K    @ Base ./error.jl:56
[0K  [2] __require_prelocked(pkg::Base.PkgId, env::String)
[0K    @ Base ./loading.jl:2840
[0K  [2] __require_prelocked(pkg::Base.PkgId, env::String)
[0K  [3] _require_prelocked(uuidkey::Base.PkgId, env::String)
[0K    @ Base ./loading.jl:2840
[0K    @ Base ./loading.jl:2694
[0K  [4] macro expansion
[0K    @ ./loading.jl:2621 [inlined]
[0K  [3] _require_prelocked(uuidkey::Base.PkgId, env::String)
[0K  [5] macro expansion
[0K    @ ./lock.jl:376 [inlined]
[0K    @ Base ./loading.jl:2694
[0K  [6] __require(into::Module, mod::Symbol)
[0K  [4] macro expansion
[0K    @ Base ./loading.jl:2585
[0K  [7] require
[0K    @ ./loading.jl:2621 [inlined]
[0K    @ ./loading.jl:2561 [inlined]
[0K  [5] macro expansion
[0K  [8] eval_import_path
[0K    @ ./module.jl:36 [inlined]
[0K    @ ./lock.jl:376 [inlined]
[0K  [9] eval_import_path_all(at::Module, path::Expr, keyword::String)
[0K    @ Base ./module.jl:60
[0K  [6] __require(into::Module, mod::Symbol)
[0K    @ Base ./loading.jl:2585
[0K  [7] require
[0K    @ ./loading.jl:2561 [inlined]
[0K  [8] eval_import_path
[0K    @ ./module.jl:36 [inlined]
[0K  [9] eval_import_path_all(at::Module, path::Expr, keyword::String)
[0K    @ Base ./module.jl:60
[0K  [1] error(s::String)
[0K    @ Base ./error.jl:56
[0K [10] _eval_import(::Bool, ::Module, ::Expr, ::Expr, ::Vararg{Expr})
[0K [10] _eval_import(::Bool, ::Module, ::Expr, ::Expr, ::Vararg{Expr})
[0K    @ Base ./module.jl:101
[0K [11] top-level scope
[0K  [2] __require_prelocked(pkg::Base.PkgId, env::String)
[0K    @ Base ./module.jl:101
[0K    @ /workdir/depot/packages/OrdinaryDiffEqRosenbrock/eGDYm/src/OrdinaryDiffEqRosenbrock.jl:3
[0K [11] top-level scope
[0K    @ Base ./loading.jl:2840
[0K  [3] _require_prelocked(uuidkey::Base.PkgId, env::String)
[0K [12] include(mod::Module, _path::String)
[0K    @ Base ./loading.jl:2694
[0K    @ /workdir/depot/packages/OrdinaryDiffEqExtrapolation/gpeJ0/src/OrdinaryDiffEqExtrapolation.jl:3
[0K  [4] macro expansion
[0K    @ Base ./Base.jl:323
[0K    @ ./loading.jl:2621 [inlined]
[0K  [5] macro expansion
[0K [12] include(mod::Module, _path::String)
[0K    @ ./lock.jl:376 [inlined]
[0K    @ Base ./Base.jl:323
[0K  [6] __require(into::Module, mod::Symbol)
[0K    @ Base ./loading.jl:2585
[0K  [7] require
[0K    @ ./loading.jl:2561 [inlined]
[0K  [8] eval_import_path
[0K    @ ./module.jl:36 [inlined]
[0K  [9] eval_import_path_all(at::Module, path::Expr, keyword::String)
[0K    @ Base ./module.jl:60
[0K [13] include_package_for_output(pkg::Base.PkgId, input::String, syntax_version::VersionNumber, depot_path::Vector{String}, dl_load_path::Vector{String}, load_path::Vector{String}, concrete_deps::Vector{Pair{Base.PkgId, UInt128}}, source::Nothing)
[0K [13] include_package_for_output(pkg::Base.PkgId, input::String, syntax_version::VersionNumber, depot_path::Vector{String}, dl_load_path::Vector{String}, load_path::Vector{String}, concrete_deps::Vector{Pair{Base.PkgId, UInt128}}, source::Nothing)
[0K    @ Base ./loading.jl:3288
[0K    @ Base ./loading.jl:3288
[0K [14] top-level scope
[0K [14] top-level scope
[0K    @ stdin:5
[0K    @ stdin:5
[0K [15] eval(m::Module, e::Any)
[0K    @ Core ./boot.jl:517
[0K [15] eval(m::Module, e::Any)
[0K [16] include_string(mapexpr::typeof(identity), mod::Module, code::String, filename::String)
[0K    @ Base ./loading.jl:3130
[0K    @ Core ./boot.jl:517
[0K [17] include_string
[0K    @ ./loading.jl:3140 [inlined]
[0K [16] include_string(mapexpr::typeof(identity), mod::Module, code::String, filename::String)
[0K [18] exec_options(opts::Base.JLOptions)
[0K    @ Base ./loading.jl:3130
[0K    @ Base ./client.jl:342
[0K [17] include_string
[0K [19] _start()
[0K    @ ./loading.jl:3140 [inlined]
[0K    @ Base ./client.jl:585
[0Kin expression starting at /workdir/depot/packages/OrdinaryDiffEqRosenbrock/eGDYm/src/OrdinaryDiffEqRosenbrock.jl:1
[0Kin expression starting at stdin:5
[0K [18] exec_options(opts::Base.JLOptions)
[0K    @ Base ./client.jl:342
[0K [19] _start()
[0K    @ Base ./client.jl:585
[0Kin expression starting at /workdir/depot/packages/OrdinaryDiffEqExtrapolation/gpeJ0/src/OrdinaryDiffEqExtrapolation.jl:1
[0Kin expression starting at stdin:5
[0K [10] _eval_import(::Bool, ::Module, ::Expr, ::Expr, ::Vararg{Expr})
[0K    @ Base ./module.jl:101
[0K [11] top-level scope
[0K    @ /workdir/depot/packages/OrdinaryDiffEqExponentialRK/wcxeI/src/OrdinaryDiffEqExponentialRK.jl:3
[0K [12] include(mod::Module, _path::String)
[0K    @ Base ./Base.jl:323
[0KERROR: LoadError: Precompiled image Base.PkgId(Base.UUID("0bca4576-84f4-4d90-8ffe-ffa030f20462"), "SciMLBase") not available with flags CacheFlags(; use_pkgimages=true, debug_level=1, check_bounds=0, inline=true, opt_level=2)
[0KStacktrace:
[0K [13] include_package_for_output(pkg::Base.PkgId, input::String, syntax_version::VersionNumber, depot_path::Vector{String}, dl_load_path::Vector{String}, load_path::Vector{String}, concrete_deps::Vector{Pair{Base.PkgId, UInt128}}, source::Nothing)
[0K    @ Base ./loading.jl:3288
[0K [14] top-level scope
[0K    @ stdin:5
[0K [15] eval(m::Module, e::Any)
[0K    @ Core ./boot.jl:517
[0K [16] include_string(mapexpr::typeof(identity), mod::Module, code::String, filename::String)
[0K    @ Base ./loading.jl:3130
[0K [17] include_string
[0K    @ ./loading.jl:3140 [inlined]
[0K [18] exec_options(opts::Base.JLOptions)
[0K    @ Base ./client.jl:342
[0K [19] _start()
[0K    @ Base ./client.jl:585
[0Kin expression starting at /workdir/depot/packages/OrdinaryDiffEqExponentialRK/wcxeI/src/OrdinaryDiffEqExponentialRK.jl:1
[0Kin expression starting at stdin:5
[0K  [1] error(s::String)
[0K    @ Base ./error.jl:56
[0K  [2] __require_prelocked(pkg::Base.PkgId, env::String)
[0K    @ Base ./loading.jl:2840
[0K  [3] _require_prelocked(uuidkey::Base.PkgId, env::String)
[0K    @ Base ./loading.jl:2694
[0K  [4] macro expansion
[0K    @ ./loading.jl:2621 [inlined]
[0K  [5] macro expansion
[0K    @ ./lock.jl:376 [inlined]
[0K  [6] __require(into::Module, mod::Symbol)
[0K    @ Base ./loading.jl:2585
[0K  [7] require
[0K    @ ./loading.jl:2561 [inlined]
[0K  [8] eval_import_path
[0K    @ ./module.jl:36 [inlined]
[0K  [9] _eval_import(imported::Bool, to::Module, from::Nothing, paths::Expr)
[0K    @ Base ./module.jl:111
[0K [10] top-level scope
[0K    @ /workdir/depot/packages/OrdinaryDiffEqNonlinearSolve/VssNh/src/OrdinaryDiffEqNonlinearSolve.jl:5
[0K [11] include(mod::Module, _path::String)
[0K    @ Base ./Base.jl:323
[0K [12] include_package_for_output(pkg::Base.PkgId, input::String, syntax_version::VersionNumber, depot_path::Vector{String}, dl_load_path::Vector{String}, load_path::Vector{String}, concrete_deps::Vector{Pair{Base.PkgId, UInt128}}, source::Nothing)
[0K    @ Base ./loading.jl:3288
[0K [13] top-level scope
[0K    @ stdin:5
[0K [14] eval(m::Module, e::Any)
[0K    @ Core ./boot.jl:517
[0K [15] include_string(mapexpr::typeof(identity), mod::Module, code::String, filename::String)
[0K    @ Base ./loading.jl:3130
[0K [16] include_string
[0K    @ ./loading.jl:3140 [inlined]
[0K [17] exec_options(opts::Base.JLOptions)
[0K    @ Base ./client.jl:342
[0K [18] _start()
[0K    @ Base ./client.jl:585
[0Kin expression starting at /workdir/depot/packages/OrdinaryDiffEqNonlinearSolve/VssNh/src/OrdinaryDiffEqNonlinearSolve.jl:1
[0Kin expression starting at stdin:5
              ✗ OrdinaryDiffEqExtrapolation
              ✗ OrdinaryDiffEqRosenbrock
              ✗ OrdinaryDiffEqExponentialRK
              ✗ OrdinaryDiffEqNonlinearSolve
[0KERROR: LoadError: Precompiled image Base.PkgId(Base.UUID("bbf590c4-e513-4bbe-9b18-05decba2e5d8"), "OrdinaryDiffEqCore") not available with flags CacheFlags(; use_pkgimages=true, debug_level=1, check_bounds=0, inline=true, opt_level=2)
[0KStacktrace:
[0KERROR: LoadError: Precompiled image Base.PkgId(Base.UUID("bbf590c4-e513-4bbe-9b18-05decba2e5d8"), "OrdinaryDiffEqCore") not available with flags CacheFlags(; use_pkgimages=true, debug_level=1, check_bounds=0, inline=true, opt_level=2)
[0KStacktrace:
[0KERROR: LoadError: Precompiled image Base.PkgId(Base.UUID("bbf590c4-e513-4bbe-9b18-05decba2e5d8"), "OrdinaryDiffEqCore") not available with flags CacheFlags(; use_pkgimages=true, debug_level=1, check_bounds=0, inline=true, opt_level=2)
[0KStacktrace:
[0KERROR: LoadError: Precompiled image Base.PkgId(Base.UUID("bbf590c4-e513-4bbe-9b18-05decba2e5d8"), "OrdinaryDiffEqCore") not available with flags CacheFlags(; use_pkgimages=true, debug_level=1, check_bounds=0, inline=true, opt_level=2)
[0KStacktrace:
[0K  [1] error(s::String)
[0K    @ Base ./error.jl:56
[0K  [2] __require_prelocked(pkg::Base.PkgId, env::String)
[0K    @ Base ./loading.jl:2840
[0K  [3] _require_prelocked(uuidkey::Base.PkgId, env::String)
[0K    @ Base ./loading.jl:2694
[0K  [4] macro expansion
[0K    @ ./loading.jl:2621 [inlined]
[0K  [5] macro expansion
[0K    @ ./lock.jl:376 [inlined]
[0K  [6] __require(into::Module, mod::Symbol)
[0K    @ Base ./loading.jl:2585
[0K  [7] require
[0K    @ ./loading.jl:2561 [inlined]
[0K  [8] eval_import_path
[0K    @ ./module.jl:36 [inlined]
[0K  [9] eval_import_path_all(at::Module, path::Expr, keyword::String)
[0K    @ Base ./module.jl:60
[0K  [1] error(s::String)
[0K  [1] error(s::String)
[0K    @ Base ./error.jl:56
[0K    @ Base ./error.jl:56
[0K  [2] __require_prelocked(pkg::Base.PkgId, env::String)
[0K  [2] __require_prelocked(pkg::Base.PkgId, env::String)
[0K    @ Base ./loading.jl:2840
[0K    @ Base ./loading.jl:2840
[0K  [3] _require_prelocked(uuidkey::Base.PkgId, env::String)
[0K  [3] _require_prelocked(uuidkey::Base.PkgId, env::String)
[0K    @ Base ./loading.jl:2694
[0K    @ Base ./loading.jl:2694
[0K  [4] macro expansion
[0K  [4] macro expansion
[0K    @ ./loading.jl:2621 [inlined]
[0K    @ ./loading.jl:2621 [inlined]
[0K  [5] macro expansion
[0K  [5] macro expansion
[0K    @ ./lock.jl:376 [inlined]
[0K    @ ./lock.jl:376 [inlined]
[0K  [6] __require(into::Module, mod::Symbol)
[0K  [6] __require(into::Module, mod::Symbol)
[0K    @ Base ./loading.jl:2585
[0K    @ Base ./loading.jl:2585
[0K  [7] require
[0K  [7] require
[0K    @ ./loading.jl:2561 [inlined]
[0K    @ ./loading.jl:2561 [inlined]
[0K  [8] eval_import_path
[0K  [8] eval_import_path
[0K    @ ./module.jl:36 [inlined]
[0K    @ ./module.jl:36 [inlined]
[0K  [9] eval_import_path_all(at::Module, path::Expr, keyword::String)
[0K  [9] eval_import_path_all(at::Module, path::Expr, keyword::String)
[0K    @ Base ./module.jl:60
[0K    @ Base ./module.jl:60
[0KERROR: LoadError: Precompiled image Base.PkgId(Base.UUID("bbf590c4-e513-4bbe-9b18-05decba2e5d8"), "OrdinaryDiffEqCore") not available with flags CacheFlags(; use_pkgimages=true, debug_level=1, check_bounds=0, inline=true, opt_level=2)
[0KStacktrace:
[0K [10] _eval_import(::Bool, ::Module, ::Expr, ::Expr, ::Vararg{Expr})
[0K    @ Base ./module.jl:101
[0K [11] top-level scope
[0K    @ /workdir/depot/packages/OrdinaryDiffEqFIRK/oAd1o/src/OrdinaryDiffEqFIRK.jl:3
[0K [12] include(mod::Module, _path::String)
[0K    @ Base ./Base.jl:323
[0K  [1] error(s::String)
[0K    @ Base ./error.jl:56
[0K  [2] __require_prelocked(pkg::Base.PkgId, env::String)
[0K    @ Base ./loading.jl:2840
[0K  [3] _require_prelocked(uuidkey::Base.PkgId, env::String)
[0K    @ Base ./loading.jl:2694
[0K  [4] macro expansion
[0K    @ ./loading.jl:2621 [inlined]
[0K [13] include_package_for_output(pkg::Base.PkgId, input::String, syntax_version::VersionNumber, depot_path::Vector{String}, dl_load_path::Vector{String}, load_path::Vector{String}, concrete_deps::Vector{Pair{Base.PkgId, UInt128}}, source::Nothing)
[0K  [5] macro expansion
[0K    @ ./lock.jl:376 [inlined]
[0K    @ Base ./loading.jl:3288
[0K  [6] __require(into::Module, mod::Symbol)
[0K [14] top-level scope
[0K    @ stdin:5
[0K    @ Base ./loading.jl:2585
[0K  [7] require
[0K [15] eval(m::Module, e::Any)
[0K    @ ./loading.jl:2561 [inlined]
[0K  [8] eval_import_path
[0K    @ Core ./boot.jl:517
[0K    @ ./module.jl:36 [inlined]
[0K [16] include_string(mapexpr::typeof(identity), mod::Module, code::String, filename::String)
[0K  [9] eval_import_path_all(at::Module, path::Expr, keyword::String)
[0K    @ Base ./loading.jl:3130
[0K [17] include_string
[0K    @ Base ./module.jl:60
[0K    @ ./loading.jl:3140 [inlined]
[0K [18] exec_options(opts::Base.JLOptions)
[0K    @ Base ./client.jl:342
[0K [19] _start()
[0K    @ Base ./client.jl:585
[0Kin expression starting at /workdir/depot/packages/OrdinaryDiffEqFIRK/oAd1o/src/OrdinaryDiffEqFIRK.jl:1
[0Kin expression starting at stdin:5
[0K [10] _eval_import(::Bool, ::Module, ::Expr, ::Expr, ::Vararg{Expr})
[0K [10] _eval_import(::Bool, ::Module, ::Expr, ::Expr, ::Vararg{Expr})
[0K    @ Base ./module.jl:101
[0K    @ Base ./module.jl:101
[0K [11] top-level scope
[0K [11] top-level scope
[0K    @ /workdir/depot/packages/OrdinaryDiffEqPDIRK/l3OBX/src/OrdinaryDiffEqPDIRK.jl:3
[0K    @ /workdir/depot/packages/OrdinaryDiffEqIMEXMultistep/4kNGT/src/OrdinaryDiffEqIMEXMultistep.jl:3
[0K [12] include(mod::Module, _path::String)
[0K [12] include(mod::Module, _path::String)
[0K    @ Base ./Base.jl:323
[0K    @ Base ./Base.jl:323
[0K [13] include_package_for_output(pkg::Base.PkgId, input::String, syntax_version::VersionNumber, depot_path::Vector{String}, dl_load_path::Vector{String}, load_path::Vector{String}, concrete_deps::Vector{Pair{Base.PkgId, UInt128}}, source::Nothing)
[0K [13] include_package_for_output(pkg::Base.PkgId, input::String, syntax_version::VersionNumber, depot_path::Vector{String}, dl_load_path::Vector{String}, load_path::Vector{String}, concrete_deps::Vector{Pair{Base.PkgId, UInt128}}, source::Nothing)
[0K    @ Base ./loading.jl:3288
[0K [14] top-level scope
[0K    @ Base ./loading.jl:3288
[0K [14] top-level scope
[0K    @ stdin:5
[0K    @ stdin:5
[0K [15] eval(m::Module, e::Any)
[0K [15] eval(m::Module, e::Any)
[0K    @ Core ./boot.jl:517
[0K    @ Core ./boot.jl:517
[0K [16] include_string(mapexpr::typeof(identity), mod::Module, code::String, filename::String)
[0K [16] include_string(mapexpr::typeof(identity), mod::Module, code::String, filename::String)
[0K    @ Base ./loading.jl:3130
[0K    @ Base ./loading.jl:3130
[0K [17] include_string
[0K [17] include_string
[0K    @ ./loading.jl:3140 [inlined]
[0K    @ ./loading.jl:3140 [inlined]
[0K [18] exec_options(opts::Base.JLOptions)
[0K [18] exec_options(opts::Base.JLOptions)
[0K    @ Base ./client.jl:342
[0K    @ Base ./client.jl:342
[0K [19] _start()
[0K [19] _start()
[0K    @ Base ./client.jl:585
[0Kin expression starting at /workdir/depot/packages/OrdinaryDiffEqPDIRK/l3OBX/src/OrdinaryDiffEqPDIRK.jl:1
[0Kin expression starting at stdin:5
[0K    @ Base ./client.jl:585
[0Kin expression starting at /workdir/depot/packages/OrdinaryDiffEqIMEXMultistep/4kNGT/src/OrdinaryDiffEqIMEXMultistep.jl:1
[0Kin expression starting at stdin:5
[0K  [1] error(s::String)
[0K    @ Base ./error.jl:56
[0K  [2] __require_prelocked(pkg::Base.PkgId, env::String)
[0K    @ Base ./loading.jl:2840
[0K  [3] _require_prelocked(uuidkey::Base.PkgId, env::String)
[0K    @ Base ./loading.jl:2694
[0K  [4] macro expansion
[0K    @ ./loading.jl:2621 [inlined]
[0K  [5] macro expansion
[0K    @ ./lock.jl:376 [inlined]
[0K  [6] __require(into::Module, mod::Symbol)
[0K    @ Base ./loading.jl:2585
[0K  [7] require
[0K    @ ./loading.jl:2561 [inlined]
[0K [10] _eval_import(::Bool, ::Module, ::Expr, ::Expr, ::Vararg{Expr})
[0K  [8] eval_import_path
[0K    @ ./module.jl:36 [inlined]
[0K    @ Base ./module.jl:101
[0K  [9] eval_import_path_all(at::Module, path::Expr, keyword::String)
[0K [11] top-level scope
[0K    @ Base ./module.jl:60
[0K    @ /workdir/depot/packages/OrdinaryDiffEqSDIRK/x9yQd/src/OrdinaryDiffEqSDIRK.jl:3
[0K [12] include(mod::Module, _path::String)
[0K    @ Base ./Base.jl:323
[0K [13] include_package_for_output(pkg::Base.PkgId, input::String, syntax_version::VersionNumber, depot_path::Vector{String}, dl_load_path::Vector{String}, load_path::Vector{String}, concrete_deps::Vector{Pair{Base.PkgId, UInt128}}, source::Nothing)
[0K    @ Base ./loading.jl:3288
[0K [14] top-level scope
[0K    @ stdin:5
[0K [15] eval(m::Module, e::Any)
[0K    @ Core ./boot.jl:517
[0K [16] include_string(mapexpr::typeof(identity), mod::Module, code::String, filename::String)
[0K    @ Base ./loading.jl:3130
[0K [17] include_string
[0K    @ ./loading.jl:3140 [inlined]
[0K [18] exec_options(opts::Base.JLOptions)
[0K    @ Base ./client.jl:342
[0K [19] _start()
[0K    @ Base ./client.jl:585
[0Kin expression starting at /workdir/depot/packages/OrdinaryDiffEqSDIRK/x9yQd/src/OrdinaryDiffEqSDIRK.jl:1
[0Kin expression starting at stdin:5
[0K [10] _eval_import(::Bool, ::Module, ::Expr, ::Expr, ::Vararg{Expr})
[0K    @ Base ./module.jl:101
[0K [11] top-level scope
[0K    @ /workdir/depot/packages/OrdinaryDiffEqStabilizedIRK/oOtOW/src/OrdinaryDiffEqStabilizedIRK.jl:3
[0K [12] include(mod::Module, _path::String)
[0K    @ Base ./Base.jl:323
[0K [13] include_package_for_output(pkg::Base.PkgId, input::String, syntax_version::VersionNumber, depot_path::Vector{String}, dl_load_path::Vector{String}, load_path::Vector{String}, concrete_deps::Vector{Pair{Base.PkgId, UInt128}}, source::Nothing)
[0K    @ Base ./loading.jl:3288
[0K [14] top-level scope
[0K    @ stdin:5
[0K [15] eval(m::Module, e::Any)
[0K    @ Core ./boot.jl:517
[0K [16] include_string(mapexpr::typeof(identity), mod::Module, code::String, filename::String)
[0K    @ Base ./loading.jl:3130
[0K [17] include_string
[0K    @ ./loading.jl:3140 [inlined]
[0K [18] exec_options(opts::Base.JLOptions)
[0K    @ Base ./client.jl:342
[0K [19] _start()
[0K    @ Base ./client.jl:585
[0Kin expression starting at /workdir/depot/packages/OrdinaryDiffEqStabilizedIRK/oOtOW/src/OrdinaryDiffEqStabilizedIRK.jl:1
[0Kin expression starting at stdin:5
              ✗ OrdinaryDiffEqFIRK
              ✗ OrdinaryDiffEqIMEXMultistep
              ✗ OrdinaryDiffEqPDIRK
              ✗ OrdinaryDiffEqSDIRK
              ✗ OrdinaryDiffEqStabilizedIRK
[0KERROR: LoadError: Precompiled image Base.PkgId(Base.UUID("bbf590c4-e513-4bbe-9b18-05decba2e5d8"), "OrdinaryDiffEqCore") not available with flags CacheFlags(; use_pkgimages=true, debug_level=1, check_bounds=0, inline=true, opt_level=2)
[0KStacktrace:
[0K  [1] error(s::String)
[0K    @ Base ./error.jl:56
[0K  [2] __require_prelocked(pkg::Base.PkgId, env::String)
[0K    @ Base ./loading.jl:2840
[0K  [3] _require_prelocked(uuidkey::Base.PkgId, env::String)
[0K    @ Base ./loading.jl:2694
[0K  [4] macro expansion
[0K    @ ./loading.jl:2621 [inlined]
[0K  [5] macro expansion
[0K    @ ./lock.jl:376 [inlined]
[0K  [6] __require(into::Module, mod::Symbol)
[0K    @ Base ./loading.jl:2585
[0K  [7] require
[0K    @ ./loading.jl:2561 [inlined]
[0K  [8] eval_import_path
[0K    @ ./module.jl:36 [inlined]
[0K  [9] eval_import_path_all(at::Module, path::Expr, keyword::String)
[0K    @ Base ./module.jl:60
[0K [10] _eval_import(::Bool, ::Module, ::Expr, ::Expr, ::Vararg{Expr})
[0K    @ Base ./module.jl:101
[0K [11] top-level scope
[0K    @ /workdir/depot/packages/OrdinaryDiffEqBDF/C5XSM/src/OrdinaryDiffEqBDF.jl:3
[0K [12] include(mod::Module, _path::String)
[0K    @ Base ./Base.jl:323
[0K [13] include_package_for_output(pkg::Base.PkgId, input::String, syntax_version::VersionNumber, depot_path::Vector{String}, dl_load_path::Vector{String}, load_path::Vector{String}, concrete_deps::Vector{Pair{Base.PkgId, UInt128}}, source::Nothing)
[0K    @ Base ./loading.jl:3288
[0K [14] top-level scope
[0K    @ stdin:5
[0K [15] eval(m::Module, e::Any)
[0K    @ Core ./boot.jl:517
[0K [16] include_string(mapexpr::typeof(identity), mod::Module, code::String, filename::String)
[0K    @ Base ./loading.jl:3130
[0K [17] include_string
[0K    @ ./loading.jl:3140 [inlined]
[0K [18] exec_options(opts::Base.JLOptions)
[0K    @ Base ./client.jl:342
[0K [19] _start()
[0K    @ Base ./client.jl:585
[0Kin expression starting at /workdir/depot/packages/OrdinaryDiffEqBDF/C5XSM/src/OrdinaryDiffEqBDF.jl:1
[0Kin expression starting at stdin:5
              ✗ OrdinaryDiffEqBDF
[0KERROR: LoadError: Precompiled image Base.PkgId(Base.UUID("bbf590c4-e513-4bbe-9b18-05decba2e5d8"), "OrdinaryDiffEqCore") not available with flags CacheFlags(; use_pkgimages=true, debug_level=1, check_bounds=0, inline=true, opt_level=2)
[0KStacktrace:
[0K  [1] error(s::String)
[0K    @ Base ./error.jl:56
[0K  [2] __require_prelocked(pkg::Base.PkgId, env::String)
[0K    @ Base ./loading.jl:2840
[0K  [3] _require_prelocked(uuidkey::Base.PkgId, env::String)
[0K    @ Base ./loading.jl:2694
[0K  [4] macro expansion
[0K    @ ./loading.jl:2621 [inlined]
[0K  [5] macro expansion
[0K    @ ./lock.jl:376 [inlined]
[0K  [6] __require(into::Module, mod::Symbol)
[0K    @ Base ./loading.jl:2585
[0K  [7] require
[0K    @ ./loading.jl:2561 [inlined]
[0K  [8] eval_import_path
[0K    @ ./module.jl:36 [inlined]
[0K  [9] eval_import_path_all(at::Module, path::Expr, keyword::String)
[0K    @ Base ./module.jl:60
[0K [10] _eval_import(::Bool, ::Module, ::Expr, ::Expr, ::Vararg{Expr})
[0K    @ Base ./module.jl:101
[0K [11] top-level scope
[0K    @ /workdir/depot/packages/OrdinaryDiffEqDefault/m9dxh/src/OrdinaryDiffEqDefault.jl:3
[0K [12] include(mod::Module, _path::String)
[0K    @ Base ./Base.jl:323
[0K [13] include_package_for_output(pkg::Base.PkgId, input::String, syntax_version::VersionNumber, depot_path::Vector{String}, dl_load_path::Vector{String}, load_path::Vector{String}, concrete_deps::Vector{Pair{Base.PkgId, UInt128}}, source::Nothing)
[0K    @ Base ./loading.jl:3288
[0K [14] top-level scope
[0K    @ stdin:5
[0K [15] eval(m::Module, e::Any)
[0K    @ Core ./boot.jl:517
[0K [16] include_string(mapexpr::typeof(identity), mod::Module, code::String, filename::String)
[0K    @ Base ./loading.jl:3130
[0K [17] include_string
[0K    @ ./loading.jl:3140 [inlined]
[0K [18] exec_options(opts::Base.JLOptions)
[0K    @ Base ./client.jl:342
[0K [19] _start()
[0K    @ Base ./client.jl:585
[0Kin expression starting at /workdir/depot/packages/OrdinaryDiffEqDefault/m9dxh/src/OrdinaryDiffEqDefault.jl:1
[0Kin expression starting at stdin:5
              ✗ OrdinaryDiffEqDefault
[0KERROR: LoadError: Precompiled image Base.PkgId(Base.UUID("0bca4576-84f4-4d90-8ffe-ffa030f20462"), "SciMLBase") not available with flags CacheFlags(; use_pkgimages=true, debug_level=1, check_bounds=0, inline=true, opt_level=2)
[0KStacktrace:
[0K  [1] error(s::String)
[0K    @ Base ./error.jl:56
[0K  [2] __require_prelocked(pkg::Base.PkgId, env::String)
[0K    @ Base ./loading.jl:2840
[0K  [3] _require_prelocked(uuidkey::Base.PkgId, env::String)
[0K    @ Base ./loading.jl:2694
[0K  [4] macro expansion
[0K    @ ./loading.jl:2621 [inlined]
[0K  [5] macro expansion
[0K    @ ./lock.jl:376 [inlined]
[0K  [6] __require(into::Module, mod::Symbol)
[0K    @ Base ./loading.jl:2585
[0K  [7] require
[0K    @ ./loading.jl:2561 [inlined]
[0K  [8] eval_import_path
[0K    @ ./module.jl:36 [inlined]
[0K  [9] eval_import_path_all(at::Module, path::Expr, keyword::String)
[0K    @ Base ./module.jl:60
[0K [10] _eval_using
[0K    @ ./module.jl:137 [inlined]
[0K [11] _eval_using(to::Module, path::Expr)
[0K    @ Base ./module.jl:137
[0K [12] top-level scope
[0K    @ /workdir/depot/packages/OrdinaryDiffEq/4eLaL/src/OrdinaryDiffEq.jl:7
[0K [13] include(mod::Module, _path::String)
[0K    @ Base ./Base.jl:323
[0K [14] include_package_for_output(pkg::Base.PkgId, input::String, syntax_version::VersionNumber, depot_path::Vector{String}, dl_load_path::Vector{String}, load_path::Vector{String}, concrete_deps::Vector{Pair{Base.PkgId, UInt128}}, source::Nothing)
[0K    @ Base ./loading.jl:3288
[0K [15] top-level scope
[0K    @ stdin:5
[0K [16] eval(m::Module, e::Any)
[0K    @ Core ./boot.jl:517
[0K [17] include_string(mapexpr::typeof(identity), mod::Module, code::String, filename::String)
[0K    @ Base ./loading.jl:3130
[0K [18] include_string
[0K    @ ./loading.jl:3140 [inlined]
[0K [19] exec_options(opts::Base.JLOptions)
[0K    @ Base ./client.jl:342
[0K [20] _start()
[0K    @ Base ./client.jl:585
[0Kin expression starting at /workdir/depot/packages/OrdinaryDiffEq/4eLaL/src/OrdinaryDiffEq.jl:1
[0Kin expression starting at stdin:5
              ✗ OrdinaryDiffEq
  133 dependencies successfully precompiled in 76 seconds. 27 already precompiled.
	Command being timed: "nice -n -10 timeout -k120 -v 3600 julia +nightly --project=O/OrdinaryDiffEq/Solve-The-Lorenz-Equation -e using Pkg; @time @eval Pkg.precompile()"
	User time (seconds): 414.92
	System time (seconds): 43.07
	Percent of CPU this job got: 282%
	Elapsed (wall clock) time (h:mm:ss or m:ss): 2:42.04
	Average shared text size (kbytes): 0
	Average unshared data size (kbytes): 0
	Average stack size (kbytes): 0
	Average total size (kbytes): 0
	Maximum resident set size (kbytes): 2210680
	Average resident set size (kbytes): 0
	Major (requiring I/O) page faults: 598
	Minor (reclaiming a frame) page faults: 17333320
	Voluntary context switches: 30899
	Involuntary context switches: 12178
	Swaps: 0
	File system inputs: 264
	File system outputs: 782272
	Socket messages sent: 0
	Socket messages received: 0
	Signals delivered: 0
	Page size (bytes): 4096
	Exit status: 0
